date,k=30|vol=0.80,k=30|vol=1.00,k=30|vol=1.20,k=50|vol=0.80,k=50|vol=1.00,k=50|vol=1.20,k=100|vol=0.80,k=100|vol=1.00,k=100|vol=1.20,k=250|vol=0.80,k=250|vol=1.00,k=250|vol=1.20,SPY
2010-08-02,1.0149479659540814,1.0137817694761821,1.0151932986991663,1.0149479659540814,1.0137817694761821,1.0151932986991663,1.0149479659540814,1.0137817694761821,1.0151932986991663,1.0149479659540814,1.0137817694761821,1.0151932986991663,1.022581306552597
2010-08-03,1.0122199882319705,1.0101679750133243,1.0036673853546363,1.0122199882319705,1.0101679750133243,1.0036673853546363,1.0122199882319705,1.0101679750133243,1.0036673853546363,1.0122199882319705,1.0101679750133243,1.0036673853546363,1.0176837438404682
2010-08-04,1.0167412286546933,1.0137680898212476,1.0051834428041233,1.0167412286546933,1.0137680898212476,1.0051834428041233,1.0167412286546933,1.0137680898212476,1.0051834428041233,1.0167412286546933,1.0137680898212476,1.0051834428041233,1.024485063923115
2010-08-05,1.0199349896857672,1.0146089301947046,1.003059563874786,1.0199349896857672,1.0146089301947046,1.003059563874786,1.0199349896857672,1.0146089301947046,1.003059563874786,1.0199349896857672,1.0146089301947046,1.003059563874786,1.0233971240074609
2010-08-06,1.0215554888085898,1.016045703378961,1.004319469375362,1.0215554888085898,1.016045703378961,1.004319469375362,1.0215554888085898,1.016045703378961,1.004319469375362,1.0215554888085898,1.016045703378961,1.004319469375362,1.0192253739484125
2010-08-09,1.026462629958826,1.0242753041086095,1.0135328531152075,1.026462629958826,1.0242753041086095,1.0135328531152075,1.026462629958826,1.0242753041086095,1.0135328531152075,1.026462629958826,1.0242753041086095,1.0135328531152075,1.0246667233091995
2010-08-10,1.0270571966120348,1.0211612185442351,1.008272023695831,1.0270571966120348,1.0211612185442351,1.008272023695831,1.0270571966120348,1.0211612185442351,1.008272023695831,1.0270571966120348,1.0211612185442351,1.008272023695831,1.0191349108737071
2010-08-11,1.0050725028296077,0.9905955887136331,0.9753292975444521,1.0050725028296077,0.9905955887136332,0.9753292975444521,1.0050725028296077,0.9905955887136332,0.9753292975444521,1.0050725028296077,0.9905955887136332,0.9753292975444521,0.9912033596171183
2010-08-12,1.0030561691085482,0.990899181474182,0.9729720533301058,1.0030561691085482,0.9908991814741821,0.9729720533301058,1.0030561691085482,0.9908991814741821,0.9729720533301058,1.0030561691085482,0.9908991814741821,0.9729720533301058,0.9851276688783832
2010-08-13,1.003775339595003,0.9882273097300739,0.9694233130789399,1.003775339595003,0.988227309730074,0.9694233130789399,1.003775339595003,0.988227309730074,0.9694233130789399,1.003775339595003,0.988227309730074,0.9694233130789399,0.9822254264664891
2010-08-16,1.0026551689269043,0.9875612944309364,0.968174398324146,1.0026551689269043,0.9875612944309365,0.968174398324146,1.0026551689269043,0.9875612944309365,0.968174398324146,1.0026551689269043,0.9875612944309365,0.968174398324146,0.9817720112379517
2010-08-17,1.0157196980814576,1.0038318007868987,0.9866324328246483,1.0157196980814576,1.0038318007868987,0.9866324328246483,1.0157196980814576,1.0038318007868987,0.9866324328246483,1.0157196980814576,1.0038318007868987,0.9866324328246483,0.9938336628773909
2010-08-18,1.0149015182964232,1.0059523784623114,0.9889060196537127,1.0149015182964232,1.0059523784623114,0.9889060196537127,1.0149015182964232,1.0059523784623114,0.9889060196537127,1.0149015182964232,1.0059523784623114,0.9889060196537127,0.9956469571732037
2010-08-19,0.998980553339686,0.9905419532919855,0.9722933184483461,0.998980553339686,0.9905419532919855,0.9722933184483461,0.998980553339686,0.9905419532919855,0.9722933184483461,0.998980553339686,0.9905419532919855,0.9722933184483461,0.9783258905228148
2010-08-20,0.9992649938325431,0.9936707856653864,0.9724898841542872,0.9992649938325431,0.9936707856653864,0.9724898841542872,0.9992649938325431,0.9936707856653864,0.9724898841542872,0.9992649938325431,0.9936707856653864,0.9724898841542872,0.9751518006138837
2010-08-23,0.9993054720238563,0.990457962657328,0.9666130134747416,0.9993054720238563,0.990457962657328,0.9666130134747416,0.9993054720238563,0.990457962657328,0.9666130134747416,0.9993054720238563,0.990457962657328,0.9666130134747416,0.97143383240171
2010-08-24,0.9903491139521408,0.9798422669797702,0.9546097106097071,0.9903491139521408,0.9798422669797702,0.9546097106097071,0.9903491139521408,0.9798422669797702,0.9546097106097071,0.9903491139521408,0.9798422669797702,0.9546097106097071,0.9570147331994624
2010-08-25,0.9972615991051687,0.9892444413753859,0.963134018019201,0.9972615991051687,0.9892444413753859,0.963134018019201,0.9972615991051687,0.9892444413753859,0.963134018019201,0.9972615991051687,0.9892444413753859,0.963134018019201,0.9607327014116361
2010-08-26,0.9924608963616319,0.9845333823056855,0.9578732108942656,0.9924608963616319,0.9845333823056855,0.9578732108942656,0.9924608963616319,0.9845333823056855,0.9578732108942656,0.9924608963616319,0.9845333823056855,0.9578732108942656,0.954294150173653
2010-08-27,1.0073767283349895,0.9989120592384312,0.9745045995608727,1.0073767283349895,0.9989120592384312,0.9745045995608727,1.0073767283349895,0.9989120592384312,0.9745045995608727,1.0073767283349895,0.9989120592384312,0.9745045995608727,0.9690758349113958
2010-08-30,0.9946516307916774,0.9834186505214467,0.9580466715206403,0.9946516307916774,0.9834186505214467,0.9580466715206403,0.9946516307916774,0.9834186505214467,0.9580466715206403,0.9946516307916774,0.9834186505214467,0.9580466715206403,0.9550192295900589
2010-08-31,0.9950112932632715,0.9880852893363951,0.9603314255068441,0.9950112932632715,0.9880852893363951,0.9603314255068441,0.9950112932632715,0.9880852893363951,0.9603314255068441,0.9950112932632715,0.9880852893363951,0.9603314255068441,0.9550192295900589
2010-09-01,1.0124765070812662,1.011474202645017,0.9829396363067994,1.01247650710584,1.011474202645014,0.9829396363067994,1.01247650710584,1.0114742026450154,0.9829396363067994,1.01247650710584,1.0114742026450154,0.9829396363067994,0.9835853971883486
2010-09-02,1.01868048287257,1.0176154111150029,0.9888878749361794,1.0186804828917113,1.0176154111149995,0.9888878749361794,1.0186804828917113,1.017615411115001,0.9888878749361794,1.0186804828917113,1.017615411115001,0.9888878749361794,0.992745173034231
2010-09-03,1.0273008260115901,1.0288704900723502,0.9997447787130863,1.0273008259801104,1.0288704900723449,0.9997447787130863,1.0273008259801104,1.0288704900723473,0.9997447787130863,1.0273008259801104,1.0288704900723473,0.9997447787130863,1.0056229170922875
2010-09-07,1.019779129996899,1.0209007320756023,0.9917556405605586,1.019779129972882,1.0209007320755907,0.9917556405605586,1.019779129972882,1.0209007320755963,0.9917556405605586,1.019779129972882,1.0209007320755963,0.9917556405605586,0.9942867114875913
2010-09-08,1.0211400410213687,1.0274180498085124,0.9982504458593491,1.0211400409678337,1.027418049808505,0.9982504458593491,1.0211400409678337,1.0274180498085084,0.9982504458593491,1.0211400409678337,1.0274180498085084,0.9982504458593491,1.0012697826109072
2010-09-09,1.0242051017745777,1.0260939506955515,0.9966776004579597,1.024205101749942,1.026093950695537,0.9966776004579597,1.024205101749942,1.026093950695544,0.9966776004579597,1.024205101749942,1.026093950695544,0.9966776004579597,1.0058945812801559
2010-09-10,1.0292512109622558,1.0294170744540725,0.9994625953889709,1.0292512109454344,1.029417074454047,0.9994625953889709,1.0292512109454344,1.0294170744540596,0.9994625953889709,1.0292512109454344,1.0294170744540596,0.9994625953889709,1.0109731617962794
2010-09-13,1.0336597378396564,1.0394727586667092,1.0096346829645613,1.0336597378102124,1.0394727586666939,1.0096346829645613,1.0336597378102124,1.0394727586667014,1.0096346829645613,1.0336597378102124,1.0394727586667014,1.0096346829645613,1.0222179877804274
2010-09-14,1.0356182192952852,1.04000431612732,1.0102123699466448,1.0356182192429584,1.0400043161273063,1.0102123699466448,1.0356182192429584,1.040004316127313,1.0102123699466445,1.0356182192429584,1.040004316127313,1.0102123699466445,1.0215830964749737
2010-09-15,1.0409054906901443,1.0440076958121425,1.013891236550627,1.0409054906531998,1.0440076958121234,1.013891236550627,1.0409054906531998,1.0440076958121325,1.0138912365506267,1.0409054906531998,1.0440076958121325,1.0138912365506267,1.0254829073824008
2010-09-16,1.040668874078425,1.0437963208079075,1.0136030190336012,1.0406688739983945,1.0437963208078864,1.0136030190336012,1.0406688739983945,1.0437963208078964,1.013603019033601,1.0406688739983945,1.0437963208078964,1.013603019033601,1.0252106932670264
2010-09-17,1.043439851946198,1.0460673313298636,1.0157934327676474,1.0434398518748547,1.046067331329842,1.0157934327676474,1.0434398518748547,1.0460673313298523,1.0157934327676472,1.0434398518748547,1.0460673313298523,1.0157934327676472,1.0255937177748207
2010-09-20,1.0539926938870667,1.0594651849606644,1.0287839849020939,1.0539926937860942,1.059465184960642,1.0287839849020939,1.0539926937860942,1.0594651849606527,1.0287839849020937,1.0539926937860942,1.0594651849606527,1.0287839849020937,1.041275358875816
2010-09-21,1.052047947788733,1.053329427710619,1.0230175369315522,1.0520479476693207,1.0533294277106016,1.0230175369315522,1.0520479476693207,1.0533294277106098,1.023017536931552,1.0520479476693207,1.0533294277106098,1.023017536931552,1.0391786686053441
2010-09-22,1.053177973693702,1.0469691277825768,1.016195414453516,1.0531779735457265,1.046969127782543,1.016195414453516,1.0531779735457265,1.0469691277825592,1.0161954144535157,1.0531779735457265,1.0469691277825592,1.0161954144535157,1.0340728666776833
2010-09-23,1.0462842493771969,1.0368676925268787,1.00539004532175,1.0462842492092155,1.03686769252682,1.00539004532175,1.0462842492092155,1.0368676925268487,1.0053900453217497,1.0462842492092155,1.0368676925268487,1.0053900453217497,1.0256849140862003
2010-09-24,1.061566877494105,1.0557153209715466,1.0239923034982117,1.0615668773094988,1.0557153209714953,1.0239923034982117,1.0615668773094988,1.0557153209715204,1.0239923034982115,1.0615668773094988,1.0557153209715204,1.0239923034982115,1.0468370507057905
2010-09-27,1.0591988690662004,1.0534371511323728,1.0218541158850858,1.0591988688807337,1.0534371511323235,1.0218541158850858,1.0591988688807337,1.0534371511323475,1.0218541158850856,1.0591988688807337,1.0534371511323475,1.0218541158850856,1.041822720053262
2010-09-28,1.0653027358423235,1.0612306720654525,1.0296535510465485,1.0653027356908906,1.061230672065409,1.0296535510465485,1.0653027356908906,1.06123067206543,1.0296535510465483,1.0653027356908906,1.06123067206543,1.0296535510465483,1.0454693809988493
2010-09-29,1.0611947351964193,1.0570781178977602,1.0253719951330404,1.0611947349962383,1.0570781178977104,1.0253719951330404,1.0611947349962383,1.0570781178977346,1.0253719951330402,1.0611947349962383,1.0570781178977346,1.0253719951330402,1.0436456380804262
2010-09-30,1.0602651585967564,1.0553945537871057,1.0239277645143017,1.060265158418598,1.0553945537870608,1.0239277645143017,1.060265158418598,1.0553945537870824,1.0239277645143015,1.060265158418598,1.0553945537870824,1.0239277645143015,1.0405459716939476
2010-10-01,1.0636843504066003,1.0540766377353077,1.0229466623511032,1.063684351005829,1.0540766377008306,1.0229466623511032,1.0636843494431893,1.0540766376690647,1.0229466623511054,1.0636843494431893,1.0540766376690647,1.0229466623511054,1.0449223864397403
2010-10-04,1.0562173212653032,1.0447869821014584,1.012364894713851,1.0562173219316136,1.0447869821068554,1.012364894713851,1.056217319906064,1.0447869821118978,1.0123648947138468,1.056217319906064,1.0447869821118978,1.0123648947138468,1.0370815200619505
2010-10-05,1.0731129585118704,1.0653585062414306,1.0372428196262433,1.0731129591499071,1.0653585061924875,1.0372428196262433,1.0731129568140974,1.0653585061473587,1.0372428196262384,1.0731129568140974,1.0653585061473587,1.0372428196262384,1.057959792783649
2010-10-06,1.0649981910190585,1.0548652256913005,1.025780060478377,1.0649981916924711,1.0548652256856563,1.025780060478377,1.0649981886011208,1.0548652256804973,1.0257800604783693,1.0649981886011208,1.0548652256804973,1.0257800604783693,1.0578686881268538
2010-10-07,1.063082568487004,1.0553063101888316,1.0286864296759317,1.0630825693098902,1.0553063102131546,1.0286864296759317,1.0630825661859062,1.05530631023567,1.0286864296759262,1.0630825661859062,1.05530631023567,1.0286864296759262,1.0565924896950454
2010-10-08,1.0663964572583553,1.057329416383607,1.0307201798819452,1.0663964578751062,1.0573294163896116,1.0307201798819452,1.0663964550985503,1.0573294163952067,1.030720179881946,1.0663964550985503,1.0573294163952067,1.030720179881946,1.0625182335338639
2010-10-11,1.0649340575058996,1.0525547692284707,1.0260933689607792,1.0649340580627837,1.0525547692331503,1.0260933689607792,1.0649340551213713,1.0525547692375221,1.0260933689607814,1.0649340551213713,1.0525547692375221,1.0260933689607814,1.063521301304455
2010-10-12,1.0678692669686822,1.0570853989625806,1.0330978177336854,1.0678692675204149,1.0570853989853723,1.0330978177336854,1.0678692649483195,1.0570853990064601,1.033097817733688,1.0678692649483195,1.0570853990064601,1.033097817733688,1.0668038185866144
2010-10-13,1.0717278009717341,1.0634427013658454,1.0439845707708395,1.0717278015167417,1.063442701378616,1.0439845707708395,1.0717277988131209,1.0634427013904473,1.0439845707708457,1.0717277988131209,1.0634427013904473,1.0439845707708457,1.0751002082483805
2010-10-14,1.0732376092676248,1.0644675206571368,1.0438394932661732,1.0732376097926029,1.0644675206773768,1.0438394932661732,1.073237606925045,1.0644675206961118,1.043839493266179,1.073237606925045,1.0644675206961118,1.043839493266179,1.0709063694345156
2010-10-15,1.0745761635491733,1.0690543436915325,1.0505364067721121,1.0745761642102043,1.06905434370689,1.0505364067721121,1.0745761612487335,1.0690543437211222,1.0505364067721115,1.0745761612487335,1.0690543437211222,1.0505364067721115,1.0730945309801199
2010-10-18,1.0811000774083612,1.0745931724280258,1.0556572429945144,1.0811000780670033,1.0745931724891,1.0556572429945144,1.0811000747779234,1.0745931725455373,1.0556572429945124,1.0811000747779234,1.0745931725455373,1.0556572429945124,1.0783825422213713
2010-10-19,1.0696091518909592,1.0573618455353133,1.0355182691633373,1.0696091527101073,1.05736184558669,1.0355182691633371,1.0696091492707793,1.0573618456341758,1.0355182691633333,1.0696091492707793,1.0573618456341758,1.0355182691633333,1.0642504135225703
2010-10-20,1.079793709908366,1.0693667043316974,1.0478780280751738,1.0797937105280384,1.0693667043308508,1.0478780280751736,1.079793707390874,1.0693667043301154,1.0478780280751736,1.079793707390874,1.0693667043301154,1.0478780280751736,1.0746444100006511
2010-10-21,1.0819411681542594,1.0722935854328908,1.0515004047747152,1.081941168330533,1.0722935853885909,1.051500404774715,1.0819411663452985,1.072293585347737,1.0515004047747152,1.0819411663452985,1.072293585347737,1.0515004047747152,1.077014505896093
2010-10-22,1.083788045954372,1.073487440854441,1.0530241559094,1.0837880459333948,1.073487440830154,1.0530241559093998,1.0837880440816812,1.0734874408077806,1.0530241559093974,1.0837880440816812,1.0734874408077806,1.0530241559093974,1.079020274818938
2010-10-25,1.0887341653707086,1.07853582417941,1.0586116061930324,1.0887341654622362,1.0785358240879177,1.0586116061930322,1.0887341634925412,1.0785358240035021,1.0586116061930286,1.0887341634925412,1.0785358240035021,1.0586116061930286,1.0822115041351335
2010-10-26,1.090162970592577,1.0799898175081482,1.0618505174569646,1.0901629703378308,1.0799898174828597,1.0618505174569643,1.0901629689751966,1.079989817459568,1.061850517456961,1.0901629689751966,1.079989817459568,1.061850517456961,1.0823935301395555
2010-10-27,1.0896104805625415,1.0820889958667872,1.060107624057767,1.0896104802973539,1.0820889958667086,1.0601076240577667,1.0896104795470758,1.0820889958666955,1.060107624057762,1.0896104795470758,1.0820889958666955,1.060107624057762,1.079293863753077
2010-10-28,1.0941757270530252,1.081829115731647,1.0624899334648992,1.0941757267974919,1.0818291157483364,1.062489933464899,1.0941757263256864,1.0818291157638011,1.062489933464897,1.0941757263256864,1.0818291157638011,1.062489933464897,1.0794763480304204
2010-10-29,1.0967634628916676,1.0848116053023893,1.0675944400948647,1.096763462558903,1.0848116053430417,1.0675944400948645,1.0967634620733493,1.0848116053806418,1.0675944400948605,1.0967634620733493,1.0848116053806418,1.0675944400948605,1.0802967482144994
2010-11-01,1.0937660135554492,1.0789040457676737,1.0600845351275354,1.093766013170016,1.0789040457903887,1.0600845351275352,1.0937660126733344,1.078904045842513,1.0600845351275312,1.0937660126733344,1.078904045842513,1.0600845351275312,1.080661900078355
2010-11-02,1.0992166166586628,1.086766424363076,1.0728094235490975,1.0992166161690171,1.0867664243530932,1.0728094235490973,1.0992166158030865,1.0867664244360251,1.0728094235490933,1.0992166158030865,1.0867664244360251,1.0728094235490933,1.0892313287467539
2010-11-03,1.101063294848959,1.0916740919900694,1.080783490570469,1.1010632945454206,1.0916740920717374,1.0807834905704687,1.101063293969641,1.091674092074925,1.0807834905704647,1.101063293969641,1.091674092074925,1.0807834905704647,1.0936079268017154
2010-11-04,1.114887877022941,1.109255279382912,1.100143912847942,1.1148878766821364,1.1092552795512158,1.1001439128479418,1.114887876135502,1.1092552795120179,1.1001439128479376,1.114887876135502,1.1092552795120179,1.1001439128479376,1.114668867109926
2010-11-05,1.1161575388376763,1.1129837396784288,1.1060587061787457,1.1161575383525075,1.1129837399089468,1.1060587061787455,1.116157537820324,1.1129837398190732,1.1060587061787412,1.116157537820324,1.1129837398190732,1.1060587061787412,1.1188626142692066
2010-11-08,1.113334016674717,1.1107912298353682,1.103461439307565,1.1133340161501737,1.1107912300674692,1.1034614393075648,1.1133340157020823,1.1107912300009595,1.1034614393075606,1.1133340157020823,1.1107912300009595,1.1034614393075606,1.1167658323441505
2010-11-09,1.1108003286080717,1.105060118700401,1.0954678923450045,1.1108003282202328,1.1050601188861522,1.0954678923450043,1.1108003276686123,1.1050601188405023,1.095467892345,1.1108003276686123,1.1050601188405023,1.095467892345,1.108742664998186
2010-11-10,1.1171075579299294,1.1136615787274649,1.1032785637286537,1.1171075576949012,1.113661579036575,1.1032785637286535,1.1171075569767632,1.1136615789188,1.1032785637286493,1.1171075569767632,1.1136615789188,1.1032785637286493,1.1132102760553586
2010-11-11,1.1131678902439857,1.1089191864294436,1.0974180852981084,1.113167889903293,1.108919186770387,1.0974180852981081,1.1131678892583678,1.1089191866427102,1.097418085298104,1.1131678892583678,1.1089191866427102,1.097418085298104,1.1090160706231562
2010-11-12,1.1022126702892538,1.096094586727514,1.0862197667418825,1.1022126700881831,1.0960945869977181,1.0862197667418823,1.102212669366315,1.0960945868966288,1.086219766741878,1.102212669366315,1.0960945868966288,1.086219766741878,1.0958874679678676
2010-11-15,1.102657608904916,1.092593628418132,1.0793340464522194,1.1026576084913504,1.092593628781291,1.0793340464522192,1.1026576079787374,1.0925936286282958,1.079334046452215,1.1026576079787374,1.0925936286282958,1.079334046452215,1.094337497292752
2010-11-16,1.086977481249781,1.0770703760485838,1.0621424332620781,1.086977480917874,1.0770703763387073,1.062142433262078,1.086977480411396,1.077070376227219,1.062142433262074,1.086977480411396,1.077070376227219,1.062142433262074,1.077287911521063
2010-11-17,1.0895628090333191,1.0809762965231091,1.0664094417314334,1.0895628086871456,1.0809762968577443,1.0664094417314331,1.0895628082113507,1.0809762967321397,1.0664094417314292,1.0895628082113507,1.0809762967321397,1.0664094417314292,1.0778356393168462
2010-11-18,1.1018644087218687,1.0988797339847127,1.0873395860908306,1.1018644082100684,1.0988797342032204,1.0873395860908304,1.1018644078081343,1.0988797341609353,1.0873395860908264,1.1018644078081343,1.0988797341609353,1.0873395860908264,1.0936991231130948
2010-11-19,1.1017158851782936,1.096788295405315,1.088696083526211,1.1017158846642185,1.096788295738934,1.0886960835262107,1.1017158842496488,1.0967882956386197,1.0886960835262067,1.1017158842496488,1.0967882956386197,1.0886960835262067,1.0967077764973625
2010-11-22,1.1072783364207626,1.1066610513788895,1.100349562053612,1.1072783360116214,1.106661051699927,1.1003495620536117,1.1072783354847437,1.1066610516006312,1.1003495620536077,1.1072783354847437,1.1066610516006312,1.1003495620536077,1.0957962716564882
2010-11-23,1.0952182941357447,1.0929250465082754,1.0827488666747866,1.0952182937560349,1.092925046913533,1.0827488666747864,1.0952182932659733,1.0929250467691176,1.0827488666747827,1.0952182932659733,1.0929250467691176,1.0827488666747827,1.0799323295873182
2010-11-24,1.1111854781124362,1.1155366080487321,1.1081335134831125,1.111185477681628,1.115536608435645,1.1081335134831123,1.1111854772132268,1.1155366083163332,1.1081335134831085,1.1111854772132268,1.1155366083163332,1.1081335134831085,1.0958874679678676
2010-11-26,1.1086786807723523,1.1129487409834848,1.1031004003092977,1.108678680445177,1.112948741443515,1.1031004003092975,1.1086786798898673,1.112948741275727,1.1031004003092937,1.1086786798898673,1.112948741275727,1.1031004003092937,1.0831238338672664
2010-11-29,1.1031125423987969,1.1112522168727863,1.1009877832746486,1.1031125419483432,1.1112522172909824,1.1009877832746484,1.1031125415242629,1.1112522171521966,1.1009877832746446,1.1031125415242629,1.1112522171521966,1.1009877832746446,1.086405251294414
2010-11-30,1.0982670262690541,1.105276229864347,1.0920213190478456,1.0982670256522937,1.1052762302747157,1.0920213190478454,1.09826702536904,1.105276230150287,1.0920213190478416,1.09826702536904,1.105276230150287,1.0920213190478416,1.0802967482144994
2010-12-01,1.1190991203548568,1.1279530968408853,1.115279183836983,1.1190991197261007,1.127953097259671,1.1152791838369829,1.1190991193673008,1.1279530971326919,1.115279183836979,1.1190991193673008,1.1279530971326919,1.115279183836979,1.1032723527887598
2010-12-02,1.1319020569427682,1.1411241946118296,1.1284121697093479,1.131902056304752,1.1411241950355022,1.1284121697093477,1.131902056001455,1.1411241949070436,1.1284121697093437,1.131902056001455,1.1411241949070436,1.1284121697093437,1.1174035649417176
2010-12-03,1.1310704392762783,1.14246459350946,1.1306134085092847,1.1310704386651413,1.1424645939336293,1.1306134085092845,1.1310704383486279,1.1424645938050209,1.1306134085092805,1.1310704383486279,1.1424645938050209,1.1306134085092805,1.1204122183259853
2010-12-06,1.1281998563891364,1.1411872745421787,1.1291371678571749,1.1281998557806674,1.1411872749658742,1.1291371678571747,1.1281998555295176,1.141187274837409,1.1291371678571707,1.1281998555295176,1.141187274837409,1.1291371678571707,1.1192276744784782
2010-12-07,1.1216840135281054,1.1350713586440255,1.1250003950669334,1.121684012947532,1.1350713590654502,1.1250003950669332,1.1216840126192218,1.1350713589376735,1.1250003950669292,1.1216840126192218,1.1350713589376735,1.1250003950669292,1.1198657736943822
2010-12-08,1.12385024532995,1.138280642277851,1.1243897569935764,1.1238502447422352,1.1382806427004653,1.1243897569935761,1.1238502443906302,1.1382806425723293,1.1243897569935721,1.1238502443906302,1.1382806425723293,1.1243897569935721,1.1239682328876988
2010-12-09,1.126332465249321,1.1419843865955397,1.1342853795884686,1.1263324646520019,1.1419843870195283,1.1342853795884684,1.126332464367163,1.1419843868909763,1.1342853795884644,1.126332464367163,1.1419843868909763,1.1342853795884644,1.1283446476334915
2010-12-10,1.1300780041746177,1.1437299593278163,1.1402349528112183,1.1300780035774338,1.1437299597524508,1.1402349528112181,1.1300780034028926,1.1437299596237045,1.1402349528112141,1.1300780034028926,1.1437299596237045,1.1402349528112141,1.1349089489611355
2010-12-13,1.130775663041741,1.1424596011270685,1.1370147353951559,1.1307756624355239,1.1424596015512334,1.1370147353951556,1.1307756622631284,1.142459601422628,1.1370147353951516,1.1307756622631284,1.142459601422628,1.1370147353951516,1.1356382444884194
2010-12-14,1.131164307191968,1.1383364269203182,1.1353224196664653,1.1311643065599133,1.1383364273429524,1.135322419666465,1.1311643064262995,1.138336427214811,1.135322419666461,1.1311643064262995,1.138336427214811,1.135322419666461,1.1366409456406734
2010-12-15,1.1268734478905866,1.1329651517411519,1.1285635316813374,1.1268734472287636,1.1329651521617918,1.1285635316813372,1.1268734471091264,1.1329651520342552,1.1285635316813334,1.1268734471091264,1.1329651520342552,1.1285635316813334,1.1314445889837228
2010-12-16,1.1402905726331378,1.1453896212253523,1.1406363427486415,1.1402905719441885,1.1453896216506037,1.1406363427486412,1.1402905717782368,1.14538962152167,1.1406363427486375,1.1402905717782368,1.14538962152167,1.1406363427486375,1.1380087070021982
2010-12-17,1.1450891722756977,1.1463219210057682,1.1429263932724814,1.145089171572801,1.1463219214313647,1.1429263932724811,1.1450891713053921,1.146321921302327,1.1429263932724774,1.1450891713053921,1.146321921302327,1.1429263932724774,1.1392277129734028
2010-12-20,1.143599379574879,1.1477184148175612,1.1452410922462875,1.1435993788322607,1.1477184152436746,1.1452410922462872,1.1435993787693923,1.1477184151144812,1.1452410922462835,1.1435993787693923,1.1477184151144812,1.1452410922462835,1.1419773505024355
2010-12-21,1.1462401002201983,1.1573398917344695,1.158261739308533,1.1462400994880892,1.1573398921641538,1.1582617393085328,1.1462400993803665,1.1573398920338787,1.158261739308529,1.1462400993803665,1.1573398920338787,1.158261739308529,1.149218062662222
2010-12-22,1.1472265028263113,1.155840573586943,1.1571181872105372,1.1472265020710923,1.1558405740160713,1.157118187210537,1.147226502052227,1.1558405738859643,1.1571181872105332,1.147226502052227,1.1558405738859643,1.1571181872105332,1.1527922248316271
2010-12-23,1.1443828606744821,1.1522024698494666,1.1510263050378458,1.1443828599172092,1.152202470277245,1.1510263050378455,1.1443828599001742,1.1522024701475466,1.1510263050378418,1.1443828599001742,1.1522024701475466,1.1510263050378418,1.1511425339687917
2010-12-27,1.1447842006505566,1.1524491049670647,1.1576651705203096,1.144784199896441,1.1524491053949357,1.1576651705203094,1.1447841998668145,1.1524491052652086,1.1576651705203056,1.1447841998668145,1.1524491052652086,1.1576651705203056,1.1516006235811287
2010-12-28,1.1447473225081355,1.149378003164969,1.1544900135673952,1.1447473217479152,1.1493780035917005,1.154490013567395,1.1447473217188164,1.1493780034623184,1.1544900135673912,1.1447473217188164,1.1493780034623184,1.1544900135673912,1.1532504977531326
2010-12-29,1.1468820384762013,1.153384298295799,1.1570180034955895,1.1468820377084143,1.153384298724016,1.1570180034955893,1.1468820377100206,1.153384298594185,1.1570180034955853,1.1468820377100206,1.153384298594185,1.1570180034955853,1.1540752973572581
2010-12-30,1.1447755081929596,1.1512448639527046,1.1559630498358584,1.144775507424818,1.1512448643801283,1.1559630498358582,1.1447755074291528,1.151244864250537,1.1559630498358542,1.1447755074291528,1.151244864250537,1.1559630498358542,1.1522425722895737
2010-12-31,1.139241433026968,1.1443734438162674,1.1484630894423313,1.1392414322600732,1.1443734442411422,1.148463089442331,1.139241432249068,1.1443734441123223,1.1484630894423273,1.139241432249068,1.1443734441123223,1.1484630894423273,1.1525172610787238
2011-01-03,1.1447025409261231,1.1522504943502787,1.1562538741384905,1.144702540354494,1.1522504948906427,1.1562538741384902,1.1447025404014481,1.152250494759343,1.1562538741384865,1.1447025404014481,1.152250494759343,1.1562538741384865,1.1644318071103599
2011-01-04,1.1360415597640046,1.1406424444785426,1.1450559045615156,1.136041559194788,1.1406424452205592,1.1450559045615154,1.1360415596516753,1.140642445024607,1.1450559045615116,1.1360415596516753,1.140642445024607,1.1450559045615116,1.163790774947758
2011-01-05,1.144761117708069,1.1530974728624008,1.1589807664659357,1.1447611168045588,1.153097473312587,1.1589807664659355,1.1447611172150487,1.1530974732046786,1.1589807664659317,1.1447611172150487,1.1530974732046786,1.1589807664659317,1.16983933592954
2011-01-06,1.1437049722136905,1.152544108432856,1.1562161776545983,1.1437049712554066,1.1525441087476738,1.156216177654598,1.1437049717315493,1.1525441087345978,1.1562161776545943,1.1437049717315493,1.1525441087345978,1.1562161776545943,1.1675483379403502
2011-01-07,1.1427780549546396,1.1533405192748651,1.1575267739765451,1.1427780540315557,1.153340519675659,1.157526773976545,1.142778054805796,1.153340519598061,1.1575267739765411,1.142778054805796,1.153340519598061,1.1575267739765411,1.1652564234053169
2011-01-10,1.137915386276336,1.150055035462906,1.1561991418638131,1.1379153854077435,1.1500550358106205,1.156199141863813,1.1379153859852664,1.1500550356778156,1.1561991418638091,1.1379153859852664,1.1500550356778156,1.1561991418638091,1.163790774947758
2011-01-11,1.143046679621664,1.1585860810754989,1.1639329278793717,1.1430466787605036,1.1585860815101205,1.1639329278793715,1.1430466793103007,1.1585860813628757,1.1639329278793678,1.1430466793103007,1.1585860813628757,1.1639329278793678,1.167914314695464
2011-01-12,1.1461529750579353,1.1633144271681084,1.1695863641967923,1.1461529740432168,1.1633144276569498,1.169586364196792,1.1461529742354724,1.1633144274799279,1.1695863641967883,1.1461529742354724,1.1633144274799279,1.1695863641967883,1.178455050163011
2011-01-13,1.1485660439456808,1.1641248573309104,1.1688292405956235,1.1485660424238593,1.1641248573907779,1.1688292405956233,1.1485660430391706,1.1641248573420788,1.1688292405956195,1.1485660430391706,1.1641248573420788,1.1688292405956195,1.1765296623105983
2011-01-14,1.1500167687157168,1.1681363876131843,1.1747354758245427,1.150016767101192,1.1681363873701092,1.1747354758245425,1.1500167677599458,1.1681363873508979,1.1747354758245387,1.1500167677599458,1.1681363873508979,1.1747354758245387,1.1850535386505996
2011-01-18,1.1502020179381878,1.1724623593487282,1.178989256261562,1.1502020167396638,1.172462359360422,1.1789892562615618,1.150202017020844,1.172462359300935,1.178989256261558,1.150202017020844,1.172462359300935,1.178989256261558,1.1870703061235608
2011-01-19,1.1394372487449187,1.1530309023134773,1.1581892973462047,1.1394372472342424,1.1530309019850205,1.1581892973462045,1.1394372479166022,1.1530309020100962,1.158189297346201,1.1394372479166022,1.1530309020100962,1.158189297346201,1.175430082262738
2011-01-20,1.1396847914734698,1.1514076495821075,1.1569164891820214,1.1396847901821618,1.1514076494317482,1.1569164891820212,1.1396847907327659,1.1514076494132774,1.1569164891820176,1.1396847907327659,1.1514076494132774,1.1569164891820176,1.173872137638788
2011-01-21,1.1379809925634767,1.1507487959284228,1.1565831242798608,1.1379809910775533,1.1507487957809237,1.1565831242798605,1.1379809919089734,1.1507487957409128,1.156583124279857,1.1379809919089734,1.1507487957409128,1.156583124279857,1.1765296623105983
2011-01-24,1.141584368046207,1.1534269026413457,1.1582674765494259,1.1415843667703516,1.1534269026774528,1.1582674765494256,1.1415843675316182,1.1534269026482216,1.158267476549422,1.1415843675316182,1.1534269026482216,1.158267476549422,1.1832205386191619
2011-01-25,1.1442648169095833,1.1562565342389868,1.1601073654082905,1.144264815683953,1.1562565343882554,1.1601073654082903,1.1442648160140456,1.1562565343419635,1.1601073654082865,1.1442648160140456,1.1562565343419635,1.1601073654082865,1.1838620290546857
2011-01-26,1.1484742047783543,1.1634501018276817,1.1667341551932306,1.1484742034004247,1.1634501020364794,1.1667341551932304,1.1484742036643265,1.16345010205123,1.1667341551932267,1.1484742036643265,1.16345010205123,1.1667341551932267,1.1884445749605717
2011-01-27,1.1540010606894393,1.1721894066896508,1.172664374728338,1.154001059695977,1.172189406844706,1.1726643747283378,1.1540010608561124,1.1721894070260919,1.172664374728334,1.1540010608561124,1.1721894070260919,1.172664374728334,1.1913778882765438
2011-01-28,1.1293939989271224,1.1439099811399818,1.1444885723898615,1.129393997765135,1.1439099813606204,1.1444885723898612,1.1293939984123464,1.1439099815050267,1.1444885723898577,1.1293939984123464,1.1439099815050267,1.1444885723898577,1.1705728475677022
2011-01-31,1.137272497184915,1.1575927302896931,1.1607874962894578,1.1372724957696254,1.1575927304803284,1.1607874962894575,1.1372724964301342,1.1575927305429115,1.1607874962894538,1.1372724964301342,1.1575927305429115,1.1607874962894538,1.1793712293876852
2011-02-01,1.1532021354313828,1.1771295634587047,1.1815249174199465,1.1532021340943475,1.1771295636336259,1.1815249176408968,1.1532024596358377,1.1771295636955195,1.1815249175802478,1.1532024596358377,1.1771295636955195,1.1815249175802478,1.1982512488624515
2011-02-02,1.153914184460832,1.1789392262053582,1.184171043478312,1.1539141830087218,1.178939226227899,1.1841710435828168,1.1539147484379537,1.1789392262515745,1.184171043554129,1.1539147484379537,1.1789392262515745,1.184171043554129,1.195960067564093
2011-02-03,1.1552174258227563,1.1752582957586672,1.1774854434988409,1.1552174241077775,1.1752582957486768,1.1774854434741966,1.1552184344335097,1.1752582957657276,1.177485443480957,1.1552184344335097,1.1752582957657276,1.177485443480957,1.1986181421634086
2011-02-04,1.1643827663597777,1.1877410433906117,1.1846550392919553,1.1643827646313798,1.1877410434533704,1.1846550392879918,1.1643841126019656,1.187741043491608,1.184655039289076,1.1643841126019656,1.187741043491608,1.184655039289076,1.2020090868187963
2011-02-07,1.168577824289263,1.1922667316033357,1.189484411731129,1.168577822602942,1.1922667319287705,1.1894844117287748,1.1685790196429728,1.1922667320186686,1.1894844117294174,1.1685790196429728,1.1922667320186686,1.1894844117294174,1.2095243961131485
2011-02-08,1.1680634952339648,1.1971142946489486,1.1937673672001288,1.1680634936544836,1.1971142949045612,1.1937673673957727,1.1680646849946104,1.1971142949778608,1.19376736734207,1.1680646849946104,1.1971142949778608,1.19376736734207,1.2150238544803826
2011-02-09,1.1688994554073175,1.1940959080139444,1.1893876451694643,1.1688994538805506,1.1940959083782965,1.1893876453486554,1.1689007039182306,1.194095908481585,1.1893876452994685,1.1689007039182306,1.194095908481585,1.1893876452994685,1.2122744919151027
2011-02-10,1.1738055130582474,1.1994505059098906,1.1966663240715285,1.1738055117112591,1.199450506250275,1.1966663242786613,1.1738063102019263,1.1994505063471972,1.1966663242218052,1.1738063102019263,1.1994505063471972,1.1966663242218052,1.2127322149091024
2011-02-11,1.1799443409082306,1.2086830698498112,1.206919724988939,1.1799443393035427,1.208683070195478,1.2069197252950494,1.179945583217494,1.2086830702927023,1.2069197252110264,1.179945583217494,1.2086830702927023,1.2069197252110264,1.2199726521051357
2011-02-14,1.1875028364529525,1.2146446388897534,1.2112737197366104,1.187502834754594,1.2146446392361143,1.2112737201260921,1.187504296140817,1.2146446393353323,1.2112737200191857,1.187504296140817,1.2146446393353323,1.2112737200191857,1.2229058737665233
2011-02-15,1.1844535938505167,1.2089840136122114,1.202165394861935,1.1844535920802906,1.2089840141178376,1.202165395286674,1.1844551461235535,1.2089840142562631,1.2021653951700904,1.1844551461235535,1.2089840142562631,1.2021653951700904,1.2190562895712933
2011-02-16,1.1965722194507806,1.225506969949914,1.217463328122956,1.1965722174069862,1.2255069703762134,1.217463328560066,1.196574231096648,1.225506970497682,1.2174633284400869,1.196574231096648,1.225506970497682,1.2174633284400869,1.2267547247250794
2011-02-17,1.1974355383979798,1.2268372973425863,1.2199177784377535,1.1974355364303224,1.2268372978240238,1.2199177788469306,1.1974374329940727,1.2268372979570419,1.2199177787346185,1.1974374329940727,1.2268372979570419,1.2199177787346185,1.2304214580246287
2011-02-18,1.1999871840250032,1.2265388998195528,1.2165525775220023,1.199987182085879,1.2265389004096394,1.2165525780113278,1.1999890912050213,1.2265389005712635,1.216552577877017,1.1999890912050213,1.2265389005712635,1.216552577877017,1.2329869614938005
2011-02-22,1.1730686418935494,1.1916420748651386,1.178841510467494,1.1730686401037558,1.191642075515492,1.1788415105663188,1.1730703312751007,1.19164207568925,1.1788415105391905,1.1730703312751007,1.19164207568925,1.1788415105391905,1.208241781860439
2011-02-23,1.1648778658718701,1.1741366178744659,1.1640359536710727,1.16487786430491,1.1741366186557216,1.1640359536216196,1.1648789834060371,1.1741366188594005,1.1640359536351896,1.1648789834060371,1.1741366188594005,1.1640359536351896,1.2008178521866346
2011-02-24,1.1755162477177556,1.187273639135636,1.178561185646835,1.175516246160775,1.1872736397903405,1.1785611859492888,1.175517760061418,1.1872736399598744,1.1785611858662695,1.175517760061418,1.1872736399598744,1.1785611858662695,1.199992594309588
2011-02-25,1.1914606113804103,1.2049529123524352,1.19645811608118,1.1914606097780516,1.2049529128474097,1.1964581162022352,1.1914621840506636,1.2049529129914591,1.1964581161690049,1.1914621840506636,1.2049529129914591,1.1964581161690049,1.2128239611479876
2011-02-28,1.1941495673271645,1.2048761437089963,1.1961133719974013,1.1941495656665484,1.2048761440361353,1.196113371836039,1.1941511464630123,1.2048761441474873,1.1961133718803252,1.1941511464630123,1.2048761441474873,1.1961133718803252,1.2203390871331714
2011-03-01,1.1803934411544514,1.1822159415197424,1.1712128882571233,1.180393439653388,1.1822159416964553,1.1712128880991202,1.180395056194988,1.1822159418528833,1.1712128881424844,1.180395056194988,1.1822159418528833,1.1712128881424844,1.199992594309588
2011-03-02,1.1828312181857674,1.1858144617891306,1.1752462107396444,1.1828312170114164,1.1858144618018833,1.175246210581097,1.1828330251428214,1.1858144620125883,1.1752462106246107,1.1828330251428214,1.1858144620125883,1.1752462106246107,1.2025589226700184
2011-03-03,1.2069385047762957,1.2118945186153973,1.2026516583106248,1.2069385036201794,1.2118945184462206,1.2026516581483804,1.2069402547256038,1.2118945187211625,1.2026516581929085,1.2069402547256038,1.2118945187211625,1.2026516581929085,1.223272308794559
2011-03-04,1.1995212545050074,1.2014787148519912,1.1989487394101783,1.1995212531262143,1.201478714463846,1.1989487392484335,1.199522873295386,1.201478714808517,1.1989487392928246,1.199522873295386,1.201478714808517,1.1989487392928246,1.2141073086373715
2011-03-07,1.1898897871912482,1.1850717155151105,1.1802260169337258,1.18988978513233,1.1850717150971848,1.180226016774507,1.1898910982540232,1.185071715448613,1.1802260168182048,1.1898910982540232,1.185071715448613,1.1802260168182048,1.2045751402154738
2011-03-08,1.200605369674589,1.1926913052455719,1.187233025771898,1.2006053671851802,1.1926913050831283,1.1872330256117338,1.2006065225533413,1.1926913053523789,1.1872330256556909,1.2006065225533413,1.1926913053523789,1.1872330256556909,1.2151153257555147
2011-03-09,1.1932801311034251,1.1790623902790707,1.1741852982569205,1.193280128340511,1.1790623900318848,1.1741852980985166,1.1932811974858761,1.1790623903263813,1.1741852981419907,1.1932811974858761,1.1790623903263813,1.1741852981419907,1.2133738886537941
2011-03-10,1.1725126561730177,1.1562040905778765,1.1506905676287758,1.1725126533892167,1.1562040902615678,1.1506905674735415,1.1725136076486258,1.1562040905745314,1.1506905675161456,1.1725136076486258,1.1562040905745314,1.1506905675161456,1.190919523700454
2011-03-11,1.1817920661241632,1.1697844432916962,1.164594584473768,1.1817920630128858,1.16978444300224,1.164594584316658,1.181792923886626,1.1697844433088782,1.164594584359777,1.181792923886626,1.1697844433088782,1.164594584359777,1.1991677947054622
2011-03-14,1.1764718827329865,1.1653131636787797,1.1616121292868882,1.1764718799346072,1.1653131632767648,1.1616121291301806,1.1764728968417266,1.1653131636194127,1.1616121291731891,1.1764728968417266,1.1653131636194127,1.1616121291731891,1.1919271742002602
2011-03-15,1.163295890355627,1.1528285947563262,1.1488523305294285,1.1632958878506112,1.1528285944172059,1.1488523303744425,1.1632970839022236,1.152828594737028,1.1488523304169784,1.1632970839022236,1.152828594737028,1.1488523304169784,1.1782710077577347
2011-03-16,1.1405568194439824,1.1274222885991134,1.1215032212333005,1.1405568169922218,1.1274222882713973,1.121503221082004,1.1405580304779857,1.127422288582872,1.1215032211235274,1.1405580304779857,1.127422288582872,1.1215032211235274,1.1564584082036713
2011-03-17,1.1490602847401366,1.1393363935345229,1.134367118331727,1.1490602824957905,1.1393363931061784,1.134367118178695,1.1490615275678617,1.1393363934527263,1.1343671182206947,1.1490615275678617,1.1393363934527263,1.1343671182206947,1.1717643571636163
2011-03-18,1.1562468224549725,1.1492396776684939,1.142861221451171,1.15624681986287,1.149239677422601,1.1428612212969933,1.1562478888226135,1.1492396777112703,1.1428612213393075,1.1562478888226135,1.1492396777112703,1.1428612213393075,1.17602592871528
2011-03-21,1.175234809954571,1.1709508165155993,1.1658987062277022,1.1752348074565269,1.1709508163369777,1.1658987060704165,1.1752360140432674,1.170950816607578,1.1658987061135837,1.1752360140432674,1.170950816607578,1.1658987061135837,1.1942519010764734
2011-03-22,1.1715998786668225,1.165200847210172,1.1591294281647246,1.1715998761333069,1.165200847143594,1.1591294280083522,1.1716011058015439,1.165200847376498,1.1591294280512687,1.1716011058015439,1.165200847376498,1.1591294280512687,1.1901095721389856
2011-03-23,1.177060203162958,1.1704999809273964,1.1644994225884508,1.1770602004435455,1.1704999812201409,1.164499422431354,1.1770614470199423,1.170499981336481,1.1644994224744694,1.1770614470199423,1.170499981336481,1.1644994224744694,1.193515089873277
2011-03-24,1.1870313693953667,1.1839685701394695,1.1774051085988633,1.187031367094777,1.183968570533668,1.1774051084400254,1.1870327717552749,1.1839685706192622,1.1774051084836186,1.1870327717552749,1.1839685706192622,1.1774051084836186,1.2049297518021347
2011-03-25,1.1942418519807896,1.1899500836671761,1.1812245642974697,1.1942418492902285,1.189950084135564,1.1812245641381167,1.1942430426988244,1.1899500841979769,1.181224564181851,1.1942430426988244,1.1899500841979769,1.181224564181851,1.2086116081080938
2011-03-28,1.192465753926027,1.1884525445197236,1.1815594421517088,1.1924657512119916,1.1884525448492824,1.1815594419923108,1.1924669376377943,1.188452544956827,1.1815594420360576,1.1924669376377943,1.188452544956827,1.1815594420360576,1.2056661963869941
2011-03-29,1.1995675128750491,1.1976613754336785,1.1912445981627644,1.1995675105515866,1.197661375819769,1.1912445980020598,1.1995688934466822,1.1976613759105057,1.1912445980461652,1.1995688934466822,1.1976613759105057,1.1912445980461652,1.2137667202021087
2011-03-30,1.2090711021760387,1.2073611998092335,1.2013837837744363,1.2090710998686547,1.2073612001946032,1.201383783612364,1.209072619454864,1.2073612002873308,1.2013837836568446,1.209072619454864,1.2073612002873308,1.2013837836568446,1.222143215970554
2011-03-31,1.212521832362896,1.206969967791853,1.2002372649259092,1.2125218302257958,1.206969968301221,1.2002372647639914,1.2125234638034619,1.2069699683533057,1.2002372648084296,1.2125234638034619,1.2069699683533057,1.2002372648084296,1.2204861927409745
2011-04-01,1.2193775371420574,1.2129526057056506,1.2056556533256928,1.2193775349236384,1.2129526057969047,1.205655653163044,1.2193786952508945,1.2129526053363695,1.2056556532076828,1.2193786952508945,1.2129526053363695,1.2056556532076828,1.2256407549074837
2011-04-04,1.2217555321092106,1.215816832352558,1.2088844729242851,1.2217555300094252,1.2158168319654172,1.2088844727612007,1.2217576571600715,1.2158168314108315,1.208884472805959,1.2217576571600715,1.2158168314108315,1.208884472805959,1.2266531714456734
2011-04-05,1.2227006224069645,1.2212738732767747,1.2157318401658184,1.2227006200261303,1.2212738723463248,1.2157318400018102,1.2227011756023034,1.2212738719223906,1.215731840046822,1.2227011756023034,1.2212738719223906,1.215731840046822,1.2264691290403968
2011-04-06,1.2244228066514171,1.219097471464356,1.2128041467740425,1.2244228039614609,1.2190974707723194,1.2128041466104293,1.2244221526151076,1.2190974704271587,1.2128041466553328,1.2244221526151076,1.2190974704271587,1.2128041466553328,1.2303353027153854
2011-04-07,1.2214745124810438,1.2152899408965576,1.209680807400042,1.2214745098130608,1.2152899404353026,1.2096808072368503,1.2214735118755866,1.215289939715282,1.209680807281638,1.2214735118755866,1.215289939715282,1.209680807281638,1.2272055736252558
2011-04-08,1.2170271628608689,1.212318298438791,1.2069657532185387,1.2170271610536763,1.212318298493037,1.2069657530557132,1.2170292976755066,1.2123182977917824,1.2069657531004006,1.2170292976755066,1.2123182977917824,1.2069657531004006,1.2229710401759613
2011-04-11,1.2173790516530694,1.210660183073873,1.2055927671366653,1.2173790492935652,1.2106601826247616,1.2055927669740252,1.2173786282852486,1.2106601818363294,1.2055927670186617,1.2173786282852486,1.2106601818363294,1.2055927670186617,1.2192896421429236
2011-04-12,1.2086804574388161,1.197536433058144,1.1922794060233748,1.208680454726054,1.1975364327400309,1.1922794058625306,1.2086786914741572,1.1975364320873891,1.1922794059066741,1.2086786914741572,1.1975364320873891,1.1922794059066741,1.2101765184804505
2011-04-13,1.2162088047547401,1.2075526102318097,1.201146153772777,1.216208801980865,1.2075526104085574,1.2011461536107366,1.2162066103988087,1.2075526099649447,1.2011461536552084,1.2162066103988087,1.2075526099649447,1.2011461536552084,1.2100840390048904
2011-04-14,1.215006213683718,1.2033116113778763,1.1952261274090437,1.2150062111070825,1.2033116114621623,1.195226127247802,1.2150048082158607,1.2033116108876594,1.1952261272920546,1.2150048082158607,1.2033116108876594,1.1952261272920546,1.2110051675771165
2011-04-15,1.2262547805908626,1.2099704790037413,1.1998375777797554,1.2262547782659627,1.209970479115912,1.1998375776178916,1.226254430619904,1.2099704781657694,1.199837577662315,1.226254430619904,1.2099704781657694,1.199837577662315,1.2154230101950134
2011-04-18,1.2149207640630295,1.1988479883512941,1.1891074327412208,1.2149207614608348,1.1988479889710832,1.1891074325808042,1.2149190697779484,1.1988479883097733,1.1891074326248305,1.2149190697779484,1.1988479883097733,1.1891074326248305,1.201799656093668
2011-04-19,1.221883542353366,1.208302423003365,1.1991712278669775,1.2218835392909522,1.2083024235712787,1.1991712277052031,1.2218794300495943,1.2083024232147637,1.199171227749602,1.2218794300495943,1.2083024232147637,1.199171227749602,1.2087034460015635
2011-04-20,1.2398154447889322,1.2388916692811296,1.2318320478312754,1.2398154416669427,1.2388916695593886,1.231832047665095,1.2398117279475214,1.238891669161452,1.2318320477107032,1.2398117279475214,1.238891669161452,1.2318320477107032,1.225180648894292
2011-04-21,1.2593365792761195,1.2548472441121041,1.2475551089649697,1.2593365761732118,1.254847244952212,1.2475551087966683,1.2593329561907114,1.254847244538308,1.2475551088428585,1.2593329561907114,1.254847244538308,1.2475551088428585,1.2314396488016295
2011-04-25,1.2573976407924863,1.254565482996374,1.245504472422778,1.2573976377731533,1.2545654842931935,1.2455044722547532,1.2573938860907674,1.254565484100931,1.2455044723008675,1.2573938860907674,1.254565484100931,1.2455044723008675,1.2301508936917718
2011-04-26,1.2674753576836568,1.2625914209167417,1.2521047758182378,1.2674753546732127,1.2625914214021705,1.2521047756493224,1.267472036190526,1.2625914215081164,1.2521047756956811,1.267472036190526,1.2625914215081164,1.2521047756956811,1.2407368148693791
2011-04-27,1.2754993700632642,1.2699286734264863,1.259278603296963,1.2754993674271196,1.2699286739633027,1.25927860312708,1.2754983068472083,1.269928674004962,1.2592786031737042,1.2754983068472083,1.269928674004962,1.2592786031737042,1.2488374303390781
2011-04-28,1.277496619504736,1.2733976703635606,1.2622697717277678,1.277496616902849,1.2733976707753272,1.2622697715574813,1.277496153690083,1.273397670391758,1.2622697716042164,1.277496153690083,1.273397670391758,1.2622697716042164,1.2528874631101747
2011-04-29,1.2780462554677272,1.2775862765115356,1.2656915106715503,1.278046253200427,1.2775862766818444,1.2656915105008022,1.2780470128757229,1.2775862764180415,1.2656915105476638,1.2780470128757229,1.2775862764180415,1.2656915105476638,1.2558327831766902
2011-05-02,1.2787638627673865,1.2770069445784824,1.263160648978374,1.2787638610344938,1.277006944748714,1.2631606488079672,1.278761151975577,1.2770069444850254,1.2631606488547351,1.278761151975577,1.2770069444850254,1.2631606488547351,1.2538997879937805
2011-05-03,1.2702140710478413,1.263521248337154,1.2489537403155007,1.2702140710141472,1.263521248505588,1.2489537401470105,1.2702076153264785,1.2635212482446816,1.2489537401932524,1.2702076153264785,1.2635212482446816,1.2489537401932524,1.2493899241732453
2011-05-04,1.26339650435385,1.2534294366478111,1.2381185846612417,1.2633965044962174,1.2534294368149,1.2381185844942133,1.263422944691118,1.253429436556075,1.238118584540054,1.263422944691118,1.253429436556075,1.238118584540054,1.241105357952854
2011-05-05,1.2559529171451749,1.2429789333593215,1.2270698044090536,1.255952916588355,1.2429789335250172,1.2270698042435157,1.2560003757230414,1.2429789332683483,1.2270698042889474,1.2560003757230414,1.2429789332683483,1.2270698042889474,1.2298753800113629
2011-05-06,1.260948834519393,1.2499512188839579,1.2344342603860112,1.2609488361075725,1.249951219050583,1.23443426021948,1.2609730703889779,1.2499512187924757,1.2344342602651843,1.2609730703889779,1.2499512187924757,1.2344342602651843,1.2353059141312026
2011-05-09,1.2741187792020108,1.2644550927839033,1.2492350060575739,1.2741187819281206,1.264455092952462,1.249235005889046,1.2741453012125958,1.2644550926913611,1.2492350059352983,1.2741453012125958,1.2644550926913611,1.2492350059352983,1.2400927581054955
2011-05-10,1.2852457391014862,1.2775651384486297,1.2641951997530796,1.2852457411407447,1.2775651386189362,1.2641951995825336,1.2852863298436836,1.2775651383551336,1.2641951996293397,1.2852863298436836,1.2775651383551336,1.2641951996293397,1.2506783126647656
2011-05-11,1.2723972267528578,1.2610689930024028,1.2457054248005788,1.272397228283782,1.2610689931705101,1.2457054246325272,1.272438345368522,1.261068992910108,1.2457054246786488,1.272438345368522,1.261068992910108,1.2457054246786488,1.237515156231196
2011-05-12,1.280410232796587,1.2669256867789649,1.2513665461334258,1.2804102363579706,1.266925686947853,1.2513665459646104,1.2804443056892987,1.266925686686241,1.2513665460109415,1.2804443056892987,1.266925686686241,1.2513665460109415,1.2434063462917329
2011-05-13,1.2700782592432631,1.2597326821075439,1.244610326709286,1.2700782646743203,1.259732682275473,1.244610326541382,1.270045796667503,1.2597326820153476,1.244610326587463,1.270045796667503,1.2597326820153476,1.244610326587463,1.233833024961484
2011-05-16,1.2630295640624778,1.2448473396567625,1.2267831904693764,1.2630295705311647,1.2448473398227073,1.2267831903038773,1.262975720738134,1.244847339565647,1.2267831903492983,1.262975720738134,1.244847339565647,1.2267831903492983,1.2260090230272056
2011-05-17,1.2609040793842887,1.241824774021181,1.2238414983717247,1.2609040837622927,1.2418247741867228,1.2238414982066224,1.2608799059003035,1.2418247739302866,1.2238414982519346,1.2608799059003035,1.2418247739302866,1.2238414982519346,1.2258248889673447
2011-05-18,1.2748488068058772,1.2565296129260297,1.2380713285176326,1.2748488118891041,1.2565296130935317,1.2380713283506104,1.2748195628531063,1.2565296128340582,1.2380713283964495,1.2748195628531063,1.2565296128340582,1.2380713283964495,1.2367789866100893
2011-05-19,1.2741699255700027,1.2576528360728425,1.2394375588225843,1.2741699290935198,1.2576528362404942,1.2394375586553783,1.2741730107153035,1.2576528359807893,1.2394375587012676,1.2741730107153035,1.2576528359807893,1.2394375587012676,1.2397244899857733
2011-05-20,1.270053686584522,1.2495222694605674,1.2297005846262332,1.2700536915629992,1.2495222696271353,1.2297005844603406,1.2700453115931145,1.2495222693691044,1.2297005845058695,1.2700453115931145,1.2495222693691044,1.2297005845058695,1.2298753800113627
2011-05-23,1.2480376718980302,1.2251533283513572,1.2048845872089347,1.2480376763692878,1.2251533285146765,1.2048845870463898,1.2480555848048458,1.2251533282616753,1.2048845870909999,1.2480555848048458,1.2251533282616753,1.2048845870909999,1.2156076025277962
2011-05-24,1.2477977261561772,1.223317298347124,1.2031173372380988,1.2477977307486152,1.2233172985101985,1.2031173370757924,1.2478355454764543,1.2233172982575768,1.203117337120337,1.2478355454764543,1.2233172982575768,1.203117337120337,1.2145950026804375
2011-05-25,1.2616618278573324,1.2413315376180092,1.2218823866790873,1.2616618311803856,1.241331537783485,1.2218823865142494,1.2617002270534263,1.2413315375271463,1.2218823865594888,1.2617002270534263,1.2413315375271463,1.2218823865594888,1.2186453104152868
2011-05-26,1.266798509536402,1.2516650307896087,1.233196362694433,1.2667985109812065,1.2516650309564619,1.2331963625280686,1.26687007177141,1.2516650306979924,1.233196362573727,1.26687007177141,1.2516650306979924,1.233196362573727,1.2242602535587401
2011-05-27,1.2692113526547601,1.2545673164370805,1.2368898017363952,1.2692113530204263,1.2545673166043207,1.2368898015695327,1.2692834726219193,1.2545673163452544,1.2368898016153278,1.2692834726219193,1.2545673163452544,1.2368898016153278,1.2289543430937206
2011-05-31,1.2787418252243272,1.2660491414385884,1.2507420425878588,1.2787418244385016,1.2660491416073594,1.2507420424191276,1.2788453698360767,1.2660491413459292,1.2507420424654356,1.2788453698360767,1.2660491413459292,1.2507420424654356,1.2417496896804903
2011-06-01,1.2585859488818363,1.2401766392459346,1.2251823504873383,1.2585859481424682,1.2401766394112566,1.2251823503220551,1.2586871193199456,1.2401766391551687,1.2251823503674169,1.2586871193199456,1.2401766391551687,1.2251823503674169,1.2138585580955783
2011-06-02,1.257638544430998,1.2412529653212079,1.226245663300258,1.257638543665066,1.2412529654866733,1.2262456631348315,1.2577396037280442,1.2412529652303632,1.2262456631802328,1.2577396037280442,1.2412529652303632,1.2262456631802328,1.2125697113311364
2011-06-03,1.2468654518527122,1.228910122641337,1.2140520510940047,1.246865451097605,1.228910122805157,1.214052050930223,1.246960902996004,1.2289101225513956,1.2140520509751729,1.246960902996004,1.2289101225513956,1.2140520509751729,1.2005111759475633
2011-06-06,1.2386456082826407,1.2161591529520708,1.2014552463159476,1.2386456075379368,1.216159153114191,1.2014552461538652,1.2387413598563457,1.2161591528630626,1.2014552461983488,1.2387413598563457,1.2161591528630626,1.2014552461983488,1.1878082171817692
2011-06-07,1.2445017385354293,1.222553675632958,1.207772456365298,1.2445017377694274,1.2225536757959308,1.2077724562023635,1.2445968577783248,1.222553675543482,1.2077724562470809,1.2445968577783248,1.222553675543482,1.2077724562470809,1.187072139215247
2011-06-08,1.238332656967162,1.2117173192696307,1.1970671163840416,1.2383326561750354,1.211717319431159,1.1970671162225512,1.2384270224287461,1.2117173191809478,1.1970671162668722,1.2384270224287461,1.2117173191809478,1.1970671162668722,1.1821013444902617
2011-06-09,1.2489085356868628,1.2237579192485861,1.2089621401384514,1.248908534883242,1.2237579194117196,1.2089621399753565,1.2490028719744928,1.2237579191590222,1.2089621400201178,1.2490028719744928,1.2237579191590222,1.2089621400201178,1.1911225386046806
2011-06-10,1.230437307222086,1.2056719372321345,1.191094825711967,1.2304373064443226,1.205671937392857,1.1910948255512825,1.2305316065278147,1.2056719371438942,1.1910948255953822,1.2305316065278147,1.2056719371438942,1.1910948255953822,1.1745534978184826
2011-06-13,1.231215939506504,1.2029324566010684,1.1883884666236963,1.231215938752411,1.2029324567614257,1.188388466463377,1.2313101459879672,1.2029324565130286,1.1883884665073765,1.2313101459879672,1.2029324565130286,1.1883884665073765,1.1754734348811124
2011-06-14,1.2451070889486273,1.2195969974248868,1.2048515257156112,1.2451070881726647,1.2195969975874656,1.204851525553071,1.2452025087674965,1.2195969973356273,1.20485152559768,1.2452025087674965,1.2195969973356273,1.20485152559768,1.1903860023652373
2011-06-15,1.2263235781091808,1.196336179817266,1.1818719417685293,1.226323577354381,1.1963361799767442,1.181871941609089,1.2264189590488674,1.196336179729709,1.1818719416528471,1.2264189590488674,1.196336179729709,1.1818719416528471,1.169214251664607
2011-06-16,1.2241196870022641,1.1891997672775656,1.1748218116396842,1.2241196862484816,1.1891997674360926,1.1748218114811952,1.2242149548205632,1.1891997671905308,1.1748218115246922,1.2242149548205632,1.1891997671905308,1.1748218115246922,1.171791761884322
2011-06-17,1.225512429254081,1.1893783380671532,1.174998223428773,1.2255124284748995,1.1893783382257042,1.1749982232702603,1.225607933125242,1.1893783379801053,1.1749982233137637,1.225607933125242,1.1893783379801053,1.1749982233137637,1.1752882926208246
2011-06-20,1.2364922259919227,1.198601636521596,1.1841100080907798,1.236492225167804,1.1986016366813763,1.1841100079310378,1.2365887452219197,1.198601636433873,1.1841100079748788,1.2365887452219197,1.198601636433873,1.1841100079748788,1.1813015665876507
2011-06-21,1.2525351387889156,1.223543682729018,1.208750493833967,1.2525351379653238,1.2235436828921233,1.2087504936709008,1.2526338577174296,1.2235436826394697,1.2087504937156541,1.2526338577174296,1.2235436826394697,1.2087504937156541,1.1974900575398308
2011-06-22,1.2521967810334127,1.221725533178186,1.206954326522204,1.2521967802151155,1.221725533341049,1.20695432635938,1.2522968057607948,1.2217255330887709,1.2069543264040667,1.2522968057607948,1.2217255330887709,1.2069543264040667,1.1902747336998962
2011-06-23,1.2515933589666035,1.221779647184749,1.2070077862662898,1.2515933581071967,1.2217796473476195,1.2070077861034587,1.251694335224459,1.22177964709533,1.2070077861481472,1.251694335224459,1.22177964709533,1.2070077861481472,1.186851618285419
2011-06-24,1.2416707145130568,1.2112711858888803,1.1966263769548662,1.241670713652148,1.2112711860503498,1.1966263767934355,1.2417698085452327,1.21127118580023,1.1966263768377396,1.2417698085452327,1.21127118580023,1.1966263768377396,1.1730684185890523
2011-06-27,1.2495924506019065,1.221767649024472,1.2069959331691222,1.2495924497205995,1.2217676491873406,1.2069959330062927,1.2496919381109035,1.2217676489350535,1.2069959330509807,1.2496919381109035,1.2217676489350535,1.2069959330509807,1.1835215322740076
2011-06-28,1.265579938271193,1.242901013032279,1.227873785379379,1.2655799373593188,1.2429010131979648,1.227873785213733,1.2656801438978593,1.2429010129413138,1.2278737852591939,1.2656801438978593,1.2429010129413138,1.2278737852591939,1.1989697291487877
2011-06-29,1.2751835295423009,1.255503635172062,1.240324036195998,1.275183528626384,1.2555036353394278,1.240324036028672,1.275283253768741,1.2555036350801745,1.240324036074594,1.275283253768741,1.2555036350801745,1.240324036074594,1.2092383421555446
2011-06-30,1.2828869322260827,1.2640431282559952,1.2487602829994413,1.2828869313045455,1.2640431284244993,1.2487602828309772,1.28298634272372,1.2640431281634827,1.2487602828772115,1.28298634272372,1.2640431281634827,1.2487602828772115,1.2208013928563861
2011-07-01,1.3039214896392028,1.2839176034733741,1.268394466946283,1.3039214882242804,1.2839176036445277,1.2683944667751703,1.3040239246561112,1.283917603379407,1.2683944668221314,1.3040239246561112,1.283917603379407,1.2683944668221314,1.238839931592684
2011-07-05,1.3083820050458934,1.2879746573490378,1.2724024692309106,1.308382003597213,1.2879746575207323,1.2724024690592572,1.308484631732729,1.287974657254774,1.2724024691063667,1.308484631732729,1.287974657254774,1.2724024691063667,1.2378224740523578
2011-07-06,1.3136307955937225,1.294124552320753,1.2784780092292107,1.313630794047364,1.2941245524932672,1.2784780090567378,1.3137339241249217,1.294124552226039,1.2784780091040722,1.3137339241249217,1.294124552226039,1.2784780091040722,1.239302512279652
2011-07-07,1.3228362759891037,1.3061136170646914,1.2903221208325826,1.3228362743516586,1.3061136172388037,1.2903221206585118,1.3229398619383257,1.3061136169690999,1.2903221207062845,1.3229398619383257,1.3061136169690999,1.2903221207062845,1.2521608255658363
2011-07-08,1.3181760562572205,1.3004282613335185,1.2847055035881951,1.3181760546543386,1.300428261506873,1.2847055034148822,1.3182789209542682,1.300428261238343,1.2847055034624468,1.3182789209542682,1.300428261238343,1.2847055034624468,1.2432802295837349
2011-07-11,1.295271976484122,1.2740925629849054,1.2586882155798529,1.2952719749290011,1.274092563154749,1.2586882154100498,1.2953728407214782,1.2740925628916575,1.2586882154566512,1.2953728407214782,1.2740925628916575,1.2586882154566512,1.2208013928563866
2011-07-12,1.2894009609607073,1.2660989774133296,1.2507912760234363,1.289400959475195,1.2660989775821077,1.2507912758546986,1.2895013751957825,1.2660989773206668,1.2507912759010078,1.2895013751957825,1.2660989773206668,1.2507912759010078,1.215528596276129
2011-07-13,1.290848424764164,1.2703895917032828,1.2550300148727633,1.2908484231518507,1.270389591872633,1.2550300147034537,1.2909486460724056,1.270389591610306,1.2550300147499198,1.2909486460724056,1.270389591610306,1.2550300147499198,1.219598518092019
2011-07-14,1.281218863067647,1.2582180504820333,1.2430056330140862,1.2812188613254978,1.2582180506497609,1.2430056328463988,1.2813188178739918,1.2582180503899474,1.2430056328924197,1.2813188178739918,1.2582180503899474,1.2430056328924197,1.2111808694152226
2011-07-15,1.284235248356792,1.2632018219913739,1.24792914850283,1.2842352465486788,1.2632018221597658,1.2479291483344785,1.2843350538201133,1.2632018218989234,1.2479291483806818,1.2843350538201133,1.2632018218989234,1.2479291483806818,1.218211325958622
2011-07-18,1.2714182714262219,1.248619816521109,1.233523445983114,1.271418269555674,1.248619816687557,1.2335234458167057,1.2715165048987327,1.2486198164297257,1.2335234458623756,1.2715165048987327,1.2486198164297257,1.2335234458623756,1.2082207013060502
2011-07-19,1.2946174528560455,1.2740717459768918,1.2586676502587517,1.2946174508597017,1.2740717461467326,1.2586676500889515,1.29471762010383,1.2740717458836457,1.2586676501355523,1.29471762010383,1.2740717458836457,1.2586676501355523,1.2278318493997862
2011-07-20,1.2896092617209478,1.269327430522303,1.2539806956942465,1.2896092598899604,1.2693274306915114,1.2539806955250785,1.289709191267102,1.2693274304294042,1.2539806955715058,1.289709191267102,1.2693274304294042,1.2539806955715058,1.227091738631555
2011-07-21,1.3037284095399848,1.2853532081106802,1.2698127144831617,1.3037284076592528,1.285353208282025,1.2698127143118578,1.3038294865618476,1.2853532080166086,1.2698127143588713,1.3038294865618476,1.2853532080166086,1.2698127143588713,1.2441129114821108
2011-07-22,1.3000721842449092,1.2813526372319977,1.265860512290887,1.3000721825442165,1.281352637402809,1.2658605121201163,1.3001721446580743,1.2813526371382187,1.2658605121669835,1.3001721446580743,1.2813526371382187,1.2658605121669835,1.2449454100713175
2011-07-25,1.29306225501857,1.2742150074556597,1.2588091796423384,1.2930622533655076,1.2742150076255196,1.258809179472519,1.293161497333387,1.2742150073624032,1.2588091795191252,1.293161497333387,1.2742150073624032,1.2588091795191252,1.2380077996218153
2011-07-26,1.2902245514513093,1.2707295236223335,1.2553658368632832,1.2902245499843061,1.2707295237917287,1.2553658366939282,1.2903225288161964,1.2707295235293319,1.255365836740407,1.2903225288161964,1.2707295235293319,1.255365836740407,1.233382359370476
2011-07-27,1.2664547254756222,1.2392253196826228,1.2242425328018907,1.2664547240420843,1.2392253198478183,1.2242425326367343,1.266550540267782,1.239225319591927,1.2242425326820607,1.266550540267782,1.239225319591927,1.2242425326820607,1.2081279468667379
2011-07-28,1.2641828863724354,1.2386938881966187,1.2237175265596014,1.2641828849665662,1.2386938883617433,1.223717526394516,1.2642784616870406,1.238693888105962,1.223717526439823,1.2642784616870406,1.238693888105962,1.223717526439823,1.2046127185950382
2011-07-29,1.2588917271300526,1.2319960873913778,1.2171007051537002,1.2588917256322356,1.2319960875556095,1.2171007049895075,1.2589868568512617,1.2319960873012112,1.2171007050345695,1.2589868568512617,1.2319960873012112,1.2171007050345695,1.1963797539056082
2011-08-01,1.2546134436014542,1.2254879022737275,1.2106712068971472,1.2546134421200241,1.2254879024370917,1.210671206733822,1.2547082515467753,1.2254879021840372,1.2106712067786458,1.2547082515467753,1.2254879021840372,1.2106712067786458,1.1912918246218862
2011-08-02,1.2226042991563428,1.1886661945356638,1.1742946900302365,1.2226042976657538,1.1886661946941195,1.1742946898718183,1.2226966850879175,1.1886661944486685,1.1742946899152955,1.2226966850879175,1.1886661944486685,1.1742946899152955,1.1608575532863714
2011-08-03,1.2247595875137987,1.1917160282481398,1.1773076498927273,1.224759585924682,1.191716028407002,1.1773076497339028,1.2248521304697209,1.1917160281609211,1.1773076497774915,1.2248521304697209,1.1917160281609211,1.1773076497774915,1.167148082370708
2011-08-04,1.1686684876425733,1.1309314814908011,1.1172580154190888,1.1686684859311713,1.1309314816415605,1.1172580152683653,1.1687567810760076,1.1309314814080311,1.1172580153097307,1.1687567810760076,1.1309314814080311,1.1172580153097307,1.112476947726366
2011-08-05,1.173350089715458,1.1286922493553906,1.1150458565990218,1.1733500881684042,1.1286922495058516,1.1150458564485968,1.1734387470639114,1.1286922492727844,1.1150458564898802,1.1734387470639114,1.1286922492727844,1.1150458564898802,1.1108118588933682
2011-08-08,1.098057410897185,1.050535585587671,1.0378341417586214,1.0980574095129139,1.0505355857277132,1.0378341416186125,1.0981403812589237,1.050535585510785,1.0378341416570374,1.0981403812589237,1.050535585510785,1.0378341416570374,1.0384721034149675
2011-08-09,1.156139631288782,1.1129554786692724,1.0994993504900037,1.1561396295546356,1.1129554788176355,1.099499350341676,1.156226977755339,1.112955478587818,1.0994993503823838,1.156226977755339,1.112955478587818,1.0994993503823838,1.0867605961177502
2011-08-10,1.1131217507986657,1.0695946052347602,1.0566627293567585,1.1131217491789716,1.0695946053773433,1.0566627292142095,1.1132058463002477,1.0695946051564795,1.0566627292533315,1.1132058463002477,1.0695946051564795,1.0566627292533315,1.0387496334962312
2011-08-11,1.1581368340788145,1.115081970923197,1.1016001325040405,1.1581368322811998,1.1150819710718436,1.1016001323554292,1.1582243274199386,1.1150819708415871,1.101600132396215,1.1582243274199386,1.1150819708415871,1.101600132396215,1.0853728540568472
2011-08-12,1.169355293852284,1.127412078531193,1.1137811636111188,1.1693552920167998,1.1274120786814834,1.113781163460864,1.1694436342513856,1.1274120784486807,1.113781163502101,1.1694436342513856,1.1274120784486807,1.113781163502101,1.0926805657177576
2011-08-15,1.1935477111923138,1.1473832073255605,1.1335108325500904,1.1935477093460323,1.1473832074785133,1.133510832397174,1.193637880864006,1.1473832072415868,1.1335108324391416,1.193637880864006,1.1473832072415868,1.1335108324391416,1.1158071253923618
2011-08-16,1.181563542283836,1.1317197386968787,1.1180367422439372,1.1815635405811007,1.1317197388477434,1.1180367420931083,1.181652808807196,1.1317197386140514,1.118036742134503,1.181652808807196,1.1317197386140514,1.118036742134503,1.1062789897721732
2011-08-17,1.1835993812965508,1.1313398801205647,1.1176614763272497,1.183599379764983,1.1313398802713788,1.1176614761764714,1.1836888085396362,1.1313398800377652,1.1176614762178523,1.1836888085396362,1.1313398800377652,1.1176614762178523,1.107019283849573
2011-08-18,1.1352673820196975,1.0749096857261569,1.0619135481541826,1.1352673806336968,1.0749096858694485,1.061913548010925,1.1353531590744903,1.0749096856474873,1.0619135480502417,1.1353531590744903,1.0749096856474873,1.0619135480502417,1.0592864012368235
2011-08-19,1.1202003996042402,1.0593397341412492,1.0465318442290306,1.1202003983984472,1.0593397342824653,1.046531844087848,1.1202850433981322,1.0593397340637192,1.0465318441265952,1.1202850433981322,1.0593397340637192,1.0465318441265952,1.041987331686667
2011-08-22,1.1197975269941014,1.0594213695722667,1.0466124926512732,1.1197975256600279,1.0594213697134938,1.0466124925100797,1.119882135224118,1.0594213694947308,1.0466124925488298,1.119882135224118,1.0594213694947308,1.0466124925488298,1.0428200135850425
2011-08-23,1.1586731141390156,1.0995904554483924,1.0862959163614339,1.1586731128307288,1.0995904555949745,1.0862959162148869,1.1587606609626142,1.0995904553679166,1.0862959162551062,1.1587606609626142,1.0995904553679166,1.0862959162551062,1.0771396144036647
2011-08-24,1.175942648757795,1.116236265961059,1.1027404716000135,1.1759426474558234,1.1162362661098602,1.1027404714512479,1.1760314960663778,1.116236265879365,1.1027404714920763,1.1760314960663778,1.116236265879365,1.1027404714920763,1.0923106478155185
2011-08-25,1.1578352863682002,1.0984636088626976,1.0851826938535984,1.1578352850622362,1.0984636090091295,1.0851826937072016,1.157922766481554,1.0984636087823043,1.0851826937473799,1.157922766481554,1.0984636087823043,1.0851826937473799,1.0756594845217864
2011-08-26,1.1772481116985387,1.1205020263089926,1.1069546570025661,1.1772481102332093,1.1205020264583625,1.106954656853232,1.1773370535107617,1.1205020262269865,1.1069546568942166,1.1773370535107617,1.1205020262269865,1.1069546568942166,1.0912931902751921
2011-08-29,1.208446914610437,1.1527712045106981,1.1388336864459037,1.2084469131700013,1.1527712046643697,1.1388336862922688,1.2085382167215866,1.1527712044263303,1.1388336863344337,1.2085382167215866,1.1527712044263303,1.1388336863344337,1.1226527146392267
2011-08-30,1.2142564905210285,1.1574757971126526,1.1434813984247816,1.2142564890506995,1.1574757972669512,1.1434813982705196,1.2143482284139193,1.1574757970279403,1.1434813983128567,1.2143482284139193,1.1574757970279403,1.1434813983128567,1.1256131577121518
2011-08-31,1.221923872919473,1.1636329422229175,1.1495641009042226,1.2219238714933827,1.163632942378037,1.14956410074914,1.222016192438598,1.1636329421377547,1.1495641007917023,1.222016192438598,1.1636329421377547,1.1495641007917023,1.13060787428364
2011-09-01,1.2161545365612436,1.158138827581258,1.14079636449157,1.216154535268541,1.1581388278562577,1.1407963643376708,1.2162464199197875,1.158138827237255,1.1407963643799084,1.2162464199197875,1.158138827237255,1.1407963643799084,1.1187674768107034
2011-09-02,1.1953927562591202,1.1383674719066825,1.1226874847354726,1.19539275503682,1.1383674722230155,1.1226874845840162,1.195483070912044,1.1383674714696206,1.1226874846255834,1.195483070912044,1.1383674714696206,1.1226874846255834,1.090182886640969
2011-09-06,1.1917051343255054,1.1348557651174818,1.1239750391232868,1.1917051332767972,1.1348557655945588,1.1239750389716572,1.1917951700051317,1.13485576433417,1.123975039013272,1.1917951700051317,1.13485576433417,1.123975039013272,1.0822272687236347
2011-09-07,1.2181830944249883,1.1600706146653574,1.1479619898549351,1.218183093232953,1.160070615038734,1.1479619897000704,1.2182751308248647,1.160070614110317,1.1479619897425728,1.2182751308248647,1.160070614110317,1.1479619897425728,1.1127546611167993
2011-09-08,1.2098206006252383,1.1521070471468062,1.142130897570187,1.2098205994255993,1.152107047502586,1.1421308974161082,1.2099120052543335,1.1521070466278889,1.142130897458395,1.2099120052543335,1.1521070466278889,1.142130897458395,1.1011910604884523
2011-09-09,1.1811026088919365,1.12475902493695,1.1129860243136789,1.181102607505105,1.124759025078904,1.1129860241635372,1.1811918442766653,1.1247590248717916,1.1129860242047425,1.1811918442766653,1.1247590248717916,1.1129860242047425,1.0723295818195442
2011-09-12,1.1875453520705421,1.130894422048879,1.1224213177964568,1.1875453505404852,1.1308944220624184,1.1224213176450415,1.187635074512942,1.130894422261042,1.1224213176865963,1.187635074512942,1.130894422261042,1.1224213176865963,1.0792674672327998
2011-09-13,1.1970211619009974,1.1399181957203213,1.1326737560925126,1.1970211607320282,1.1399181960894575,1.1326737559397109,1.1971115994654706,1.139918195170096,1.1326737559816469,1.1971115994654706,1.139918195170096,1.1326737559816469,1.0891654291006432
2011-09-14,1.2117363021084175,1.1539313615764493,1.149224581992947,1.2117363008717712,1.1539313618993596,1.1492245818379128,1.211827851548473,1.1539313611285704,1.1492245818804614,1.211827851548473,1.1539313611285704,1.1492245818804614,1.104243891382353
2011-09-15,1.2264556673361748,1.167948550901596,1.1608588434490912,1.2264556658607233,1.1679485510153211,1.1608588432924845,1.2265483293388615,1.167948550906327,1.1608588433354654,1.2265483293388615,1.167948550906327,1.1608588433354654,1.1233003459318984
2011-09-16,1.2355554339399446,1.1766142201968421,1.1728045688592341,1.2355554325266065,1.1766142203809864,1.1728045687010116,1.2356487832972647,1.1766142200520637,1.1728045687444368,1.2356487832972647,1.1766142200520637,1.1728045687444368,1.1299486945133468
2011-09-19,1.2270549083080204,1.1685192055476201,1.1681030821478104,1.2270549069213517,1.1685192057466347,1.1681030819902218,1.227147615392571,1.1685192053691524,1.1681030820334732,1.227147615392571,1.1685192053691524,1.1681030820334732,1.1186973610537134
2011-09-20,1.2366954365002625,1.1776998398191472,1.1728463930760047,1.2366954351972799,1.1776998401097942,1.1728463929177757,1.23678887174766,1.1776998394456852,1.1728463929612032,1.23678887174766,1.1776998394456852,1.1728463929612032,1.1173954076837163
2011-09-21,1.2031490489534578,1.1457537566734166,1.145706843382877,1.2031490475781645,1.14575375685366,1.1457068432283062,1.2032399499238267,1.145753756530439,1.1457068432707305,1.2032399499238267,1.145753756530439,1.1457068432707305,1.0844791302053285
2011-09-22,1.1777643117296939,1.1215799786518208,1.1162618157076156,1.1777643102448079,1.1215799786962641,1.116261815557026,1.177853295116557,1.1215799787955725,1.116261815598356,1.177853295116557,1.1215799787955725,1.116261815598356,1.0494235430747685
2011-09-23,1.1857725746033516,1.1292062135558858,1.1249747073808485,1.1857725731500608,1.1292062136403342,1.1249747072290832,1.185862162947248,1.1292062136152783,1.124974707270736,1.185862162947248,1.1292062136152783,1.124974707270736,1.0557466095365322
2011-09-26,1.197951930216415,1.1408045624551073,1.138333510145107,1.1979519286774787,1.1408045624730785,1.1383335099915366,1.1980424388957738,1.140804562659859,1.1383335100336853,1.1980424388957738,1.140804562659859,1.1383335100336853,1.08085226664995
2011-09-27,1.212847534099921,1.154989583107612,1.1467549613682066,1.2128475327591777,1.1549895833327677,1.146754961213495,1.2129391677174095,1.1549895828700714,1.146754961255958,1.2129391677174095,1.1549895828700714,1.146754961255958,1.0929404064642523
2011-09-28,1.1916045127633883,1.1347599436289482,1.1287929782417871,1.1916045113798464,1.1347599437870404,1.128792978089493,1.1916945415607858,1.1347599435312368,1.1287929781312938,1.1916945415607858,1.1347599435312368,1.1287929781312938,1.0706245315877911
2011-09-29,1.2056507278332667,1.1481360949024373,1.1369387592708493,1.2056507265022702,1.1481360951279624,1.1369387591174593,1.2057418177104722,1.1481360946626404,1.13693875915956,1.2057418177104722,1.1481360946626404,1.13693875915956,1.0790862661196365
2011-09-30,1.1892971652374875,1.132562666327311,1.1197494039790123,1.189297163930009,1.1325626665549804,1.1197494038279436,1.18938701955108,1.132562666079583,1.119749403869407,1.18938701955108,1.132562666079583,1.119749403869407,1.0521208458361655
2011-10-03,1.1578312497933796,1.1025978079761247,1.0904372291819626,1.1578298710363868,1.102596496425473,1.0904372287875528,1.157918293167848,1.1025973948391299,1.0904372288156385,1.157918293167848,1.1025973948391299,1.0904372288156385,1.0221794928550223
2011-10-04,1.1798558314401526,1.1235717240365668,1.1058992319996983,1.1798368670926367,1.123553665829602,1.1058992320703032,1.1799248843145531,1.1235525954010486,1.1058992321221792,1.1799248843145531,1.1235525954010486,1.1058992321221792,1.0445884887891332
2011-10-05,1.1962808995450154,1.1392132470059217,1.1219094462416443,1.1962708411879268,1.1392036699563692,1.1219094464341572,1.1963613135405422,1.1392037550311922,1.1219094464927932,1.1963613135405422,1.1392037550311922,1.1219094464927932,1.0639294391683496
2011-10-06,1.2131015547047599,1.1552314858565023,1.1382379653957786,1.2130767212046454,1.1552078385214748,1.1382379651623336,1.2131664495125445,1.1552060060120921,1.138237965200511,1.2131664495125445,1.1552060060120921,1.138237965200511,1.0831773601445
2011-10-07,1.209010325433622,1.1513354255047976,1.1338402886859076,1.2089761445133247,1.15130287665594,1.1338402883403607,1.2090653872999384,1.1513008768346942,1.1338402883727736,1.2090653872999384,1.1513008768346942,1.1338402883727736,1.0759243662704177
2011-10-10,1.238737493595808,1.1796444821646632,1.1628974950954607,1.2387107079179136,1.1796189758107274,1.1628974946784412,1.2388033114303632,1.179618036920684,1.1628974947085726,1.2388033114303632,1.179618036920684,1.1628974947085726,1.1119093308857908
2011-10-11,1.2341316609268396,1.1752583671711219,1.1599810331864762,1.2341003757577491,1.1752285759650187,1.1599810323895532,1.2341926265042062,1.1752276328498608,1.1599810324006736,1.2341926265042062,1.1752276328498608,1.1599810324006736,1.1130255920679937
2011-10-12,1.2349961061395702,1.1760815746953983,1.1583802324607793,1.2349664990960598,1.1760533815622685,1.158380231949642,1.2350591056034095,1.176052714898483,1.1583802319748975,1.2350591056034095,1.176052714898483,1.1583802319748975,1.1227884550785772
2011-10-13,1.2395733969283529,1.1804405093770125,1.1629345360809875,1.2395592137430802,1.1804270043246126,1.1629345352591303,1.2396532205408446,1.180427340631141,1.1629345352691403,1.2396532205408446,1.180427340631141,1.1629345352691403,1.120557124223767
2011-10-14,1.2539586409019998,1.1941395164433493,1.182006599082833,1.2539534703877553,1.194134594137321,1.1820065982621768,1.2540510495977701,1.1941372965953692,1.1820065982730807,1.2540510495977701,1.1941372965953692,1.1820065982730807,1.1397118324876838
2011-10-17,1.2344746435735843,1.1755849880967033,1.1662530772367379,1.2344786282429614,1.1755887842092456,1.1662530762534615,1.234575512135182,1.1755922256727969,1.1662530762555934,1.234575512135182,1.1755922256727969,1.1662530762555934,1.1179535841021104
2011-10-18,1.252017165043769,1.192290657185227,1.182200875261231,1.25201761484694,1.1922910870813335,1.1822008747310335,1.2521151222089453,1.1922938603977458,1.1822008747563835,1.2521151222089453,1.1922938603977458,1.1822008747563835,1.1398051368545024
2011-10-19,1.2454883907449181,1.1860733330009225,1.171095044553549,1.2454813314663364,1.1860666120221035,1.1710950445821158,1.2455759055987683,1.1860670624956726,1.171095044634754,1.2455759055987683,1.1860670624956726,1.171095044634754,1.1263221059217217
2011-10-20,1.2476249761286877,1.1881079942359847,1.1741368138445414,1.2476061658550337,1.188090082836831,1.174136814290331,1.2476998314102596,1.1880895152718312,1.1741368143638409,1.2476998314102596,1.1880895152718312,1.1741368143638409,1.1312500979558384
2011-10-21,1.2731479766662632,1.2124134398272366,1.194681587359199,1.273121453824124,1.212388183813293,1.1946815878475303,1.2732160268533574,1.2123866446874103,1.1946815879240533,1.2732160268533574,1.2123866446874103,1.1946815879240533,1.1527297164051362
2011-10-24,1.2891586959289754,1.2276603801446082,1.2085789885315246,1.2891288784926191,1.2276319867223326,1.2085789887321408,1.289224372933358,1.227630173343653,1.2085789887949705,1.289224372933358,1.227630173343653,1.2085789887949705,1.1668634032318703
2011-10-25,1.2664839044188563,1.2060672719780818,1.1828684042543482,1.2664458310237414,1.2060310164130674,1.1828684044958302,1.2665377123723045,1.2060273944776392,1.1828684045595665,1.2665377123723045,1.2060273944776392,1.1828684045595665,1.1441750441248095
2011-10-26,1.275994374351347,1.2151240523182727,1.1863277731527722,1.2759074605568064,1.2150412862589257,1.1863277738342917,1.2759899646423531,1.2150280543599572,1.1863277739200515,1.2759899646423531,1.2150280543599572,1.1863277739200515,1.1557981285783678
2011-10-27,1.3046056964390138,1.2423704934752116,1.2115601377553602,1.3045382835711288,1.2423062981013933,1.2115601381772523,1.3046250727590911,1.2422950867548548,1.2115601382512107,1.3046250727590911,1.2422950867548548,1.2115601382512107,1.1960607959522418
2011-10-28,1.298761617956366,1.2368052022242129,1.20699742446896,1.2987258257601288,1.236771119075227,1.2069974244214872,1.2988175600476257,1.2367650347434658,1.2069974244719157,1.2988175600476257,1.2367650347434658,1.2069974244719157,1.1957817993976292
2011-10-31,1.285276442136629,1.2239633262585503,1.195803140801383,1.2852400380475044,1.2239286603898525,1.195803141122879,1.2853305832533504,1.2239224140116174,1.1958031411911578,1.2853305832533504,1.2239224140116174,1.1958031411911578,1.1669563409803514
2011-11-01,1.257413911440405,1.1974299559804495,1.1639649176575115,1.257410178475286,1.1974264026506614,1.1639649179866565,1.2574666340541925,1.1973896975166827,1.1639649180494536,1.2574666340541925,1.1973896975166827,1.1639649180494536,1.1344113562229672
2011-11-02,1.2683531503632315,1.2078473469943716,1.1801850161209035,1.2683503708520878,1.207844701648324,1.1801850164214718,1.2684137093020666,1.2078137634638508,1.1801850164661059,1.2684137093020666,1.2078137634638508,1.1801850164661059,1.1529155002475147
2011-11-03,1.2876077322540371,1.2261834039889359,1.2015382780140245,1.287612288291787,1.2261877442789642,1.2015382783166408,1.2876726549170245,1.226152590467185,1.2015382783664748,1.2876726549170245,1.226152590467185,1.2015382783664748,1.173930063336069
2011-11-04,1.2839834401426,1.2227320059218612,1.1975508563909882,1.2839775696403037,1.2227264170573484,1.1975508566888085,1.2840539634680674,1.2227067862270335,1.1975508567326278,1.2840539634680674,1.2227067862270335,1.1975508567326278,1.1667703738288049
2011-11-07,1.2921661661468327,1.2305243813281617,1.2034862932527062,1.2921600565999893,1.2305185648326693,1.203486293553132,1.2922294753069814,1.230491703442912,1.2034862936014905,1.2922294753069814,1.230491703442912,1.2034862936014905,1.1740231843937188
2011-11-08,1.3026976938359967,1.240553510656623,1.2192900058154645,1.3026944958261977,1.240550466818604,1.2192900061241931,1.3027591511400298,1.2405183117196124,1.219290006188079,1.3027591511400298,1.2405183117196124,1.219290006188079,1.1890867069781874
2011-11-09,1.2706212279171258,1.210007227667561,1.183813860450357,1.2706289551100138,1.2100145878141995,1.183813860779225,1.2706798479396715,1.209971634682321,1.1838138608408861,1.2706798479396715,1.209971634682321,1.1838138608408861,1.1451978176310253
2011-11-10,1.2783670639177258,1.217383554569023,1.1873209064973207,1.278371953442623,1.2173882124260098,1.1873209068407475,1.2784206272312237,1.2173425892058396,1.1873209069130484,1.2784206272312237,1.2173425892058396,1.1873209069130484,1.1559841873844994
2011-11-11,1.3000011018889133,1.237985557537038,1.2114811520665911,1.3000087920319976,1.2379928824376873,1.2114811524009805,1.3000653586505093,1.2379532183112885,1.21148115246555,1.3000653586505093,1.2379532183112885,1.21148115246555,1.1777428940429944
2011-11-14,1.2888182479836086,1.2273361730044416,1.202676434870379,1.2888393587706077,1.2273562783137646,1.2026764352060328,1.2888775157922532,1.2272998877074213,1.2026764352768882,1.2888775157922532,1.2272998877074213,1.2026764352768882,1.1665844066772577
2011-11-15,1.297530361102724,1.2356326815238747,1.209097111985203,1.2975458727731084,1.2356474548288805,1.209097112328783,1.2975946606262188,1.2356005607696547,1.2090971124019199,1.2975946606262188,1.2356005607696547,1.2090971124019199,1.172349388375212
2011-11-16,1.2813279406035143,1.220203184928819,1.1880460886653978,1.2813414186764869,1.2202160216275333,1.1880460890093623,1.2813903322799234,1.2201704131286992,1.1880460890838764,1.2813903322799234,1.2201704131286992,1.1880460890838764,1.1537523066021835
2011-11-17,1.2635497149205,1.2032730557141391,1.1692904857296247,1.2635511756235867,1.2032744483002469,1.1692904860870539,1.2636052435188136,1.203235027747289,1.1692904861643465,1.2636052435188136,1.203235027747289,1.1692904861643465,1.1354347713112731
2011-11-18,1.2611152412266127,1.2009547166997665,1.1666198353357653,1.2610930167010097,1.2009335539396064,1.1666198356911588,1.2611652367799937,1.2009115951791305,1.166619835764208,1.2611652367799937,1.2009115951791305,1.166619835764208,1.1342258473443418
2011-11-21,1.241322549567971,1.1821062200465104,1.1514332861643135,1.2412804025855178,1.1820660851903184,1.1514332865202626,1.2413619454238682,1.1820544291879382,1.151433286592378,1.2413619454238682,1.1820544291879382,1.151433286592378,1.1126535661103154
2011-11-22,1.238068825529742,1.179007712390105,1.1544969487838799,1.2380267140233845,1.1789676113136196,1.1544969491476793,1.2380971768503446,1.1789456387446404,1.1544969492323125,1.2380971768503446,1.1789456387446404,1.1544969492323125,1.1082831089125023
2011-11-23,1.2186427675098654,1.1605083594022192,1.1301833580517406,1.2186077761613494,1.16047503879792,1.1301833584335579,1.2186723031365128,1.1604488110510776,1.1301833585257057,1.2186723031365128,1.1604488110510776,1.1301833585257057,1.083828107693038
2011-11-25,1.2192046264621577,1.161043415308941,1.128120603774596,1.2191437174336457,1.1609854134081334,1.128120604154647,1.2192289229493738,1.160978837702524,1.1281206042384435,1.2192289229493738,1.160978837702524,1.1281206042384435,1.0817823773714377
2011-11-28,1.244321659938871,1.1849622601831222,1.1569805953126013,1.2442947978210417,1.184936681042674,1.1569805956908978,1.244356821353568,1.1849062214235713,1.156980595781009,1.244356821353568,1.1849062214235713,1.156980595781009,1.1131184381618908
2011-11-29,1.2537260045417986,1.1939179778202913,1.1575986531775728,1.2536828365659074,1.1938768706917198,1.1575986535423344,1.2537707534791056,1.193870391951021,1.1575986536155323,1.2537707534791056,1.193870391951021,1.1575986536155323,1.1162796047744352
2011-11-30,1.2917088834598112,1.23008891295708,1.2014750854138696,1.291643318610033,1.2300264774271288,1.2014750857619838,1.2917393663908272,1.2300250100524306,1.2014750858246876,1.2917393663908272,1.2300250100524306,1.2014750858246876,1.1622141327886133
2011-12-01,1.2974725074866773,1.2355775877697137,1.2045597992086894,1.2973902670102446,1.2354992721180615,1.2045597995740867,1.2974877405065115,1.2354987488834963,1.204530145608081,1.2974877405065115,1.2354987488834963,1.204530145608081,1.1620283489462349
2011-12-02,1.288092300884147,1.226644856648353,1.1962307178096998,1.2880049264316378,1.2265616519213491,1.1962307181550538,1.2881016057133508,1.2265610476384157,1.1961976940598569,1.2881016057133508,1.2265610476384157,1.1961976940598569,1.1610050255125133
2011-12-05,1.2971478452842977,1.2352684133259073,1.2054569868833502,1.2970676864289372,1.2351920799928091,1.2054569872267413,1.2971647835865738,1.2351912216074619,1.205389407666834,1.2971647835865738,1.2351912216074619,1.205389407666834,1.1736513417452092
2011-12-06,1.2973619888367653,1.2354723413262831,1.2108052865656882,1.2972912241286572,1.2354049540002052,1.210805286897932,1.297387650757649,1.235403441039241,1.2107571559492354,1.297387650757649,1.235403441039241,1.2107571559492354,1.1740231843937188
2011-12-07,1.2970041608502108,1.2351315832463141,1.2088520635614313,1.2969200901952536,1.2350515247228027,1.208852063890638,1.297017164479034,1.2350506551751304,1.2088276213891067,1.297017164479034,1.2350506551751304,1.2088276213891067,1.1783933666277793
2011-12-08,1.2823966843913224,1.2212209451230924,1.1889208031696035,1.2823030719543516,1.221131799982777,1.1889208035010603,1.2823988970604185,1.2211307925493045,1.1888835706889727,1.2823988970604185,1.2211307925493045,1.1888835706889727,1.1525436575990051
2011-12-09,1.2985024653653923,1.2365584123066065,1.2098082536304529,1.2984163195582563,1.2364763776262944,1.2098082539594741,1.2985132329632316,1.2364752472408316,1.2097691086375792,1.2985132329632316,1.2364752472408316,1.2097691086375792,1.1720707584389367
2011-12-12,1.2836670715340173,1.2224307294323917,1.1921124180204463,1.2835861324354612,1.2223536530602996,1.1921124183401322,1.2836819127330112,1.2223525106502149,1.1920326976971378,1.2836819127330112,1.2223525106502149,1.1920326976971378,1.1549613222236992
2011-12-13,1.2676329441254492,1.207161497636608,1.1822651097675778,1.2675972081724782,1.207127468009298,1.182265110078037,1.2676901717281137,1.2071247937422256,1.182205687387263,1.2676901717281137,1.2071247937422256,1.182205687387263,1.1441750441248095
2011-12-14,1.2587888526419369,1.1987393066782959,1.1714209329071976,1.2587378263309077,1.1986907160966294,1.1714209332310745,1.2588301331047584,1.1986880538082194,1.171410644117057,1.2588301331047584,1.1986880538082194,1.171410644117057,1.1319941498711947
2011-12-15,1.2690368478785448,1.2084984292499574,1.1818246145610192,1.269010185022937,1.2084730398966872,1.1818246148942972,1.269102787606143,1.2084699202474494,1.1818533919533847,1.269102787606143,1.2084699202474494,1.1818533919533847,1.1360854272052268
2011-12-16,1.271148623496613,1.2105094642499499,1.182821458013283,1.2711218220291691,1.2104839428998286,1.182821458328842,1.2712147634621245,1.210480993991174,1.1828850017730843,1.2712147634621245,1.210480993991174,1.1828850017730843,1.1377698551555122
2011-12-19,1.2590678343182868,1.1990049797501394,1.1708855527457591,1.2590521049272505,1.1989900022766609,1.170885553062887,1.2591438343671746,1.1989867676265766,1.1709441541050136,1.2591438343671746,1.1989867676265766,1.1709441541050136,1.1256050921087342
2011-12-20,1.2857788880541363,1.2244418033832345,1.1967342341706118,1.2857476145622226,1.2244120233612144,1.1967342345037635,1.2858413865574345,1.2244088130914852,1.1967580251655272,1.2858413865574345,1.2244088130914852,1.1967580251655272,1.1596663186542115
2011-12-21,1.2939033493602257,1.2321786935636296,1.201616265788437,1.2939018289883313,1.232177247322211,1.201616266101179,1.2939942346741442,1.2321721493709477,1.2016950741079413,1.2939942346741442,1.2321721493709477,1.2016950741079413,1.1619118559695885
2011-12-22,1.3003385595440176,1.2383069170364205,1.2085588065912054,1.3003154686926275,1.238284929326444,1.208558806981988,1.3004090636902972,1.2382805024415244,1.208653286602868,1.3004090636902972,1.2382805024415244,1.208653286602868,1.1722051240595224
2011-12-23,1.3073365740678466,1.244971096704689,1.2135299265746802,1.3073290601311338,1.244963942833441,1.2135299269642217,1.3074226685708354,1.244959024160493,1.213612807238432,1.3074226685708354,1.244959024160493,1.213612807238432,1.1826853675014308
2011-12-27,1.312809775283437,1.2501832031010218,1.2210629680510108,1.31280311478162,1.2501768619589986,1.2210629684453256,1.3128968232002873,1.250171644661433,1.2211526573494988,1.3128968232002873,1.250171644661433,1.2211526573494988,1.1836209774979762
2011-12-28,1.3003730115525032,1.2383397255385606,1.2064487153025656,1.3003456543493728,1.2383136749998818,1.2064487156996215,1.3004387678510139,1.2383087874512833,1.206540961086178,1.3004387678510139,1.2383087874512833,1.206540961086178,1.168087908478133
2011-12-29,1.3099331724069638,1.2474438263338263,1.216728369401917,1.3099372966993406,1.2474477555022048,1.216728369796748,1.3100303709877568,1.2474421405499467,1.2168344705890455,1.3100303709877568,1.2474421405499467,1.2168344705890455,1.1801589088851712
2011-12-30,1.3043614359749192,1.2421378852671212,1.2071448700166547,1.30436546464786,1.242141723370615,1.2071448704171157,1.3044580745211496,1.2421360670527024,1.207233383547385,1.3044580745211496,1.2421360670527024,1.207233383547385,1.1743573570080807
2012-01-03,1.3074223716311655,1.2424745288787185,1.2125408115577279,1.3074280978472215,1.2424783680553446,1.2125408119599779,1.3075192817414822,1.242472710213094,1.2126297207444967,1.3075192817414822,1.242472710213094,1.2126297207444967,1.193072489885689
2012-01-04,1.3010076725628503,1.2372522323623092,1.2081865655139221,1.3010138497617287,1.23725605539004,1.2081865659147284,1.3011041199056,1.2372504213252795,1.2082751554266826,1.3011041199056,1.2372504213252795,1.2082751554266826,1.194943618224196
2012-01-05,1.3074537227139211,1.2436573334783,1.2140701562632776,1.3074596401843206,1.2436611763019314,1.2140701566660366,1.3075506402181911,1.243655513071513,1.2141591775883442,1.3075506402181911,1.243655513071513,1.2141591775883442,1.1981254071182081
2012-01-06,1.3106134258489257,1.2423240130446715,1.2144128699001613,1.310621427443212,1.2423278517689458,1.2144128703030346,1.3107106324822266,1.2423221946154357,1.2145019163544908,1.3107106324822266,1.2423221946154357,1.2145019163544908,1.1950373808639358
2012-01-09,1.3097534595158802,1.2415039349063273,1.2110338948672588,1.3097600235172775,1.2415077711012497,1.2110338952690112,1.309850564368181,1.2415021176833374,1.2111226935592423,1.309850564368181,1.2415021176833374,1.2111226935592423,1.1979379734933127
2012-01-10,1.3185845825645905,1.2494329351796543,1.2207535682251685,1.3185908437511833,1.2494367958996024,1.2207535686301447,1.3186823329470971,1.2494311063820087,1.220843079609402,1.3186823329470971,1.2494311063820087,1.220843079609402,1.208324729259234
2012-01-11,1.3222491904663827,1.247926313365737,1.2244605128170547,1.3222557120595513,1.2479301694545095,1.2244605132232607,1.3223472189632284,1.2479244868039476,1.224550296011867,1.3223472189632284,1.2479244868039476,1.224550296011867,1.208979876227818
2012-01-12,1.3239699180852813,1.2483333062748316,1.2315935793405963,1.323975178564486,1.2483371636071479,1.231593579749168,1.3240680404718712,1.2483314790995854,1.2316838855654577,1.3240680404718712,1.2483314790995854,1.2316838855654577,1.211880468857195
2012-01-13,1.3209246563445118,1.246576491828665,1.2249946124089452,1.3209312191681408,1.2465803436873772,1.224994612815328,1.3210225879105988,1.2465746671679645,1.2250844347665057,1.3210225879105988,1.2465746671679645,1.2250844347665057,1.2056109286726628
2012-01-17,1.328393305817279,1.2532470308157175,1.2378762245257482,1.3284007119709378,1.2532509032805685,1.237876224936404,1.3284918124870804,1.2532451963841682,1.2379669914236267,1.3284918124870804,1.2532451963841682,1.2379669914236267,1.2102898952012335
2012-01-18,1.3399410789729775,1.2610011718728027,1.2450984110279522,1.339950466239915,1.2610050683027085,1.2450984114410042,1.3400404928135772,1.2609993260977252,1.245189707490445,1.3400404928135772,1.2609993260977252,1.245189707490445,1.223670822927103
2012-01-19,1.340622398045457,1.2598088286140892,1.2409348007708358,1.3406326607412133,1.2598127213841541,1.2409348011825068,1.3407218855323815,1.2598069846151367,1.2410257919378556,1.3407218855323815,1.2598069846151367,1.2410257919378556,1.2301275217727776
2012-01-20,1.3422510459683523,1.2626084419130943,1.2368968951809831,1.3422602632244114,1.2626123432921654,1.2368968955913155,1.342350626252153,1.2626065937636626,1.236987590269583,1.342350626252153,1.2626065937636626,1.236987590269583,1.2347128173161928
2012-01-23,1.3405258565252485,1.260744503808655,1.2338789853764591,1.3405339725623542,1.2607483994150905,1.2338789857857897,1.3406252799192357,1.2607426583709282,1.2339694591778638,1.3406252799192357,1.2607426583709282,1.2339694591778638,1.231531303385933
2012-01-24,1.338273293477526,1.2590215243358251,1.2337217057238046,1.3382818479863825,1.259025414618821,1.2337217061330823,1.3383725617985636,1.2590196814206942,1.233812167992886,1.3383725617985636,1.2590196814206942,1.233812167992886,1.2301275217727774
2012-01-25,1.3538296813550297,1.2738216667539097,1.2444355073352364,1.3538379979633948,1.273825602772714,1.2444355077480687,1.353930094643996,1.2738198021804463,1.2445267551904873,1.353930094643996,1.2738198021804463,1.2445267551904873,1.240421248135633
2012-01-26,1.3515686165788225,1.2706657538212482,1.2355601792203754,1.3515784858136652,1.2706696800544106,1.2355601796302633,1.351668903722834,1.2706638938242614,1.2356507762948896,1.351668903722834,1.2706638938242614,1.2356507762948896,1.2340577620021926
2012-01-27,1.347761061204117,1.2652203868603704,1.2343385607690351,1.3477709217539162,1.2652242963178328,1.2343385611785178,1.347861066332575,1.265218534897346,1.2344290682687393,1.347861066332575,1.265218534897346,1.2344290682687393,1.2334964693279324
2012-01-30,1.3411375053241614,1.2592647706499989,1.2281618124454372,1.341146362480493,1.2592686617148883,1.2281618128528717,1.3412369936453756,1.2592629274170317,1.2282518670367593,1.3412369936453756,1.2592629274170317,1.2282518670367593,1.2292853077976345
2012-01-31,1.3415132417993922,1.263240915998906,1.2288934046107785,1.3415222391634056,1.263244819345926,1.228893405018456,1.3416127616472155,1.2632390669409095,1.228983512845814,1.3416127616472155,1.2632390669409095,1.228983512845814,1.2288177777631146
2012-02-01,1.3525348498257557,1.280449840885089,1.2491701023976831,1.3525333944064752,1.2804537974046928,1.2491701027846198,1.3526268884979658,1.280447966639579,1.2492616975905266,1.3526268884979658,1.280447966639579,1.2492616975905266,1.2395785758875688
2012-02-02,1.3528828142096516,1.2809461805750186,1.2496709337125969,1.3528829071449946,1.280950138623674,1.249670934096496,1.3529761946916459,1.2809443056072212,1.249762565649415,1.3529761946916459,1.2809443056072212,1.249762565649415,1.241543925138737
2012-02-03,1.3605849244626556,1.2929447897319604,1.2664029421620382,1.3605890652122599,1.292948784857566,1.2664029425603422,1.36068185641162,1.2929428971995698,1.2664958009122866,1.36068185641162,1.2929428971995698,1.2664958009122866,1.25894839746084
2012-02-06,1.3607882456543472,1.2912042090162665,1.2644847374465882,1.3607823343954226,1.2912081987580046,1.2644847378274344,1.3608774371037953,1.2912023190367379,1.2645774556523854,1.3608774371037953,1.2912023190367379,1.2645774556523854,1.2581059085219441
2012-02-07,1.3634151115636026,1.292241481062582,1.2641039054666339,1.3634048273339163,1.2922454740036797,1.2641039058517305,1.3635012093973151,1.2922395895700314,1.2641965957203516,1.3635012093973151,1.2922395895700314,1.2641965957203516,1.2612871474884508
2012-02-08,1.360755894748759,1.291261104388437,1.2658615675485723,1.3607477364789264,1.29126509430301,1.2658615679204674,1.3608434894462589,1.2912592143283494,1.2659543867708203,1.3608434894462589,1.2912592143283494,1.2659543867708203,1.2650305956750603
2012-02-09,1.3609417771532675,1.2920058666133802,1.2711382227846775,1.360933550990972,1.2920098588305209,1.2711382232566533,1.3610292992319406,1.2920039754619685,1.2712314282904948,1.3610292992319406,1.2920039754619685,1.2712314282904948,1.266621627603943
2012-02-10,1.35538417292296,1.2855719946471567,1.2637182954470234,1.3553785142706258,1.2855759669864868,1.2637182959242896,1.3554733060955528,1.2855701129109693,1.2638109568398044,1.3554733060955528,1.2855701129109693,1.2638109568398044,1.25726451943806
2012-02-13,1.3649193116955318,1.2957946600480512,1.2766848311902743,1.3649167826933482,1.2957986639843653,1.2766848316642698,1.3650115488005943,1.2957927633398223,1.2767784433986977,1.3650115488005943,1.2957927633398223,1.2767784433986977,1.266621627603943
2012-02-14,1.3645710693131954,1.2921462777932264,1.272659835622575,1.3645653345059316,1.2921502704617118,1.2726598360924015,1.3646608168963286,1.2921443864202649,1.272753152717444,1.3646608168963286,1.2921443864202649,1.272753152717444,1.2650305956750603
2012-02-15,1.3565344153857253,1.2842572217194503,1.2618275534531413,1.3565247291673777,1.2842611900082344,1.2618275539143333,1.3566205101891335,1.2842553418967224,1.2619200763063116,1.3566205101891335,1.2842553418967224,1.2619200763063116,1.2591359227403196
2012-02-16,1.3629658909870637,1.2957411481707186,1.2773246667918798,1.3629471107642408,1.2957451519440382,1.2773246672471612,1.363045298492055,1.2957392515386592,1.277418326036898,1.363045298492055,1.2957392515386592,1.277418326036898,1.2730781431404488
2012-02-17,1.363482791664209,1.2964548134567297,1.276756504858105,1.3634674612671902,1.2964588194401436,1.2767565052979246,1.3635649387615918,1.2964529157755504,1.27685012253985,1.3635649387615918,1.2964529157755504,1.27685012253985,1.276447090695604
2012-02-21,1.360767309848163,1.2891737590120496,1.2674353717997295,1.3607500747239174,1.2891777425001303,1.2674353722393719,1.3608477909052497,1.2891718719859444,1.267528305993553,1.3608477909052497,1.2891718719859444,1.267528305993553,1.277008749988201
2012-02-22,1.3568564790763378,1.2859233110840163,1.2625429378772788,1.3568454862108525,1.2859272845347733,1.2625429383075393,1.3569415305064114,1.2859214288098715,1.2626355133839897,1.3569415305064114,1.2859214288098715,1.2626355133839897,1.2728904345518
2012-02-23,1.3589315897149699,1.2914527823269577,1.273392802289954,1.358919481173649,1.2914567728593673,1.2733928027229717,1.3590159270228108,1.2914508919628689,1.2734861733650316,1.3590159270228108,1.2914508919628689,1.2734861733650316,1.2785059276227595
2012-02-24,1.3625706520457952,1.2961607058688192,1.2792213914864796,1.3625586241414154,1.2961647109458578,1.2792213919316184,1.3626552551442845,1.2961588086159335,1.2793151898764283,1.3626552551442845,1.2961588086159335,1.2793151898764283,1.2813127576123962
2012-02-27,1.3618419874536503,1.2963511658690072,1.2789653743982834,1.3618293959284506,1.2963551715376112,1.2789653748277692,1.3619260885784326,1.2963492683345381,1.2790591541150382,1.3619260885784326,1.2963492683345381,1.2790591541150382,1.2834648072517858
2012-02-28,1.3663256050808557,1.302968089265966,1.2877091665944214,1.3663101529063728,1.302972115395239,1.2877091670290222,1.3664077854873113,1.302966182032529,1.2878035874326297,1.3664077854873113,1.302966182032529,1.2878035874326297,1.287207888820058
2012-02-29,1.3614102099708556,1.2996903252250087,1.2810484942195388,1.3613982557541087,1.299694341223473,1.2810484946676723,1.3614946565544208,1.2996884227918402,1.2811424265652185,1.3614946565544208,1.2996884227918402,1.2811424265652185,1.2821544216600331
2012-03-01,1.370455273089759,1.306509254363936,1.2895225488167938,1.3704483214393375,1.3065132914949293,1.2895225492828346,1.370545337640489,1.3065073420228108,1.289617102496308,1.370545337640489,1.3065073420228108,1.289617102496308,1.2887986457851879
2012-03-02,1.364597089246724,1.3045878813319498,1.2871612415654923,1.3646047033452926,1.3045919124696432,1.2871612419944005,1.3646979118498757,1.3045859719646125,1.2872556221582458,1.3646979118498757,1.3045859719646125,1.2872556221582458,1.2848685888649414
2012-03-05,1.3670336505704561,1.302956319211936,1.2786044862517887,1.3670315883232704,1.3029603453987975,1.2786044868044182,1.3671279585622198,1.302954412389938,1.2786982392316744,1.3671279585622198,1.302954412389938,1.2786982392316744,1.2796283296621107
2012-03-06,1.3539028793126724,1.285509966787155,1.256915256481445,1.3539288713298945,1.2855139391134256,1.2569152570301978,1.3540148494324094,1.285508085494489,1.2570074191019835,1.3540148494324094,1.285508085494489,1.2570074191019835,1.2609134717482553
2012-03-07,1.3592491935194428,1.2938282459678734,1.2694590258960208,1.3592726741279495,1.2938322439313321,1.2694590263775094,1.3593585352267075,1.2938263524126115,1.269552108391987,1.3593585352267075,1.2938263524126115,1.269552108391987,1.2697092872398779
2012-03-08,1.3719179185633874,1.3096207229006165,1.2880119582975036,1.3719530585460038,1.309624769550532,1.2880119586196384,1.3720345968263676,1.3096188061384288,1.2881064014312318,1.3720345968263676,1.3096188061384288,1.2881064014312318,1.282341946939513
2012-03-09,1.3772523702500536,1.3165640689279718,1.2951847774802214,1.3772669272249551,1.316568137001067,1.2951847777566394,1.3773579983283641,1.316562142095482,1.2952797466311252,1.3773579983283641,1.316562142095482,1.2952797466311252,1.2873020180781352
2012-03-12,1.3803049365827031,1.3188090105331707,1.2942187964924865,1.3803256319968495,1.318813085548724,1.294218796781882,1.3804158826807869,1.3188070803956948,1.2943136947930212,1.3804158826807869,1.3188070803956948,1.2943136947930212,1.287395322444954
2012-03-13,1.3941344417505528,1.339847364084554,1.3191891233775175,1.394162597951671,1.339851504146442,1.319189123697919,1.3942517675594572,1.3398454032329559,1.3192858525830422,1.3942517675594572,1.3398454032329559,1.3192858525830422,1.310601804917069
2012-03-14,1.3889332109613168,1.337236414714065,1.315268557693979,1.3889829911651181,1.33724054668242,1.3152685579464336,1.3890673908574211,1.3372344575907373,1.315364999526719,1.3890673908574211,1.3372344575907373,1.315364999526719,1.3091980233039133
2012-03-15,1.3927840224902497,1.346304162195878,1.329812484795464,1.3927846514591993,1.3463083220152878,1.3298124848314212,1.3928834831795973,1.3463021916108047,1.3299099933919518,1.3928834831795973,1.3463021916108047,1.3299099933919518,1.3167773991526919
2012-03-16,1.3896296949035716,1.3483010688172525,1.331310966319124,1.3896191264891335,1.3483052347186755,1.3313109662581963,1.3897213428124136,1.3482990951098435,1.3314085849389985,1.3897213428124136,1.3482990951098435,1.3314085849389985,1.3186006837981934
2012-03-19,1.3928290833327261,1.3564944758988005,1.338448687303944,1.3927951372015355,1.3564986671269452,1.338448687243209,1.3929051269907327,1.3564924903896258,1.33854682929772,1.3929051269907327,1.3564924903896258,1.33854682929772,1.3237699106981904
2012-03-20,1.3932034049085398,1.3549027122936428,1.3335076207785315,1.3931899492125273,1.3549068987240098,1.3335076207987926,1.393288959887084,1.3549007289655457,1.3336054003450932,1.393288959887084,1.3549007289655457,1.3336054003450932,1.3199167519741726
2012-03-21,1.3921516653455446,1.3567865587572256,1.33616558113593,1.3920994044549235,1.3567907509282544,1.3361655811034712,1.3922107649679,1.3567845726453556,1.3362635556777598,1.3922107649679,1.3567845726453556,1.3362635556777598,1.317754711985094
2012-03-22,1.3892758695226721,1.3459040257444996,1.3231240990189639,1.3892323352618188,1.3459081842780258,1.3231240989755004,1.389339698755733,1.3459020556427161,1.3232211173093456,1.389339698755733,1.3459020556427161,1.3232211173093456,1.3082624133073673
2012-03-23,1.3947526025681387,1.3533231114833693,1.3309540391620964,1.3946992265896252,1.3533272929887066,1.3309540391522277,1.3948091191978562,1.353321130615434,1.3310516315327323,1.3948091191978562,1.353321130615434,1.3310516315327323,1.312492089063694
2012-03-26,1.4139196176066886,1.3794439442284827,1.3603519784421774,1.4139054704970269,1.379448206461588,1.3603519784676894,1.414000562931113,1.379441925125179,1.3604517263663383,1.414000562931113,1.379441925125179,1.3604517263663383,1.3309131940348649
2012-03-27,1.4163419792435676,1.3841281060651127,1.3656105832648648,1.4163537994693576,1.384132382801345,1.3656105833091856,1.416438601035702,1.3841260802190158,1.3657107167482656,1.416438601035702,1.3841260802190158,1.3657107167482656,1.3267777391911997
2012-03-28,1.4095562556096657,1.377001514366222,1.3561885316360975,1.4095689841991443,1.377005769059437,1.3561885316668036,1.4096585488270783,1.3769994989622734,1.356287974267158,1.4096585488270783,1.3769994989622734,1.356287974267158,1.3201988647846516
2012-03-29,1.405261656044353,1.3744592893747642,1.3525679573011644,1.4053644088992567,1.3744635361165347,1.3525679572396547,1.4054226021789216,1.374457277554441,1.3526671345931807,1.4054226021789216,1.374457277554441,1.3526671345931807,1.3179428788466647
2012-03-30,1.405782446358261,1.3758917613816974,1.3533515697823504,1.4059264934355176,1.3758960125348598,1.353351569740898,1.4059730309957015,1.375889747324982,1.3534508045023887,1.4059730309957015,1.375889747324982,1.3534508045023887,1.3233942185571408
2012-04-02,1.4175372642800728,1.389741584963622,1.368086819614011,1.4176825788286083,1.3897458791184751,1.3680868195581015,1.4177294824910855,1.3897395501689689,1.3681871348149806,1.4177294824910855,1.3897395501689689,1.3681871348149806,1.3330742258235162
2012-04-03,1.4189851713013564,1.3884211761987102,1.363613546155362,1.4191306091502063,1.38842546591834,1.363613546193636,1.4191775542527119,1.3884191427739156,1.3637135332428305,1.4191775542527119,1.3884191427739156,1.3637135332428305,1.3276234360405461
2012-04-04,1.412150868129237,1.3749737572144807,1.348370366605535,1.4122956246055158,1.374978005210605,1.3483703673017124,1.4123423490176248,1.3749717442143572,1.34846923521516,1.4123423490176248,1.3749717442143572,1.34846923521516,1.3144655039182815
2012-04-05,1.4143959607188539,1.3794315673800432,1.352680356984208,1.414540964445899,1.379435829284947,1.3526803576925934,1.4145877575740555,1.3794295478901473,1.352779541610105,1.4145877575740555,1.3794295478901473,1.352779541610105,1.3138075156575841
2012-04-09,1.402737330000125,1.3651227132885386,1.3365110940725777,1.4028810795035187,1.3651269308896596,1.336511094659604,1.4029274975581894,1.3651207146193014,1.3366090932272807,1.4029274975581894,1.3651207146193014,1.3366090932272807,1.2990521357855356
2012-04-10,1.3801292060466934,1.3363334861165046,1.3049321892469643,1.3802706580345674,1.3363376146342214,1.30493218981395,1.3803163286917028,1.3363315298518639,1.3050278728980227,1.3803163286917028,1.3363315298518639,1.3050278728980227,1.277247785144059
2012-04-11,1.3884589780784287,1.3485770072927512,1.319103664466311,1.3886013159301271,1.3485811740181952,1.3191036650332641,1.3886472401472827,1.3485750339056943,1.3192003872425542,1.3886472401472827,1.3485750339056943,1.3192003872425542,1.2875858723257163
2012-04-12,1.3971209066653913,1.3633287741490268,1.3385487214264238,1.3972640933821656,1.36333298645631,1.338548722149226,1.3973102946469529,1.3633267791317956,1.3386468698314902,1.3973102946469529,1.3633267791317956,1.3386468698314902,1.3044089796195972
2012-04-13,1.3854375711541689,1.3495055100143825,1.3226045241337971,1.3855794937250776,1.3495096785652363,1.3226045247699023,1.3856252664423798,1.3495035346595006,1.322701503530074,1.3856252664423798,1.3495035346595006,1.322701503530074,1.2889018488471113
2012-04-16,1.379182872939867,1.3473006270910528,1.318589594979502,1.3793240975432364,1.3473047888510241,1.3185895958224567,1.3793696488203522,1.3472986549962636,1.3186862797385852,1.3793696488203522,1.3472986549962636,1.3186862797385852,1.2880559686885966
2012-04-17,1.4001001806651692,1.3742073900164231,1.3479459164468095,1.400243647680944,1.3742116350701852,1.3479459169465038,1.4002899276279888,1.3742053785755024,1.3480447541634113,1.4002899276279888,1.3742053785755024,1.3480447541634113,1.3071346036475429
2012-04-18,1.3972504585632495,1.3715196800650986,1.3459945310751675,1.397393585070762,1.3715239168230924,1.3459945317566386,1.397439799615525,1.3715176732213261,1.3460932254935425,1.397439799615525,1.3715176732213261,1.3460932254935425,1.302717310957152
2012-04-19,1.3923475690065452,1.3637602909605728,1.3352748592941928,1.3924902114035531,1.3637645036926138,1.335274860088365,1.3925362579462566,1.3637582953514478,1.3353727675594675,1.3925362579462566,1.3637582953514478,1.3353727675594675,1.294352546975497
2012-04-20,1.3937892596688546,1.3565180334758302,1.3211187175877463,1.3939320159797897,1.356522223310378,1.3211187183383004,1.3939780692851684,1.356516047645436,1.3212155879032388,1.3939780692851684,1.356516047645436,1.3212155879032388,1.2965141286916542
2012-04-23,1.3812654813268472,1.3413237991334297,1.3032743832388949,1.3814069788469823,1.3413279423372573,1.3032743840574854,1.381452608882192,1.3413218371064801,1.3033699450367338,1.381452608882192,1.3413218371064801,1.3033699450367338,1.2856119075436236
2012-04-24,1.3861377603525245,1.3512918754472545,1.3110749124473442,1.3862797314883037,1.3512960497505109,1.311074913514542,1.3863255174450653,1.3512898965464728,1.3111710459291048,1.3863255174450653,1.3512898965464728,1.3111710459291048,1.2904995715606478
2012-04-25,1.4135678016521047,1.3813464707868752,1.3404759777381647,1.4137125682611524,1.3813507379420493,1.3404759786912246,1.4137592732200153,1.3813444484259079,1.3405742671902092,1.4137592732200153,1.3813444484259079,1.3405742671902092,1.3081681007401225
2012-04-26,1.4217821760570029,1.3909256092063835,1.3468986142272539,1.4219278298695637,1.3909299055397948,1.346898615376154,1.4219748285296734,1.390923567518599,1.3469973743907624,1.4219748285296734,1.390923567518599,1.3469973743907624,1.3172848905859678
2012-04-27,1.429915429969302,1.4032026318081097,1.3571440425255923,1.4300619671837396,1.4032069663735747,1.3571440437766942,1.4301092589554196,1.4032005722133518,1.357243553816809,1.4301092589554196,1.4032005722133518,1.357243553816809,1.3194464723021249
2012-04-30,1.4270748641385493,1.3968578231310735,1.34903882010123,1.4272211179541234,1.3968621380476154,1.3490388212047157,1.4272683419657486,1.3968557723750685,1.3491377372487154,1.4272683419657486,1.3968557723750685,1.3491377372487154,1.3145594498671906
2012-05-01,1.4282990648800422,1.397708827772519,1.3509554496256304,1.4284454441961834,1.3977131453178444,1.3509554507306838,1.428492708697069,1.3977067757671362,1.3510545073083788,1.428492708697069,1.3977067757671362,1.3510545073083788,1.3227360469872755
2012-05-02,1.431461060738641,1.4044846027548135,1.3541507630120853,1.4316077641170222,1.4044889412306139,1.3541507641197525,1.4316551332219813,1.4044825408017747,1.3542500549885255,1.4316551332219813,1.4044825408017747,1.3542500549885255,1.3187887590051803
2012-05-03,1.4265756967516776,1.399082902496549,1.344799562414606,1.4267218994752875,1.3990872242864019,1.3447995635146244,1.4267691070656652,1.3990808484738588,1.3448981687220538,1.4267691070656652,1.3990808484738588,1.3448981687220538,1.3087327846340018
2012-05-04,1.4052610414714497,1.3735887567586273,1.3166843657117477,1.4054050598064922,1.3735929997966452,1.3166843667887682,1.4054515620806933,1.3735867401644224,1.3167809104958224,1.4054515620806933,1.3735867401644224,1.3167809104958224,1.2875858723257168
2012-05-07,1.4079531978514608,1.3736642218038966,1.3149808442722728,1.408097492042529,1.3736684650750295,1.3149808453478997,1.408144083348095,1.3736622050988998,1.3150772641470572,1.408144083348095,1.3736622050988998,1.3150772641470572,1.2885260650514774
2012-05-08,1.4059653699999317,1.3724358059462742,1.313236261578051,1.4061094604110458,1.3724400454228274,1.313236262652251,1.4061559859580972,1.3724337910447404,1.313332553532763,1.4061559859580972,1.3724337910447404,1.313332553532763,1.283357113115233
2012-05-09,1.3995408292631788,1.3652506463611747,1.3062126110316348,1.399684261277558,1.3652548636426454,1.3062126121000894,1.3997305742194803,1.365248642008323,1.3063083879830224,1.3997305742194803,1.365248642008323,1.3063083879830224,1.2757436417610943
2012-05-10,1.4078190630742866,1.3753372044869163,1.3129727884927351,1.4079633433056395,1.375341452925915,1.3129727895667194,1.4080099301380793,1.375335185325779,1.3130690611285025,1.4080099301380793,1.375335185325779,1.3130690611285025,1.2783759614222217
2012-05-11,1.4077684324428092,1.3745717783485245,1.311995590223905,1.4079127074729212,1.3745760244231084,1.31199559129709,1.4079592926456774,1.374569760311125,1.3120917912074235,1.4079592926456774,1.374569760311125,1.3120917912074235,1.2745223444252824
2012-05-14,1.392992121010393,1.3586288043346835,1.295210101523033,1.3931348817046525,1.3586330011611674,1.2952101025824878,1.3931809779352318,1.3586268097034955,1.2953050717245778,1.3931809779352318,1.3586268097034955,1.2953050717245778,1.2604250444685159
2012-05-15,1.3947861789350136,1.3640923449714661,1.298292441906702,1.3949291235420627,1.3640965586749032,1.298292442968678,1.3949752791199226,1.3640903423191406,1.298387638118287,1.3949752791199226,1.3640903423191406,1.298387638118287,1.2531876318737645
2012-05-16,1.3887829290797957,1.3542011763838566,1.288897417857741,1.3889252585071734,1.3542053595333148,1.2888974189120321,1.3889712154443714,1.3541991882529614,1.2889919251870154,1.3889712154443714,1.3541991882529614,1.2889919251870154,1.248394280423986
2012-05-17,1.360843688031686,1.3185145254902597,1.2522379953546725,1.3609831541980688,1.318518598403046,1.252237996378977,1.3610281866518028,1.3185125897516783,1.252329814662336,1.3610281866518028,1.3185125897516783,1.252329814662336,1.2298796877768283
2012-05-18,1.347983668496159,1.3014354455461261,1.236220293858368,1.3481218167635312,1.3014394657013746,1.2362202948695702,1.348166423688217,1.3014335348816968,1.236310938681415,1.348166423688217,1.3014335348816968,1.236310938681415,1.2193530671152637
2012-05-21,1.3664699235974118,1.3262134480963688,1.2634381728613926,1.3666099665055198,1.3262175447912803,1.2634381738948581,1.3666551851684905,1.326211501054839,1.2635308134127397,1.3666551851684905,1.326211501054839,1.2635308134127397,1.2403118125619788
2012-05-22,1.3670380136682414,1.3268032441114812,1.2616335384662893,1.36717811474135,1.3268073426282831,1.2616335394982787,1.367223352135236,1.3268012962040596,1.261726046694323,1.367223352135236,1.3268012962040596,1.261726046694323,1.2424735775873041
2012-05-23,1.371903268664118,1.3353645858931362,1.2708270616215769,1.372043868295972,1.3353687108560652,1.2708270626610862,1.3720892666882836,1.3353626254166309,1.270920243957036,1.3720892666882836,1.3353626254166309,1.270920243957036,1.243131932466339
2012-05-24,1.3798915268946954,1.3422286700719503,1.2753244271457609,1.3800329451844155,1.3422328162381514,1.275324428188949,1.3800786079383636,1.3422266995181404,1.2754179392468,1.3800786079383636,1.3422266995181404,1.2754179392468,1.245575077065469
2012-05-25,1.3763323797008888,1.335080011221574,1.2689012039444063,1.3764734333009394,1.3350841353054508,1.2689012049823403,1.3765189783357534,1.3350780511628586,1.2689942450679557,1.3765189783357534,1.3350780511628586,1.2689942450679557,1.2415332015523755
2012-05-29,1.3879057124584222,1.3506333190745625,1.2879065494906283,1.388047952156277,1.3506374912028787,1.2879065505441083,1.388093880185061,1.3506313361817126,1.288000984165305,1.388093880185061,1.3506313361817126,1.288000984165305,1.2565708775440712
2012-05-30,1.3726400350534487,1.3333158717325475,1.269467937186871,1.3727807101872076,1.3333199903670012,1.2694679382252685,1.372826133068116,1.333313914263802,1.2695610198656633,1.372826133068116,1.333313914263802,1.2695610198656633,1.2383381227436392
2012-05-31,1.374560565857547,1.3345086431064828,1.2702148448672879,1.3747014378156044,1.3345127654254207,1.2702148459062963,1.3747469242477302,1.3345066838866049,1.2703079823124634,1.3747469242477302,1.3345066838866049,1.2703079823124634,1.2356128653340306
2012-06-01,1.3464708504635066,1.2954233144715221,1.2295833288187321,1.3466088436450936,1.29542731605539,1.2295833298461145,1.3466534005633957,1.2954214126335541,1.229673486966532,1.3466534005633957,1.2954214126335541,1.229673486966532,1.2045040162580598
2012-06-04,1.3482600550695374,1.2960410510905807,1.2304872478977165,1.348398231522653,1.2960450545827005,1.2304872489160852,1.3484428477077162,1.296039148345674,1.2305774723355618,1.3484428477077162,1.296039148345674,1.2305774723355618,1.2039397906371023
2012-06-05,1.3577869059071046,1.3051034826205241,1.240839983179819,1.3579260589244342,1.3051075141066117,1.2408399841979383,1.3579709902697732,1.305101566570889,1.240930966734794,1.3579709902697732,1.305101566570889,1.240930966734794,1.2130568554467005
2012-06-06,1.3871408879766896,1.338628233537902,1.2745939679941791,1.3872830494520176,1.3386323685823835,1.274593969029349,1.3873289520065542,1.3386262682699372,1.2746874265440529,1.3873289520065542,1.3386262682699372,1.2746874265440529,1.2403118125619792
2012-06-07,1.3818723585901198,1.3372033983471259,1.273508460532996,1.3820139797928868,1.3372075289903047,1.2735084615604788,1.3820597082391166,1.337201435170973,1.273601839496657,1.3820597082391166,1.337201435170973,1.273601839496657,1.241063380153248
2012-06-08,1.3919179614213308,1.3503395622245085,1.2866026980460215,1.3920606121239096,1.3503437334455726,1.2866026990818962,1.392106672954867,1.3503375797628496,1.2866970371383015,1.392106672954867,1.3503375797628496,1.2866970371383015,1.2509320125541152
2012-06-11,1.3789331906468556,1.3343084474235245,1.2698821689625623,1.379074510586212,1.3343125691242095,1.2698821699908718,1.379120141671893,1.334306488497481,1.269975282026949,1.379120141671893,1.334306488497481,1.269975282026949,1.2350488230222418
2012-06-12,1.3889352016660041,1.3485211623458506,1.2844806365984471,1.38907754668746,1.348525327949818,1.2844806376308593,1.3891235087044282,1.3485191825538376,1.2845748200926184,1.3891235087044282,1.3485191825538376,1.2845748200926184,1.2492403438916702
2012-06-13,1.3841229433557856,1.338108414843402,1.2751307607631552,1.3842647953497556,1.3381125482823202,1.2751307617829644,1.3843105980061599,1.3381064503385112,1.2752242586931346,1.3843105980061599,1.3381064503385112,1.2752242586931346,1.2412516386694026
2012-06-14,1.3968336084987993,1.3502529259034988,1.2876614455213586,1.3969767630798922,1.3502570968570606,1.2876614465442837,1.3970229864763006,1.3502509435689736,1.2877558622631504,1.3970229864763006,1.3502509435689736,1.2877558622631504,1.2544095707916672
2012-06-15,1.4011473434921322,1.3587987425098504,1.296960927822746,1.4012909402186724,1.3588029398615045,1.2969609288472455,1.4013373062149004,1.3587967476290714,1.2970560264482467,1.4013373062149004,1.3587967476290714,1.2970560264482467,1.267238462956291
2012-06-18,1.4180548407932956,1.378694007927613,1.3156331417090357,1.4182001703928542,1.3786982667361456,1.3156331427494536,1.4182470957730904,1.3786919838381413,1.3157296094593027,1.4182470957730904,1.3786919838381413,1.3157296094593027,1.269694714160976
2012-06-19,1.429091029079168,1.3923787765533315,1.3297264095046257,1.4292374899085392,1.392383077634562,1.3297264105463291,1.429284780355439,1.392376732372854,1.329823910648082,1.429284780355439,1.392376732372854,1.329823910648082,1.2819761534935692
2012-06-20,1.4242311509041603,1.384888160974959,1.3230422526136076,1.4243771136583774,1.3848924389175858,1.3230422536451631,1.4244242433450789,1.3848861277915947,1.323139263652787,1.4244242433450789,1.3848861277915947,1.323139263652787,1.2798977941399576
2012-06-21,1.4008523972624851,1.3551329658113298,1.2929518608710076,1.4009959640490188,1.3551371518397552,1.2929518618852682,1.4010423201275763,1.3551309763121455,1.2930466655479596,1.4010423201275763,1.3551309763121455,1.2930466655479596,1.2511788383496376
2012-06-22,1.4076067902716474,1.3615311282230684,1.2991995853516747,1.407751049288958,1.3615353340156233,1.2991995863618053,1.4077976287937894,1.3615291293305578,1.2992948481487938,1.4077976287937894,1.3615291293305578,1.2992948481487938,1.2608145764517957
2012-06-25,1.3920214079966322,1.3478054052661668,1.2862824201765273,1.3921640694673323,1.3478095686596419,1.2862824211864945,1.392210133486505,1.3478034265247243,1.286376735821912,1.392210133486505,1.3478034265247243,1.286376735821912,1.2405976832104142
2012-06-26,1.4045410866711368,1.3627612276110994,1.3004777079551235,1.4046850311800323,1.3627654372034446,1.3004777089738357,1.404731509561734,1.3627592269126576,1.3005730644624371,1.404731509561734,1.3627592269126576,1.3005730644624371,1.246833036235002
2012-06-27,1.4092339285643216,1.3686476710390472,1.3053111565969695,1.4093783538802283,1.3686518988147558,1.3053111576208987,1.409424987660648,1.3686456616985736,1.3054068675108061,1.409424987660648,1.3686456616985736,1.3054068675108061,1.2580751125816207
2012-06-28,1.407727518888793,1.3621066016438539,1.2989607671183523,1.407871789669008,1.3621108092140404,1.2989607681415754,1.4079183737443441,1.3621046019064864,1.2990560123896884,1.4079183737443441,1.3621046019064864,1.2990560123896884,1.2544847275507942
2012-06-29,1.4368774901440953,1.397786167879402,1.3340879418256426,1.4370247484824143,1.3977904856644272,1.3340879428677432,1.4370722970848953,1.3977841157600832,1.3341857627810854,1.4370722970848953,1.3977841157600832,1.3341857627810854,1.2857547970405503
2012-07-02,1.4517608434065936,1.4199742961815538,1.352134956776895,1.451919314874726,1.419978682506436,1.3521349578330928,1.4519859535284192,1.4199722114872035,1.3522341010156014,1.4519859535284192,1.4199722114872035,1.3522341010156014,1.2896286697006203
2012-07-03,1.4577392977430574,1.4277193987168961,1.3598651505866683,1.4578943924942072,1.427723808966347,1.3598651516489046,1.4580030590182937,1.4277173026518826,1.359964861635793,1.4580030590182937,1.4277173026518826,1.359964861635793,1.2981308239041425
2012-07-05,1.4525572024744733,1.4204623431755665,1.3525812768506664,1.4527137353398514,1.420466731007964,1.352581277907213,1.4527949668448903,1.4204602577647296,1.3526804538154436,1.4527949668448903,1.4204602577647296,1.3526804538154436,1.2922730877668753
2012-07-06,1.4439174508733863,1.409448378520915,1.3377067601624102,1.4440801630011373,1.4094527323309092,1.337706761207338,1.4441357778164505,1.4094463092799439,1.337804846464879,1.4441357778164505,1.4094463092799439,1.337804846464879,1.2799922900163723
2012-07-09,1.4478634016024803,1.4122537503342592,1.3372973790717761,1.4480198986193853,1.4122581128103144,1.337297380116384,1.448013755056211,1.412251676974553,1.3373954353566966,1.448013755056211,1.412251676974553,1.3373954353566966,1.2783864100448326
2012-07-10,1.4389453720528824,1.39518989261704,1.31947598334823,1.4390991923128085,1.3951942023824786,1.319475984378917,1.4390599166127065,1.3951878443091732,1.3195727328932403,1.4390599166127065,1.3951878443091732,1.3195727328932403,1.267238462956291
2012-07-11,1.4367924273759065,1.3867393107461667,1.3122876398684844,1.4369311952320558,1.3867435944075088,1.3122876408935564,1.4368760293007394,1.3867372748448226,1.3123838623338284,1.4368760293007394,1.3867372748448226,1.3123838623338284,1.2674275463637044
2012-07-12,1.4411545020940528,1.387921389049861,1.3096815333613077,1.4412973426189195,1.38792567636222,1.309681534384344,1.4412186762879955,1.387919351413279,1.3097775647359293,1.4412186762879955,1.387919351413279,1.3097775647359293,1.2612868725246997
2012-07-13,1.4573839770823476,1.4052411315221771,1.328774551947419,1.4575329088090787,1.4052454723354106,1.3287745529853694,1.4574373339632933,1.405239068458174,1.328871983302703,1.4574373339632933,1.405239068458174,1.328871983302703,1.2824488161848102
2012-07-16,1.454720150034344,1.403736946374052,1.326933977486039,1.4548685385017415,1.4037412825412012,1.3269339785225516,1.4547666887165327,1.4037348855181992,1.3270312738826393,1.4547666887165327,1.4037348855181992,1.3270312738826393,1.2794254980670545
2012-07-17,1.4648372882979486,1.4121952956996149,1.3359497168358356,1.464984249080218,1.4121996579942608,1.3359497178793909,1.4649057706989677,1.4121932224261207,1.336047674304476,1.4649057706989677,1.4121932224261207,1.336047674304476,1.2882115981727413
2012-07-18,1.4652843162367906,1.4118930404145986,1.3346690260491212,1.4654327653869792,1.4118974017755992,1.334669027091676,1.4654065363631879,1.4118909675848332,1.3347668896121108,1.4654065363631879,1.4118909675848332,1.3347668896121108,1.2977531153622377
2012-07-19,1.4698646364903047,1.4134321822434452,1.3385741252206895,1.470022655970233,1.4134365483578963,1.3385741262662947,1.4700795122747305,1.4134301071544864,1.3386722751220232,1.4700795122747305,1.4134301071544864,1.3386722751220232,1.3011541420218986
2012-07-20,1.4542167074852335,1.399623284909711,1.3212595721357936,1.4544248017320607,1.3996276083684218,1.3212595731678738,1.454465907085784,1.3996212300937934,1.3213564524610575,1.454465907085784,1.3996212300937934,1.3213564524610575,1.2892504112312098
2012-07-23,1.4447982213901867,1.3890763634719567,1.3096002475328963,1.4449905126393388,1.3890806543512624,1.309600248555869,1.4450287880968942,1.3890743241400958,1.309696272947298,1.4450287880968942,1.3890743241400958,1.309696272947298,1.2762134631602224
2012-07-24,1.4313761496097417,1.3765398098658366,1.2940131242404662,1.4315623824649841,1.3765440620196303,1.2940131252512632,1.4316018804168564,1.376537788939102,1.2941080067412374,1.4316018804168564,1.376537788939102,1.2941080067412374,1.265254691133678
2012-07-25,1.42694108833039,1.369083537840588,1.2865365618663411,1.427131241271674,1.3690877669622912,1.286536562871298,1.4269720025665076,1.369081527860348,1.286630896154021,1.4269720025665076,1.369081527860348,1.286630896154021,1.2655381787629214
2012-07-26,1.4406892800873368,1.38935102657969,1.3079511757445748,1.4408790550357296,1.3893553183083476,1.3079511767662593,1.4406811869617755,1.3893489868441646,1.3080470802420767,1.4406811869617755,1.3893489868441646,1.3080470802420767,1.28641645148462
2012-07-27,1.472097262656398,1.4258925499996529,1.343335271982282,1.4723073214260307,1.4258969546054867,1.3433352730316062,1.4723729193109425,1.4258904566168507,1.3434337709909798,1.4723729193109425,1.4258904566168507,1.3434337709909798,1.3101284089891552
2012-07-30,1.4693943228012707,1.4209112601069274,1.3357684314373361,1.469598940658085,1.4209156493252375,1.3357684324807497,1.4696860636497149,1.4209091740373703,1.3358663756133664,1.4696860636497149,1.4209091740373703,1.3358663756133664,1.3101284089891552
2012-07-31,1.4583685515430989,1.4074900224883147,1.3280547196595416,1.4585770625807246,1.4074943702482374,1.3280547206969298,1.4585713593966814,1.4074879561227371,1.3281520982336856,1.4585713593966814,1.4074879561227371,1.3281520982336856,1.3009652419236535
2012-08-01,1.4553538343455028,1.400684019788731,1.323012361363357,1.4555619134441518,1.400688346524797,1.3230123623968064,1.4555561864242137,1.4003171091955835,1.3231093702105208,1.4555561864242137,1.4003171091955835,1.3231093702105208,1.2998316580250175
2012-08-02,1.4450173226374048,1.391075479016529,1.3165013626169786,1.4452239255199901,1.391079776071655,1.316501363645342,1.445218288652546,1.390975113848019,1.316597894050249,1.445218288652546,1.390975113848019,1.316597894050249,1.2908564745119175
2012-08-03,1.4650169814785727,1.4157898692255855,1.3404959229514122,1.4652264435804931,1.4157942426238637,1.3404959239985186,1.4652207298824262,1.4153894864083498,1.340594213767062,1.4652207298824262,1.4153894864083498,1.340594213767062,1.3164582578901571
2012-08-06,1.4641337371444787,1.4173951249873618,1.343151815646574,1.4643430737204184,1.4173995033443005,1.343151816695755,1.4643373889945497,1.4169169855915087,1.3432503012034795,1.4643373889945497,1.4169169855915087,1.3432503012034795,1.3190090049712564
2012-08-07,1.467386787960176,1.424721359089684,1.354977474117866,1.4675965902057235,1.4247257600774699,1.3549774751762844,1.4675909154714826,1.423912800521102,1.3550768267819344,1.4675909154714826,1.423912800521102,1.3550768267819344,1.325622066537749
2012-08-08,1.4600140682879246,1.4173834588296756,1.3349711625696712,1.4602228172593523,1.4173878371505721,1.334971163612462,1.460217203725542,1.4164069196506737,1.3350690482865848,1.460217203725542,1.4164069196506737,1.3350690482865848,1.3272278548547038
2012-08-09,1.461524187584887,1.41993348293324,1.3353254559374224,1.461733152467711,1.419937869131204,1.3353254569804898,1.4617275273609744,1.4189005356879225,1.3354233676326202,1.4617275273609744,1.4189005356879225,1.3354233676326202,1.3283618053716773
2012-08-10,1.464066207235856,1.41872859219347,1.3329281796946744,1.4642755351120522,1.4187329746695128,1.332928180735869,1.4642698875538047,1.4177798631341576,1.3330259156114657,1.4642698875538047,1.4177798631341576,1.3330259156114657,1.3305344772925345
2012-08-13,1.461409514382937,1.4158592500787017,1.3317534197252525,1.4616184628830824,1.4158636236912978,1.3317534207655295,1.4616128325542983,1.414796033405543,1.3318510695036874,1.4616128325542983,1.414796033405543,1.3318510695036874,1.3298730061576336
2012-08-14,1.4651180105850723,1.4180963404792404,1.3347750649358654,1.4653274887015053,1.4181007210022452,1.3347750659785027,1.4653218253653246,1.4168360780449256,1.3348729362740732,1.4653218253653246,1.4168360780449256,1.3348729362740732,1.330061814601294
2012-08-15,1.4712248604747997,1.4269031211213177,1.3463030511809402,1.471435210702031,1.4269075288486122,1.3463030522325823,1.4714294829694177,1.4257048393855214,1.3464017677997278,1.4714294829694177,1.4257048393855214,1.3464017677997278,1.3315736569693404
2012-08-16,1.4723341791091205,1.4383090757111672,1.3602089367367638,1.4725446877368205,1.4383135186716316,1.3602089377992683,1.4725389493362013,1.4374422944182161,1.3603086729937393,1.4725389493362013,1.4374422944182161,1.3603086729937393,1.3413984784789117
2012-08-17,1.4728311973412145,1.4375106451914186,1.361293329556992,1.4730417765393398,1.4375150856855152,1.3612933306203436,1.4730360215490135,1.4367943438748139,1.3613931453262234,1.4730360215490135,1.4367943438748139,1.3613931453262234,1.3431935335124483
2012-08-20,1.47177921894441,1.4343750506829012,1.3593072396278154,1.4719896480561754,1.434379481491093,1.3593072406896154,1.471983885286851,1.4336642593283104,1.359406909768555,1.471983885286851,1.4336642593283104,1.359406909768555,1.3432882126980317
2012-08-21,1.4653181444816412,1.4267056175016608,1.3523472090319977,1.465527650232579,1.4267100246188522,1.352347210088361,1.4655219421816754,1.4259880828435914,1.3524463688339345,1.4655219421816754,1.4259880828435914,1.3524463688339345,1.3392255315943014
2012-08-22,1.4672504838555482,1.432646992770131,1.3583060545351227,1.4674602658239362,1.4326514182403207,1.3583060555961406,1.4674545582321021,1.4323428318582054,1.358405651264748,1.4674545582321021,1.4323428318582054,1.358405651264748,1.339792140234451
2012-08-23,1.4590347816847054,1.4239644387604815,1.3505831848632945,1.4592433890243584,1.4239688374101207,1.3505831859182797,1.4592377092874151,1.423727417451807,1.3506822153195384,1.4592377092874151,1.423727417451807,1.3506822153195384,1.3288340097899969
2012-08-24,1.4683161883756084,1.4317056373105672,1.3588408750068477,1.4685261229518782,1.4317100598728967,1.3588408760682833,1.4685204249233363,1.4313679650526605,1.358940510951766,1.4685204249233363,1.4313679650526605,1.358940510951766,1.336864326193537
2012-08-27,1.4725149658998096,1.437243229191459,1.3631985715330925,1.4727255007588969,1.4372476688594995,1.363198572597932,1.4727197629152542,1.4368225641416104,1.3632985270027023,1.4727197629152542,1.4368225641416104,1.3632985270027023,1.3371469889315213
2012-08-28,1.4728229869252907,1.4415294636693683,1.367036600030766,1.4730335660697678,1.4415339165776542,1.3670366010986037,1.4730278371616439,1.4411695181631414,1.3671368369208152,1.4730278371616439,1.4411695181631414,1.3671368369208152,1.3358248715529781
2012-08-29,1.4743061484330164,1.448649566311665,1.3749034506979128,1.4745169393769233,1.4486540412140572,1.3749034517718954,1.474511199471004,1.4482435235111415,1.3750042644186373,1.474511199471004,1.4482435235111415,1.3750042644186373,1.336864326193537
2012-08-30,1.4667533417481038,1.438666546924341,1.3655219729967822,1.4669630524719879,1.4386709909890238,1.3655219740634368,1.466957323885678,1.4381540976319371,1.3656220988279884,1.466957323885678,1.4381540976319371,1.3656220988279884,1.3272278548547043
2012-08-31,1.4694451596222693,1.4430338838457386,1.3714836270288147,1.469655255234763,1.4430383414011971,1.3714836281001261,1.4696495414009665,1.4424098763154403,1.3715841899936423,1.4696495414009665,1.4424098763154403,1.3715841899936423,1.333557887064875
2012-09-04,1.479713030916287,1.4541167751259854,1.3795491570402745,1.479924594496276,1.454121266916672,1.3795491581178863,1.4799188409478168,1.4534879751115717,1.3796503114037852,1.4799188409478168,1.4534879751115717,1.3796503114037852,1.3323294406714874
2012-09-05,1.4773888725607496,1.451198121010518,1.3755797509055057,1.4776001040562825,1.4512026037854502,1.3755797519800168,1.4775943630907946,1.4505705829262303,1.3756806142154145,1.4775943630907946,1.4505705829262303,1.3756806142154145,1.3311958567728515
2012-09-06,1.5037080248658419,1.4809376770526301,1.4077506336332413,1.503923019624764,1.480942251693489,1.4077506347328823,1.5039171793382997,1.4802972793401936,1.4078538558479774,1.5039171793382997,1.4802972793401936,1.4078538558479774,1.3582149866427233
2012-09-07,1.504954172509441,1.4833120712061845,1.4104164287771814,1.5051693455149189,1.4833166531815705,1.4104164298789048,1.5051635016356146,1.4826706469114646,1.4105198464592625,1.5051635016356146,1.4826706469114646,1.4105198464592625,1.3635048309756606
2012-09-10,1.4997397763850566,1.4713438144236564,1.3959925505101296,1.4999542037778957,1.4713483594289087,1.395992551600586,1.499948379536701,1.4707075654356485,1.3960949105726124,1.499948379536701,1.4707075654356485,1.3960949105726124,1.3557581855105325
2012-09-11,1.5008659884060096,1.4757377462356853,1.4000843992448255,1.5010805770568059,1.4757423048139096,1.4000844003384783,1.5010747491016494,1.4750995967065983,1.400187059338918,1.5010747491016494,1.4750995967065983,1.400187059338918,1.3595371040212665
2012-09-12,1.5043442568990668,1.4812864345181918,1.4064547978393502,1.50455934315973,1.4812910102364116,1.406454798937979,1.5045535038431515,1.4806458855191853,1.4065579250379399,1.5045535038431515,1.4806458855191853,1.4065579250379399,1.3640717145795633
2012-09-13,1.5202335236828144,1.496879632170902,1.4214413226932041,1.5204508813091664,1.4968842560567845,1.4214413238035393,1.5204449768331563,1.4962323400446413,1.4215455487670132,1.5204449768331563,1.4962323400446413,1.4215455487670132,1.3848551248065102
2012-09-14,1.5137908582664823,1.5012709030855649,1.4257152506689403,1.5140072938879658,1.5012755405360827,1.425715251782614,1.5140014048696315,1.5006217128517618,1.4258197901251772,1.5140014048696315,1.5006217128517618,1.4258197901251772,1.3909960736092677
2012-09-17,1.513647191037084,1.5029135774902795,1.4278278667951811,1.5138636063869781,1.502918220015101,1.427827867910505,1.5138577222290697,1.5022636763121573,1.4279325611573441,1.5138577222290697,1.5022636763121573,1.4279325611573441,1.3862729295710638
2012-09-18,1.5169332737507109,1.504644765965246,1.4294248915245436,1.5171501590334309,1.5046494138377322,1.429424892641115,1.5171442618432898,1.5039941162282158,1.4295297029872964,1.5171442618432898,1.5039941162282158,1.4295297029872964,1.3851387040903378
2012-09-19,1.519997131725589,1.502530861274123,1.4270976846522905,1.5202144555721004,1.5025355026166982,1.427097685767044,1.5202085524642055,1.501881125917189,1.4272023254744186,1.5202085524642055,1.501881125917189,1.4272023254744186,1.385894671101653
2012-09-20,1.5222871587859848,1.501447212675241,1.4230612909788216,1.5225048100264433,1.5014518506704029,1.4230612920904224,1.5224988981077494,1.5007979459696954,1.4231656358355391,1.5224988981077494,1.5007979459696954,1.4231656358355391,1.385989350287236
2012-09-21,1.523068795343063,1.502782067550972,1.4285626281247483,1.5232865585465414,1.5027867096695215,1.4285626292406464,1.523280644683046,1.5021322236319827,1.4286673763627113,1.523280644683046,1.5021322236319827,1.4286673763627113,1.3854093600777786
2012-09-24,1.5232476592649846,1.4973085967225093,1.4218939162233384,1.523465447934685,1.497313221933496,1.4218939173340273,1.5234595324994331,1.4966611188203545,1.4219981754832143,1.5234595324994331,1.4966611188203545,1.4219981754832143,1.3833199105194665
2012-09-25,1.5126751207927296,1.4891612851728062,1.4108983116528548,1.5128913978389598,1.4891658852166076,1.4108983127549546,1.5128855249181814,1.4885173304520334,1.411001764668621,1.5128855249181814,1.4885173304520334,1.411001764668621,1.3685989927711153
2012-09-26,1.5003027284103583,1.4754272291160566,1.399356543425249,1.500517236656636,1.4754317867350835,1.3993565445183331,1.5005114122436098,1.4747892139170928,1.3994591501498825,1.5005114122436098,1.4747892139170928,1.3994591501498825,1.360905965237803
2012-09-27,1.5150441008017625,1.4981992076340922,1.4233954277122722,1.515260716913185,1.4982038355961116,1.423395428824134,1.5152548346606058,1.497551345475902,1.4234997970693042,1.5152548346606058,1.497551345475902,1.4234997970693042,1.37372789165402
2012-09-28,1.5109180842793983,1.4896945118610583,1.4154424723297834,1.5111341103409632,1.4896991135519653,1.4154424734354327,1.5111282432757451,1.4890503270045232,1.415546258542579,1.5111282432757451,1.4890503270045232,1.415546258542579,1.367364588829748
2012-10-01,1.5133021965297417,1.494372424060215,1.4183498959232188,1.5135185646908598,1.4943770402012713,1.4183498970311395,1.5135126777054377,1.4937262163458571,1.4184538953205768,1.5135126777054377,1.4937262163458571,1.4184538953205768,1.3709734880866038
2012-10-02,1.5149258109021568,1.4946427779707223,1.4184843863615286,1.5151424101751256,1.494647394946903,1.4184843874695543,1.5151365259606155,1.4939964533478987,1.418588395620293,1.5151365259606155,1.4939964533478987,1.418588395620293,1.3723977086720587
2012-10-03,1.527235159444505,1.5063005386974162,1.428977348703758,1.5274535186276008,1.5063051916846086,1.42897734981998,1.527447587173151,1.5056491729383956,1.4290821273507834,1.527447587173151,1.5056491729383956,1.4290821273507834,1.3780015616108117
2012-10-04,1.5352347295255568,1.5212270314085965,1.445276404877642,1.5354542335955086,1.5212317305039793,1.445276406006596,1.5354482616157346,1.5205692110238278,1.44538237864022,1.5354482616157346,1.5205692110238278,1.44538237864022,1.3878792678155243
2012-10-05,1.5348193633045581,1.5168495037218643,1.4399810332074179,1.5350388083608193,1.516854189294989,1.4399810343322352,1.5350328347958448,1.5161935763003964,1.4400866186910075,1.5350328347958448,1.5161935763003964,1.4400866186910075,1.3879744052740286
2012-10-08,1.5289457194322555,1.5113879180224965,1.434960044706176,1.529164326377678,1.5113925867246933,1.4349600458270713,1.52915836175732,1.5107343523408168,1.4350652620297089,1.52915836175732,1.5107343523408168,1.4350652620297089,1.383225414643052
2012-10-09,1.5100116173244096,1.4907479010015137,1.414847021786198,1.5102275173531847,1.490752505946359,1.414847022891382,1.5102216250474392,1.4901032606305602,1.414950764338048,1.5102216250474392,1.4901032606305602,1.414950764338048,1.3695487175736432
2012-10-10,1.5028597023508923,1.48117025005366,1.4043664169485932,1.5030745785770347,1.4811748254129782,1.4043664180455906,1.5030687240062979,1.480529751322247,1.4044693910182864,1.5030687240062979,1.480529751322247,1.4044693910182864,1.3608111027430514
2012-10-11,1.4993311051204015,1.480828462660766,1.4049566771351265,1.4995454785732012,1.4808330369643006,1.404956678232585,1.4995396242410963,1.4801881117276203,1.4050596944851865,1.4995396242410963,1.4801881117276203,1.4050596944851865,1.3615711942106605
2012-10-12,1.4955298430988222,1.4740300387451875,1.3978263415696008,1.4957436738976202,1.4740345920482727,1.3978263426614896,1.4957378267319308,1.4733926276374165,1.3979288360933795,1.4957378267319308,1.4733926276374165,1.3979288360933795,1.3571068827185229
2012-10-15,1.5155375475814747,1.497071518369685,1.4184017129059454,1.5157542391458365,1.4970761428482704,1.4184017140139062,1.515748311695299,1.4964241434927363,1.418505716102743,1.515748311695299,1.4964241434927363,1.418505716102743,1.368408901163275
2012-10-16,1.5300190371442053,1.5169012188794446,1.4383531442642563,1.5302378004677317,1.5169059046123112,1.438353145387802,1.5302318062962093,1.5162452690949144,1.4384586103841617,1.5302318062962093,1.5162452690949144,1.4384586103841617,1.382275689840524
2012-10-17,1.5381338825129158,1.52012650864029,1.4432833119743818,1.5383538069836142,1.5201312043361346,1.4432833131017786,1.5383477737283353,1.5194691641518132,1.4433891395949805,1.5383477737283353,1.5194691641518132,1.4433891395949805,1.3885437635517073
2012-10-18,1.5237938481295876,1.499511693788923,1.4224460447691212,1.5240117299406397,1.499516325805262,1.4224460458802413,1.5240056892578215,1.4988632637130574,1.4225503445133911,1.5240056892578215,1.4988632637130574,1.4225503445133911,1.3849352309131888
2012-10-19,1.5017976421865646,1.4738992642583562,1.3981209286023843,1.5020123793665932,1.4739038171574788,1.3981209296945034,1.5020064220915421,1.47326190970107,1.398223444726527,1.5020064220915421,1.47326190970107,1.398223444726527,1.3618553234219941
2012-10-22,1.507646211993596,1.4833755041012635,1.4078023301932376,1.507861785222661,1.4833800862726503,1.4078023312929193,1.5078558058065135,1.4827340517573837,1.4079055561985838,1.5078558058065135,1.4827340517573837,1.4079055561985838,1.3620459649573404
2012-10-23,1.4911725774627966,1.4676347437244543,1.3918313275955432,1.4913857961021533,1.4676392772723683,1.3918313286827493,1.4913798752944099,1.4670000981180482,1.3919333825396087,1.4913798752944099,1.4670000981180482,1.3919333825396087,1.3431458731286123
2012-10-24,1.488101911086229,1.4652409587254043,1.3889304916780512,1.4883146892815944,1.4652454848788765,1.3889304927629913,1.488308792095682,1.464607348257433,1.3890323339205908,1.488308792095682,1.464607348257433,1.3890323339205908,1.339347065573085
2012-10-25,1.4874338815802925,1.467400402166491,1.392744520218423,1.4876465679387205,1.4674049349905287,1.3927445213063423,1.4876406421866823,1.466765857895825,1.3928466421216237,1.4876406421866823,1.466765857895825,1.3928466421216237,1.3432409189325327
2012-10-26,1.5090355507620086,1.4888298989809439,1.4135895347036858,1.509251327100928,1.4888344980010515,1.4135895358078878,1.5092453052083015,1.4881860880067894,1.4136931850512786,1.5092453052083015,1.4881860880067894,1.4136931850512786,1.3424812857378452
2012-10-31,1.5144486375863708,1.4915693311241862,1.4151884479698673,1.5146651884595193,1.4915739386064344,1.4151884490753184,1.514659142550508,1.4909243355442594,1.4152922155565255,1.514659142550508,1.4909243355442594,1.4152922155565255,1.3424812857378452
2012-11-01,1.5324518806891474,1.517653831792505,1.4427872528793477,1.5326710058513389,1.5176585198502057,1.442787254006357,1.5326648880576068,1.5169975565574763,1.442893044126801,1.5326648880576068,1.5169975565574763,1.442893044126801,1.3565370661679235
2012-11-02,1.5178741325577956,1.4987896484908714,1.4246560776702335,1.518091173254291,1.4987942782767991,1.42465607878308,1.518085113647414,1.498141530647231,1.4247605394634382,1.518085113647414,1.498141530647231,1.4247605394634382,1.3444755061830684
2012-11-05,1.52603376498307,1.508220080967093,1.4348877200613515,1.5262519724152503,1.508224739883782,1.4348877211821902,1.52624588025154,1.507567885145222,1.4349929320817363,1.52624588025154,1.507567885145222,1.4349929320817363,1.3472298180959006
2012-11-06,1.537039165615772,1.5200633263670533,1.4464719113228235,1.5372589467149418,1.5200680218677227,1.4464719124527108,1.5372528106052052,1.5194060092003097,1.4465779727449766,1.5372528106052052,1.5194060092003097,1.4465779727449766,1.3577721116913808
2012-11-07,1.511323864974286,1.4866538570612353,1.414604250830702,1.5115399690352194,1.4866584493595034,1.4146042519356963,1.5115339356031363,1.486010987067417,1.4147079755815613,1.5115339356031363,1.486010987067417,1.4147079755815613,1.326999909903548
2012-11-08,1.5003011972192657,1.4742312910025344,1.4024700412516147,1.5005157251592136,1.474235844927291,1.4024700423471306,1.5005097357138932,1.4735937928677663,1.4025728762710423,1.5005097357138932,1.4735937928677663,1.4025728762710423,1.3110437633225709
2012-11-09,1.50176549431315,1.4759336987567944,1.4045448240667717,1.5019802316375923,1.4759382579403166,1.4045448251639083,1.50197423633759,1.4752954644541165,1.4046478112180274,1.50197423633759,1.4752954644541165,1.4046478112180274,1.3121833964237706
2012-11-12,1.497179196718393,1.4743843918776143,1.404130360863456,1.49739327824481,1.474388946275302,1.404130361960269,1.4973873012610337,1.4737468275378138,1.4042333176245214,1.4973873012610337,1.4737468275378138,1.4042333176245214,1.3132287169577244
2012-11-13,1.4951354662655088,1.470379512515079,1.4002014094070967,1.495349255559362,1.4703840545416282,1.4002014105008405,1.4953432867339653,1.4697436799951995,1.4003040780808678,1.4953432867339653,1.4697436799951995,1.4003040780808678,1.3086691763524978
2012-11-14,1.4738350301208483,1.445911738573548,1.3762355369050985,1.4740457736652761,1.4459162050187404,1.3762355379801219,1.4740398898782043,1.4452864865917103,1.3763364483000031,1.4740398898782043,1.4452864865917103,1.3763364483000031,1.2910041300472272
2012-11-15,1.4675455917674087,1.4437574838639275,1.3740379240472758,1.4677554359799205,1.4437619436545917,1.3740379251205825,1.4677495773119236,1.4431331634410205,1.3741386743039357,1.4677495773119236,1.4431331634410205,1.3741386743039357,1.288819634684995
2012-11-16,1.4831129556093818,1.457753894539324,1.3868449488800878,1.4833250258005908,1.4577583975651314,1.3868449499633988,1.4833191049801462,1.4571235216837002,1.3869466382018323,1.4833191049801462,1.4571235216837002,1.3869466382018323,1.2951827542000984
2012-11-19,1.503962298383343,1.482204262225079,1.4121434131452721,1.50417734983236,1.4822088407784753,1.4121434142483447,1.5041713457553187,1.4815633163583681,1.4122469574571326,1.5041713457553187,1.4815633163583681,1.4122469574571326,1.3213964235831321
2012-11-20,1.5122526928555458,1.4881007305444023,1.4187892731933844,1.5124689297531215,1.4881053273120863,1.4187892743016481,1.5124628925686714,1.487457234882716,1.4188933048077377,1.5124628925686714,1.487457234882716,1.4188933048077377,1.3219659651699793
2012-11-21,1.5180994642654282,1.496039466864044,1.426826855422628,1.5183165371940557,1.4960440881546155,1.4268268565371702,1.5183104766651403,1.4953925382745414,1.426931476386415,1.5183104766651403,1.4953925382745414,1.426931476386415,1.324434956361882
2012-11-23,1.536623207218766,1.5153798552745406,1.446216395903636,1.5368429288579035,1.5153845363078906,1.446216397033324,1.5368367943752852,1.5147245633694497,1.4463224385903215,1.5368367943752852,1.5147245633694497,1.4463224385903215,1.3424812857378454
2012-11-26,1.5373840377989665,1.5138118965758063,1.4437065804858469,1.5376038682304947,1.513816572765706,1.4437065816135743,1.537597730708099,1.5131572826991655,1.4438124391422789,1.537597730708099,1.5131572826991655,1.4438124391422789,1.3396314697481717
2012-11-27,1.5318978957474692,1.5019709734929767,1.4315646615513853,1.5321169417216844,1.50197561310607,1.4315646626696283,1.5321108260902239,1.5013214799569572,1.431669629911103,1.5321108260902239,1.5013214799569572,1.431669629911103,1.3327937627955573
2012-11-28,1.5413756385101451,1.5140220882694018,1.4430409464368443,1.541596039697464,1.514026765108587,1.4430409475640518,1.5415898862453092,1.5133673835000863,1.4431467562861797,1.5415898862453092,1.5133673835000863,1.4431467562861797,1.3435255064167877
2012-11-29,1.54636705273439,1.5222332463570476,1.4507976065522659,1.5465881676429112,1.5222379485606354,1.4507976076855322,1.5465819942655195,1.5215749908572516,1.4509039851526406,1.5465819942655195,1.5215749908572516,1.4509039851526406,1.3497941300554765
2012-11-30,1.5459167283755053,1.519966383340089,1.447730299991203,1.5461377788902564,1.5199710785412994,1.4477303011220735,1.546131607314252,1.519309108094192,1.447836453683722,1.546131607314252,1.519309108094192,1.447836453683722,1.3500786258851472
2012-12-03,1.5385318557390542,1.515989792345244,1.443942695648758,1.5387518503217525,1.5159944752626993,1.4439426967766698,1.5387457081893914,1.515334236686604,1.4440485716181495,1.5387457081893914,1.515334236686604,1.4440485716181495,1.343430277303699
2012-12-04,1.535615295432773,1.5142887596848016,1.4423225042084804,1.5358348730268985,1.514293437347739,1.4423225053351267,1.535828742575863,1.513633939599443,1.4424282613786013,1.535828742575863,1.513633939599443,1.4424282613786013,1.34153119431698
2012-12-05,1.5370428595629793,1.5207762737538195,1.4485017005330052,1.5372626410503494,1.5207809714567948,1.4485017016644783,1.5372565051933655,1.5201186482890447,1.448607910787866,1.5372565051933655,1.5201186482890447,1.448607910787866,1.343905414668716
2012-12-06,1.5431749454416777,1.525324799523738,1.4528340585703792,1.5433956037653518,1.5253295112771843,1.4528340597052365,1.543389443376187,1.5246652071513878,1.4529405864920064,1.543389443376187,1.5246652071513878,1.4529405864920064,1.348464588655605
2012-12-07,1.543993711640491,1.5277696651588524,1.4551627324793273,1.5442144869361942,1.5277743844645288,1.4551627336160036,1.5442083233911081,1.5271090155593956,1.4552694311491485,1.5442083233911081,1.5271090155593956,1.4552694311491485,1.3525480753499717
2012-12-10,1.5428537877780883,1.5205085535403915,1.4482467036665294,1.5430743999819043,1.5205132504163743,1.4482467047978034,1.5430682410076308,1.5198510438451962,1.4483528952239444,1.5430682410076308,1.5198510438451962,1.4483528952239444,1.3531179835551557
2012-12-11,1.5451151967318324,1.5227692356009193,1.4503999472866158,1.5453361323261596,1.5227739394601862,1.4503999484195715,1.5453299642658955,1.522110748324658,1.450506296728936,1.5453299642658955,1.522110748324658,1.450506296728936,1.3623308274053487
2012-12-12,1.5410047382427703,1.5191408774811612,1.4469440261249584,1.5412250860394803,1.5191455701323702,1.4469440272552148,1.5412189344408185,1.5184839592066894,1.447050122164561,1.5412189344408185,1.5184839592066894,1.447050122164561,1.3629951398323628
2012-12-13,1.532818828834433,1.5087849608752941,1.4370802722822253,1.5330380061418207,1.508789621536906,1.437080273404777,1.5330318871997775,1.5081325207838323,1.4371856450697884,1.5330318871997775,1.5081325207838323,1.4371856450697884,1.3546372499445305
2012-12-14,1.5268221832546574,1.5046726254969702,1.4331633747796355,1.527040503020251,1.5046772734555105,1.4331633758991276,1.5270344080799332,1.5040219636923684,1.433268460363751,1.5270344080799332,1.5040219636923684,1.433268460363751,1.3496041301022206
2012-12-17,1.5405668389639908,1.520365021811616,1.4481099932530388,1.5407871239735884,1.5203697182442273,1.4481099943842062,1.5407809742919585,1.5197075741834858,1.4482161747862698,1.5407809742919585,1.5197075741834858,1.4482161747862698,1.3654657808067832
2012-12-18,1.5624708588999312,1.5467381787047616,1.4732297714001887,1.5626942760071116,1.5467429566044892,1.473229772550978,1.5626880388805438,1.5460693265986298,1.4733377948215156,1.5626880388805438,1.5460693265986298,1.4733377948215156,1.3806611943380611
2012-12-19,1.5541840198668613,1.5383403723195332,1.465231069000838,1.554406252074328,1.5383451242782984,1.4652310701453792,1.5544000479657374,1.5376751516557263,1.4653385059235642,1.5544000479657374,1.5376751516557263,1.4653385059235642,1.3704033049176674
2012-12-20,1.5683820273747817,1.5525660530107723,1.4787806772029943,1.5686062896666602,1.5525708489128998,1.4787806783581197,1.5686000289754964,1.5518946807715905,1.4788891076401498,1.5686000289754964,1.5518946807715905,1.4788891076401498,1.3782863324042356
2012-12-21,1.5565478387512848,1.5363236297673457,1.4633101717151578,1.5567704089271461,1.5363283754963601,1.4633101728581985,1.5567641953840334,1.535659281198456,1.463417467789592,1.5567641953840334,1.535659281198456,1.463417467789592,1.365775664956305
2012-12-24,1.556286346353327,1.5362970638285407,1.4632848683170185,1.5565088791694175,1.5363018094754926,1.4632848694600396,1.5565026666518067,1.5356327267474932,1.4633921625361008,1.5565026666518067,1.5356327267474932,1.4633921625361008,1.3615673447181205
2012-12-26,1.5440391822829218,1.5229025541884273,1.4505269299362342,1.5442599635691228,1.5229072584595182,1.4505269310692896,1.5442538002202164,1.5222440092615446,1.450633288689458,1.5442538002202164,1.5222440092615446,1.450633288689458,1.3558281179583547
2012-12-27,1.540631836904032,1.5216970042792761,1.4493786735334877,1.5408521309564784,1.5217017048264037,1.449378674665646,1.5408459812230482,1.521038980665313,1.4494849480917082,1.5408459812230482,1.521038980665313,1.4494849480917082,1.3540110658245856
2012-12-28,1.5290906917473905,1.5106966821935663,1.43890113944609,1.5293093355483969,1.5107013487605176,1.438901140570064,1.5293032318461852,1.5100434154212568,1.4390066457473143,1.5293032318461852,1.5100434154212568,1.4390066457473143,1.3393763950400615
2012-12-31,1.5526336230277424,1.5345998355453583,1.4616683004517705,1.5528556332665429,1.5346045759495444,1.4616683015935286,1.552849435566752,1.5339362323924755,1.4617754761372779,1.552849435566752,1.5339362323924755,1.4617754761372779,1.3621409191066765
2013-01-02,1.5909527389473865,1.578188387863908,1.5033038357046338,1.591180222738432,1.578193262913851,1.5033038368789147,1.591121504135851,1.5775059358228147,1.5034140642832161,1.591121504135851,1.5775059358228147,1.5034140642832161,1.3970534334311424
2013-01-03,1.5916255934168912,1.5715397659157235,1.4969398128242652,1.5918531447946513,1.571544620427964,1.496939813993575,1.591688414791861,1.570860188921522,1.497049574765845,1.591688414791861,1.570860188921522,1.497049574765845,1.3938969412023972
2013-01-04,1.6003203915274573,1.583386192090615,1.5082388265791888,1.6005491323199545,1.583391083196661,1.5082388277573247,1.600343559782562,1.5827014923760938,1.5083494170121194,1.600343559782562,1.5827014923760938,1.5083494170121194,1.4000180009603613
2013-01-07,1.5901253684785803,1.5760167795255429,1.5012737617603649,1.5903526676011763,1.576021647867352,1.50127376293306,1.590132305812423,1.5753352665475897,1.5013838414853624,1.590132305812423,1.5753352665475897,1.5013838414853624,1.3961922469570494
2013-01-08,1.5888549131266787,1.572391587532687,1.4977283679460818,1.5890820553095202,1.5723964446762186,1.4977283691160075,1.5890948339546467,1.5717116421874031,1.4978381877078495,1.5890948339546467,1.5717116421874031,1.4978381877078495,1.3921752098363012
2013-01-09,1.5927684744523276,1.575924822852728,1.5010862626402592,1.5929961541870141,1.5759296909104819,1.501086263812808,1.593015781186649,1.575243349639368,1.5011963286170305,1.593015781186649,1.575243349639368,1.5011963286170305,1.3957139933361664
2013-01-10,1.6005981176015571,1.5822046279364617,1.5070533769729118,1.6008269554446641,1.582209515392637,1.5070533781501216,1.601017330479281,1.5815204391627604,1.5071638804836767,1.601017330479281,1.5815204391627604,1.5071638804836767,1.4068092390387348
2013-01-11,1.6004419865270652,1.5806825133617022,1.5055720263409422,1.600670787704805,1.5806873961160408,1.5055720275169948,1.6008163330786287,1.579998982792184,1.50568242123283,1.6008163330786287,1.579998982792184,1.50568242123283,1.406713734961893
2013-01-14,1.5974145268805433,1.5792561804105634,1.5042305152168391,1.597642921767468,1.5792610587589362,1.5042305163918437,1.5977575915473567,1.5785732666266212,1.5043408117434722,1.5977575915473567,1.5785732666266212,1.5043408117434722,1.4057571360655425
2013-01-15,1.5981871819687774,1.5797050996082098,1.5046658709509415,1.5984156932143276,1.5797099793433014,1.5046658721262862,1.5985471942715765,1.5790219916992665,1.5047761993996935,1.5985471942715765,1.5790219916992665,1.5047761993996935,1.4067137349618932
2013-01-16,1.5906570067665877,1.5693943883395134,1.49473587264346,1.5908843950148097,1.5693992362246478,1.494735873811048,1.5908833748212805,1.5687157390655495,1.4948454729828486,1.5908833748212805,1.5687157390655495,1.4948454729828486,1.4065225434990414
2013-01-17,1.5995495775307693,1.5799571513717883,1.5047995337408644,1.5997781872050278,1.5799620318854717,1.5047995349163135,1.5996231618847356,1.5792739344687337,1.5049098719903358,1.5996231618847356,1.5792739344687337,1.5049098719903358,1.415609087332067
2013-01-18,1.6004997939669656,1.5807558881858697,1.5054920825922753,1.6007285238568931,1.5807607711668643,1.5054920837682653,1.6005101365546228,1.5800723258870604,1.5056024716223497,1.6005101365546228,1.5800723258870604,1.5056024716223497,1.4187653045970596
2013-01-22,1.6150943841527965,1.5949221910892784,1.518884195952544,1.6153252111997838,1.5949271178302162,1.518884197138995,1.6152990798231874,1.594232502891682,1.5189955669488617,1.6152990798231874,1.594232502891682,1.5189955669488617,1.4264173625311891
2013-01-23,1.6137900904921016,1.595513532225084,1.519499274865968,1.6140207633528116,1.5955184607926844,1.5194992760528994,1.6140662327290054,1.5948235883153252,1.519610690962466,1.6140662327290054,1.5948235883153252,1.519610690962466,1.4287131265587627
2013-01-24,1.6229536200714816,1.6061951262687708,1.5293459425596558,1.6231855270559696,1.6062000878319909,1.529345943754279,1.623271867308598,1.6055005633441255,1.5294580806553653,1.623271867308598,1.6055005633441255,1.5294580806553653,1.4290956927936356
2013-01-25,1.6239503860610576,1.6148536791674295,1.53763718922386,1.6241824372533489,1.6148586674770622,1.5376371904249597,1.6241888027559888,1.6141553720464994,1.5377499352687496,1.6241888027559888,1.6141553720464994,1.5377499352687496,1.4371298586897163
2013-01-28,1.619787431586782,1.607947898689186,1.5310786933395792,1.6200188737693288,1.607952865666749,1.5310786945355557,1.6200616031926531,1.607252577817565,1.531190958487885,1.6200616031926531,1.607252577817565,1.531190958487885,1.4354080356690362
2013-01-29,1.6280086082066587,1.6109068516817826,1.5339122707394852,1.628241213707653,1.6109118277996002,1.533912271937675,1.6283651678834172,1.6102102512775502,1.5340247436576386,1.6283651678834172,1.6102102512775502,1.5340247436576386,1.4410521249702977
2013-01-30,1.621573947715946,1.6051981068630128,1.5284346810870673,1.621805629705603,1.6052030653464233,1.5284346822809782,1.621820419610531,1.6045039750769654,1.5285467523652414,1.621820419610531,1.6045039750769654,1.5285467523652414,1.4354080356690362
2013-01-31,1.6213051530495686,1.6002726766943844,1.5235222090437883,1.6215368143767779,1.60027761996306,1.5235222102338621,1.621790015774484,1.599580674799735,1.52363392011879,1.621790015774484,1.599580674799735,1.52363392011879,1.4318695271329238
2013-02-01,1.6392833958545574,1.6202731934412171,1.5425634836340008,1.6395176068018014,1.6202781984918186,1.5425634848389482,1.6397806327278228,1.6195725427733403,1.5426765908955766,1.6397806327278228,1.6195725427733403,1.5426765908955766,1.4465990604121997
2013-02-04,1.613305673570894,1.5933402886327859,1.5169223043354407,1.6135361766634337,1.5933452104872003,1.516922305520359,1.613796092638754,1.5926512844932958,1.517033531477589,1.613796092638754,1.5926512844932958,1.517033531477589,1.4303394455026017
2013-02-05,1.6336709065381902,1.6161388479215728,1.5386274249167764,1.6339043172139247,1.6161438402011126,1.5386274261186492,1.6341658488725577,1.6154399850583459,1.5387402435699238,1.6341658488725577,1.6154399850583459,1.5387402435699238,1.4447822832421835
2013-02-06,1.6372560275837145,1.6164478264830875,1.5389215845980866,1.6374899520792403,1.6164528197170673,1.5389215858001892,1.637751679967302,1.615748830009037,1.539034424820263,1.637751679967302,1.615748830009037,1.539034424820263,1.4458343862153757
2013-02-07,1.623472913455938,1.5902150779497817,1.5139469814715063,1.6237048704846355,1.5902199901503689,1.5139469826541005,1.6239633943100455,1.5895274252372984,1.5140579904504317,1.6239633943100455,1.5895274252372984,1.5140579904504317,1.4439214633864277
2013-02-08,1.641301101647164,1.604959869214191,1.5279845997388166,1.6415356079820733,1.6049648269616816,1.527984600932376,1.6417995652640698,1.6042658404486516,1.528096638015128,1.6417995652640698,1.6042658404486516,1.528096638015128,1.4519558125916772
2013-02-11,1.6431712284874473,1.6055145935354862,1.5285127189998013,1.6434059988700083,1.6055195529965294,1.5285127201937734,1.6436717693438188,1.6048203248919015,1.5286247960000445,1.6436717693438188,1.6048203248919015,1.5286247960000445,1.4516688420882302
2013-02-12,1.6525323146186168,1.6196440872228397,1.5419645498963295,1.652768436642642,1.619649090330122,1.5419645511008093,1.6530320997458996,1.618943708597785,1.5420776132415577,1.6530320997458996,1.618943708597785,1.5420776132415577,1.454059835228893
2013-02-13,1.6539057515074607,1.626096057576366,1.5481070781471988,1.6541420462962473,1.6261010806138911,1.5481070793564768,1.6544033410705379,1.6253928889419749,1.5482205918885092,1.6544033410705379,1.6253928889419749,1.5482205918885092,1.4553034962832743
2013-02-14,1.6627087743337756,1.6353907865147814,1.5569560238118645,1.6629463210997568,1.6353958382638774,1.5569560250280547,1.6632101286022103,1.6346835985840982,1.5570701863951983,1.6632101286022103,1.6346835985840982,1.5570701863951983,1.456642478105329
2013-02-15,1.6642881530053926,1.629116410953186,1.5509825727524373,1.6645259655359876,1.6291214433206325,1.5509825739639616,1.6647821954204252,1.6284119362349694,1.551096297337142,1.6647821954204252,1.6284119362349694,1.551096297337142,1.454920746739233
2013-02-19,1.6725700848120746,1.6401069250960747,1.5614459722901268,1.6728090601370678,1.6401119914134006,1.5614459735098243,1.6730707240108926,1.639397697777429,1.561560464095423,1.6730707240108926,1.639397697777429,1.561560464095423,1.4658249842881184
2013-02-20,1.6529005754559505,1.614384018193061,1.5369567583463764,1.6531367548009703,1.6143890050519036,1.5369567595469447,1.6533935874186114,1.6136859141664468,1.537069454499204,1.6533935874186114,1.6136859141664468,1.537069454499204,1.4475558426177189
2013-02-21,1.6161438642842427,1.5755135038299848,1.4999505076170125,1.6163747784100992,1.5755183706171676,1.499950508788674,1.6166274744561568,1.5748322084822768,1.5000604903154342,1.6166274744561568,1.5748322084822768,1.5000604903154342,1.4387562692881397
2013-02-22,1.6397494246139566,1.5963016575134543,1.5197416433922002,1.6399836891424493,1.5963065885155867,1.519741644579321,1.6402457595645252,1.5956113727966565,1.5198530772601813,1.6402457595645252,1.5956113727966565,1.5198530772601813,1.45281699906577
2013-02-25,1.6035320183790864,1.5560526205698195,1.4814229852226948,1.603761102894499,1.5560574272420133,1.4814229863798838,1.6040199584682473,1.5553797406429857,1.4815316094050204,1.6040199584682473,1.5553797406429857,1.4815316094050204,1.4251738847859765
2013-02-26,1.6211696451487962,1.5732216594816357,1.4977685821144202,1.6214012385799983,1.5732265191892738,1.4977685832843775,1.621668025382452,1.5725413551904237,1.4978784048248601,1.621668025382452,1.5725413551904237,1.4978784048248601,1.4349305152848277
2013-02-27,1.6459372077183432,1.594596875177518,1.5181186238979538,1.6461723120092215,1.5946018009135494,1.518118625083807,1.646449452075426,1.5939073276554643,1.5182299387592992,1.646449452075426,1.5939073276554643,1.5182299387592992,1.4530083738377908
2013-02-28,1.6514526900588864,1.600933512170833,1.5241513502767519,1.6516886004669493,1.6009384574808407,1.5241513514673175,1.6519614605118285,1.6002412245127584,1.5242631074830433,1.6519614605118285,1.6002412245127584,1.5242631074830433,1.450138760457908
2013-03-01,1.6546393100867802,1.6029065005171714,1.5259164220835753,1.6548756757132974,1.6029114519047627,1.525916423282404,1.65514963609726,1.6022133596721135,1.5260283087057147,1.65514963609726,1.6022133596721135,1.5260283087057147,1.454920746739233
2013-03-04,1.664027188109652,1.6162005336505239,1.5386026804902835,1.6642648947913026,1.6162055261080799,1.5386026816972098,1.6645400556116299,1.6155016441034182,1.5387154973241568,1.6645400556116299,1.6155016441034182,1.5387154973241568,1.4626679421318673
2013-03-05,1.684276137657897,1.6368066518501518,1.5581977827775293,1.6845167369302316,1.6368117079569338,1.5581977840011432,1.6847967372160768,1.636098851648578,1.558312036405623,1.6847967372160768,1.636098851648578,1.558312036405623,1.4757720730131472
2013-03-06,1.685741466835883,1.6408202572550363,1.5620714318600863,1.6859822754653242,1.6408253257678005,1.5620714330835335,1.6862647079081754,1.6401107214659947,1.5621859695235607,1.6862647079081754,1.6401107214659947,1.5621859695235607,1.4777808665372743
2013-03-07,1.6862787110696518,1.6455287829139789,1.5666891232275872,1.6865195964471966,1.6455338659917254,1.5666891244464387,1.6868022779628684,1.644817211044011,1.56680399948761,1.6868022779628684,1.644817211044011,1.56680399948761,1.4804594717634738
2013-03-08,1.6905925922354545,1.6485829649956982,1.5697029860103189,1.6908340938319868,1.6485880575238023,1.5697029872250727,1.6911162197598293,1.6478700724252378,1.5698180832657178,1.6911162197598293,1.6478700724252378,1.5698180832657178,1.4867717229842898
2013-03-11,1.6936797457371549,1.652777703933237,1.5738026322087644,1.693921688353068,1.652782809434886,1.573802633420273,1.6942055189212981,1.6520629974541388,1.5739180300737559,1.6942055189212981,1.6520629974541388,1.5739180300737559,1.4924155373217982
2013-03-12,1.6908286987018715,1.6466462363832859,1.5678694854977653,1.6910702340518873,1.6466513229303572,1.567869486710459,1.6913540363033492,1.645934181308665,1.5679844483137804,1.6913540363033492,1.645934181308665,1.5679844483137804,1.489067028738942
2013-03-13,1.7034159912041906,1.6580161881237698,1.5786703336716903,1.7036593246379144,1.6580213097892376,1.5786703348942668,1.703944315189504,1.657299216366829,1.5787860884500553,1.703944315189504,1.657299216366829,1.5787860884500553,1.4911720595765852
2013-03-14,1.7158328418655617,1.6694462394462921,1.5895257024821365,1.716077949055653,1.6694513964154,1.5895257037148023,1.7163653918646697,1.6687243250180206,1.5896422532203756,1.7163653918646697,1.6687243250180206,1.5896422532203756,1.4991101714683186
2013-03-15,1.7104146066276842,1.6641557364454946,1.5845093495613394,1.710658939876366,1.664160877075216,1.5845093507888461,1.7109489699335123,1.663436109778417,1.5846255324806227,1.7109489699335123,1.663436109778417,1.5846255324806227,1.497131715611595
2013-03-18,1.6997584146582418,1.6539212084408537,1.5748101417665628,1.7000012256875423,1.6539263174626246,1.5748101429837909,1.7002907790493478,1.6532060074699577,1.5749256135016318,1.7002907790493478,1.6532060074699577,1.5749256135016318,1.4888689631822674
2013-03-19,1.7008478059978698,1.653644166107336,1.5743348351015944,1.7010907726775637,1.6536492742415598,1.5743348363313088,1.7013824534587527,1.6529290849136584,1.5744502719727314,1.7013824534587527,1.6529290849136584,1.5744502719727314,1.4854103774436658
2013-03-20,1.723360575050232,1.6747004689199927,1.594230331818916,1.7236067576880676,1.674705642074822,1.5942303330733432,1.723902398399004,1.6739762823854012,1.5943472275029211,1.723902398399004,1.6739762823854012,1.5943472275029211,1.4957864096232238
2013-03-21,1.7057478198801825,1.6561712467548595,1.5764701973002073,1.7059914865374568,1.6561763626546588,1.5764701985480283,1.7062845823281154,1.6554550727519857,1.5765857907292002,1.7062845823281154,1.6554550727519857,1.5765857907292002,1.483008752371224
2013-03-22,1.7200164260319262,1.6682340903237232,1.5877697047905903,1.7202621309756487,1.6682392434580948,1.5877697060584657,1.7205583956061785,1.6675126999951637,1.5878861267362716,1.7205583956061785,1.6675126999951637,1.5878861267362716,1.4949223818570172
2013-03-25,1.714346425014904,1.6610895965553434,1.5809318722530423,1.7145913199946385,1.66109472761485,1.5809318735177633,1.7148864589831887,1.6603712956982808,1.5810477928178819,1.7148864589831887,1.6603712956982808,1.5810477928178819,1.4886774967556624
2013-03-26,1.728108572004518,1.672956702484022,1.5922302612292238,1.7283554328953248,1.6729618702012805,1.5922302625027436,1.728651902285529,1.6722332699641946,1.5923470102396289,1.728651902285529,1.6722332699641946,1.5923470102396289,1.5005899347318596
2013-03-27,1.7306530891782326,1.671112422175161,1.5903215278002532,1.7309003135418413,1.671117584172442,1.590321529081571,1.731196435632986,1.670389787155841,1.590438136845282,1.731196435632986,1.670389787155841,1.590438136845282,1.5005899347318596
2013-03-28,1.7509714100734204,1.689232575875174,1.6074994161037375,1.7512215368647346,1.6892377938349128,1.607499417402921,1.7515178832052258,1.6885021051951594,1.6076172846996943,1.7515178832052258,1.6885021051951594,1.6076172846996943,1.5052019017593061
2013-04-01,1.733767962778213,1.6722073429127573,1.5912979454258849,1.734015632051867,1.672212508282355,1.5912979467119743,1.7343090667145904,1.6714842344122773,1.5914146260620938,1.7343090667145904,1.6714842344122773,1.5914146260620938,1.499245270325578
2013-04-02,1.7456765301532282,1.6836343390417883,1.6021720487717312,1.7459259005692973,1.6836395397088377,1.6021720500666092,1.746221350712099,1.6829062891935318,1.6022895267427826,1.746221350712099,1.6829062891935318,1.6022895267427826,1.5066431700974405
2013-04-03,1.7146202474456809,1.653664431799831,1.5736522291328225,1.7148651814624456,1.6536695398912509,1.5736522304046505,1.7151553754272113,1.6529493417647085,1.5737676159111404,1.7151553754272113,1.6529493417647085,1.5737676159111404,1.4913667339136403
2013-04-04,1.7383918236214972,1.6769252518951365,1.5957875793831724,1.7386401534150913,1.6769304318381322,1.59578758067289,1.7389343706809948,1.6762001032409017,1.5959045892181638,1.7389343706809948,1.6762001032409017,1.5959045892181638,1.497420244242974
2013-04-05,1.7311786366482322,1.6705058494711262,1.5896787783834136,1.7314259360359685,1.6705110095848907,1.5896787796681942,1.7317189325546938,1.6697834767432624,1.5897953402955072,1.7317189325546938,1.6697834767432624,1.5897953402955072,1.4906948141561287
2013-04-08,1.7508205956906475,1.6896524085129747,1.607898935228436,1.7510707009381505,1.6896576277695567,1.607898936527942,1.7513670218185233,1.6889217562857672,1.6080168331188096,1.7513670218185233,1.6889217562857672,1.6080168331188096,1.5007822260497226
2013-04-09,1.751940476032282,1.6907024012896692,1.6088981243274119,1.752190741255024,1.6907076237896292,1.6088981256277253,1.7524872516681023,1.6899712950166728,1.609016095482519,1.7524872516681023,1.6899712950166728,1.609016095482519,1.5059703337940855
2013-04-10,1.7762111037568842,1.7145295199306807,1.6315723728884879,1.7764648360461295,1.7145348160314862,1.6315723742071266,1.77676545423292,1.7137881101554875,1.631692006614552,1.77676545423292,1.7137881101554875,1.631692006614552,1.524417377012613
2013-04-11,1.783212398341095,1.7219669725641342,1.6386499659543103,1.7834671307674557,1.72197229163888,1.6386499672786692,1.7837689339792375,1.7212223466296268,1.6387701186391679,1.7837689339792375,1.7212223466296268,1.6387701186391679,1.5294124602024386
2013-04-12,1.7812795246514268,1.7198355249401913,1.6366216479714129,1.7815339809661683,1.719840837430996,1.6366216492941323,1.7818354570147183,1.7190918207023274,1.636741651931493,1.7818354570147183,1.7190918207023274,1.636741651931493,1.5256666289966376
2013-04-15,1.7255155883328501,1.6655452281437138,1.58495817566641,1.7257620787524963,1.6655503729343528,1.5849581769473746,1.7260541168758805,1.6648250005251064,1.585074391444123,1.7260541168758805,1.6648250005251064,1.585074391444123,1.4903102315204013
2013-04-16,1.7563509585722605,1.6955339018859925,1.613495853792504,1.7566018538338268,1.69553913931023,1.6134958550965328,1.7568991107730505,1.6948007063390997,1.6136141620724096,1.7568991107730505,1.6948007063390997,1.6136141620724096,1.5123117311727097
2013-04-17,1.7350810041450755,1.6751873234221724,1.5941337402106281,1.7353288609872908,1.6751924979967887,1.5941337414990084,1.7356225180742364,1.6744629262960646,1.5942506287791984,1.7356225180742364,1.6744629262960646,1.5942506287791984,1.4902141775160538
2013-04-18,1.7111544150300915,1.6522428822305517,1.572299460937836,1.7113988539518894,1.6522479859308716,1.5722994622085695,1.7116884615555925,1.6515284069126066,1.5724147485255189,1.7116884615555925,1.6515284069126066,1.5724147485255189,1.4808950143480715
2013-04-19,1.7401088765791635,1.6802882280310383,1.5989878386322767,1.7403574516544953,1.6802934183621083,1.5989878399245796,1.7406519597214904,1.6795616251333207,1.599105083123692,1.7406519597214904,1.6795616251333207,1.599105083123692,1.4937693671865082
2013-04-22,1.7539684177889296,1.6935055283035851,1.6115656226355122,1.7542189727038628,1.6935107594622723,1.6115656239379803,1.7545158264365504,1.6927732098812822,1.6116837893827776,1.7545158264365504,1.6927732098812822,1.6116837893827776,1.5003981933415005
2013-04-23,1.7800880769655965,1.7188643272696047,1.6356974414940544,1.7803423630816997,1.7188696367604255,1.6356974428160258,1.7806436375019226,1.7181210430043565,1.635817377687441,1.7806436375019226,1.7181210430043565,1.635817377687441,1.5158661876064898
2013-04-24,1.7811103589290354,1.7200588822440275,1.636834198179494,1.7813647910784494,1.7200641954247724,1.6368341995023843,1.7816662385404716,1.7193150814203155,1.636954217724646,1.7816662385404716,1.7193150814203155,1.636954217724646,1.5168264526862127
2013-04-25,1.7978922888122273,1.7376106234134268,1.653536702076446,1.7981491182655263,1.737615990810672,1.6535367034128352,1.7984534061715174,1.7368592327335337,1.653657946319202,1.7984534061715174,1.7368592327335337,1.653657946319202,1.522975650401557
2013-04-26,1.794490163976533,1.73464246442252,1.650712156828546,1.7947465074353166,1.734647822651262,1.6507121581626525,1.795050219578389,1.733892357256305,1.650833193963804,1.795050219578389,1.733892357256305,1.650833193963804,1.5202857716614888
2013-04-29,1.8067665538919748,1.746040074933159,1.6615582963729116,1.8070246510366874,1.7460454683685824,1.661558297715784,1.8073304408687467,1.7452850391263182,1.6616801287925886,1.8073304408687467,1.7452850391263182,1.6616801287925886,1.5304702457598574
2013-04-30,1.8109811759968442,1.7502291318214729,1.665544666632496,1.8112398752016041,1.7502345381966955,1.6655446679785901,1.8115463783591101,1.7494722845510848,1.6656667913495518,1.8115463783591101,1.7494722845510848,1.6656667913495518,1.5341207561979857
2013-05-01,1.7923581087534006,1.7295237304092286,1.6458410916744224,1.7926141476474122,1.729529072826443,1.645841093004592,1.792917498906385,1.728775836724549,1.6459617716427632,1.792917498906385,1.728775836724549,1.6459617716427632,1.5206701709880477
2013-05-02,1.8118784441128128,1.7507321364855746,1.66602333352265,1.8121372714925932,1.750737544414555,1.666023334869131,1.812443926510049,1.7499750717021192,1.6661454933375688,1.812443926510049,1.7499750717021192,1.6661454933375688,1.5347927676100812
2013-05-03,1.8314312871790872,1.7783726758837466,1.6923264912866625,1.8316929076883735,1.7783781691930494,1.6923264926544015,1.8320028719661439,1.7776036585699537,1.6924505797593734,1.8320028719661439,1.7776036585699537,1.6924505797593734,1.5503576407706767
2013-05-06,1.8311511864686634,1.7870117506615555,1.7005475662643394,1.8314127669654803,1.7870172706565526,1.7005475676387227,1.8317226838370413,1.7862389975739457,1.7006722575407311,1.8317226838370413,1.7862389975739457,1.7006722575407311,1.5542960382580946
2013-05-07,1.8340452745618785,1.7862874782744638,1.699858337643025,1.8343072684800485,1.7862929960322176,1.6998583390168511,1.8346176751673793,1.7855150383821774,1.6999829783822848,1.8346176751673793,1.7855150383821774,1.6999829783822848,1.562173933087942
2013-05-08,1.8334213000823336,1.7849228130458212,1.698559701451923,1.833683204865561,1.7849283265881883,1.6985597028246995,1.8339935059470742,1.7841509632723567,1.6986842469697332,1.8339935059470742,1.7841509632723567,1.6986842469697332,1.5692835791921778
2013-05-09,1.82084108628512,1.7742887515988421,1.6884401668117779,1.8211011939810293,1.774294232293095,1.6884401681763759,1.8214093658989146,1.7735215002863636,1.6885639703228863,1.8214093658989146,1.7735215002863636,1.6885639703228863,1.5648641784463477
2013-05-10,1.8305938735369698,1.787581634623545,1.701089876511743,1.830855374421468,1.7875871563788865,1.7010898778865644,1.831165196969479,1.7868086351024177,1.7012146075525951,1.831165196969479,1.7868086351024177,1.7012146075525951,1.569956140531779
2013-05-13,1.8325073624963244,1.7937964356271041,1.707003975687368,1.832769136723297,1.7938019765796729,1.7070039770669694,1.8330792831236011,1.7930207486548941,1.7071291403747642,1.8330792831236011,1.7930207486548941,1.7071291403747642,1.571205025897466
2013-05-14,1.861151888677374,1.828131530741946,1.7396777745101142,1.8614177547835125,1.8281371777540039,1.7396777759161224,1.861732749184357,1.8273409963291674,1.7398053349774112,1.861732749184357,1.8273409963291674,1.7398053349774112,1.5874420021247415
2013-05-15,1.8707436572883476,1.8328571083864988,1.744174706082983,1.8710108935815106,1.8328627699956432,1.7441747074926257,1.8713275113605579,1.8320645305038246,1.7443025962841545,1.8713275113605579,1.8320645305038246,1.7443025962841545,1.5959924582941905
2013-05-16,1.8529854701951802,1.8154878600520141,1.7276458651438487,1.8532501697259858,1.8154934680083696,1.7276458665401326,1.853563781984883,1.8147027931105941,1.7277725433811122,1.853563781984883,1.8147027931105941,1.7277725433811122,1.5884985961725646
2013-05-17,1.870634936050489,1.8353723661403607,1.746568263624098,1.870902156812792,1.8353780355190175,1.746568265035675,1.8712187561910936,1.8345787005909742,1.7466963293309423,1.8712187561910936,1.8345787005909742,1.7466963293309423,1.603870719742375
2013-05-20,1.8685252542216784,1.831258516788359,1.7426534620001386,1.868792173615296,1.8312641734595292,1.7426534634085518,1.8691084159362474,1.8304666301807102,1.7427812406573167,1.8691084159362474,1.8304666301807102,1.7427812406573167,1.603774482428859
2013-05-21,1.861884849329525,1.8254368467704452,1.7371134722508308,1.8621508201393107,1.8254424854587512,1.7371134736547664,1.862465938591558,1.8246474776132158,1.7372408446927363,1.862465938591558,1.8246474776132158,1.7372408446927363,1.606079411914863
2013-05-22,1.83796733478445,1.8023141143687809,1.7151095283503641,1.8382298889701003,1.8023196816320575,1.7151095297365162,1.838540959454415,1.8015347441177427,1.7152352873708605,1.838540959454415,1.8015347441177427,1.7152352873708605,1.5941668822840813
2013-05-23,1.8490019411329341,1.8124393196595563,1.724744827731457,1.849266071615416,1.8124449181991145,1.7247448291253964,1.8495790096739118,1.8116555709909459,1.724871293252496,1.8495790096739118,1.8116555709909459,1.724871293252496,1.5895561067662307
2013-05-24,1.8462393037818965,1.8114109619624463,1.7237662269033303,1.846503039620802,1.811416557325456,1.7237662282964787,1.846815510111174,1.8106276579840206,1.7238926206692542,1.846815510111174,1.8106276579840206,1.7238926206692542,1.5882111673961965
2013-05-28,1.859864566734233,1.8313489188354939,1.7427394899634039,1.860130248946043,1.8313545757859115,1.7427394913718866,1.8604450254714926,1.8305569931355106,1.7428672749285128,1.8604450254714926,1.8305569931355106,1.7428672749285128,1.5977217969907833
2013-05-29,1.846056797676028,1.8205250299663116,1.7324393126606024,1.8463205074438824,1.8205306534822472,1.7324393140607606,1.8466329470456408,1.8197377848139187,1.7325663423735322,1.8466329470456408,1.8197377848139187,1.7325663423735322,1.5873453981928882
2013-05-30,1.86093032567724,1.8382839152019466,1.749338938002096,1.8611961601330351,1.838289593574241,1.7493389394159125,1.861511117035004,1.8374889906185745,1.7494672068664006,1.861511117035004,1.8374889906185745,1.7494672068664006,1.5932065255497745
2013-05-31,1.8375751591473446,1.8097228959874938,1.7221598376424112,1.8378376573105888,1.8097284861361473,1.7221598390342614,1.8381486614203473,1.808940321975278,1.7222861136211403,1.8381486614203473,1.808940321975278,1.7222861136211403,1.570340173240001
2013-06-03,1.8366538973223727,1.8120507600843605,1.7243750680894576,1.8369162638499126,1.812056357322962,1.7243750699488622,1.8372271119543684,1.8112671788356391,1.7245015061765865,1.8372271119543684,1.8112671788356391,1.7245015061765865,1.5789872333413033
2013-06-04,1.82247920097177,1.7959858608638284,1.70908746588716,1.8227395427203446,1.7959914085424364,1.7090874674395202,1.8230479918160587,1.7952092269020206,1.709212783226674,1.8230479918160587,1.7952092269020206,1.709212783226674,1.5713975005244987
2013-06-05,1.792831278535343,1.7633083607608278,1.6779910594284608,1.7930873851377238,1.7633138074394752,1.677991061236421,1.7933908164174361,1.7625458570858283,1.6781140964552654,1.7933908164174361,1.7625458570858283,1.6781140964552654,1.5493961841813588
2013-06-06,1.8150573777575623,1.7882687133842396,1.7017437110555382,1.8153166593794872,1.7882742372489067,1.701743712491142,1.8156238523477628,1.7874954166732042,1.7018684899966776,1.8156238523477628,1.7874954166732042,1.7018684899966776,1.563422451835292
2013-06-07,1.8431005424034144,1.8149582385244176,1.7271418692534157,1.8433638301074313,1.8149638448475305,1.7271418706366544,1.8436757694090828,1.814173400622318,1.7272685105443133,1.8436757694090828,1.814173400622318,1.7272685105443133,1.5833107633919543
2013-06-10,1.8479417747429594,1.8218864545641793,1.7337348652848048,1.8482057540900854,1.8218920823466078,1.7337348664033736,1.848518512692495,1.821098621060806,1.7338619901882275,1.848518512692495,1.821098621060806,1.7338619901882275,1.5833107633919543
2013-06-11,1.829131645341752,1.796890163084765,1.709948013933038,1.8293929376960407,1.7968957136245718,1.7099480151723057,1.8297025127286035,1.796113138484675,1.7100733945881945,1.8297025127286035,1.796113138484675,1.7100733945881945,1.5669775498511624
2013-06-12,1.8057199187109896,1.7701865112496808,1.6845364126450952,1.8059778667066335,1.7701919793075076,1.6845364138437513,1.8062834792090308,1.7694210340699787,1.6846599300289777,1.8062834792090308,1.7694210340699787,1.6846599300289777,1.554007509626715
2013-06-13,1.8299495292055532,1.7971622010558108,1.7102068894475708,1.8302109384961307,1.797167752445785,1.7102068906414722,1.8305206518883999,1.7963850588781105,1.7103322891160329,1.8305206518883999,1.7963850588781105,1.7103322891160329,1.5776421106621004
2013-06-14,1.8168366579932067,1.7816129275240102,1.695409963843072,1.8170961941601333,1.7816184307974325,1.6954099654207837,1.8174036882230067,1.7808425087671391,1.6955342782656635,1.8174036882230067,1.7808425087671391,1.6955342782656635,1.5677461651951115
2013-06-17,1.837879535896437,1.8044631916382932,1.7171546225048897,1.8381420780119657,1.8044687654328644,1.717154624388005,1.838453133493136,1.8036828914247836,1.7172805311382804,1.838453133493136,1.8036828914247836,1.7172805311382804,1.579851719380431
2013-06-18,1.8544934094882672,1.821270965230119,1.7331491555847174,1.8547583249957649,1.8212765909538962,1.7331491574308775,1.8550721923023181,1.8204833969371783,1.7332762370387644,1.8550721923023181,1.8204833969371783,1.7332762370387644,1.5923420395106465
2013-06-19,1.8219482151626243,1.7930897443253664,1.7063314770824431,1.8222084816441648,1.7930952830005937,1.706331478898087,1.8225168408378492,1.7923143623798006,1.7064565921579855,1.8225168408378492,1.7923143623798006,1.7064565921579855,1.5703401732400009
2013-06-20,1.7682207909635506,1.73496874326354,1.6510226482412675,1.768473382536869,1.7349741023865008,1.6510226501011689,1.7687726485940087,1.734218494323881,1.6511437077801998,1.7687726485940087,1.734218494323881,1.6511437077801998,1.5314296859483214
2013-06-21,1.7710995739284618,1.736893419000538,1.6528541984914362,1.7713525767363612,1.7368987839633743,1.652854200840052,1.7716523298749103,1.7361423371462819,1.652975391990905,1.7716523298749103,1.7361423371462819,1.652975391990905,1.5363461295048162
2013-06-24,1.7526081849509176,1.7117642594688212,1.6289409077184098,1.7528585460579578,1.7117695467416012,1.6289409103587844,1.7531551696266547,1.711024043751701,1.629060347580366,1.7531551696266547,1.711024043751701,1.629060347580366,1.5169335052406763
2013-06-25,1.7709648521071175,1.733604737435969,1.6497246391767,1.7712178355485868,1.733610092260876,1.6497246414272757,1.7715175660861184,1.732855077822029,1.6498456032697044,1.7715175660861184,1.732855077822029,1.6498456032697044,1.5315173993854971
2013-06-26,1.7878188240291655,1.7499616450696545,1.6652901211609288,1.7880742151234912,1.749967050387244,1.665290123576851,1.7883767983225465,1.7492049120803579,1.6654122264748479,1.7883767983225465,1.7492049120803579,1.6654122264748479,1.546680825466854
2013-06-27,1.8051192321724416,1.7696013787126774,1.6839795902550674,1.8053770946707655,1.769606844649807,1.6839795929019277,1.8056826060221576,1.7688361526818819,1.684103065810188,1.8056826060221576,1.7688361526818819,1.684103065810188,1.555759761969383
2013-06-28,1.784783099258054,1.7572926026950215,1.6722663712140364,1.7850380568018591,1.7572980304872936,1.6722663744231632,1.7853401263660347,1.756532698576523,1.6723889875120865,1.7853401263660347,1.756532698576523,1.6723889875120865,1.5493850023220734
2013-07-01,1.8062681254404307,1.7792141697426893,1.6930739174468905,1.8065261517374842,1.7792196652410786,1.6930739208040122,1.806831857517763,1.7784447861412902,1.6931980594137745,1.806831857517763,1.7784447861412902,1.6931980594137745,1.558464672061277
2013-07-02,1.790242887429725,1.7627299483152936,1.6772612137269882,1.7904986246324748,1.7627353929103469,1.6772612173410535,1.7908016180280097,1.7619676930367167,1.6773841961595284,1.7908016180280097,1.7619676930367167,1.6773841961595284,1.557015063155971
2013-07-03,1.7975142465043212,1.7676880234926038,1.6820943791262335,1.7977710226212098,1.7676934834011553,1.6820943825036259,1.7980752464137315,1.766923624127551,1.6822177159948828,1.7980752464137315,1.766923624127551,1.6822177159948828,1.5576918406064502
2013-07-05,1.8205134127669005,1.7942622283770762,1.7073762460208226,1.82077347421481,1.7942677704185297,1.7073762495433524,1.8210815904917967,1.7934863375178753,1.707501436471359,1.8210815904917967,1.7934863375178753,1.707501436471359,1.5744967086380552
2013-07-08,1.8304622026428632,1.8028122623821603,1.7154160785082144,1.8307236852289177,1.8028178308270013,1.7154160822434217,1.831033485328318,1.8020326743059487,1.7155418584419944,1.831033485328318,1.8020326743059487,1.7155418584419944,1.5834786745903937
2013-07-09,1.8421364627596835,1.8195184428512878,1.7315673944353256,1.842399613142726,1.819524062894055,1.7315673976570773,1.8427113889622655,1.8187316303834642,1.7316943587579416,1.8427113889622655,1.8187316303834642,1.7316943587579416,1.5948753722207285
2013-07-10,1.840823830260299,1.8159541218664184,1.7281115009660797,1.841086793205438,1.8159597308649151,1.7281115042624207,1.841398347038431,1.8151688507834027,1.7282382119754178,1.841398347038431,1.8151688507834027,1.7282382119754178,1.5954559123576917
2013-07-11,1.875566181322037,1.8526392080078822,1.763150065762725,1.875834107472815,1.8526449303086496,1.7631500688402229,1.876151540995186,1.8518380731593291,1.763279346000503,1.876151540995186,1.8518380731593291,1.763279346000503,1.6171859311313004
2013-07-12,1.8810924964154334,1.858790495935097,1.7691093831141098,1.8813612116803904,1.858796237207787,1.769109385934286,1.8816795809902447,1.85798670104887,1.769239100444112,1.8816795809902447,1.85798670104887,1.769239100444112,1.6178628918909483
2013-07-15,1.8782333265696118,1.8566700449670541,1.767062161606958,1.8785016335396372,1.8566757797137414,1.767062164522764,1.878819518967958,1.855867167023869,1.7671917287396228,1.878819518967958,1.855867167023869,1.7671917287396228,1.6240437104378769
2013-07-16,1.868269151864734,1.8468049570101603,1.7578161012527767,1.8685360353476403,1.8468106613233006,1.7578161039071218,1.8688522344677858,1.846006344896576,1.7579449903754754,1.8688522344677858,1.846006344896576,1.7579449903754754,1.6179593125136333
2013-07-17,1.8682573368017632,1.8523167209125508,1.7634210483542525,1.868524218465464,1.8523224422283313,1.7634210502183438,1.868840415779805,1.8515157251458636,1.7635503486764388,1.868840415779805,1.8515157251458636,1.7635503486764388,1.6221119984191472
2013-07-18,1.8803272588769353,1.856302187487624,1.7671643492792886,1.880595864669758,1.8563079211198,1.767164351265769,1.880914104535541,1.8554994683155057,1.7672939240312324,1.880914104535541,1.8554994683155057,1.7672939240312324,1.6309980936763067
2013-07-19,1.8789868641039749,1.8537959499514929,1.7645216659213974,1.8792552784253174,1.8538016758861982,1.7645216685207552,1.8795732915329275,1.8529943146737167,1.7646510466511103,1.8795732915329275,1.8529943146737167,1.7646510466511103,1.6338952950860643
2013-07-22,1.8877612666436552,1.8637506208444634,1.7736171557158218,1.8880309344441226,1.8637563775679038,1.773617159202504,1.8883504328111076,1.862944681080778,1.7737472030612174,1.8883504328111076,1.862944681080778,1.7737472030612174,1.6370826749097191
2013-07-23,1.8734094223990627,1.8485719680478776,1.7594439722041202,1.873677040293958,1.8485776778669434,1.759443975051949,1.8739941092599253,1.8477725918209202,1.7595729805102165,1.8739941092599253,1.8477725918209202,1.7595729805102165,1.6336058499088415
2013-07-24,1.8654294554925372,1.8398022951807842,1.7512388670820285,1.8656959336145411,1.8398079778962773,1.751238869589321,1.8660116518441316,1.83900671113988,1.7513672738753345,1.8660116518441316,1.83900671113988,1.7513672738753345,1.6276178726072825
2013-07-25,1.8728763852556332,1.8497185576498063,1.7612621840233358,1.8731439272300079,1.8497242709320392,1.7612621852018382,1.8734609058020304,1.8489186852148711,1.761391326213407,1.8734609058020304,1.8489186852148711,1.761391326213407,1.6315764341032468
2013-07-26,1.8709600398367778,1.84878536239407,1.7613806928529026,1.871227308082545,1.848791072685556,1.7613806917151416,1.8715439622593875,1.8479858929607105,1.7615098445167716,1.8715439622593875,1.8479858929607105,1.7615098445167716,1.63331622142245
2013-07-29,1.8560233827736954,1.832290871373345,1.7455178723817117,1.8562885173218593,1.8322965307174142,1.745517871567693,1.856602643467471,1.8314985347391448,1.745645860858541,1.856602643467471,1.8314985347391448,1.745645860858541,1.6282937335119188
2013-07-30,1.8620325203956631,1.8390864648642877,1.7520870933146064,1.8622985136495787,1.8390921451523277,1.7520870922226355,1.8626136562870497,1.838291189593216,1.7522155636605075,1.8626136562870497,1.838291189593216,1.7522155636605075,1.6282937335119188
2013-07-31,1.868796542892852,1.8443506145883404,1.7568888099894782,1.8690635024819233,1.8443563111100638,1.7568888093091422,1.8693797896010966,1.8435530630982058,1.7570176324063425,1.8693797896010966,1.8435530630982058,1.7570176324063425,1.6294522474574846
2013-08-01,1.8948708113736341,1.8723890946264965,1.7835994956263086,1.89514149908932,1.872394877560494,1.783599495189931,1.8954621965194989,1.871579418363515,1.7837302769168495,1.8954621965194989,1.871579418363515,1.7837302769168495,1.6482859813671789
2013-08-02,1.8946841571012076,1.8727795356701507,1.7839769475887122,1.8949548194935377,1.8727853192418888,1.7839769479195626,1.8952754843838715,1.871969690240576,1.7841077575658137,1.8952754843838715,1.871969690240576,1.7841077575658137,1.6510867621542515
2013-08-05,1.8963458714717103,1.8737528804788501,1.7849109102381129,1.8966167734208477,1.8737586663602812,1.7849109115094264,1.8969377179699634,1.8729426137437135,1.7850417899357987,1.8969377179699634,1.8729426137437135,1.7850417899357987,1.648672947022098
2013-08-06,1.884722287461469,1.8599946425335323,1.7718055926332872,1.884991529384969,1.8600003858709977,1.7718055939769637,1.8853105065078275,1.8591903252366315,1.771935511482995,1.8853105065078275,1.8591903252366315,1.771935511482995,1.6393038321056719
2013-08-07,1.8712054398557119,1.8512440073633525,1.7634732872609316,1.8714727395826196,1.851249723327664,1.7634732890746714,1.8717894377482571,1.8504434738988775,1.7636025957658155,1.8717894377482571,1.8504434738988775,1.7636025957658155,1.6339917157087493
2013-08-08,1.8816457658378103,1.860166010903404,1.7719789536210098,1.8819145599805074,1.8601717537297504,1.7719789563697872,1.8822330229582362,1.8593616189004523,1.7721088870320993,1.8822330229582362,1.8593616189004523,1.7721088870320993,1.6399798763194768
2013-08-09,1.881206783333059,1.859163542263613,1.7710228892234852,1.8814755148295783,1.8591692821103245,1.7710228918151225,1.8817939035403026,1.8583595838250104,1.7711527523245905,1.8817939035403026,1.8583595838250104,1.7711527523245905,1.6352472002045058
2013-08-12,1.8753369255745165,1.8511889809349176,1.7634288186095355,1.8756048208272311,1.851194695912055,1.763428821527018,1.8759222143590542,1.8503884707931653,1.7635581253067893,1.8759222143590542,1.8503884707931653,1.7635581253067893,1.6333162214224504
2013-08-13,1.888443416396325,1.8635059188734122,1.7751658581732688,1.8887131841983398,1.863511671462369,1.775165861667881,1.8890327957778217,1.8627000822762554,1.7752960262449722,1.8890327957778217,1.8627000822762554,1.7752960262449722,1.6381447682326005
2013-08-14,1.876665854667498,1.8566796126168885,1.7686655908476296,1.8769339391618598,1.8566853438827948,1.7686655946676855,1.877251558196735,1.855876727777284,1.7687952827177313,1.877251558196735,1.855876727777284,1.7687952827177313,1.6297420592530452
2013-08-15,1.8421993756625885,1.8229603190508878,1.736536487101253,1.8424625329635944,1.8229659470779762,1.7365364897078073,1.8427743213141232,1.822172015950893,1.7366638215175427,1.8427743213141232,1.822172015950893,1.7366638215175427,1.6069488473015439
2013-08-16,1.8423937826621395,1.823760533020016,1.7373029776342122,1.842656968123849,1.82376616308439,1.737302980827009,1.8429687891832571,1.8229718836329483,1.7374303690249342,1.8429687891832571,1.8229718836329483,1.7374303690249342,1.6016365475954526
2013-08-19,1.8367318850350574,1.8127373279299774,1.7267949122236999,1.8369942619593578,1.8127429247287916,1.7267949143656462,1.8373051243655432,1.8119534457526685,1.7269215317304822,1.8373051243655432,1.8119534457526685,1.7269215317304822,1.5913987305290207
2013-08-20,1.8597866050676728,1.8357125303707835,1.7486809155327272,1.8600522749751036,1.8357181980988044,1.7486809177104374,1.8603670396038674,1.834918713020783,1.7488091398708137,1.8603670396038674,1.834918713020783,1.7488091398708137,1.599221815917456
2013-08-21,1.8532976818339322,1.8285806168729866,1.7418874371220854,1.8535624248735347,1.8285862625495686,1.7418874393342696,1.8538760912137242,1.8277898835586674,1.7420151633759142,1.8538760912137242,1.8277898835586674,1.7420151633759142,1.589370231269269
2013-08-22,1.8789304652288221,1.8572163659938763,1.7691567240987687,1.8791988684327552,1.857222100991045,1.7691567251182523,1.879516874046363,1.8564132502446864,1.769286448294253,1.879516874046363,1.8564132502446864,1.769286448294253,1.6038571548638996
2013-08-23,1.8805035639086392,1.8582861368083798,1.7701775531842778,1.8807721930607655,1.8582918749258044,1.770177554451702,1.8810904640292254,1.8574825583525307,1.7703073525581308,1.8810904640292254,1.8574825583525307,1.7703073525581308,1.6092671583568556
2013-08-26,1.8781046245533537,1.8579126281078597,1.7698085538428039,1.8783728999435783,1.857918366429134,1.7698085532769807,1.8786907728172815,1.8571092119527448,1.769938323746523,1.8786907728172815,1.8571092119527448,1.769938323746523,1.6032782645094537
2013-08-27,1.8404305161828824,1.8118573752364835,1.7259454405107306,1.8406934130165284,1.8118629704738802,1.7259454410911195,1.841004907477712,1.811073874244998,1.7260719956745618,1.841004907477712,1.811073874244998,1.7260719956745618,1.5774908805980044
2013-08-28,1.8422400435706294,1.814155231256441,1.728133202019815,1.8425031991938479,1.8141608337069266,1.728133202442885,1.84281499964865,1.8133707366713407,1.7282599173934603,1.84281499964865,1.8133707366713407,1.7282599173934603,1.5830926254813185
2013-08-29,1.856331012203102,1.8275186155968064,1.7408620537575812,1.8565961811616032,1.8275242594063283,1.7408620540616655,1.8569103661885344,1.8267283423398049,1.740989702313588,1.8569103661885344,1.8267283423398049,1.740989702313588,1.585603594472831
2013-08-30,1.845239179553477,1.8143493469976144,1.7283252023947748,1.845502763447026,1.8143549493186932,1.7283252038022816,1.8458150718423043,1.8135647680498403,1.7284519331427464,1.8458150718423043,1.8135647680498403,1.7284519331427464,1.5805812898714684
2013-09-03,1.8593815283655533,1.8380038250026653,1.7507009923500774,1.8596471329441746,1.8380095002360552,1.7507009937758065,1.8599618345428817,1.8372090171165318,1.7508293638197103,1.8599618345428817,1.8372090171165318,1.7508293638197103,1.5877281477369303
2013-09-04,1.8782158851921689,1.8653981162719233,1.7755411600796536,1.8784841750338803,1.8654038750734074,1.775541161525612,1.878802067016289,1.8645914620008137,1.7756713529733055,1.878802067016289,1.8645914620008137,1.7756713529733055,1.6008638994497941
2013-09-05,1.879027135689764,1.8673611607898613,1.7774190648789374,1.8792955433272576,1.8673669256592558,1.7774190663264253,1.879613571681188,1.8665536576412944,1.777549395471374,1.879613571681188,1.8665536576412944,1.777549395471374,1.60289184878204
2013-09-06,1.8748455520217655,1.8576241589122147,1.7692677545905728,1.8751133624590621,1.8576298946294654,1.7692677560314225,1.875430683042434,1.8568208665798904,1.7693974874820395,1.875430683042434,1.8568208665798904,1.7693974874820395,1.6036652301643728
2013-09-09,1.8955696623666776,1.8830671482831696,1.7936980907703948,1.8958404394043362,1.8830729627202438,1.7936980922311399,1.8961612642363694,1.8822528536831589,1.793829615034673,1.8961612642363694,1.8822528536831589,1.793829615034673,1.6190215891456834
2013-09-10,1.9073478021925034,1.9034747868671567,1.8118067027087428,1.9076202646066887,1.903480663237231,1.8118067041842352,1.907943081354895,1.902651667103256,1.8119395548006385,1.907943081354895,1.902651667103256,1.8119395548006385,1.630998093676307
2013-09-11,1.9096200145422735,1.9145640283404424,1.823028604452878,1.909892799006999,1.9145699394869065,1.8230286059375094,1.9102160015559566,1.9137361134003883,1.8231622793991764,1.9102160015559566,1.9137361134003883,1.8231622793991764,1.63611608566368
2013-09-12,1.900479826523757,1.9043385558416315,1.8134129139192625,1.9007513075885556,1.9043444355155572,1.813412915396063,1.9010729620096105,1.9035150627291146,1.8135458837878058,1.9010729620096105,1.9035150627291146,1.8135458837878058,1.6317709251311339
2013-09-13,1.9050965502775803,1.912104817781318,1.8208105777219592,1.9053686922504132,1.9121107214354935,1.8208105792047842,1.9056911273035488,1.9112779663046713,1.8209440900297758,1.9056911273035488,1.9112779663046713,1.8209440900297758,1.6354407746865494
2013-09-16,1.9208122256483988,1.9349420299820586,1.842432348351884,1.9210866165092342,1.9349480040448774,1.8424323498523172,1.9214117093487226,1.9341053029825759,1.8425674460923267,1.9214117093487226,1.9341053029825759,1.8425674460923267,1.6449057602981543
2013-09-17,1.9342267543922684,1.9483463973169233,1.8554056678716542,1.9345030620771695,1.9483524129357148,1.8554056693826524,1.9348304250281454,1.94750387391252,1.8555417168905275,1.9348304250281454,1.94750387391252,1.8555417168905275,1.6522458260273227
2013-09-18,1.9715751941718234,1.9829189143747183,1.887703571317606,1.9718568569173696,1.9829250362298108,1.8877035728549074,1.9721905304639307,1.9820614406408563,1.8878419886045905,1.9721905304639307,1.9820614406408563,1.8878419886045905,1.6713695550417453
2013-09-19,1.9710806902441547,1.9828471254243296,1.8879948955988148,1.971362288725917,1.982853247350086,1.8879948971363534,1.9716958751518747,1.981989682812638,1.8881333342473718,1.9716958751518747,1.981989682812638,1.8881333342473718,1.6685687742546724
2013-09-20,1.9622842725726084,1.9805297668219786,1.8861479383769548,1.9625646191565547,1.9805358818851697,1.8861479399129892,1.9628967143347449,1.9796733263841315,1.8862862415959816,1.9628967143347449,1.9796733263841315,1.8862862415959816,1.6569033453831667
2013-09-23,1.9589073582801728,1.9665167494855813,1.8716465553140649,1.9591872266302046,1.9665228203430865,1.8716465568382896,1.9595187480877447,1.965666368444323,1.87178379520825,1.9595187480877447,1.965666368444323,1.87178379520825,1.6492351562422003
2013-09-24,1.9608389201600758,1.975534191565223,1.875162326056778,1.96111906930046,1.975540286141988,1.875162327583866,1.9614509151021369,1.9746799100048689,1.8752998237475023,1.9614509151021369,1.9746799100048689,1.8752998237475023,1.6453532179787118
2013-09-25,1.9579933286020754,1.9754868004296975,1.8735883612568336,1.9582730634789791,1.975492893614017,1.87358836278264,1.9586044317305387,1.9746325390281552,1.8737257435354027,1.9586044317305387,1.9746325390281552,1.8737257435354027,1.640597811526834
2013-09-26,1.9703973721369132,1.9886866949149145,1.8866179714030284,1.9706788804680604,1.988692829229448,1.8866179729394457,1.9710123472716974,1.987826725583828,1.8867563090875807,1.9710123472716974,1.987826725583828,1.8867563090875807,1.646905480018435
2013-09-27,1.9601179572153475,1.978611933205482,1.877312461138308,1.960397995259736,1.9786180366489956,1.8773124626671471,1.9607297232597551,1.9777563205666302,1.8774501164893074,1.9607297232597551,1.9777563205666302,1.8774501164893074,1.6393360945193451
2013-09-30,1.9545912593789412,1.9711606394728178,1.8703237324059845,1.954870506638205,1.9711667199973664,1.870323733929132,1.9552012999370083,1.9703082490202395,1.8704608753031826,1.9552012999370083,1.9703082490202395,1.8704608753031826,1.630601046017114
2013-10-01,1.9786179592660713,2.0004136526370844,1.8964051791276826,1.9789006372061921,2.00041982162846,1.8964051809674187,1.979235809473048,1.999548611894587,1.8965442351551753,1.979235809473048,1.999548611894587,1.8965442351551753,1.6435093110517427
2013-10-02,1.983314104871317,2.003006699903633,1.9027626092035286,1.9835974544641963,2.0030128783707957,1.9027626106473834,1.9839334721168773,2.0021405381465494,1.9029021304593676,1.9839334721168773,2.0021405381465494,1.9029021304593676,1.6419566823936822
2013-10-03,1.950235188727497,1.9659982947096493,1.8682677521322357,1.950513814735281,1.9660043608236362,1.8682677535621446,1.9508440876571023,1.9651481369101922,1.8684047440596625,1.9508440876571023,1.9651481369101922,1.8684047440596625,1.6268164449221534
2013-10-04,1.9557344979159923,1.9790159014189266,1.8786671096629846,1.9560139046567064,1.9790220076247456,1.8786671112002393,1.956345053252677,1.9781601144132048,1.8788048643616553,1.956345053252677,1.9781601144132048,1.8788048643616553,1.6391417868006268
2013-10-07,1.9438568248711006,1.95826174188957,1.8585477506804673,1.9441345335845852,1.958267786001373,1.8585477522673965,1.944463884508696,1.9574149300434809,1.8586840302659846,1.944463884508696,1.9574149300434809,1.8586840302659846,1.6249721713768466
2013-10-08,1.920102536635657,1.920293096135837,1.8191410731574091,1.9203768568504718,1.920299024451094,1.819141074885944,1.9207018795023456,1.919462703426341,1.8192744636235476,1.9207018795023456,1.919462703426341,1.8192744636235476,1.606046416264514
2013-10-09,1.9176125611844657,1.9129691299971818,1.8102541858323447,1.9178865332785064,1.9129750374727712,1.810254187603082,1.9182111659551957,1.912141904804915,1.8103869247760338,1.9182111659551957,1.912141904804915,1.8103869247760338,1.6072113460309807
2013-10-10,1.9650169734840441,1.971464922539178,1.8657003147939735,1.965297715550868,1.9714710102036448,1.865700316730545,1.9656303567555695,1.970612401902689,1.865837119648201,1.9656303567555695,1.970612401902689,1.865837119648201,1.6418591619159852
2013-10-11,1.97658538632464,1.9860579987394937,1.880368667305405,1.9768677820234617,1.9860641313995469,1.8803686691450865,1.9772023279064113,1.9851991676006522,1.8805065474739018,1.9772023279064113,1.9851991676006522,1.8805065474739018,1.6524383006543546
2013-10-14,1.9854374206432945,1.9977191022269527,1.8942380282359605,1.9857210785283306,1.997725271549482,1.8942380300972481,1.9860574169458125,1.9968552285765886,1.8943769254098384,1.9860574169458125,1.9968552285765886,1.8943769254098384,1.6590381639607075
2013-10-15,1.9709714492770134,1.9838845957295133,1.8828844164128657,1.9712530367957584,1.9838907221622184,1.8828844182373825,1.9715871625213646,1.9830267044737082,1.883022481010431,1.9715871625213646,1.9830267044737082,1.883022481010431,1.6470030004961311
2013-10-16,1.999232121799407,2.0144714082947233,1.9099415998138116,1.9995177466550382,2.0144776286216315,1.909941601923439,1.9998565394252277,2.013600290267882,1.9100816490130605,1.9998565394252277,2.013600290267882,1.9100816490130605,1.6700048182815015
2013-10-17,2.0278121541971763,2.044584520551451,1.9362562356445234,2.028101862581382,2.0445908330774714,1.936256238000969,2.028445525388989,2.0437003805525236,1.9363982149097325,2.028445525388989,2.0437003805525236,1.9363982149097325,1.6811659636301828
2013-10-18,2.0641834680706466,2.0888032292026684,1.965385762226806,2.0644783717552313,2.08880967534928,1.9653857646533612,2.064828372792633,2.087899967254972,1.9655298775446497,2.064828372792633,2.087899967254972,1.9655298775446497,1.6925221499342566
2013-10-21,2.0716685223010423,2.09549708881754,1.9678526697720173,2.071964502015933,2.0955035557398296,1.9678526721799958,2.072316081112998,2.0945909323277707,1.9679969659297227,2.072316081112998,2.0945909323277707,1.9679969659297227,1.692617837320267
2013-10-22,2.080780865310673,2.1092104991524856,1.974216764154599,2.081078146359203,2.1092170037844014,1.974216766652398,2.081430977889321,2.108298411650301,1.9743615271616404,2.081430977889321,2.108298411650301,1.9743615271616404,1.7024206617296058
2013-10-23,2.075970004610422,2.091528358155904,1.9574269815131164,2.076266602325349,2.0915348074079243,1.9574269839668015,2.0766187043497952,2.090623916774902,1.9575705133257246,2.0766187043497952,2.090623916774902,1.9575705133257246,1.6942689030018667
2013-10-24,2.080235455940021,2.088757684933834,1.9590646873843087,2.080532677429903,2.0887641239575485,1.959064689760363,2.080886283047714,2.087854441250307,1.959208339098841,2.080886283047714,2.087854441250307,1.959208339098841,1.6998974110237965
2013-10-25,2.0850559600693024,2.102593371266485,1.9747742591714088,2.0853538713851196,2.102599854815837,1.974774261533771,2.0857078622128933,2.101684144974241,1.9749190627403852,2.0857078622128933,2.101684144974241,1.9749190627403852,1.7076616541691105
2013-10-28,2.0944397214531234,2.105482550112155,1.9726370984097201,2.094738969444661,2.105489040722928,1.9726371013692359,2.0950946866865463,2.104572074067599,1.972781746666,2.0950946866865463,2.104572074067599,1.972781746666,1.7103793959028064
2013-10-29,2.1098400556174766,2.126391775956149,1.9916372995989022,2.110141503549905,2.1263983319153295,1.9916373026630798,2.110499142481209,2.125472258310681,1.9917833412671815,2.110499142481209,2.125472258310681,1.9917833412671815,1.7195015933691253
2013-10-30,2.1167693372327654,2.1289166762150673,1.9938865156710837,2.117071776214752,2.1289232404248617,1.9938865187631019,2.117430810337373,2.127996066826317,1.9940327223254626,2.117430810337373,2.127996066826317,1.9940327223254626,1.7109617691314556
2013-10-31,2.1156265569176482,2.126374353177463,1.9929245728699259,2.1159288374386356,2.126380911264569,1.9929245758929763,2.1162877537982125,2.1254548435278764,1.9930707088301631,2.1162877537982125,2.1254548435278764,1.9930707088301631,1.7061093921293873
2013-11-01,2.1146397938820893,2.1215181190072943,1.9886657647027517,2.1149419337188236,2.12152466111926,1.988665767719342,2.1152954369303583,2.1206007092548913,1.9888115883756954,2.1152954369303583,2.1206007092548913,1.9888115883756954,1.7101858214207626
2013-11-04,2.127563181739344,2.13451519418317,1.9974620838570112,2.12786716813296,2.1345217766042177,1.9974620868869446,2.1282261356328247,2.133592164120686,1.9976085525410927,2.1282261356328247,2.133592164120686,1.9976085525410927,1.7162029448801293
2013-11-05,2.1266512777400965,2.134010571211681,2.000417533698608,2.126955135675809,2.1340171523231093,2.000417536733025,2.1273056026279997,2.1330877593739936,2.000564219098117,2.1273056026279997,2.1330877593739936,2.000564219098117,1.710767644721906
2013-11-06,2.127702737959185,2.1277768077804766,1.9909369992274386,2.128006743563655,2.127783369673889,1.9909370022474744,2.1283633987746717,2.126856691610806,1.9910829894440856,2.1283633987746717,2.126856691610806,1.9910829894440856,1.7195015933691258
2013-11-07,2.1010990397330223,2.08474722038428,1.94444623700564,2.101399243490904,2.0847536481154236,1.944446239955154,2.101760812556352,2.083845711415035,1.9445888181759676,2.101760812556352,2.083845711415035,1.9445888181759676,1.697762409137087
2013-11-08,2.1311653531107577,2.1324098285661055,1.9919897418111159,2.1314698535834244,2.132416402898977,1.9919897448327484,2.131839186532383,2.1314877087739834,1.9921358092226302,2.131839186532383,2.1314877087739834,1.9921358092226302,1.7206667064447612
2013-11-11,2.1376304198459635,2.1470858523718626,2.004285713413026,2.1379358451611354,2.1470924717223037,2.00428571645331,2.138309032281844,2.1461573861807044,2.0044326824560628,2.138309032281844,2.1461573861807044,2.0044326824560628,1.7209585346411758
2013-11-12,2.1353424471690046,2.1385143731833027,1.9949774300952696,2.1356475462607665,2.1385209668125182,1.9949774331214338,2.1360186390292175,2.1375896136854053,1.9951237165861722,2.1360186390292175,2.1375896136854053,1.9951237165861722,1.717464295269281
2013-11-13,2.1565742678328523,2.163588333023134,2.019835845944409,2.15688240185836,2.163595003283829,2.0198358490082806,2.157255658665026,2.1626527307345906,2.0199839552381005,2.157255658665026,2.1626527307345906,2.0199839552381005,1.731245478564793
2013-11-14,2.16804793501754,2.1644220247959822,2.0214734780828563,2.1683577097827342,2.164428695168684,2.0214734811492123,2.16872344075167,2.1634860617103016,2.021621707459841,2.16872344075167,2.1634860617103016,2.021621707459841,1.7398837398260025
2013-11-15,2.170954186867402,2.1671275056238897,2.0288256030219802,2.171264376427674,2.1671341851167885,2.0288256060994887,2.1716282478116757,2.166190372755943,2.0289743715111084,2.1716282478116757,2.166190372755943,2.0289743715111084,1.747453308634261
2013-11-18,2.1633685353957377,2.1495638345011296,2.012046753528278,2.1636776414276166,2.1495704583181836,2.0120467565803346,2.1640363903820012,2.148634296640954,2.0121942916681417,2.1640363903820012,2.148634296640954,2.0121942916681417,1.7413397645522097
2013-11-19,2.1566375442297314,2.1236347265964475,1.9887752437049127,2.156945687453065,2.1236412701278016,1.9887752467216686,2.1572965076331294,2.1227164012018696,1.9889210754056663,2.1572965076331294,2.1227164012018696,1.9889210754056663,1.7375544302205745
2013-11-20,2.14630233285816,2.118957672410687,1.9841451146842168,2.1466089997043105,2.118964201329227,1.9841451176939493,2.1469551939018108,2.118041369488404,1.9842906068696873,2.1469551939018108,2.118041369488404,1.9842906068696873,1.732119130062351
2013-11-21,2.1664102502740485,2.146250310235838,2.0141702394841596,2.1667197900060353,2.1462569238535663,2.014170242539437,2.167069324503889,2.1453222051300216,2.0143179333337087,2.167069324503889,2.1453222051300216,2.0143179333337087,1.7460951710040873
2013-11-22,2.1822052080829777,2.1657127991336127,2.0430923373982313,2.182517004343345,2.1657194725067295,2.0430923404973806,2.1828709174746543,2.1647762778427273,2.043242152029775,2.1828709174746543,2.1647762778427273,2.043242152029775,1.7548298528879815
2013-11-25,2.1753323993386515,2.160899108984429,2.0429295078580716,2.1756432145536944,2.16090576796693,2.042929510956974,2.175991048420765,2.1599646693313983,2.04307931054975,2.175991048420765,2.1599646693313983,2.04307931054975,1.7530827332020342
2013-11-26,2.178174132268975,2.1722968296152665,2.05823936227986,2.178485354269872,2.172303524513698,2.0582393654019855,2.1788327995386614,2.171357461311659,2.058390287603226,2.1788327995386614,2.171357461311659,2.058390287603226,1.75356850249883
2013-11-27,2.1789597638261795,2.1770703582835154,2.063731206494803,2.1792710975544973,2.1770770673673048,2.063731209625259,2.1796227749043298,2.176128925739008,2.063882534520779,2.1796227749043298,2.176128925739008,2.063882534520779,1.757838689581418
2013-11-29,2.1711706906365524,2.1731325707278137,2.0525496937542447,2.1714809119872016,2.1731392677275467,2.05254969686774,2.171832571986571,2.1721928410187443,2.0527002018690594,2.171832571986571,2.1721928410187443,2.0527002018690594,1.7566741264332884
2013-12-02,2.1670658422307314,2.1690005006271567,2.0490546838760983,2.1673754772738087,2.169007185218707,2.049054686984297,2.1677266295840134,2.1680625579540576,2.0492049357109607,2.1677266295840134,2.1680625579540576,2.0492049357109607,1.7521122944634544
2013-12-03,2.16055259781306,2.159959662876124,2.0395015214671934,2.160861302287694,2.1599663201145565,2.0395015245609,2.161211369265011,2.1590256300387667,2.0396510727935757,2.161211369265011,2.1590256300387667,2.0396510727935757,1.7445423590368585
2013-12-04,2.1528812819773733,2.152374348153923,2.0347799062755096,2.1531888906698664,2.1523809826265916,2.0347799093620553,2.153537869795913,2.151443595839842,2.034929111378168,2.153537869795913,2.151443595839842,2.034929111378168,1.7443484179364772
2013-12-05,2.1477848023611945,2.146037358418677,2.0272842606487607,2.1480916829246035,2.1460439735538017,2.0272842637239448,2.1484399225262982,2.145109346515318,2.0274329161152864,2.1484399225262982,2.145109346515318,2.0274329161152864,1.7366813286505223
2013-12-06,2.1706236438219157,2.1707351013683938,2.049042320335471,2.1709337874284826,2.170741792545101,2.0490423234436577,2.1712856705913457,2.1697964093488893,2.0491925712637538,2.1712856705913457,2.1697964093488893,2.0491925712637538,1.7560913865863015
2013-12-09,2.1715822389334973,2.1692638640260804,2.049051069299335,2.1718925197046737,2.16927055117406,2.049051072407536,2.172244574002228,2.1683258085760313,2.0492013208691575,2.172244574002228,2.1683258085760313,2.0492013208691575,1.760556614624282
2013-12-10,2.1647699671185787,2.1668296498947295,2.044229231158921,2.1650792744148855,2.1668363293519564,2.0442292342598085,2.16543008307672,2.165892646976983,2.044379129155932,2.16543008307672,2.165892646976983,2.044379129155932,1.7542476629685007
2013-12-11,2.140076634622048,2.137546656426456,2.015903538007235,2.140382413577066,2.137553245680843,2.0159035410651507,2.140729095337293,2.1366223164883724,2.016051358955052,2.140729095337293,2.1366223164883724,2.016051358955052,1.7345459601454754
2013-12-12,2.1384568130400963,2.135865190678425,2.01464053690227,2.1387623603942156,2.135871773869331,2.014640539958268,2.139108772919131,2.1349415770863636,2.0147882652375086,2.139108772919131,2.1349415770863636,2.0147882652375086,1.728819381718343
2013-12-13,2.1357701102435533,2.136616902753868,2.028663083720383,2.1360752733799915,2.136623487859577,2.0286630867976503,2.1364210448410272,2.135692964966748,2.0288118402924,2.1364210448410272,2.135692964966748,2.0288118402924,1.7286256239271305
2013-12-16,2.1483857725189788,2.158447165119889,2.051941204277474,2.148692738662407,2.15845381765386,2.0519412073900596,2.1490408872925673,2.1575137869040764,2.052091667773357,2.1490408872925673,2.1575137869040764,2.052091667773357,1.7393985204567122
2013-12-17,2.144512413805482,2.1499884985802025,2.0449115619751947,2.1448188264125103,2.14999512571628,2.044911565077124,2.1451662014951856,2.149058778390437,2.0450615100057523,2.1451662014951856,2.149058778390437,2.0450615100057523,1.733866433057467
2013-12-18,2.170987215812709,2.189548576854046,2.085966905839358,2.171297412062277,2.189555326181442,2.0859669090035604,2.171648952423236,2.1886017498106103,2.086119864351182,2.171648952423236,2.1886017498106103,2.086119864351182,1.7634673809125159
2013-12-19,2.164598368063508,2.178970366628665,2.0719667748090465,2.1649076519176464,2.1789770841179723,2.07196677795201,2.165257977431442,2.1780281143849356,2.07211870672778,2.165257977431442,2.1780281143849356,2.07211870672778,1.7614300828126712
2013-12-20,2.181126253802448,2.195588177916771,2.0851002426090477,2.1814378985081535,2.1955949462113975,2.0851002457719354,2.1817905539055396,2.19463873953661,2.0852531375707173,2.1817905539055396,2.19463873953661,2.0852531375707173,1.7716754155550158
2013-12-23,2.182101195591907,2.200146545973914,2.0967118979233104,2.182412979578654,2.20015332832473,2.096711901103809,2.18276563570898,2.1991951364299256,2.0968656443373717,2.18276563570898,2.1991951364299256,2.0968656443373717,1.7811404011666212
2013-12-24,2.190462643315209,2.2056080624930923,2.101527388770519,2.1907756219459773,2.2056148617250892,2.10152739195832,2.1911296647945577,2.2046542912553817,2.1016814882919603,2.1911296647945577,2.2046542912553817,2.1016814882919603,1.7850437866028361
2013-12-26,2.1942394870700817,2.2132885603999854,2.1080545092153917,2.194553005485028,2.2132953833950926,2.1080545124130956,2.194907695433357,2.2123314679246806,2.1082090873535506,2.194907695433357,2.2123314679246806,2.1082090873535506,1.7941188736128246
2013-12-27,2.190390679697842,2.2007284540730483,2.0937149441649927,2.190703647930726,2.2007352384907546,2.093714947340946,2.191057592057364,2.1997767931173184,2.093868470820253,2.191057592057364,2.1997767931173184,2.093868470820253,1.7940215364442968
2013-12-30,2.1895931332210505,2.1988565786199152,2.088370229347693,2.1899059875429754,2.198863356991644,2.08837023251554,2.1902597823029666,2.197905726901489,2.088523364088959,2.1902597823029666,2.197905726901489,2.088523364088959,1.7937291583203765
2013-12-31,2.1943186905176626,2.20681295255965,2.097113626225592,2.1946322199946398,2.2068197554211073,2.0971136294067025,2.1949867531466416,2.205858660316091,2.097267402097344,2.1949867531466416,2.205858660316091,2.097267402097344,1.8022185725366806
2014-01-02,2.1696184204543214,2.179480533640052,2.0761402313522144,2.169928420040746,2.1794872525121196,2.0761402344936997,2.1702848790972,2.1785380608125995,2.0762924693301303,2.1702848790972,2.1785380608125995,2.0762924693301303,1.7849468160526456
2014-01-03,2.1691222401859136,2.1793384834694898,2.078713904399597,2.169432168534982,2.1793452016182306,2.078713907537976,2.169791872957796,2.1783960720217768,2.0788663312345963,2.169791872957796,2.1783960720217768,2.0788663312345963,1.7846542546195565
2014-01-06,2.1671014515187994,2.176912397968392,2.075987824199807,2.1674110917190266,2.1769191084103916,2.075987827346619,2.1677714508199055,2.175971035431488,2.076140051022103,2.1677714508199055,2.175971035431488,2.076140051022103,1.7794823697366147
2014-01-07,2.1834722786790555,2.190672713600552,2.0865233122034246,2.183784259210938,2.1906794663413125,2.0865233153790097,2.1841560779927467,2.1897254005337663,2.08667631150025,2.1841560779927467,2.1897254005337663,2.08667631150025,1.7904112623686768
2014-01-08,2.1854979330337527,2.198222975425746,2.107576930850538,2.1858102031187197,2.1982297510103725,2.107576934103344,2.1861742264141633,2.197272397388244,2.107731473530516,2.1861742264141633,2.197272397388244,2.107731473530516,1.7908015275886309
2014-01-09,2.1949347401926405,2.2063786790848057,2.111214013104892,2.1952483588530027,2.206385479761384,2.1112140163668447,2.1956088299729477,2.205424574129664,2.1113688224347618,2.1956088299729477,2.205424574129664,2.1113688224347618,1.79197268986683
2014-01-10,2.1982562231498135,2.2059925726147185,2.120343561187853,2.1985703164913373,2.205999371750109,2.120343564479144,2.1989340387581464,2.2050386346512107,2.1204990397932133,2.1989340387581464,2.2050386346512107,2.1204990397932133,1.7968518300075145
2014-01-13,2.1759921366162227,2.178455407985463,2.0834267918257887,2.1763030492313655,2.1784621223994143,2.083426795046016,2.176652480820345,2.1775133780940483,2.0835795636911256,2.176652480820345,2.1775133780940483,2.0835795636911256,1.7729437316925747
2014-01-14,2.1980568926830384,2.212414830190004,2.122297482341595,2.19837095720152,2.2124216492275646,2.122297485647489,2.198734137490211,2.211458115305101,2.122453104216136,2.198734137490211,2.211458115305101,2.122453104216136,1.7922650679907504
2014-01-15,2.205777178077361,2.2253084533330694,2.1386203252438656,2.206092344767112,2.225315311914761,2.1386203285652376,2.206460513102405,2.2243461629254764,2.1387771441256,2.206460513102405,2.2243461629254764,2.1387771441256,1.8019261944127598
2014-01-16,2.2014868478663194,2.2171345335444865,2.0986931102864768,2.201801402930842,2.217141366971566,2.0986931137051683,2.2021704128279347,2.216175777747606,2.0988469998952053,2.2021704128279347,2.216175777747606,2.0988469998952053,1.799583869856361
2014-01-17,2.1979487558116215,2.2207176503409665,2.094788353742308,2.1982628056272584,2.220724494804916,2.0947883572139903,2.198634560401146,2.21975734508613,2.0949419564925913,2.198634560401146,2.21975734508613,2.0949419564925913,1.79197268986683
2014-01-21,2.2074227220291065,2.2256887948271604,2.103722915398504,2.2077381259097684,2.22569565484131,2.1037229189094173,2.208100859873981,2.224726339924493,2.1038771729998356,2.208100859873981,2.224726339924493,2.1038771729998356,1.7972413619907939
2014-01-22,2.2202671540739556,2.236487692687315,2.120856774347325,2.2205843920626696,2.236494585831067,2.1208567778516807,2.220956390212054,2.2355205679738512,2.1210122886589784,2.220956390212054,2.2355205679738512,2.1210122886589784,1.798413074196499
2014-01-23,2.194007844691261,2.2047733632840294,2.095007347167973,2.1943213320932418,2.20478015873516,2.0950073506354876,2.194694254525541,2.2038199526537503,2.09516096589923,2.194694254525541,2.2038199526537503,2.09516096589923,1.7836783166059185
2014-01-24,2.1390490943652845,2.1377979300339773,2.0205638727478883,2.1393547303207665,2.1378045192085944,2.020563876095461,2.139709573868845,2.136873481550617,2.0207120328337194,2.139709573868845,2.136873481550617,2.0207120328337194,1.745621133494082
2014-01-27,2.1321838426676716,2.122675671330466,1.9991936813593094,2.132488498458096,2.122682213991351,1.999193684671741,2.132815999458521,2.1217577623645614,1.9993402745232978,2.132815999458521,2.1217577623645614,1.9993402745232978,1.7370347487275872
2014-01-28,2.1390163478157422,2.133328368964716,2.0135271260523866,2.139321979792198,2.13333494459152,2.013527129398407,2.1396569620190538,2.132405853238054,2.0136747700543585,2.1396569620190538,2.132405853238054,2.0136747700543585,1.7473783351843024
2014-01-29,2.1190450026368572,2.097715427684048,1.9780465858322411,2.1193477812298096,2.097721893313372,1.9780465891347936,2.119684099710818,2.0968083119289704,1.9781916280100929,2.119684099710818,2.0968083119289704,1.9781916280100929,1.730594731016255
2014-01-30,2.14003818530438,2.125254083672699,2.004339553591147,2.140343964905319,2.125260634471815,2.0043395569913907,2.1406788924207176,2.1243350595603827,2.004486523280086,2.1406788924207176,2.1243350595603827,2.004486523280086,1.7489390294457812
2014-01-31,2.128026336582449,2.1007001876881395,1.982261978601433,2.1283304007512442,2.1007066615891707,1.9822619819339196,2.128665783297471,2.0997917811383497,1.9824073296908329,2.128665783297471,2.0997917811383497,1.9824073296908329,1.7386942466309423
2014-02-03,2.087736393972516,2.052172603389702,1.9374998990621652,2.0878980785443795,2.052178927734254,1.9374999019194197,2.088213595409078,2.0512851816546465,1.9376419677229968,2.088213595409078,2.0512851816546465,1.9376419677229968,1.69956378833694
2014-02-04,2.093846266265808,2.0681079437829997,1.9538036129592624,2.0939572086606866,2.068114317202424,1.9538036159517709,2.094273615858107,2.067213631178078,1.9539468770015649,2.094273615858107,2.067213631178078,1.9539468770015649,1.7114684356734717
2014-02-05,2.0902425758000605,2.0610956951294366,1.9444691727422012,2.090264249167384,2.061102046918902,1.944469175918586,2.090571249023119,2.060204414873883,1.9446117523187385,2.090571249023119,2.060204414873883,1.9446117523187385,1.7093211520724658
2014-02-06,2.1171759691307646,2.0851716277307486,1.970810993107925,2.11758005981827,2.085178053661914,1.970810996275491,2.1178961414717774,2.084269936274401,1.9709555041763145,2.1178961414717774,2.084269936274401,1.9709555041763145,1.7318624972263077
2014-02-07,2.1453566637712824,2.125324900302309,2.0072695091553903,2.145777132373083,2.125331449930412,2.007269512613877,2.1461116475230733,2.1244058453971526,2.0074166937422246,2.1461116475230733,2.1244058453971526,2.0074166937422246,1.7533302005796463
2014-02-10,2.1491331230157056,2.130372535865552,2.009249972926099,2.1494064064874348,2.130379101076995,2.0092499764722898,2.1497337169560375,2.1294512982521656,2.009397302798755,2.1497337169560375,2.1294512982521656,2.009397302798755,1.7565502094353123
2014-02-11,2.1665279395395047,2.1475673823951524,2.023742679284028,2.166820299413497,2.1475740005643353,2.0237426829947327,2.1671367863344453,2.1466387091812282,2.0238910719449166,2.1671367863344453,2.1466387091812282,2.0238910719449166,1.7757736586374546
2014-02-12,2.16756722316261,2.1565515616798634,2.03581868449648,2.1677842966048995,2.1565582074786227,2.03581868815553,2.1681009471665025,2.155619003397552,2.0359679628021263,2.1681009471665025,2.155619003397552,2.0359679628021263,1.7766524427917336
2014-02-13,2.18685237283009,2.1743528874974203,2.053555839842675,2.186961917138963,2.1743595881051814,2.0535558434401966,2.1872543002028686,2.1734126314150872,2.0537064188208802,2.1872543002028686,2.1734126314150872,2.0537064188208802,1.7858248669702497
2014-02-14,2.196373891215205,2.166886514596052,2.0476158349739872,2.1964723472819125,2.1668931921316092,2.0476158386053194,2.196761757740702,2.165949487224769,2.0477659783063955,2.196761757740702,2.165949487224769,2.0477659783063955,1.795681034347652
2014-02-18,2.2020047583626257,2.179067460153395,2.0673182461821957,2.201992662558624,2.1790741752504017,2.067318249729118,2.2022907569830825,2.1781251653757616,2.0674698341668147,2.2022907569830825,2.1781251653757616,2.0674698341668147,1.7978272180936463
2014-02-19,2.1875151893886584,2.1581482955346467,2.0500149199412347,2.1874625263067964,2.158154946184262,2.050014923130797,2.1877648144317505,2.157215046817281,2.0501652389893064,2.1877648144317505,2.157215046817281,2.0501652389893064,1.7859231206846204
2014-02-20,2.199944698563855,2.1743087095092215,2.06793783081995,2.200118186718937,2.1743154098904345,2.067937833858089,2.2004162093937656,2.173368472540041,2.0680894640302165,2.2004162093937656,2.173368472540041,2.0680894640302165,1.79646156478756
2014-02-21,2.206081672303408,2.18578762300843,2.083482931586705,2.206284567464739,2.185794358733946,2.083482934583998,2.2065812878612543,2.1848424221010183,2.083635704691009,2.2065812878612543,2.1848424221010183,2.083635704691009,1.7944121682825875
2014-02-24,2.2060206698802527,2.191133438480174,2.0929438558600912,2.2062329085732784,2.19114019073849,2.0929438591400507,2.2065350795340133,2.190185925965703,2.0930973229083105,2.2065350795340133,2.190185925965703,2.0930973229083105,1.8043649395918429
2014-02-25,2.205250032356955,2.187492657838552,2.0912661769444565,2.205429717776193,2.187499398892439,2.091266179927505,2.205732419464231,2.186546719650917,2.091419520870417,2.205732419464231,2.186546719650917,2.091419520870417,1.8036822962479684
2014-02-26,2.200964943546471,2.189905042996159,2.0896313583490227,2.201134926649875,2.189911791470868,2.089631361228059,2.201429127973885,2.1889580616196596,2.08978458214699,2.201429127973885,2.1889580616196596,2.08978458214699,1.803779816725665
2014-02-27,2.2057299312305423,2.1957869359941284,2.1071973073295807,2.205991315503957,2.1957937024719185,2.107197310075725,2.206293406428346,2.194837411098935,2.107351819075639,2.206293406428346,2.194837411098935,2.107351819075639,1.8132453522647758
2014-02-28,2.2182636511797447,2.1980152822117307,2.098696897915775,2.2185355954493438,2.1980220556244094,2.0986969006607405,2.2188455191373055,2.197064793706486,2.0988507865594626,2.2188455191373055,2.197064793706486,2.0988507865594626,1.8178317476632027
2014-03-03,2.2100640295167087,2.189820551150935,2.0875677662649483,2.2103343716794503,2.1898272994061614,2.0875677689953753,2.2106427649877096,2.188873648497792,2.0877208388560695,2.2106427649877096,2.188873648497792,2.0877208388560695,1.8050483161723923
2014-03-04,2.2353978011015214,2.22213915388547,2.1236785401251908,2.2356754499651244,2.222146001771483,2.123678542902872,2.235990023360364,2.2211782268956926,2.123834260567937,2.235990023360364,2.2211782268956926,2.123834260567937,1.8304194049619458
2014-03-05,2.2284633759808186,2.218840031481803,2.121070826531793,2.2287384233927496,2.21884686920873,2.1210708293060847,2.229063033155854,2.2178802186299382,2.121226355761827,2.229063033155854,2.2178802186299382,2.121226355761827,1.8320783529377958
2014-03-06,2.2328641455456117,2.220269453495536,2.1261676062617774,2.233141169670847,2.2202762955795543,2.1261676090427697,2.233466322856379,2.219309071949482,2.126323509217285,2.233466322856379,2.219309071949482,2.126323509217285,1.8362737498795938
2014-03-07,2.2334571492405333,2.2121697372337845,2.1161275403730557,2.233737148442121,2.212176554365414,2.1161275431409368,2.2340667708591484,2.211212974011468,2.116282707132622,2.2340667708591484,2.211212974011468,2.116282707132622,1.8370548302470078
2014-03-10,2.2342702089971764,2.2119947619321323,2.1130590272371714,2.234552178762287,2.212001578495299,2.1130590300010166,2.234879867034166,2.211037593187197,2.1132139689955443,2.234879867034166,2.211037593187197,2.1132139689955443,1.8360794421608755
2014-03-11,2.2273763537121734,2.196877976913444,2.095609534514207,2.2276588966894915,2.19688474687165,2.0956095372552666,2.227987229593391,2.19592769785506,2.0957631967744295,2.227987229593391,2.19592769785506,2.0957631967744295,1.8270036219142127
2014-03-12,2.229820600156307,2.199754980757393,2.097777730261161,2.2300966138699496,2.1997617595258867,2.097777733004976,2.2304212870931264,2.198803556424087,2.0979315515061185,2.2304212870931264,2.198803556424087,2.0979315515061185,1.8274925074668749
2014-03-13,2.2214514047152014,2.1808858086053142,2.067039308235888,2.221712762295237,2.180892529246542,2.0670393109393093,2.222027580048989,2.179942646925586,2.0671908755613204,2.222027580048989,2.179942646925586,2.0671908755613204,1.8070001921996681
2014-03-14,2.222893142623279,2.1798864428338853,2.0684524125687966,2.223147738535206,2.179893160384118,2.068452415274023,2.2234585758365006,2.1789437536768386,2.0686040835112616,2.2234585758365006,2.1789437536768386,2.0686040835112616,1.8019261944127596
2014-03-17,2.2362903494157456,2.1975433356857685,2.089185477771393,2.236552157547127,2.197550107538347,2.0891854805038346,2.2368671603978254,2.19659331040787,2.0893386689825566,2.2368671603978254,2.19659331040787,2.0893386689825566,1.818221829573988
2014-03-18,2.2464803788802152,2.210281919649013,2.1085298644281383,2.2467441836054864,2.210288730731441,2.1085298671858954,2.2470616242514043,2.2093260127069345,2.1086844740820583,2.2470616242514043,2.2093260127069345,2.1086844740820583,1.831199935401854
2014-03-19,2.224310915070695,2.189617151221654,2.0872029008213713,2.2245680506018384,2.1896238986038066,2.0872029035512236,2.22488290127444,2.1886702241386535,2.087355946658478,2.22488290127444,2.1886702241386535,2.087355946658478,1.8214416551204855
2014-03-20,2.2250333674967435,2.196119840723407,2.099507884411175,2.225299891970558,2.196126608124638,2.0995078871572064,2.225619829442459,2.1951705775716697,2.0996618325211,2.225619829442459,2.1951705775716697,2.0996618325211,1.8320783529377958
2014-03-21,2.228845063350769,2.188071034293893,2.0776495787910862,2.2291084036088313,2.1880777771564306,2.0776495815085116,2.229422088404632,2.187125114134434,2.0778019241231185,2.229422088404632,2.187125114134434,2.0778019241231185,1.824972922944438
2014-03-24,2.219462172596569,2.1676090617014827,2.05649508910945,2.2197252964540923,2.1676157415775053,2.0564950917991145,2.2200322594131063,2.166671381666476,2.056645883271491,2.2200322594131063,2.166671381666476,2.056645883271491,1.8174255345455803
2014-03-25,2.23106098142362,2.1829356668525115,2.068308377316671,2.231334250346604,2.182942394075319,2.06830838002178,2.231648678084834,2.18199042730954,2.0684600376976054,2.231648678084834,2.18199042730954,2.0684600376976054,1.8260505975466501
2014-03-26,2.220263400674219,2.164371149192942,2.041118673304609,2.2205324835881566,2.164377819189498,2.041118675974169,2.220847055341911,2.1634346666991107,2.0412683399785494,2.220847055341911,2.1634346666991107,2.0412683399785494,1.8129166789254723
2014-03-27,2.2299499619778436,2.1685526993626043,2.0388518148033525,2.2301975479557026,2.1685593820650837,2.03885181746987,2.2305053755562425,2.167614898945368,2.039001315258095,2.2305053755562425,2.167614898945368,2.039001315258095,1.8090946827601166
2014-03-28,2.2394017520418408,2.1791686047086616,2.0470662783302798,2.2396496890444633,2.179175320269092,2.0470662810075333,2.2399572405817194,2.1782260235301796,2.0472163811171926,2.2399572405817194,2.1782260235301796,2.0472163811171926,1.8180134070492873
2014-03-31,2.263899155393514,2.201370960488984,2.082283044390313,2.264146263417902,2.201377744355647,2.082283047113685,2.264454774056506,2.2004175393537886,2.0824357294749944,2.264454774056506,2.2004175393537886,2.0824357294749944,1.832911676418261
2014-04-01,2.265689400942924,2.209540363564743,2.097851097922205,2.2659367026331663,2.209547157761874,2.097851100665975,2.2662453719616025,2.208626620219411,2.0980049245470003,2.2662453719616025,2.208626620219411,2.0980049245470003,1.845065440914923
2014-04-02,2.2679678345917123,2.206370146697719,2.0943297599303476,2.2682153045766484,2.206376909962894,2.094329762669575,2.2685241860336136,2.20551896164931,2.094483328350235,2.2685241860336136,2.20551896164931,2.094483328350235,1.8512392937134445
2014-04-03,2.268166327542711,2.1971588926391936,2.0789716130789837,2.2684139062660504,2.197165644579484,2.078971615798104,2.2687226639556943,2.196256583045751,2.079124055350345,2.2687226639556943,2.196256583045751,2.079124055350345,1.848788633438402
2014-04-04,2.250381174523975,2.1707391204511217,2.0434133090605755,2.2506269357581745,2.17074579545191,2.0434133117331394,2.250933245764559,2.1698428835029513,2.0435631439905646,2.250933245764559,2.1698428835029513,2.0435631439905646,1.8269326812659639
2014-04-07,2.2304000422240984,2.1435789963279084,2.0120705890485224,2.2306437683404314,2.143585594050849,2.012070591680056,2.2309473095271484,2.142682630012576,2.012218125748247,2.2309473095271484,2.142682630012576,2.012218125748247,1.8067415429627707
2014-04-08,2.2386835116365265,2.1504315172646797,2.018561030729031,2.2389283387679657,2.150438138177863,2.018561033369017,2.239232912451653,2.1495273612104553,2.0187090433456056,2.239232912451653,2.1495273612104553,2.0187090433456056,1.8141910442655949
2014-04-09,2.256111405083776,2.1754700696316376,2.0473901132800476,2.2563579731150893,2.175476746219054,2.047390115957779,2.256665167072923,2.1746173801139896,2.0475402398123936,2.256665167072923,2.1746173801139896,2.0475402398123936,1.8336955064232046
2014-04-10,2.2256877299674858,2.1302040461309018,1.9928527509596219,2.2259308651960366,2.130210590576753,1.9928527535659875,2.226234146948623,2.1293456712462606,1.9929988784958377,2.226234146948623,2.1293456712462606,1.9929988784958377,1.795177117443165
2014-04-11,2.212062371489167,2.1153660438302357,1.9681418799342412,2.212303963624952,2.1153725324817994,1.9681418825082762,2.2126052647185066,2.1145402407545073,1.9682861955258888,2.2126052647185066,2.1145402407545073,1.9682861955258888,1.7790055825890803
2014-04-14,2.2278942365734973,2.1309246108543425,1.982358846997989,2.228137573963752,2.1309311630532646,1.9823588495906181,2.2284411781748856,2.1300500209134863,1.9825042050602202,2.2284411781748856,2.1300500209134863,1.9825042050602202,1.7930208516928974
2014-04-15,2.248166275172999,2.1503313032551206,2.0030838230514405,2.248412005215539,2.150337913852128,2.0030838256711165,2.248718447224097,2.1494583834292826,2.003230700789227,2.248718447224097,2.1494583834292826,2.003230700789227,1.805370207072458
2014-04-16,2.263354129227464,2.1680014032908104,2.0239169284540863,2.2636012726549155,2.1680080337782925,2.023916931101067,2.2639098261279953,2.1672238761795066,2.0240653337961776,2.2639098261279953,2.1672238761795066,2.0240653337961776,1.824286430108023
2014-04-17,2.2585089430661793,2.1716146670249183,2.0296686241143997,2.2587556150707884,2.1716213146634886,2.029668626768975,2.259063390024921,2.1708130233073195,2.029817451204265,2.259063390024921,2.1708130233073195,2.029817451204265,1.8268344275515935
2014-04-21,2.2618219713049683,2.179640626767075,2.04708941965081,2.262069015065225,2.179647327730086,2.0470894223281824,2.2623770889206005,2.1787626248141585,2.0472395241345756,2.2623770889206005,2.1787626248141585,2.0472395241345756,1.8332051543971937
2014-04-22,2.266648766456704,2.1893572276323523,2.0642580148380696,2.2668964155060323,2.1893639472382964,2.064258017537918,2.2672050671571884,2.188512631867728,2.064409378222947,2.2672050671571884,2.188512631867728,2.064409378222947,1.8415363728009944
2014-04-23,2.268167487361837,2.1881835956605293,2.063260697533965,2.2684153899103245,2.188190351172351,2.063260700232512,2.2687242359610353,2.1872138120023776,2.0634119877897485,2.2687242359610353,2.1872138120023776,2.0634119877897485,1.8372231080637849
2014-04-24,2.2834929479237767,2.1987540535984644,2.0583659563920134,2.283742538351814,2.1987608081822674,2.0583659590841585,2.2840533702906805,2.197883398554904,2.0585168877369524,2.2840533702906805,2.197883398554904,2.0585168877369524,1.8409486836064557
2014-04-25,2.2775376785207877,2.174316150611208,2.021145194922451,2.2777864096527938,2.1743228326005415,2.021145197565796,2.2780967337059423,2.1734402008045004,2.021293397024937,2.2780967337059423,2.1734402008045004,2.021293397024937,1.8258539068087403
2014-04-28,2.284246408120981,2.164865987909822,2.000620852890937,2.2844955597316536,2.1648726224606087,2.000620855507377,2.2848063962517977,2.164047806160627,2.0007675500294386,2.2848063962517977,2.164047806160627,2.0007675500294386,1.831636944459802
2014-04-29,2.2830771072279834,2.167342223934984,2.0187710838072914,2.283326269047785,2.167348879482244,2.0187710864475092,2.2836367410987024,2.1664830180959775,2.0189191118261487,2.2836367410987024,2.1664830180959775,2.0189191118261487,1.840164303674007
2014-04-30,2.287372310394525,2.1702586255648986,2.02540794718969,2.2876216665305344,2.170265290864365,2.025407949838604,2.2879329257498275,2.16939874301652,2.025556461861922,2.2879329257498275,2.16939874301652,2.025556461861922,1.8456525801819565
2014-05-01,2.288887802840042,2.1720606473404627,2.02187921312137,2.2891372639357646,2.172067318174299,2.021879215765669,2.2894497104036104,2.1712000508880918,2.0220274690463285,2.2894497104036104,2.1712000508880918,2.0220274690463285,1.845849087610698
2014-05-02,2.286040235915644,2.1660115765632826,2.0077073409671793,2.286289397654925,2.1660182288192096,2.007707343592944,2.286601115957076,2.1651533767259963,2.0078545577281757,2.286601115957076,2.1651533767259963,2.0078545577281757,1.8432024698344198
2014-05-05,2.293602931907138,2.1733496472461953,2.0164775454337565,2.2938529051053522,2.1733563220388086,2.0164775480709913,2.2941658619846117,2.1724885398994203,2.016625405277073,2.2941658619846117,2.1724885398994203,2.016625405277073,1.846730621402506
2014-05-06,2.2837887686095715,2.159843941107892,1.994904356121812,2.2840376494862196,2.1598505744217733,1.9949043587308326,2.284349069436249,2.1589881848915615,1.995050634093613,2.284349069436249,2.1589881848915615,1.995050634093613,1.8306571569536236
2014-05-07,2.3083008640967937,2.17896225864202,2.0120021993354773,2.3085524434485896,2.1789689506720884,2.012002201966859,2.308866980911147,2.178098927595902,2.0121497310204295,2.308866980911147,2.178098927595902,2.0121497310204295,1.8414383023957925
2014-05-08,2.3035434917985023,2.175090385672277,2.0084002344602925,2.3037945224434018,2.1750970658110473,2.0084002370869634,2.304108645673799,2.174228588582026,2.008547502028263,2.304108645673799,2.174228588582026,2.008547502028263,1.8394779941467607
2014-05-09,2.3020158582290424,2.1716764043004892,2.005862559874795,2.302266707599358,2.171683073954238,2.0058625624981468,2.302580672354217,2.1708159598767245,2.0060096413657287,2.302580672354217,2.1708159598767245,2.0060096413657287,1.8422226823282413
2014-05-12,2.313917346072656,2.188790329800665,2.0272938025727214,2.3141694830317343,2.1887970520147113,2.027293805224102,2.314484877326551,2.1879231046339775,2.027442455526821,2.314484877326551,2.1879231046339775,2.027442455526821,1.860158567930122
2014-05-13,2.3139247896161756,2.1895773336986837,2.025530625426968,2.314176933952534,2.1895840583297765,2.025530628076042,2.3144924032875376,2.1887097968394453,2.02567914909468,2.3144924032875376,2.1887097968394453,2.02567914909468,1.8618252148910532
2014-05-14,2.313927907753196,2.183347487206528,2.0146970143230263,2.314180065334063,2.183354192704513,2.014697016957932,2.3144953243992528,2.182482418626847,2.014844743607462,2.3144953243992528,2.182482418626847,2.014844743607462,1.8530032778429046
2014-05-15,2.2976325453963438,2.1653959790792046,1.9981275588048628,2.2978829146151614,2.1654026294445083,1.9981275614180982,2.298196107385242,2.164538023050449,1.998274073120601,2.298196107385242,2.164538023050449,1.998274073120601,1.8367336725836179
2014-05-16,2.3077951045160088,2.186730615352511,2.0191786715710167,2.3080465783552144,2.1867373312407614,2.019178674211784,2.3083612339076285,2.1858642063061864,2.019326729476587,2.3083612339076285,2.1858642063061864,2.019326729476587,1.843104949356724
2014-05-19,2.30606006729156,2.1896488652586443,2.0238368432878273,2.306311360190585,2.1896555901094255,2.0238368459346865,2.3066258696522395,2.1887812999862795,2.0239852427575977,2.3066258696522395,2.1887812999862795,2.0239852427575977,1.8498666746589527
2014-05-20,2.2968975527876885,2.174661987134601,2.005831012276478,2.2971478565801546,2.174668665957674,2.0058310148997887,2.2974608339179663,2.173800359893192,2.0059780914541587,2.2974608339179663,2.173800359893192,2.0059780914541587,1.8382043620433133
2014-05-21,2.3044468773093336,2.1897185033040607,2.0215973058446233,2.3046979811349946,2.1897252283687134,2.0215973084885532,2.305012251595968,2.1888509106174774,2.021745541098503,2.305012251595968,2.1888509106174774,2.021745541098503,1.8536890374426456
2014-05-22,2.3110577100570344,2.1946639915091595,2.026898530322195,2.311309519250869,2.194670731762398,2.026898532973058,2.311624887393461,2.1937944394331863,2.027047154292638,2.311624887393461,2.1937944394331863,2.027047154292638,1.858198626299428
2014-05-23,2.3163800804987718,2.2032542003859783,2.03611818467898,2.3166324646438436,2.203260967021471,2.036118187341901,2.3169484773024487,2.2023812447627265,2.036267484688019,2.3169484773024487,2.2023812447627265,2.036267484688019,1.8656473943655776
2014-05-27,2.323397977847447,2.2155994664577894,2.0490461960460147,2.32365111853121,2.21560627100807,2.0490461987258435,2.3239681249033683,2.214721619540351,2.04919644401192,2.3239681249033683,2.214721619540351,2.04919644401192,1.8771150326441617
2014-05-28,2.3263494397936975,2.2136487157524867,2.0456563385626305,2.326602898655642,2.2136555143116206,2.045656341238026,2.3269200443992966,2.212771641766868,2.0458063379645,2.3269200443992966,2.212771641766868,2.0458063379645,1.8757422302804998
2014-05-29,2.336462495465852,2.2245844273112607,2.05694250230947,2.3367170515609987,2.224591259456158,2.0569425049996255,2.337035305867452,2.223703020543032,2.057093329278404,2.337035305867452,2.223703020543032,2.057093329278404,1.8854455178112877
2014-05-30,2.346637282920148,2.2283439853042815,2.0575598205947685,2.3468929426185277,2.2283508289955356,2.0575598232857315,2.3472127053448415,2.2274610888556152,2.057710692829064,2.3472127053448415,2.2274610888556152,2.057710692829064,1.8884836839717
2014-06-02,2.351019757940104,2.232491285112309,2.0619445291621186,2.35127589426349,2.232498141542122,2.061944531858816,2.35159623174617,2.231606745454542,2.0620957229087082,2.35159623174617,2.231606745454542,2.0620957229087082,1.8906395831036302
2014-06-03,2.355376195669571,2.2380874037382497,2.063645273091369,2.3556328047149306,2.238094277319885,2.063645275790291,2.3559537286145957,2.2372006468192307,2.0637965915463794,2.3559537286145957,2.2372006468192307,2.0637965915463794,1.8896603455249574
2014-06-04,2.3644946015675985,2.242497795068873,2.0659852232083384,2.3647522031016788,2.2425046820730885,2.0659852259103206,2.3650743326621595,2.2416092906568257,2.06613671324208,2.3650743326621595,2.2416092906568257,2.06613671324208,1.8934823416903128
2014-06-05,2.3796097381335968,2.2574993671319237,2.079974384631671,2.379868987153762,2.257506300376966,2.0799743873519487,2.3801932106163797,2.2566049189776662,2.0801269004319627,2.3801932106163797,2.2566049189776662,2.0801269004319627,1.9058316970698734
2014-06-06,2.3807715749888443,2.2619917838073222,2.0893770388471062,2.3810309503107776,2.2619987308971647,2.0893770415796813,2.381355309019741,2.2610955557208032,2.089530244104606,2.381355309019741,2.2610955557208032,2.089530244104606,1.9149469287877854
2014-06-09,2.3735362284202153,2.2567086553714333,2.0862158685682823,2.37379481517587,2.2567155862490966,2.086215871296723,2.3741181794449124,2.2558145205280775,2.0863688420304207,2.3741181794449124,2.2558145205280775,2.0863688420304207,1.9169066871093112
2014-06-10,2.3695375565397967,2.251545069666523,2.081672365555001,2.3697957133838194,2.2515519846772265,2.0816723682774994,2.3701186781463757,2.250652980694318,2.0818250058611145,2.3701186781463757,2.250652980694318,2.0818250058611145,1.9171035611563898
2014-06-11,2.358580394876289,2.242886689934813,2.072920735737164,2.358837356009139,2.242893578420779,2.0729207384482162,2.3591587624195274,2.2419980315395027,2.0730727343229582,2.3591587624195274,2.2419980315395027,2.0730727343229582,1.9104380731676773
2014-06-12,2.349810166822656,2.230566872303022,2.0577589900129505,2.350066171302134,2.2305737230428364,2.0577589927041733,2.350386367648673,2.229683095198416,2.057909876851504,2.350386367648673,2.229683095198416,2.057909876851504,1.8969124228531968
2014-06-13,2.356953100443149,2.2370375005721845,2.0627334362073775,2.3572098823833905,2.2370443711978307,2.062733438905106,2.357531066800444,2.2361511597321906,2.0628846878012124,2.357531066800444,2.2361511597321906,2.0628846878012124,1.9026960104317645
2014-06-16,2.357924711523892,2.2391732607630224,2.0657100815215497,2.3581815980729015,2.239180138074384,2.0657100842231713,2.3585028928778184,2.2382860737540664,2.0658615513803045,2.3585028928778184,2.2382860737540664,2.0658615513803045,1.9042634871324817
2014-06-17,2.3654970753380224,2.244371625075534,2.070102170641905,2.365754787412395,2.244378518290322,2.070102173349271,2.3660771337180577,2.243482378390816,2.0702539625541387,2.3660771337180577,2.243482378390816,2.0702539625541387,1.9095558061391953
2014-06-18,2.3823173872792327,2.2687119006340843,2.0985369970141976,2.382576930953728,2.268718868905816,2.098536999758752,2.382901559841716,2.2678130101490663,2.098690873933022,2.382901559841716,2.2678130101490663,2.098690873933022,1.9235716251705182
2014-06-19,2.3910923924813696,2.274804382415424,2.102702257922481,2.391352895105906,2.274811369361546,2.1027022606724826,2.3916788208746995,2.2739030780034706,2.1028564402624226,2.3916788208746995,2.2739030780034706,2.1028564402624226,1.9257278909207856
2014-06-20,2.392653465057713,2.2789455784040062,2.108266102995004,2.392914137643821,2.278952577974014,2.1082661057522825,2.3932402733856115,2.2780426331673533,2.108420693308376,2.3932402733856115,2.2780426331673533,2.108420693308376,1.9296382421054075
2014-06-23,2.3923301911686092,2.2757906541331296,2.106370267092798,2.3925908280632333,2.2757976440459227,2.1063702698475972,2.3929169065378377,2.274888958926453,2.1065247183924725,2.3929169065378377,2.274888958926453,2.1065247183924725,1.929046703418328
2014-06-24,2.378200594268961,2.2604487591447575,2.0907995061056854,2.378459689629358,2.2604557020200007,2.0907995088401203,2.378783787847595,2.259553142608281,2.0909528156667445,2.378783787847595,2.259553142608281,2.0909528156667445,1.9174261852931298
2014-06-25,2.3873190268317455,2.268159707431734,2.1007339053408933,2.387579115280254,2.268166674189274,2.100733908088321,2.387904438238664,2.267261035796593,2.1008879433497936,2.387904438238664,2.267261035796593,2.1008879433497936,1.926092492857135
2014-06-26,2.383219686875693,2.2671023737279614,2.1031999076640773,2.3834793263724023,2.2671093372696185,2.1031999104147303,2.3838040308825095,2.2662041210321284,2.103354126494588,2.3838040308825095,2.2662041210321284,2.103354126494588,1.9247132746725721
2014-06-27,2.3911491374059297,2.2733201095567557,2.1103626302798424,2.3914096396439577,2.273327092327394,2.110362633039863,2.391735396333856,2.2724193933670613,2.110517374322769,2.391735396333856,2.2724193933670613,2.110517374322769,1.9284558979679227
2014-06-30,2.4037985292988777,2.2833617604369527,2.118237544495435,2.4040604122358245,2.283368774134399,2.118237547265755,2.4043879967323805,2.282457065656251,2.118392865972802,2.4043879967323805,2.282457065656251,2.118392865972802,1.9274709778050232
2014-07-01,2.4118807730219274,2.29331744586708,2.1326665307883084,2.4121435364461905,2.293324490176116,2.1326665335539583,2.4124722229202993,2.292408806552501,2.1328229103311,2.4124722229202993,2.292408806552501,2.1328229103311,1.9403724604004136
2014-07-02,2.4033005197991955,2.28458610236995,2.1267021577690155,2.403562348344945,2.2845931197999043,2.12670216050893,2.403889866958447,2.2836809224673873,2.1268581000061864,2.403889866958447,2.2836809224673873,2.1268581000061864,1.9423421174170443
2014-07-03,2.40459381935858,2.2903509815662417,2.135113090187268,2.404855788874017,2.290358016670893,2.1351130929027518,2.4051834841013213,2.2894435175236016,2.1352696492356324,2.4051834841013213,2.2894435175236016,2.1352696492356324,1.9518945415020728
2014-07-07,2.40360549692855,2.2841027428626024,2.1246090888507707,2.403867358862201,2.2841097587773773,2.1246090915601563,2.404194919250363,2.2831977544476456,2.124764877669067,2.404194919250363,2.2831977544476456,2.124764877669067,1.9450987206944839
2014-07-08,2.3991140258969597,2.272343878230522,2.106966500380681,2.399375398557619,2.2723508581380063,2.1069665030925946,2.3997023471679375,2.2714435489083713,2.1071209954893457,2.3997023471679375,2.2714435489083713,2.1071209954893457,1.9325915361207568
2014-07-09,2.407400842110101,2.28183765062086,2.117456059990545,2.407663117690363,2.2818446595719326,2.117456062730187,2.407991196362959,2.2809335596569777,2.117611324225853,2.407991196362959,2.2809335596569777,2.117611324225853,1.9412578436847623
2014-07-10,2.404064386348017,2.2738827045278005,2.1056898284375563,2.4043262985502767,2.273889689253269,2.105689831138026,2.4046539247030485,2.2729817655798605,2.1058442299532993,2.4046539247030485,2.2729817655798605,2.1058442299532993,1.933576639592825
2014-07-11,2.399223171648391,2.269141496683088,2.1007266420187567,2.3994845563245106,2.269148466906813,2.1007266447277972,2.399811522687659,2.268242436308318,2.1008806795739097,2.399811522687659,2.268242436308318,2.1008806795739097,1.936235905701737
2014-07-14,2.4079606692770428,2.2783989826265687,2.107535715229746,2.40822300574677,2.2784059812864412,2.107535717980279,2.408551163871124,2.277496254327294,2.1076902519987417,2.408551163871124,2.277496254327294,2.1076902519987417,1.9459859370705186
2014-07-15,2.4025611471378365,2.275468841764827,2.101359205300597,2.4028228955733195,2.2754758313375643,2.1013592080645274,2.403150316019135,2.274567274350138,2.1015132891279014,2.403150316019135,2.274567274350138,2.1015132891279014,1.9423421174170443
2014-07-16,2.4048272369156165,2.2795788134126,2.1034325777566405,2.4050892322408663,2.279585815476488,2.1034325805059755,2.405416960797176,2.2786756174687874,2.1035868136512086,2.405416960797176,2.2786756174687874,2.1035868136512086,1.9495305864637786
2014-07-17,2.382490933864525,2.253105217561302,2.073910938819543,2.3827504953814174,2.2531121383962875,2.0739109415436245,2.3830751827017336,2.252212510840756,2.0740630099886754,2.3830751827017336,2.252212510840756,2.0740630099886754,1.9273732740181584
2014-07-18,2.4126799768224947,2.287055256269369,2.1056910542904195,2.4129428269684725,2.2870622813243067,2.1056910570905347,2.4132716295387695,2.2861490980923582,2.105845455691352,2.4132716295387695,2.2861490980923582,2.105845455691352,1.9470685610202827
2014-07-21,2.406692260178114,2.27946227957771,2.097196970173975,2.406954457858926,2.2794692812682347,2.09719697295378,2.4072824447531285,2.2785591297931242,2.097350748758238,2.4072824447531285,2.2785591297931242,2.097350748758238,1.9434251079851457
2014-07-22,2.4164967130862705,2.2922113984429733,2.1114151398779195,2.416759978835691,2.2922184391994316,2.11141514268173,2.4170893022317324,2.2913031972291886,2.111569961009834,2.4170893022317324,2.2913031972291886,2.111569961009834,1.9518945415020725
2014-07-23,2.409471651617146,2.2892318619368592,2.1227115705520303,2.4097341519317568,2.28923889353971,2.122711573356676,2.410062517482957,2.28832484124925,2.122867220032473,2.410062517482957,2.28832484124925,2.122867220032473,1.9562276036294908
2014-07-24,2.411323315137997,2.2956703995913297,2.126355818341078,2.4115860174411656,2.2956774509244346,2.1263558211354536,2.4119146349630896,2.2947608278408547,2.12651173506982,2.4119146349630896,2.2947608278408547,2.12651173506982,1.9563265905805358
2014-07-25,2.39597087579065,2.278233175866638,2.1173161734942214,2.396231905365781,2.2782401736280895,2.1173161763064603,2.3965584318289443,2.2773305129405306,2.1174714273227275,2.3965584318289443,2.2773305129405306,2.1174714273227275,1.9471673646621592
2014-07-28,2.4050163445369503,2.2858176234232728,2.11987776291433,2.4052783595139986,2.2858246443910697,2.1198777657343966,2.405606117856792,2.2849119553750943,2.1200332045642503,2.405606117856792,2.2849119553750943,2.1200332045642503,1.9479552274688112
2014-07-29,2.3885118233653877,2.2722606063818254,2.109783582878104,2.388772040146951,2.272267585796397,2.1097835856802307,2.3890975478164838,2.271360309856946,2.1099382843738614,2.3890975478164838,2.271360309856946,2.1099382843738614,1.9395845975937611
2014-07-30,2.385218536182916,2.270926061617758,2.1103214213383312,2.385478394264318,2.270933037007061,2.110321424133806,2.385803451420508,2.2700262939164513,2.1104761622866373,2.385803451420508,2.2700262939164513,2.1104761622866373,1.939879542046042
2014-07-31,2.3456875006505755,2.2244016430702764,2.0624591834698998,2.3459430524816174,2.22440847557139,2.062459186248433,2.346262719140181,2.2235203089060844,2.0626104147872004,2.346262719140181,2.2235203089060844,2.0626104147872004,1.9015708587548834
2014-08-01,2.350806893848311,2.220047956140156,2.055582323138636,2.35106300363608,2.2200547752685273,2.0555823259079053,2.3513833680026033,2.2191683469582197,2.0557330502051596,2.3513833680026033,2.2191683469582197,2.0557330502051596,1.8957599581101943
2014-08-04,2.362498696518403,2.235113338074671,2.071996640055773,2.362756079845434,2.2351202034780577,2.071996642847156,2.363078037460356,2.2342277598107274,2.0721485707140044,2.363078037460356,2.2342277598107274,2.0721485707140044,1.9094487535847309
2014-08-05,2.3441114954373385,2.216668211893233,2.055354035801282,2.344366875357866,2.2166750206403227,2.055354038570244,2.3446863270240375,2.215789941805803,2.055504746128471,2.3446863270240375,2.215789941805803,2.055504746128471,1.8909350774834162
2014-08-06,2.3487072947319225,2.222635094839681,2.0597906891472237,2.3489631751441302,2.2226419219147577,2.0597906919221627,2.3492832529657184,2.2217544606029054,2.0599417247952414,2.3492832529657184,2.2217544606029054,2.0599417247952414,1.8915255163154838
2014-08-07,2.3388083734070633,2.2084166972484374,2.0447771541009403,2.33906317558282,2.2084234806500675,2.044777156855653,2.339381904501303,2.2075416965084242,2.0449270888705984,2.339381904501303,2.2075416965084242,2.0449270888705984,1.8812832998290054
2014-08-08,2.3600001096565477,2.2297074240261243,2.0629348055545336,2.36025722056001,2.229714272824608,2.0629348083337082,2.3605788374864227,2.2288239876490414,2.0630860717471697,2.3605788374864227,2.2288239876490414,2.0630860717471697,1.9030475974171428
2014-08-11,2.3692332397401246,2.236702938054737,2.071681410027053,2.369491356561414,2.23670980834072,2.071681412818011,2.369814231748328,2.235816729972475,2.0718333175708135,2.369814231748328,2.235816729972475,2.0718333175708135,1.9085626370637083
2014-08-12,2.3652114207988015,2.2340887841705115,2.0672405399659017,2.36546909948547,2.234095646426846,2.067240542750877,2.365791426640131,2.2332036118468794,2.06739212187964,2.365791426640131,2.2332036118468794,2.06739212187964,1.9059037375731336
2014-08-13,2.378632658048508,2.2515541884806556,2.0869557368394926,2.3788917990302005,2.251561104383905,2.0869557396510285,2.379215955246153,2.250662096157786,2.087108764384358,2.379215955246153,2.250662096157786,2.087108764384358,1.9188043036226807
2014-08-14,2.3906978533404515,2.2618922548897067,2.094146401024359,2.3909583086253634,2.2618992025473723,2.094146403845582,2.3912841090634975,2.2609960665028193,2.0942999558298974,2.3912841090634975,2.2609960665028193,2.0942999558298974,1.927865459135855
2014-08-15,2.3985210518237596,2.27632601738173,2.100755356121883,2.3987823594453848,2.276333009374334,2.1007553589520103,2.399109225910436,2.2754241101679282,2.1009093955338534,2.399109225910436,2.2754241101679282,2.1009093955338534,1.9274709778050232
2014-08-18,2.4157251787192715,2.291929247741217,2.1183871646688726,2.4159883607343953,2.291936287660856,2.1183871675227532,2.4163175717853282,2.291021158343456,2.118542496946008,2.4163175717853282,2.291021158343456,2.118542496946008,1.9436214321047187
2014-08-19,2.426919808040254,2.3014452229341202,2.1276260978945043,2.4271842098215552,2.3014522920831904,2.1276261007608315,2.4275149465200427,2.3005333631948184,2.1277821076231276,2.4275149465200427,2.3005333631948184,2.1277821076231276,1.9537653948768263
2014-08-20,2.430400885848956,2.3032236811484115,2.1283763901294663,2.430665666855658,2.3032307557602363,2.1283763929968043,2.4309968779693554,2.30231111676302,2.1285324548738123,2.4309968779693554,2.30231111676302,2.1285324548738123,1.9589847568344365
2014-08-21,2.4375479489975427,2.3074990513907667,2.132001532297265,2.4378135086335857,2.3075061391348504,2.132001535169487,2.4381456937495036,2.306584793053228,2.132157862857793,2.4381456937495036,2.306584793053228,2.132157862857793,1.9646972204555864
2014-08-22,2.4257915903203404,2.298536960593341,2.1236778302903123,2.4260558691721688,2.2985440208093437,2.1236778331513206,2.426386452149174,2.297626253141861,2.123833550509346,2.426386452149174,2.297626253141861,2.123833550509346,1.9616436563250113
2014-08-25,2.4360137999307607,2.3097497539917002,2.1331712457188767,2.436279192333588,2.3097568486491027,2.1331712485926744,2.4366111684038683,2.3088346038992946,2.1333276620494903,2.4366111684038683,2.3088346038992946,2.1333276620494903,1.9715912949775458
2014-08-26,2.4360701980612314,2.3134105948144663,2.138603751312957,2.4363355965416984,2.313417700716591,2.1386037541940732,2.4366675802319335,2.3124939942538068,2.138760565985988,2.4366675802319335,2.3124939942538068,2.138760565985988,1.9728707929743892
2014-08-27,2.442895589635102,2.3187776971236,2.1409866526979315,2.4431617316676606,2.3187848195113796,2.140986655582258,2.4434946454953095,2.3178589700536993,2.1411436420989367,2.4434946454953095,2.3178589700536993,2.1411436420989367,1.9720831134769057
2014-08-28,2.4421771707182773,2.317513911243386,2.140546848456496,2.442443234635496,2.3175210297493205,2.14054685134023,2.442776050663168,2.3165956849003795,2.1407038056085357,2.442776050663168,2.3165956849003795,2.1407038056085357,1.9709995729812981
2014-08-29,2.460073177307067,2.3356949984007276,2.1557075385750766,2.4603411910530535,2.3357021727518994,2.1557075414792353,2.4606764459611883,2.3347695684965317,2.1558656073957287,2.4606764459611883,2.3347695684965317,2.1558656073957287,1.9766130496514027
2014-09-02,2.4666062720955164,2.353338545861341,2.1742678326220353,2.4668749975838495,2.3533457746825186,2.174267835545621,2.46721114281343,2.3524061256396345,2.1744272623873133,2.46721114281343,2.3524061256396345,2.1744272623873133,1.9756290460343462
2014-09-03,2.4671564757875206,2.346256702258561,2.1651688538773004,2.4674252612155345,2.3462639091321336,2.1651688567598564,2.4677614814196085,2.345327087822295,2.1653276164409103,2.4677614814196085,2.345327087822295,2.1653276164409103,1.9745449556112329
2014-09-04,2.4602712471560046,2.3433159908598897,2.1675458980730844,2.4605392824997123,2.3433231890024167,2.167545900952688,2.460874564342328,2.342387541693644,2.167704834932524,2.460874564342328,2.342387541693644,2.167704834932524,1.9716886321460738
2014-09-05,2.4746472587398376,2.3575575808643103,2.1838165909606664,2.4749168602877325,2.3575648228275488,2.183816594002547,2.4752541012877716,2.356623489066257,2.183976720941185,2.4752541012877716,2.356623489066257,2.183976720941185,1.9805523636846638
2014-09-08,2.471161478989844,2.3537351495367353,2.1787090798352824,2.4714307007673058,2.353742379812208,2.1787090828943456,2.4717674667491476,2.3528025722577333,2.1788688353142467,2.4717674667491476,2.3528025722577333,2.1788688353142467,1.9754312554414246
2014-09-09,2.4530552226117015,2.3332621418531576,2.1577329880993865,2.453322471796214,2.3332693093359906,2.1577329911252976,2.4536567702557575,2.332337676238464,2.1578912054890758,2.4536567702557575,2.332337676238464,2.1578912054890758,1.9629237042493606
2014-09-10,2.453574899136752,2.34052229302682,2.1684636055254405,2.453842204951,2.340529482764047,2.168463608632365,2.4541765742026187,2.339594950828248,2.168622609774232,2.4541765742026187,2.339594950828248,2.168622609774232,1.9703106971256914
2014-09-11,2.464935047506304,2.347196267028386,2.1724072484362233,2.4652035909175307,2.347203477864327,2.17240725157189,2.465539508377634,2.3462662808131522,2.1725665418656286,2.465539508377634,2.3462662808131522,2.1725665418656286,1.9725758485221085
2014-09-12,2.438396685341359,2.3316861005913276,2.16270509086531,2.4386623375511793,2.331693263927136,2.162705094054201,2.4389946383369803,2.330762259703484,2.16286367290564,2.4389946383369803,2.330762259703484,2.16286367290564,1.961052667565438
2014-09-15,2.4360016215278986,2.324373490259163,2.1524289543973563,2.4362670128295805,2.3243806311377093,2.15242895737362,2.4365989871910467,2.3234525466766818,2.152586782846539,2.4365989871910467,2.3234525466766818,2.152586782846539,1.9595759289031789
2014-09-16,2.450048684603209,2.3428388391546617,2.173111050998298,2.450315606288231,2.3428460365308443,2.1731110540703167,2.450649494943529,2.341910579240571,2.1732703960065973,2.450649494943529,2.341910579240571,2.1732703960065973,1.974347898254986
2014-09-17,2.4501321261411664,2.3347516036036193,2.1632660368441727,2.4503990569116008,2.3347587762523165,2.1632660398685863,2.450732956912858,2.3338265479976226,2.1634246599448064,2.450732956912858,2.3338265479976226,2.1634246599448064,1.9770067977455608
2014-09-18,2.457072169940091,2.34489230488301,2.1753254423699016,2.4573398568267915,2.344899508565204,2.175325445576276,2.457674702545514,2.3439632313319176,2.175484949806878,2.457674702545514,2.3439632313319176,2.175484949806878,1.9875448752301628
2014-09-19,2.450187753107986,2.332881463597976,2.1612271769402676,2.4504546900009334,2.3328886299548555,2.161227179926933,2.4507885974849395,2.331957148649758,2.16138565052488,2.4507885974849395,2.331957148649758,2.16138565052488,1.985754127962088
2014-09-22,2.430409459347994,2.3147400050576707,2.141379003103067,2.4306742414876004,2.3147471154391437,2.141379006007274,2.431005453612376,2.3138228778810745,2.1415360212818197,2.431005453612376,2.3138228778810745,2.1415360212818197,1.9704181162984922
2014-09-23,2.4127774280337317,2.30347971817888,2.130623722861406,2.4130402892349134,2.3034867939898946,2.1306237256795124,2.4133690985251874,2.3025670524765793,2.130779952370452,2.4133690985251874,2.3025670524765793,2.130779952370452,1.9591387365360626
2014-09-24,2.42254180507682,2.3222210459016375,2.150367951476618,2.422805730060657,2.322228179153508,2.150367954367142,2.423135870010231,2.321300954586217,2.1505256287653816,2.423135870010231,2.321300954586217,2.1505256287653816,1.974474381581321
2014-09-25,2.3864719763649758,2.28225592852088,2.111156995655803,2.386731971715934,2.2822629390019102,2.1111569983982097,2.387057196118961,2.2813516718638347,2.1113117977315414,2.387057196118961,2.2813516718638347,2.1113117977315414,1.9426152480782617
2014-09-26,2.4057983618486913,2.299417782603828,2.1248940721223004,2.4060604627544246,2.2994248456319633,2.124894074834311,2.4063883208801293,2.298506726154354,2.125049881457995,2.4063883208801293,2.298506726154354,2.125049881457995,1.9580500633837339
2014-09-29,2.404055168732679,2.297571490790454,2.1240388601111992,2.404317079711831,2.2975785483385915,2.1240388628300755,2.404644700324462,2.29666116589979,2.12419460674132,2.404644700324462,2.29666116589979,2.12419460674132,1.9544878163102877
2014-09-30,2.3938942370231264,2.291622599310328,2.117270245983202,2.394155040979887,2.2916296390434563,2.1172702487119657,2.3944812769225545,2.2907146316723743,2.1174254963079973,2.3944812769225545,2.2907146316723743,2.1174254963079973,1.9493432444934673
2014-10-01,2.371484390430286,2.25623372937533,2.0774719675440054,2.371742753210123,2.2562406603606124,2.077471970206942,2.3720659349533144,2.255339783233477,2.077624299632298,2.3720659349533144,2.255339783233477,2.077624299632298,1.9229258269695324
2014-10-02,2.3691435736266038,2.258269041163282,2.080984022630766,2.3694016816255674,2.258275978487236,2.0809840252964316,2.369724544146692,2.2573742885764756,2.0811366122429793,2.369724544146692,2.2573742885764756,2.0811366122429793,1.9232226045134995
2014-10-03,2.396868376380755,2.286078398721045,2.1062637462017024,2.3971295051721846,2.2860854214160575,2.106263748914076,2.3974561457131607,2.2851726277624755,2.106418189467211,2.3974561457131607,2.2851726277624755,2.106418189467211,1.9443959133420632
2014-10-06,2.395261835869178,2.277671794894283,2.0975983184847578,2.3955227896996862,2.277678791768206,2.097598321180062,2.395849211261762,2.2767693547290824,2.0977521263517693,2.395849211261762,2.2767693547290824,2.0977521263517693,1.9421203133230356
2014-10-07,2.3665944128625354,2.2378103066865824,2.052572921335104,2.366852243708648,2.237817181114023,2.0525729239607426,2.367174758351081,2.23692366010652,2.0527234276834383,2.367174758351081,2.23692366010652,2.0527234276834383,1.912141381962329
2014-10-08,2.409126059493354,2.2778198084372834,2.0886502543809704,2.4093885241215993,2.2778268057410216,2.0886502570548178,2.409716834758482,2.276917309636218,2.088803406125019,2.409716834758482,2.276917309636218,2.088803406125019,1.9455832068270995
2014-10-09,2.372641232040805,2.236320933230145,2.0505991757882676,2.3728997218951564,2.2363278030918416,2.050599178408776,2.3732230603760978,2.2354348767538585,2.050749537410355,2.3732230603760978,2.2354348767538585,2.050749537410355,1.9069964435271713
2014-10-10,2.3536785238080378,2.197633066239909,2.0073156401871537,2.35393494798911,2.1976398171551974,2.0073156427355934,2.3542557021125057,2.196762338383713,2.007462828013834,2.3542557021125057,2.196762338383713,2.007462828013834,1.8852292129923365
2014-10-13,2.328802975759577,2.154736406927936,1.9634924795223152,2.329056690360737,2.1547430261204585,1.963492482015089,2.3293740540415966,2.153882675210213,1.9636364539850146,2.3293740540415966,2.153882675210213,1.9636364539850146,1.8542611453578521
2014-10-14,2.3445411434215413,2.1658588189568353,1.9748304130262435,2.3447965729477636,2.1658654723860025,1.9748304155325573,2.345116081122216,2.165000680384977,1.974975218850876,2.345116081122216,2.165000680384977,1.974975218850876,1.8571301171556447
2014-10-15,2.3215107044152243,2.157522543831211,1.97470614374199,2.3217636249153797,2.1575291716755287,1.9747061462460966,2.322079994506969,2.156667708180499,1.9748509404545125,2.322079994506969,2.156667708180499,1.9748509404545125,1.8445644569571338
2014-10-16,2.323142087250544,2.1651847616345123,1.9799820424412982,2.3233951853070005,2.1651914130618444,1.9799820449363317,2.3237117773707165,2.1643268901075934,1.9801272260129643,2.3237117773707165,2.1643268901075934,1.9801272260129643,1.842981032358748
2014-10-17,2.3520223133396656,2.195460677909987,2.007723965537194,2.3522785577403162,2.1954674223401547,2.007723968067714,2.3525990856155334,2.1945908107125227,2.0078711833048186,2.3525990856155334,2.1945908107125227,2.0078711833048186,1.864747712966077
2014-10-20,2.3796816427304233,2.2224219535488334,2.0264598065954678,2.379940900694676,2.2224287807507612,2.026459809145559,2.3802651977582867,2.221541403997449,2.02660839818182,2.3802651977582867,2.221541403997449,2.02660839818182,1.8828546260222634
2014-10-21,2.424903151521952,2.2734141472004485,2.0761962329414083,2.425167335853721,2.273421130997469,2.0761962355557246,2.4254977959178348,2.272513393964156,2.0763484714860816,2.4254977959178348,2.272513393964156,2.0763484714860816,1.920155658813616
2014-10-22,2.4148986113881072,2.254702024229747,2.055463537854322,2.415161706004642,2.254708950605049,2.055463540435239,2.4154908024677244,2.2538086849335093,2.0556142561596698,2.4154908024677244,2.2538086849335093,2.0556142561596698,1.9065018753902823
2014-10-23,2.43277815622057,2.2772229584546198,2.078344850522801,2.433043198549435,2.2772299540050427,2.0783448531330064,2.4333747317730126,2.2763206961040225,2.07849724661644,2.4333747317730126,2.2763206961040225,2.07849724661644,1.928664870420129
2014-10-24,2.447976778068381,2.295352463321176,2.0963506341859355,2.448243476263193,2.295359514559318,2.0963506368250275,2.4485770807149088,2.2944430178508175,2.09650435056622,2.4485770807149088,2.2944430178508175,2.09650435056622,1.9435061306376673
2014-10-27,2.444462143336091,2.2891135124450637,2.0915512837159267,2.444728458937114,2.2891205445319605,2.0915512863492083,2.4450615841415217,2.288206538914777,2.0917046481804697,2.4450615841415217,2.288206538914777,2.0917046481804697,1.9408347661236278
2014-10-28,2.472162866777247,2.3206033666559303,2.125226649306384,2.472432200068206,2.320610495561224,2.125226652000507,2.4727691004522945,2.3196839164480205,2.1253824830405215,2.4727691004522945,2.3196839164480205,2.1253824830405215,1.9630965647953513
2014-10-29,2.477905705004987,2.3276802947064104,2.1323856904658305,2.47817566376499,2.3276874453868253,2.1323856931675533,2.4785133469326492,2.326758040524452,2.132542049141697,2.4785133469326492,2.326758040524452,2.132542049141697,1.960128239428176
2014-10-30,2.496458952440424,2.347573611000059,2.157805009644639,2.4967309325328237,2.347580822848352,2.157805012393044,2.497071144204974,2.3466434748337015,2.1579632322097484,2.497071144204974,2.3466434748337015,2.1579632322097484,1.9726931663900127
2014-10-31,2.525584529338699,2.3831451230595015,2.1959943008115124,2.5258596824114656,2.3831524442878718,2.195994303622052,2.5262038633438806,2.382200893006823,2.1961553236330222,2.5262038633438806,2.382200893006823,2.1961553236330222,1.9952513759873658
2014-11-03,2.528650204874703,2.3873245668223895,2.2015582726956215,2.5289256919444263,2.3873319008907776,2.2015582755132828,2.529270290655442,2.3863786808190737,2.2017197034992706,2.529270290655442,2.3863786808190737,2.2017197034992706,1.9963405990672
2014-11-04,2.5322556423008957,2.380091239932602,2.194529278110874,2.5325315221088656,2.380098551724844,2.194529280919539,2.532876612248944,2.379148219847542,2.194690193508568,2.532876612248944,2.379148219847542,2.194690193508568,1.9894148120590724
2014-11-05,2.559423721270716,2.3982696116415294,2.209343263055251,2.5597025609281467,2.3982769792547285,2.2093432658828753,2.5600513534888245,2.397319389066004,2.2095052646987754,2.5600513534888245,2.397319389066004,2.2095052646987754,2.0019795557117406
2014-11-06,2.559099555232329,2.3983162226030985,2.211784996826463,2.559378359576059,2.3983235904058917,2.2117849996572123,2.5597271079560784,2.3973659815489086,2.211947177511828,2.5597271079560784,2.3973659815489086,2.211947177511828,2.009994382490534
2014-11-07,2.5630826578147388,2.398755748731932,2.2134637735117217,2.5633618961155533,2.398763117938156,2.2134637763446197,2.5637111872851817,2.397805333535026,2.2136260772945637,2.5637111872851817,2.397805333535026,2.2136260772945637,2.0118742180145497
2014-11-10,2.5778351314663954,2.418971218708091,2.229274650768068,2.5781159769634043,2.4189786499235644,2.2292746536212014,2.578467278612612,2.4180127939245684,2.2294381138945685,2.578467278612612,2.4180127939245684,2.2294381138945685,2.0182064499347434
2014-11-11,2.5785718151261663,2.421790486999277,2.231652463332707,2.5788527408829625,2.4217979268093908,2.231652466188883,2.579204142924593,2.4208309451918057,2.23181610081398,2.579204142924593,2.4208309451918057,2.23181610081398,2.020185272409804
2014-11-12,2.572929936626011,2.4197428724188486,2.230672192633852,2.573210247686948,2.4197503059378116,2.230672195488774,2.5735608809161494,2.418784141892155,2.2308357582360894,2.5735608809161494,2.418784141892155,2.2308357582360894,2.018009025960159
2014-11-13,2.5782484363487796,2.4195055857062817,2.22868647330484,2.5785293268274825,2.419513018424363,2.22868647615722,2.5788806848678667,2.4185469491840172,2.228849893302815,2.5788806848678667,2.4185469491840172,2.228849893302815,2.0202840760516807
2014-11-14,2.5671811145120356,2.413292886921578,2.2288705071896238,2.567460799225779,2.4133003006068545,2.2288705100422392,2.5678106490689196,2.4123367119468617,2.2290339406820125,2.5678106490689196,2.4123367119468617,2.2290339406820125,2.0207790108069066
2014-11-17,2.579462626340937,2.4210297601911237,2.2338834435689776,2.5797436491020624,2.4210371977481517,2.233883446428009,2.580095172609521,2.420070519781268,2.2340472446384405,2.580095172609521,2.420070519781268,2.2340472446384405,2.0220654745521567
2014-11-18,2.589328456819232,2.4405123422774953,2.2503552914394716,2.5896105544294143,2.440519839600869,2.250355294319584,2.58996342242542,2.439545382652792,2.250520300318726,2.58996342242542,2.439545382652792,2.250520300318726,2.03374043550043
2014-11-19,2.5839029794597264,2.432482747622694,2.2442503019231332,2.584184485991853,2.432490220283095,2.244250304795432,2.5845366146056357,2.4315189693953343,2.244414863149752,2.5845366146056357,2.4315189693953343,2.244414863149752,2.0304755158984564
2014-11-20,2.5841069055172863,2.438646890179861,2.254349751765633,2.5843884342797145,2.438654381876582,2.2543497546508573,2.584740590664372,2.437680669596921,2.254515053541491,2.584740590664372,2.437680669596921,2.254515053541491,2.034036113189385
2014-11-21,2.594012818203253,2.4414017895162474,2.2652818022027894,2.594295426198647,2.4414092898774316,2.2652818051020054,2.594648932508798,2.440434477411606,2.265447905578909,2.594648932508798,2.440434477411606,2.265447905578909,2.044919911765971
2014-11-24,2.602507744853945,2.4520576933594733,2.2752474630535766,2.602791278312703,2.4520652264452334,2.2752474659655473,2.603145942332004,2.4510861592481614,2.2754142971687643,2.603145942332004,2.4510861592481614,2.2754142971687643,2.0506596884532424
2014-11-25,2.606962258230336,2.4584209220229303,2.2769004746673343,2.607246276986295,2.4584284746030396,2.2769004775814206,2.6076015480647077,2.457446866744371,2.2770674299907574,2.6076015480647077,2.457446866744371,2.2770674299907574,2.0491752508059022
2014-11-26,2.624428353286265,2.487975992616383,2.3033895586161384,2.6247142749058012,2.4879836358950524,2.3033895615641264,2.625071926228166,2.486990227272973,2.3035584562702107,2.625071926228166,2.486990227272973,2.3035584562702107,2.0544188095737677
2014-11-28,2.6393828656787437,2.4977002399320183,2.3116042507673513,2.6396704165096603,2.4977079129970194,2.311604253725853,2.640030105838706,2.4967106217024404,2.3117737507694844,2.640030105838706,2.4967106217024404,2.3117737507694844,2.050065583437803
2014-12-01,2.630735647470101,2.4846165671766918,2.2931449061649816,2.631022256299009,2.48462419976813,2.2931449090729745,2.6313807670339786,2.4836321326588298,2.293313052243038,2.6313807670339786,2.4836321326588298,2.293313052243038,2.0358178783081984
2014-12-02,2.6426308691355764,2.5011394198042063,2.3089563958880572,2.6429187740599245,2.501147103160845,2.3089563987587916,2.6432789057590176,2.5001484387381487,2.3091257005439974,2.6432789057590176,2.5001484387381487,2.3091257005439974,2.0489774602129804
2014-12-03,2.6537456500463814,2.5048866433428434,2.3133243373385515,2.654034765895925,2.504894338478008,2.3133243402287804,2.654396412277016,2.5038941777730246,2.3134939624727435,2.654396412277016,2.5038941777730246,2.3134939624727435,2.0568923834948856
2014-12-04,2.6548789317914445,2.519275766054157,2.331126474741238,2.6551681709638153,2.519283505372676,2.3311264776686533,2.655529971823556,2.5182775993326505,2.331297405433484,2.655529971823556,2.5182775993326505,2.331297405433484,2.0546175167125327
2014-12-05,2.6540235610078287,2.52502694053331,2.3428399846396455,2.65431270718379,2.5250346970066233,2.3428399876282935,2.6546743911710666,2.524026494762802,2.3430117748847,2.6546743911710666,2.524026494762802,2.3430117748847,2.0579808733380456
2014-12-08,2.657545424187018,2.5245403094022487,2.331031124409455,2.6578349540634396,2.524548064158263,2.331031127382236,2.658197118242133,2.5235400562842716,2.331202048750268,2.658197118242133,2.5235400562842716,2.331202048750268,2.044228102963667
2014-12-09,2.665919802279742,2.527725507475805,2.3311842726255447,2.666210244523287,2.5277332722152797,2.331184275641898,2.666573549956846,2.5267239924839413,2.33135520880757,2.666573549956846,2.5267239924839413,2.33135520880757,2.0428432021948773
2014-12-10,2.629736643702608,2.4873371305152587,2.2922838405480324,2.630023143983026,2.4873447710684866,2.292283843500824,2.630381518418332,2.4863516177914957,2.2924519241345305,2.630381518418332,2.4863516177914957,2.2924519241345305,2.0100935527507486
2014-12-11,2.6424034585276326,2.504144547148188,2.304348337269718,2.64269133868843,2.504152239203717,2.3043483402636116,2.64305143937775,2.5031523750405067,2.3045173058554678,2.64305143937775,2.5031523750405067,2.3045173058554678,2.020284076051681
2014-12-12,2.602669086722348,2.471749116840053,2.267011440481667,2.6029526379730945,2.4717567095730275,2.267011443346881,2.603307323858705,2.4707697803061706,2.267177670172778,2.603307323858705,2.4707697803061706,2.267177670172778,1.9876337801769348
2014-12-15,2.585605897633378,2.4507005757978795,2.249210892699341,2.585887589924891,2.4507081037494074,2.2492108955769314,2.586239950462371,2.4497295788616187,2.2493758176486147,2.586239950462371,2.4497295788616187,2.2493758176486147,1.9739796301352641
2014-12-16,2.572875868483511,2.431688856969385,2.2317017507044747,2.57315617398835,2.4316963264001337,2.231701753499444,2.5735067996763266,2.430725392625955,2.2318653909344914,2.5735067996763266,2.430725392625955,2.2318653909344914,1.9581490503347796
2014-12-17,2.6190698656636835,2.487437143898713,2.2891439054224745,2.6193552039347225,2.48744478430824,2.289143908316997,2.619712124830059,2.4864515912367566,2.2893117580060958,2.619712124830059,2.4864515912367566,2.2893117580060958,1.996538389660123
2014-12-18,2.674929250304749,2.539543189094991,2.340201552497996,2.6752206743506997,2.539550989763549,2.340201555406394,2.675585207571912,2.538536991531045,2.3403731481935433,2.675585207571912,2.538536991531045,2.3403731481935433,2.0459103312039293
2014-12-19,2.675739682915945,2.5399703812254533,2.3445966701212937,2.676031195225007,2.539978183211852,2.344596673001057,2.6763958388865197,2.538964014412678,2.3447685876093827,2.6763958388865197,2.538964014412678,2.3447685876093827,2.054615683620847
2014-12-22,2.6969003760080237,2.566181813697022,2.3692613573706023,2.697194193745304,2.566189696344756,2.3692613603344,2.6975617211234226,2.5651650617064505,2.3694350841539533,2.6975617211234226,2.5651650617064505,2.3694350841539533,2.0640667377356388
2014-12-23,2.7000869032848387,2.559339570491721,2.3638437284644747,2.7003810683811293,2.5593474327431007,2.363843731399363,2.7007490300990904,2.5583255299288368,2.364017057686622,2.7007490300990904,2.5583255299288368,2.364017057686622,2.0668517539342117
2014-12-24,2.705392509491233,2.5697979205126433,2.3654105354399673,2.70568725267206,2.5698058149598744,2.3654105383482515,2.706055937458054,2.568779736275449,2.365583979145867,2.706055937458054,2.568779736275449,2.365583979145867,2.0670515609279883
2014-12-26,2.714635657141794,2.5820778182585427,2.3731152241696356,2.7149314073410378,2.58208575031877,2.373115227123291,2.715301351797201,2.581054768503215,2.3732892333280695,2.715301351797201,2.581054768503215,2.3732892333280695,2.0737175988442065
2014-12-29,2.729562001889415,2.5913592489386126,2.372320779625855,2.7298593781271028,2.591367209409504,2.3723207825187314,2.7302313567589573,2.5903325216933313,2.3724947296878827,2.7302313567589573,2.5903325216933313,2.3724947296878827,2.0765029816611165
2014-12-30,2.712015594743262,2.575016775930113,2.364445724289632,2.712311059192723,2.5750246861285335,2.3644457271730825,2.712680646718907,2.573996523714754,2.3646190969171657,2.712680646718907,2.573996523714754,2.3646190969171657,2.0653607171568016
2014-12-31,2.6757740680999937,2.5425164037570824,2.337027817805908,2.6760655841941006,2.5425242140594286,2.3370278206055066,2.676430232717511,2.541509028530531,2.337199179308484,2.676430232717511,2.541509028530531,2.337199179308484,2.044865285633729
2015-01-02,2.679801256472664,2.5429684314846392,2.3384648746356773,2.68014107869257,2.5429762431278307,2.3384648774813015,2.6805061149318163,2.5419608761417942,2.3386363415277507,2.6805061149318163,2.5419608761417942,2.3386363415277507,2.043770379969668
2015-01-05,2.646088771367125,2.5092489995712084,2.3031694037767556,2.64646762213094,2.5092567082012267,2.3031694065245842,2.6468515835040054,2.5082548064641843,2.3033382826457944,2.6468515835040054,2.5082548064641843,2.3033382826457944,2.006861445489956
2015-01-06,2.6359111490914313,2.5008633767024655,2.2875346546183613,2.6364038831508214,2.5008710599722392,2.2875346574366238,2.6367999491425094,2.499872509150734,2.287702387178467,2.6367999491425094,2.499872509150734,2.287702387178467,1.9879591539512045
2015-01-07,2.66488542206746,2.5337603756724154,2.3218766415092666,2.665372520926525,2.5337681599531456,2.321876644561604,2.6657632561731135,2.532756474059938,2.3220468922994484,2.6657632561731135,2.532756474059938,2.3220468922994484,2.012731371686935
2015-01-08,2.7026674939651607,2.572021493047155,2.363847397771674,2.703294063058069,2.572029395373552,2.3638474007486465,2.7036985974722665,2.5710024357728236,2.364020725954144,2.7036985974722665,2.5710024357728236,2.364020725954144,2.0484475134065527
2015-01-09,2.6806606822241723,2.555176680951274,2.3472001133460636,2.6813165853080525,2.5551845318365625,2.3472001162664924,2.6817156647116347,2.5541642980887684,2.3473722208411187,2.6817156647116347,2.5541642980887684,2.3473722208411187,2.0320316274307215
2015-01-12,2.6676212559652077,2.5439988103454168,2.340143777236281,2.6684476970514264,2.5440066271975614,2.3401437802452603,2.6688623469507218,2.5429908568227653,2.3403153673975208,2.6688623469507218,2.5429908568227653,2.3403153673975208,2.0161139757751507
2015-01-13,2.666717321454089,2.5470842437502905,2.338714569796788,2.667587132166786,2.5470920702447577,2.33871457279882,2.6679998989354314,2.5460750680569775,2.338886055138323,2.6679998989354314,2.5460750680569775,2.338886055138323,2.010442390098599
2015-01-14,2.6615352713616676,2.5515443132628115,2.341074546215779,2.662425961847837,2.5515521537540202,2.341074549356851,2.6628665810081196,2.550533375317605,2.341246204731986,2.6628665810081196,2.550533375317605,2.341246204731986,1.9983058566637857
2015-01-15,2.6523617165977047,2.5301842437633306,2.308354410107057,2.6531176485643884,2.5301920193259093,2.3083544132637006,2.6535554651369027,2.5291817673382457,2.3085236694976383,2.6535554651369027,2.5291817673382457,2.3085236694976383,1.9799996865413287
2015-01-16,2.6749471718319593,2.5567559178079753,2.3371211550374364,2.6756562144404747,2.5567637754402477,2.3371211582115157,2.6761169108379055,2.5557429138130807,2.337292523737868,2.6761169108379055,2.5557429138130807,2.337292523737868,2.0059656135829966
2015-01-20,2.664727098251235,2.55748567600208,2.3417138015229386,2.6655156363640677,2.5574935360100985,2.3417138045947437,2.665983186581467,2.5564723845106,2.3418855068798705,2.665983186581467,2.5564723845106,2.3418855068798705,2.01024423288734
2015-01-21,2.6760300276407287,2.5667042364373156,2.3537054003382174,2.6768030065737607,2.5667121243990674,2.353705403424462,2.677257026341216,2.5656872918936044,2.353877984969243,2.677257026341216,2.5656872918936044,2.353877984969243,2.0203916785336515
2015-01-22,2.7163767877988114,2.600464145044489,2.388263713815761,2.7170738565586956,2.6004721366223666,2.38826371710821,2.7175343690401745,2.599433825837107,2.388438832515626,2.7175343690401745,2.599433825837107,2.388438832515626,2.0504367845042237
2015-01-23,2.6997188164824113,2.5976848372779098,2.388025375074794,2.700326880199304,2.5976928205838483,2.3880253782025256,2.7008403732563164,2.596655619535748,2.3882004761617206,2.7008403732563164,2.596655619535748,2.3882004761617206,2.039194799812189
2015-01-26,2.7145318992117122,2.611887221009449,2.401345083600542,2.715234882188383,2.6118952477343758,2.4013450867715274,2.715717934245521,2.610852375963101,2.401521161345562,2.715717934245521,2.610852375963101,2.401521161345562,2.043970553581782
2015-01-27,2.694817558112871,2.595634374048553,2.385429972268059,2.695542108570195,2.5956423512183333,2.385429975553761,2.6960249919748294,2.5946059655827707,2.385604883099982,2.6960249919748294,2.5946059655827707,2.385604883099982,2.017009074445436
2015-01-28,2.669998771470595,2.5762761344028506,2.36657621246429,2.670839357564975,2.5762840516766743,2.3665762158081467,2.6713075013121275,2.57525539906562,2.3667497409050258,2.6713075013121275,2.57525539906562,2.3667497409050258,1.9911419510456447
2015-01-29,2.687081572205319,2.5967202031461696,2.394237213107115,2.6879205754818396,2.5967281829362867,2.3942372163756658,2.6883737690070673,2.595691370418551,2.3944127696753577,2.6883737690070673,2.595691370418551,2.3944127696753577,2.0095472914283152
2015-01-30,2.6453659542036285,2.547044979670217,2.346974038743493,2.6460654311246916,2.547052807019475,2.3469740420319187,2.6465554085907814,2.546035829537562,2.3471461298383316,2.6465554085907814,2.546035829537562,2.3471461298383316,1.9842783058456728
2015-02-02,2.6708111302092923,2.5645135746760133,2.359599183310658,2.6714296941118936,2.564521455727753,2.3595991866322654,2.671925508899381,2.563497503431482,2.3597722001628654,2.671925508899381,2.563497503431482,2.3597722001628654,2.008851083205964
2015-02-03,2.6915877947939046,2.576776502157867,2.3704213506343006,2.6921498668284154,2.576784420825191,2.3704213539140246,2.692638288534043,2.575755572195336,2.3705951609343137,2.692638288534043,2.575755572195336,2.3705951609343137,2.0379011870093633
2015-02-04,2.685962440784819,2.571015565316241,2.3662175658218096,2.6864297816499567,2.5710234662665927,2.366217569107176,2.6869066706817017,2.5699969178439708,2.36639106789768,2.6869066706817017,2.5699969178439708,2.36639106789768,2.030141159974927
2015-02-05,2.732506746264272,2.6090144861669042,2.400213387697023,2.73323525592956,2.6090225039076467,2.400213391008449,2.7337361723965383,2.6079807833781525,2.4003893824735063,2.7337361723965383,2.6079807833781525,2.4003893824735063,2.050635674952157
2015-02-06,2.691092213437256,2.5688564106378915,2.3676203208622857,2.6917475635096837,2.56886430497677,2.3676203241127443,2.692233144609433,2.5678386186587936,2.3677939257403895,2.692233144609433,2.5678386186587936,2.3677939257403895,2.0449651891306173
2015-02-09,2.6746085871740135,2.548417950801303,2.345749398357387,2.6752246397076855,2.548425782364917,2.3457494015509006,2.675706252956776,2.5474082566735596,2.3459213995185917,2.675706252956776,2.5474082566735596,2.3459213995185917,2.035812195723973
2015-02-10,2.6984663606002277,2.5740294793497265,2.3754111992637874,2.6991666592625956,2.5740373895394497,2.3754112025345577,2.6996604857280904,2.573009637720248,2.375585375419313,2.6996604857280904,2.573009637720248,2.375585375419313,2.0575004200071403
2015-02-11,2.7003937831576286,2.5683076191994516,2.370675775628386,2.7010462743888572,2.568315511774512,2.370675778886539,2.7015431245236945,2.56729004455348,2.3708496045517284,2.7015431245236945,2.56729004455348,2.3708496045517284,2.0586941293130776
2015-02-12,2.6993672943897367,2.5701138599794002,2.3932822207203546,2.699703554188797,2.5701217579921845,2.3932822240214864,2.7001818872867407,2.5690955695214983,2.3934577072704553,2.7001818872867407,2.5690955695214983,2.3934577072704553,2.078492436067956
2015-02-13,2.7035935235264774,2.566974840771418,2.3862427856488413,2.703977593774633,2.5669827291349354,2.3862427889410704,2.7044572174279717,2.5659577940033786,2.3864177560361095,2.7044572174279717,2.5659577940033786,2.3864177560361095,2.0870482082032944
2015-02-17,2.697406465644131,2.5636466645306353,2.3879189814540265,2.6977325404483286,2.563654542653359,2.3879189847720523,2.6982066266362326,2.5626309363890836,2.3880940747823383,2.6982066266362326,2.5626309363890836,2.3880940747823383,2.0903318253404652
2015-02-18,2.7139578405264344,2.5863590413105,2.406023964080025,2.71440999906932,2.5863669892536816,2.406023967435632,2.714894119939139,2.585334314459653,2.4062003849681886,2.714894119939139,2.585334314459653,2.4062003849681886,2.0905303491700615
2015-02-19,2.7019348104090257,2.5829763713694183,2.4058708390673065,2.702233621698201,2.582984308901892,2.4058708424251067,2.7027103653820634,2.5819529847220943,2.4060472487311757,2.7027103653820634,2.5819529847220943,2.4060472487311757,2.089038029228471
2015-02-20,2.7229827568377223,2.607997463176221,2.430899623617719,2.723241487086545,2.6080054775965613,2.4308996270156573,2.723720753923972,2.6069641630567966,2.4310778685164007,2.723720753923972,2.6069641630567966,2.4310778685164007,2.101573260104994
2015-02-23,2.7326165731432397,2.619604158839024,2.439606609528368,2.7329726909765677,2.6196122089192344,2.4396066128997718,2.733463798343761,2.6185662600886297,2.4397854928068528,2.733463798343761,2.6185662600886297,2.4397854928068528,2.1012753827060155
2015-02-24,2.7247334910294114,2.612430777407238,2.4315726986751414,2.725005864037675,2.612438805422378,2.4315727020163846,2.7254899988602785,2.611395720754586,2.4317509928419248,2.7254899988602785,2.611395720754586,2.4317509928419248,2.1072439292357026
2015-02-25,2.7199295399481005,2.602244888538836,2.4242842713186397,2.720206083507162,2.602252885237269,2.424284274662706,2.7206861734032834,2.6012138675531253,2.4244620310831,2.7206861734032834,2.6012138675531253,2.4244620310831,2.105453365276796
2015-02-26,2.7141139538918657,2.5785993950351966,2.4139589071137912,2.714407140878399,2.5786073185301066,2.413958910428217,2.7148870904546802,2.5775777417825294,2.4141359097519866,2.7148870904546802,2.5775777417825294,2.4141359097519866,2.1029664097863705
2015-02-27,2.712325772593777,2.579596532080282,2.413775740798299,2.7126019564032493,2.5796044587144333,2.4137757441025913,2.7130793438087073,2.578574483861888,2.413952729991336,2.7130793438087073,2.578574483861888,2.413952729991336,2.095802687477397
2015-03-02,2.730203492303563,2.6012301376545928,2.438470581675694,2.730514539878508,2.6012381306287917,2.4384705892355254,2.730890117170312,2.600199517801021,2.438649383766236,2.730890117170312,2.600199517801021,2.438649383766236,2.109034859812946
2015-03-03,2.718846864080676,2.5889957896287594,2.4185870021454288,2.7192208410423255,2.5890037450308423,2.4185870038407122,2.7195913521802986,2.5879700170902895,2.418764344512817,2.7195913521802986,2.5879700170902895,2.418764344512817,2.100379734108225
2015-03-04,2.716188883116126,2.5885894296231884,2.4166934873765524,2.7164738557113206,2.58859738406803,2.4166934977640526,2.7168484354269387,2.587563818164113,2.4168706985017883,2.7168484354269387,2.587563818164113,2.4168706985017883,2.091525351337234
2015-03-05,2.728857536345496,2.6030448577924283,2.426426880477233,2.729078311648687,2.603052856620933,2.426426893252048,2.7294851329896734,2.6020135190027234,2.426604806608714,2.7294851329896734,2.6020135190027234,2.426604806608714,2.093813416379726
2015-03-06,2.680999539302413,2.5609806418719105,2.3937500384607246,2.6812311789404326,2.5609885115659576,2.393750047481443,2.681675139020072,2.5599659692458725,2.3939255666948407,2.681675139020072,2.5599659692458725,2.3939255666948407,2.064364615134617
2015-03-09,2.694089278685448,2.5732907383907184,2.3984262168160697,2.694361691656583,2.573298645812391,2.3984262316539176,2.6947733963554104,2.5722711882497937,2.3986020912575228,2.6947733963554104,2.5722711882497937,2.3986020912575228,2.0729211205066296
2015-03-10,2.660414864192532,2.536080523033823,2.361762984726795,2.660677141402684,2.536088316286886,2.3617629935156943,2.6611057580751303,2.5350757158933113,2.361936168600538,2.6611057580751303,2.5350757158933113,2.361936168600538,2.039294519999908
2015-03-11,2.6619075178483333,2.5334611534684424,2.359921537541546,2.662141489732829,2.533468938719487,2.3599215488355054,2.6625906534483703,2.532457384218652,2.3600945879418647,2.6625906534483703,2.532457384218652,2.3600945879418647,2.0345193161578212
2015-03-12,2.7020082766787934,2.5716900966166323,2.401861308675247,2.702233798022355,2.57169799981965,2.4018613167738785,2.7026693013338075,2.5706711814304426,2.4020374333234713,2.7026693013338075,2.5706711814304426,2.4020374333234713,2.0603851563934326
2015-03-13,2.6816327145594743,2.556535563362932,2.3890392794629505,2.6818778398768117,2.556543419902779,2.38903929248263,2.6822117571267454,2.5555226523515624,2.3892144664727635,2.6822117571267454,2.5555226523515624,2.3892144664727635,2.0477509385658643
2015-03-16,2.714433135828858,2.593839843667732,2.421855333961786,2.7146957967319376,2.593847814725391,2.42185534779621,2.715044796509977,2.5928121524114354,2.422032927773419,2.715044796509977,2.5928121524114354,2.422032927773419,2.075109098743066
2015-03-17,2.707666351207052,2.5930375549039226,2.42365167149539,2.7079499819904087,2.5930455234348995,2.42365168728383,2.708186374213897,2.5920101814270486,2.4238293980092984,2.708186374213897,2.5920101814270486,2.4238293980092984,2.0689418450746144
2015-03-18,2.7437003344813666,2.6283095050352476,2.4493209522174086,2.7440084105248523,2.628317582059442,2.449320969194929,2.744412148166377,2.6272681567235785,2.449500561095029,2.744412148166377,2.6272681567235785,2.449500561095029,2.0938134163797275
2015-03-19,2.7306822683341094,2.6207893646776257,2.4458596069648313,2.73091163553768,2.620797418782942,2.4458596270800337,2.7312986284398084,2.619750996112168,2.446038963213939,2.7312986284398084,2.619750996112168,2.446038963213939,2.0842628253863853
2015-03-20,2.7579942880657025,2.648942822194596,2.4684006840888246,2.7582661039292455,2.6489509627672296,2.468400705796812,2.7586494850903462,2.647893299082193,2.4685816925864503,2.7586494850903462,2.647893299082193,2.4685816925864503,2.1026597335473007
2015-03-23,2.7567961562327294,2.64486255263103,2.4643872653245538,2.7570607969135272,2.6448706807332623,2.4643872806555507,2.75749776953093,2.643814646235883,2.4645679766677784,2.75749776953093,2.643814646235883,2.4645679766677784,2.0985629569382107
2015-03-24,2.7383210523084616,2.6261986260217363,2.4555781265982803,2.738613393137347,2.6262066968544806,2.4555781396436926,2.7390663149083583,2.625158114567707,2.4557581899433103,2.7390663149083583,2.625158114567707,2.4557581899433103,2.086770311503695
2015-03-25,2.7026084737279406,2.573138673965872,2.395284986930603,2.7028589528830764,2.5731465817497527,2.395284992683462,2.703454663936804,2.572119185092658,2.3954606264812703,2.703454663936804,2.572119185092658,2.3954606264812703,2.056191959161659
2015-03-26,2.6958109280721474,2.5674250896703876,2.3899608255293012,2.6960890436816247,2.567432979953158,2.389960835512608,2.6966564850438837,2.566407864557493,2.3901360763945725,2.6966564850438837,2.566407864557493,2.3901360763945725,2.0512955879591264
2015-03-27,2.714652610694259,2.5849833621956986,2.405318625476781,2.71495508738631,2.584991306409445,2.405318644841446,2.715516121202698,2.5839591803634328,2.405495006328338,2.715516121202698,2.5839591803634328,2.405495006328338,2.0559919688587143
2015-03-30,2.7494376115837755,2.620299822605298,2.4446868239054624,2.749831043551531,2.620307875399999,2.4446868681076883,2.750389300241571,2.619261648286534,2.4448660992660214,2.750389300241571,2.619261648286534,2.4448660992660214,2.081075078944394
2015-03-31,2.7259587044264695,2.5921266448070184,2.4162445796594,2.726325697053339,2.5921346109704793,2.4162446155243433,2.726840687818349,2.591099632806954,2.416421765226349,2.726840687818349,2.591099632806954,2.416421765226349,2.062887143235685
2015-04-01,2.718494457692347,2.5860509738961808,2.4041856712619363,2.718834725177248,2.5860589181895834,2.4041857069478763,2.719335861439219,2.585026369104046,2.4043619725373895,2.719335861439219,2.585026369104046,2.4043619725373895,2.0555919882528237
2015-04-02,2.727847126693439,2.593583815040984,2.410804886567621,2.7281745025847934,2.593591781813107,2.4108049223518098,2.7286910911967546,2.5925562256757226,2.4109816732365745,2.7286910911967546,2.5925562256757226,2.4109816732365745,2.062987046732573
2015-04-06,2.7490009881459656,2.6109416147977123,2.425778307792553,2.7492843286599946,2.610949638574557,2.4257783437989975,2.749799380823281,2.6099071480233857,2.4259561924770603,2.749799380823281,2.6099071480233857,2.4259561924770603,2.0768778489109097
2015-04-07,2.7311089756858746,2.592179309850086,2.4158760993408355,2.731400189560536,2.5921872760493696,2.4158761352003015,2.731958587874985,2.591152276855663,2.41605325788676,2.731958587874985,2.591152276855663,2.41605325788676,2.0713811401812046
2015-04-08,2.7424192996453116,2.60460156739051,2.431639617308559,2.742739861710453,2.6046095722115212,2.4316396534020135,2.743321994374408,2.6035696127749333,2.4318179318086033,2.743321994374408,2.6035696127749333,2.4318179318086033,2.0783767679825695
2015-04-09,2.745479703981451,2.6031970044568413,2.440301607131651,2.745726824733274,2.603205012406055,2.4403016433536875,2.7463447382472825,2.6021656066420675,2.440480556823846,2.7463447382472825,2.6021656066420675,2.440480556823846,2.0875702727154746
2015-04-10,2.759549432934419,2.613611835266042,2.445438396995998,2.759824083144016,2.6136198757892823,2.445438433294276,2.760414422320164,2.612576311046798,2.4456177233739913,2.760414422320164,2.612576311046798,2.4456177233739913,2.0989627542349316
2015-04-13,2.745803132073004,2.6006545631183227,2.4319226822699136,2.7460815651834785,2.600662564801968,2.4319227183675745,2.746689839272427,2.5996241727856813,2.43210101752739,2.746689839272427,2.5996241727856813,2.43210101752739,2.089468989083856
2015-04-14,2.7513179939245758,2.6054559764159366,2.428900942269896,2.7515891744654595,2.605463994497681,2.4289009783227065,2.752185101313462,2.604423683728991,2.429079055940238,2.752185101313462,2.604423683728991,2.429079055940238,2.093465862196058
2015-04-15,2.752324061244251,2.6068626206533714,2.4341787267892636,2.7525689374012754,2.6068706500023002,2.434178762920418,2.7531087322823216,2.605829770764389,2.434357227484684,2.7531087322823216,2.605829770764389,2.434357227484684,2.1028593572319076
2015-04-16,2.7479542508402734,2.604592839304001,2.437970353379823,2.7482040784712667,2.604600861056665,2.437970389567255,2.7487538658461994,2.603560888615238,2.4381491321189106,2.7487538658461994,2.603560888615238,2.4381491321189106,2.1022599362505785
2015-04-17,2.722670424519136,2.5766932819098596,2.4129090687385513,2.7229585368105798,2.576701214461305,2.4129091045539868,2.7235334153492516,2.5756723851426333,2.413086009709239,2.7235334153492516,2.5756723851426333,2.413086009709239,2.0780765075643983
2015-04-20,2.7502768313382986,2.6057850002032765,2.448279480059026,2.750559163243263,2.6057930235774145,2.4482795163994737,2.751101930772182,2.604752576995482,2.4484590147764047,2.751101930772182,2.604752576995482,2.4484590147764047,2.0970642211757182
2015-04-21,2.7508575626066243,2.607923262316867,2.4528227932441693,2.751176798848773,2.607931289724109,2.452822829652061,2.751740725835651,2.6068899916404873,2.4530026611271296,2.751740725835651,2.6068899916404873,2.4530026611271296,2.094566083826008
2015-04-22,2.7556689251631155,2.613638605362817,2.457133034200206,2.7559816416448273,2.6136466535037135,2.457133070672068,2.7565709163006806,2.612603070769809,2.4573132181573274,2.7565709163006806,2.612603070769809,2.4573132181573274,2.1048585270246836
2015-04-23,2.7673759150673627,2.6223829291041074,2.4571389550965574,2.7676650536780265,2.622391004764254,2.4571389915684976,2.768220176685743,2.6213439297393046,2.457319139487859,2.768220176685743,2.6213439297393046,2.457319139487859,2.1101548788331064
2015-04-24,2.8009724165247074,2.6397993558160757,2.460851907506352,2.8012817537622348,2.6398074838286414,2.46085194403339,2.8018431107987687,2.6387534557060133,2.4610323641720604,2.8018431107987687,2.6387534557060133,2.4610323641720604,2.115051616653976
2015-04-27,2.78318955416993,2.6233062247180237,2.4441525150647965,2.7834755079900413,2.6233143012304967,2.444152551343979,2.783997354098451,2.622266858951815,2.4443317471478117,2.783997354098451,2.622266858951815,2.4443317471478117,2.106257542599455
2015-04-28,2.7881976184816497,2.621790553687276,2.4362097564170613,2.7885012666846367,2.6217986251934975,2.436209792578351,2.7890695404483843,2.620751788690919,2.436388406049855,2.7890695404483843,2.620751788690919,2.436388406049855,2.112953093291818
2015-04-29,2.7758262576449315,2.6070414009814833,2.417838085218285,2.7761447499964658,2.6070494300775238,2.417838121106873,2.7767265245272847,2.6060084798123055,2.418015387638544,2.7767265245272847,2.6060084798123055,2.418015387638544,2.1042587394250165
2015-04-30,2.745777355662911,2.5761046432350425,2.3973630809942423,2.7460975923712616,2.5761125815690633,2.3973631165788785,2.7466758446254076,2.5750839797982765,2.3975388819624928,2.7466758446254076,2.5750839797982765,2.3975388819624928,2.0831734189973816
2015-05-01,2.773955693269911,2.6097121445518217,2.4380709367895954,2.774248747314279,2.609720184951292,2.4380709725294274,2.7748098701668593,2.6086649313446575,2.438249722399804,2.7748098701668593,2.6086649313446575,2.438249722399804,2.105757841805845
2015-05-04,2.790265183866475,2.6245441032964534,2.453470591104082,2.7905670852703057,2.624552187293635,2.453470627076954,2.7911287486524983,2.6234528940180533,2.453650505611423,2.7911287486524983,2.6234528940180533,2.453650505611423,2.1117535180924856
2015-05-05,2.7618065043435,2.598639959888351,2.4242313682411876,2.762096769396878,2.598647962261933,2.42423140468667,2.7626662857459063,2.5975390796281768,2.424409139668503,2.7626662857459063,2.5975390796281768,2.424409139668503,2.087570272715474
2015-05-06,2.7559947553259994,2.59154162527229,2.420677143767694,2.7563060072236163,2.5915496073357276,2.42067717946898,2.7568934375681224,2.5905162423352905,2.4208546532922144,2.7568934375681224,2.5905162423352905,2.4208546532922144,2.0789761889638982
2015-05-07,2.7778249937713753,2.605088723954402,2.4344273757930304,2.7780042638037594,2.6050967487633923,2.4344274114596347,2.778639081181088,2.6040516041978257,2.434605893411604,2.778639081181088,2.6040516041978257,2.434605893411604,2.08727056222481
2015-05-08,2.806419005681384,2.620499815301016,2.452163599662126,2.806632929251952,2.62050788685358,2.452163634965453,2.807248901300412,2.6193947877571673,2.452343417169089,2.807248901300412,2.6193947877571673,2.452343417169089,2.1147520894724807
2015-05-11,2.7933227648213155,2.612544271703014,2.4469722455778564,2.79350584413873,2.6125523176699397,2.4469722813423163,2.79414415210504,2.6114672098995846,2.447151682806615,2.79414415210504,2.6114672098995846,2.447151682806615,2.1046589033400758
2015-05-12,2.784649820531307,2.609771527365148,2.4446769735985825,2.7848380229205727,2.609779565207935,2.444677009063747,2.785468809933027,2.6087151255510386,2.4448562425326825,2.785468809933027,2.6087151255510386,2.4448562425326825,2.0983627833260967
2015-05-13,2.7864218727130567,2.6120891691145,2.4458526642335476,2.7865586454309126,2.6120972146746273,2.4458526999473853,2.787183564453639,2.61109945927705,2.4460320195702105,2.787183564453639,2.61109945927705,2.4460320195702105,2.098762947241155
2015-05-14,2.8179727810942325,2.637522973886781,2.4736660764321017,2.8180546533920383,2.637531095752206,2.473666112235913,2.8187162214565626,2.636466304111818,2.473847471078596,2.8187162214565626,2.636466304111818,2.473847471078596,2.1206476789530635
2015-05-15,2.8251870928096485,2.642131457980865,2.478400717919638,2.825265567222526,2.6421395945205277,2.4784007536823935,2.8259473583809167,2.6410409851873453,2.478582459539584,2.8259473583809167,2.6410409851873453,2.478582459539584,2.122946192618166
2015-05-18,2.833751522756317,2.6529823292824513,2.4905971365633977,2.8338696345360943,2.6529904999451235,2.4905971727820124,2.8345395213387214,2.6519480325092593,2.490779772845112,2.8345395213387214,2.6519480325092593,2.490779772845112,2.129541473195304
2015-05-19,2.8415620036547873,2.6575042271489115,2.49113858984106,2.8416606934934996,2.6575124135395396,2.4911386261627926,2.842331949102432,2.656520915391427,2.4913212662650746,2.842331949102432,2.656520915391427,2.4913212662650746,2.128841598789581
2015-05-20,2.8427846943441546,2.658741189418546,2.4871661515449706,2.842887358752231,2.6587493809422855,2.4871661874455295,2.843548901615106,2.6578495978748675,2.4873485365160652,2.843548901615106,2.6578495978748675,2.4873485365160652,2.1273426797179207
2015-05-21,2.8375639152010383,2.659475484780254,2.494838829928426,2.837708087336132,2.659483677293232,2.494838866266024,2.83834162671098,2.6585437358505337,2.4950217775196006,2.83834162671098,2.6585437358505337,2.4950217775196006,2.133538712925843
2015-05-22,2.830303063989149,2.6516004526349928,2.4900739657003066,2.830410734747206,2.6516086208993186,2.4900740014028346,2.831039599172728,2.65068896220918,2.49025656344939,2.831039599172728,2.65068896220918,2.49025656344939,2.128442351420365
2015-05-26,2.812641139582687,2.6321876441071335,2.470521044409107,2.812711522983854,2.632195752519433,2.4705210798915327,2.8133530052234987,2.631280010246146,2.470702208475969,2.8133530052234987,2.631280010246146,2.470702208475969,2.1055584014304056
2015-05-27,2.8328095738144476,2.656296214251072,2.502637187162817,2.8328331017642796,2.656304396151597,2.502637222698112,2.833487732121109,2.655367438319934,2.5028207060442744,2.833487732121109,2.655367438319934,2.5028207060442744,2.125544416773933
2015-05-28,2.8328761347618836,2.6553177979923563,2.5015361512073713,2.8329020355024723,2.6553259747768116,2.5015361868542754,2.833549678702076,2.654334673246894,2.50171958928492,2.833549678702076,2.654334673246894,2.50171958928492,2.1231463662302787
2015-05-29,2.803734362760487,2.630566412000897,2.4829495759277695,2.803780901884368,2.6305745126524647,2.482949611412221,2.8044365170561467,2.6295874736372076,2.4831316510265635,2.8044365170561467,2.6295874736372076,2.4831316510265635,2.1099545219118228
2015-06-01,2.808102744887523,2.633819739726381,2.4871844292417453,2.8081878028242957,2.6338278520369767,2.487184464786718,2.808854179802533,2.6328511327980886,2.4873668148830257,2.808854179802533,2.6328511327980886,2.4873668148830257,2.1142523886788696
2015-06-02,2.803501962999342,2.625974745862701,2.482647260434569,2.803466979224723,2.6259828328395414,2.4826472959147,2.8041329868420726,2.625008878019518,2.4828293133645194,2.8041329868420726,2.625008878019518,2.4828293133645194,2.112153682007543
2015-06-03,2.8076455396346347,2.6331955821165174,2.495735653165133,2.8075868224642004,2.6332036897052387,2.4957356888323132,2.808215448407224,2.6322293240358365,2.4959186658690684,2.808215448407224,2.6322293240358365,2.4959186658690684,2.117749927615799
2015-06-04,2.79139296120004,2.608336071087885,2.46797979881026,2.791413743183759,2.6083441028268397,2.467979834080774,2.7920168075982854,2.607379160579591,2.468160776172849,2.7920168075982854,2.607379160579591,2.468160776172849,2.099861885706924
2015-06-05,2.7819199676551043,2.6097849229183447,2.4727567830432458,2.7819514863535533,2.6097929588850732,2.472756818382029,2.7825644375066743,2.608829845333866,2.4729381107028745,2.7825644375066743,2.608829845333866,2.4729381107028745,2.0962638933456006
2015-06-08,2.7719788553278146,2.5967677689063255,2.4573215401968156,2.7720229887688053,2.5967757645428966,2.45732157531501,2.7726432415508016,2.595814026557842,2.457501735987557,2.7726432415508016,2.595814026557842,2.457501735987557,2.0833732259911577
2015-06-09,2.7673692238128904,2.5983987531101147,2.454038356948222,2.7673453866172877,2.598406752383809,2.4540383920194957,2.7679492904017406,2.597446226812188,2.454218311982599,2.7679492904017406,2.597446226812188,2.454218311982599,2.0830733321913244
2015-06-10,2.8027800597435144,2.6334371071150935,2.494386632957971,2.802662089646442,2.6334452146321046,2.494386668605872,2.80327448056647,2.632463302540128,2.494569546738035,2.80327448056647,2.632463302540128,2.494569546738035,2.1080570887076218
2015-06-11,2.824040854173184,2.6472599399209575,2.503104979739125,2.8239102830337743,2.6472680920668576,2.5031050155116223,2.8245277953185877,2.6462709770775246,2.5032885328369825,2.8245277953185877,2.6462709770775246,2.5032885328369825,2.1148519929693674
2015-06-12,2.8142517874353183,2.6311807414609167,2.4844543672182633,2.8140497289812347,2.6311888440764033,2.48445440272422,2.814691021290759,2.6301991168213026,2.484636552663654,2.814691021290759,2.6301991168213026,2.484636552663654,2.0986626771259282
2015-06-15,2.7968661766134386,2.6246631784826024,2.4840951426131195,2.796603548510656,2.624671261391641,2.4840951781139426,2.7972695401477328,2.6236835562234258,2.4842773017165087,2.7972695401477328,2.6236835562234258,2.4842773017165087,2.0896687960776306
2015-06-16,2.8146873136864863,2.6395569778050296,2.4984119388559405,2.8145112743833067,2.639565105652504,2.4984119745613684,2.8151828838895723,2.6385761099795566,2.4985951478123423,2.8151828838895723,2.6385761099795566,2.4985951478123423,2.1010609109787506
2015-06-17,2.8205719483143423,2.6411744438976337,2.4936092159105034,2.820477732735523,2.6411825779223275,2.493609251547294,2.821129453309331,2.640183639686663,2.4937920726824383,2.821129453309331,2.640183639686663,2.4937920726824383,2.104458729727961
2015-06-18,2.8474699962827406,2.664599637152738,2.5178706959941453,2.8474236300227096,2.6646078428346898,2.517870731977663,2.8480515066556493,2.6635900479657866,2.5180553318643883,2.8480515066556493,2.6635900479657866,2.5180553318643883,2.1263441946765442
2015-06-19,2.83514574973498,2.6551475788518086,2.514836044253936,2.835117212315112,2.655155758416685,2.514836080194085,2.8357743278891703,2.6541493378060466,2.515020457592671,2.8357743278891703,2.6541493378060466,2.515020457592671,2.116904689039375
2015-06-22,2.8433326827004746,2.661996215108945,2.5248859021576306,2.843271058620737,2.662004417610715,2.5248859382414053,2.843945767776425,2.660990610883601,2.525071052454099,2.843945767776425,2.660990610883601,2.525071052454099,2.1277494427630486
2015-06-23,2.846055638688055,2.665988860280668,2.52919453041903,2.8459978347989927,2.6659970751263655,2.5291945665643802,2.846632961964235,2.664975378366693,2.529379996667919,2.846632961964235,2.664975378366693,2.529379996667919,2.1292562441289586
2015-06-24,2.8250516060052733,2.640143929738903,2.5014422955401447,2.824989276455729,2.6401520662357005,2.5014423312888807,2.825638250025894,2.639129906634221,2.5016257267131103,2.825638250025894,2.639129906634221,2.5016257267131103,2.1137909995014983
2015-06-25,2.8160085803262147,2.633564150631086,2.497180383816224,2.815978915545437,2.633572269195294,2.497180419504052,2.816616742168626,2.6325479578819486,2.4973635024625094,2.816616742168626,2.6325479578819486,2.4973635024625094,2.1073647299778115
2015-06-26,2.821100535679421,2.630277489223389,2.487815115915288,2.8210052599645965,2.6302855957771327,2.4878151514692743,2.821625980009939,2.6292699149056746,2.487997547804941,2.821625980009939,2.6292699149056746,2.487997547804941,2.106963282898573
2015-06-29,2.768639065339718,2.5715267471260663,2.428380429950095,2.768582129529287,2.571534672933492,2.428380464654685,2.7692116872859582,2.570544639670194,2.4285585034844974,2.7692116872859582,2.570544639670194,2.4285585034844974,2.062779724062883
2015-06-30,2.777138434215382,2.586776650332076,2.445284128122443,2.777086087356669,2.586784621229163,2.4452841630686084,2.77772439907056,2.585795514157056,2.445463441207798,2.77772439907056,2.585795514157056,2.445463441207798,2.0670970216018016
2015-07-01,2.8107607346670638,2.6197457445662637,2.4720597871207484,2.8107453719149476,2.619753817121036,2.4720598224059502,2.8113930222043577,2.618752194311225,2.4722410636926453,2.8113930222043577,2.618752194311225,2.4722410636926453,2.08366670397009
2015-07-02,2.809044687529427,2.612068651737289,2.463230127606933,2.8090334472043295,2.612076700616612,2.463230162715423,2.809677709428284,2.6110770588427097,2.463410756714032,2.809677709428284,2.6110770588427097,2.463410756714032,2.081758455524941
2015-07-06,2.8004962114086838,2.600600227815251,2.451286528007627,2.800475493728957,2.6006082414271443,2.451286562598225,2.8011105414850994,2.5996137364664214,2.451466281367544,2.8011105414850994,2.5996137364664214,2.451466281367544,2.0758335365773815
2015-07-07,2.8236774246839333,2.6134212003607766,2.461485888915556,2.823746201982275,2.613429253485514,2.4614859235076563,2.824338031708529,2.612429328347406,2.461666390224015,2.824338031708529,2.612429328347406,2.461666390224015,2.0888884489468915
2015-07-08,2.7855006548385153,2.566027964377578,2.4056352011633715,2.7856352112529597,2.5660358715505662,2.405635235007631,2.786147094184795,2.5650533793369443,2.4058116069237574,2.786147094184795,2.5650533793369443,2.4058116069237574,2.0538423022385146
2015-07-09,2.7920538596627313,2.575849745493669,2.411165272665193,2.792133118060153,2.57585768291162,2.411165306339879,2.7926608582336208,2.574873400116851,2.4113420839917437,2.7926608582336208,2.574873400116851,2.4113420839917437,2.0575576124677437
2015-07-10,2.820362204102172,2.608405473537804,2.448922668234079,2.8204149290549876,2.6084135112812605,2.4489227023776947,2.8209580468541438,2.6074167771116867,2.4491022484056177,2.8209580468541438,2.6074167771116867,2.4491022484056177,2.0834650638846273
2015-07-13,2.8370559402452957,2.630514378062604,2.4709542121492785,2.8370425768711756,2.6305224839241603,2.4709542465079477,2.837601657161267,2.6295175714590666,2.4711354079265124,2.837601657161267,2.6295175714590666,2.4711354079265124,2.1064604658490964
2015-07-14,2.8477539042614533,2.6419557308924784,2.483318804418571,2.847758036599869,2.6419638718981813,2.4833188389215946,2.8483244568409485,2.640952334461248,2.4835009068821994,2.8483244568409485,2.640952334461248,2.4835009068821994,2.115599344449758
2015-07-15,2.850073458559239,2.639451335882372,2.478870561354848,2.850031253861392,2.6394594693703244,2.4788705955941293,2.8505898422857485,2.638450888260542,2.4790523376967815,2.8505898422857485,2.638450888260542,2.4790523376967815,2.114895253933157
2015-07-16,2.866357061529904,2.6609522525665223,2.504170596826048,2.8663536733341837,2.6609604523888453,2.5041706314418284,2.866892799915502,2.659945920779391,2.5043542284055,2.866892799915502,2.659945920779391,2.5043542284055,2.1318667499990216
2015-07-17,2.8481211209029307,2.650328228090723,2.498734680863017,2.8480351574702563,2.6503363951275274,2.4987347155052526,2.848575157149197,2.6493255792275714,2.4989179137790645,2.848575157149197,2.6493255792275714,2.4989179137790645,2.133674178401439
2015-07-20,2.8554024735253196,2.6581328692825146,2.508584064710355,2.8552990617007254,2.658141060209041,2.508584099439923,2.8558467165935344,2.657124074319159,2.5087680198666957,2.8558467165935344,2.657124074319159,2.5087680198666957,2.1347786161422673
2015-07-21,2.8511374010340895,2.6482211537175466,2.4997616976046,2.851085519916237,2.6482293139723017,2.499761732045582,2.851593567515141,2.647215923393795,2.4999450058630934,2.851593567515141,2.647215923393795,2.4999450058630934,2.126344194676544
2015-07-22,2.859968922689286,2.6627401834349143,2.508690844600803,2.859967561157913,2.6627483883938567,2.5086908789931477,2.8604631492625234,2.661730487065617,2.508874807687485,2.8604631492625234,2.661730487065617,2.508874807687485,2.1225280644045834
2015-07-23,2.8574355798727407,2.661326910284457,2.5088926465529724,2.8573735233222965,2.661335110730884,2.508892681159239,2.857928670284625,2.6603165776145765,2.509076624440901,2.857928670284625,2.6603165776145765,2.509076624440901,2.1105781397034074
2015-07-24,2.8426912988439654,2.648050039020447,2.474980222420362,2.8426032323245516,2.6480581985005833,2.4749802568337635,2.843145399798118,2.6470484009775026,2.4751617137903263,2.843145399798118,2.6470484009775026,2.4751617137903263,2.088687175479766
2015-07-27,2.834081285727568,2.62950718700626,2.45226511438539,2.8340475455165572,2.629515289425339,2.452265148345042,2.834537162494725,2.6285121463938905,2.4524449400125072,2.834537162494725,2.6285121463938905,2.4524449400125072,2.076536710548139
2015-07-28,2.858602876740316,2.6528800347153965,2.477854865762588,2.8585568541275106,2.652888209106808,2.477854900155841,2.859057044817363,2.651876334892156,2.478036567841611,2.859057044817363,2.651876334892156,2.478036567841611,2.102042714885784
2015-07-29,2.8832544344680078,2.67616350462334,2.502827044031632,2.8831923937445807,2.676171750731979,2.502827078521415,2.8836946132316754,2.675149790388725,2.5030105774406763,2.8836946132316754,2.675149790388725,2.5030105774406763,2.116503058650967
2015-07-30,2.886299892756358,2.6783711380331137,2.503664349552893,2.8862789408631073,2.6783793907829554,2.50366438343712,2.8867800264400625,2.67735090485546,2.5038479445230513,2.8867800264400625,2.67735090485546,2.5038479445230513,2.117005142463768
2015-07-31,2.883122483272511,2.6766168630991443,2.4998960908306436,2.8831480143111627,2.6766251104778447,2.499896124542175,2.883649960029174,2.675595909736551,2.5000794094821224,2.883649960029174,2.675595909736551,2.5000794094821224,2.1137909995014974
2015-08-03,2.883467015058239,2.6826758760966056,2.5003518688813577,2.8835337205268896,2.6826841420629104,2.500351902713805,2.884033253504039,2.681652116016168,2.500535221008485,2.884033253504039,2.681652116016168,2.500535221008485,2.1066617393162215
2015-08-04,2.863733609717607,2.674384627575521,2.4926465566505582,2.8638875191435904,2.674392868405123,2.4926465901910877,2.864479885693586,2.6733611917910007,2.4928293436558815,2.864479885693586,2.6733611917910007,2.4928293436558815,2.102544798698585
2015-08-05,2.888148932043221,2.694574312822789,2.5128058887486193,2.888410684935086,2.694582615844676,2.512805922110115,2.8890705326772665,2.693543556073854,2.5129901538386976,2.8890705326772665,2.693543556073854,2.5129901538386976,2.1094742518900844
2015-08-06,2.877817192144014,2.6794267625171257,2.4871400963546755,2.87816361896305,2.679435018787126,2.48714012937376,2.8788348472647938,2.678398954074292,2.4873224793608384,2.8788348472647938,2.678398954074292,2.4873224793608384,2.0922017621693754
2015-08-07,2.8914637351990415,2.692281550146384,2.4932325030343137,2.8917943414917335,2.6922898463867226,2.4932325364048395,2.8924298534115747,2.6912467789408403,2.4934153329248665,2.8924298534115747,2.6912467789408403,2.4934153329248665,2.0881854582853014
2015-08-10,2.917074929782319,2.715897755074368,2.5243940666547795,2.9173789725530255,2.715906123647823,2.524394100530356,2.918020659180601,2.7148551629056445,2.5245791816780065,2.918020659180601,2.7148551629056445,2.5245791816780065,2.1144941734722553
2015-08-11,2.913863680157782,2.7087817331077315,2.5038383694408815,2.9141961644858583,2.7087900795467177,2.503838402989053,2.914848014932929,2.7077410711320606,2.504021977081103,2.914848014932929,2.7077410711320606,2.504021977081103,2.0954151718949716
2015-08-12,2.9094286585114113,2.698539233561532,2.493644995166255,2.9097170344101104,2.698547549347119,2.493645028578362,2.9103703335826077,2.697502771953732,2.4938278553217432,2.9103703335826077,2.697502771953732,2.4938278553217432,2.097925774268147
2015-08-13,2.9115902955132356,2.7100937696491383,2.5013884599852125,2.911895203721294,2.710102120788028,2.5013884935296056,2.9125418784487267,2.709050759411376,2.5015718879858824,2.9125418784487267,2.709050759411376,2.5015718879858824,2.0953147184705774
2015-08-14,2.9307516656714534,2.724612075544227,2.506037989360058,2.9310596556077293,2.724620471543625,2.5060380230158583,2.9316638809020303,2.723564091668433,2.506221758335705,2.9316638809020303,2.723564091668433,2.506221758335705,2.102946062468655
2015-08-17,2.9420217775599626,2.7369617494118077,2.5217635095544,2.9423649936004383,2.736970183477038,2.521763543350914,2.9430187418021534,2.735909398021975,2.5219484316572163,2.9430187418021534,2.735909398021975,2.5219484316572163,2.1146958135577174
2015-08-18,2.9342489200715214,2.7352527899693335,2.51558492351974,2.934583067901421,2.735261218477257,2.515584957404638,2.9352087895024876,2.7341993166844736,2.515769392623434,2.9352087895024876,2.7341993166844736,2.515769392623434,2.108569437833864
2015-08-19,2.9113745012862133,2.7212377242461683,2.4991601222719595,2.9117582480975206,2.7212461097300777,2.4991601559698173,2.9123929625295277,2.7201875823397934,2.4993433869525643,2.9123929625295277,2.7201875823397934,2.4993433869525643,2.091900585205362
2015-08-20,2.857408186851834,2.666290570999198,2.428248486551243,2.857782287682649,2.666298787205895,2.428248519137598,2.858400243827127,2.665261052940286,2.4284265511735548,2.858400243827127,2.665261052940286,2.4284265511735548,2.0482185602549676
2015-08-21,2.77925383157082,2.5940884874437216,2.3561407315738934,2.77962379818148,2.5940964809540987,2.3561407632105764,2.7802243235431403,2.593085937666881,2.3563135085084075,2.7802243235431403,2.593085937666881,2.3563135085084075,1.986561788158949
2015-08-24,2.6579919443977804,2.4769221491266435,2.252080631949923,2.65826798293459,2.476929782682694,2.2520806617678533,2.6588286301497353,2.4759681406774514,2.2522457779116043,2.6588286301497353,2.4759681406774514,2.2522457779116043,1.9029146982699068
2015-08-25,2.6289835852806647,2.451304490524669,2.2344052208227803,2.6292736823885217,2.451312044885844,2.234405250175032,2.629829303809424,2.450362288796776,2.234569070532021,2.629829303809424,2.450362288796776,2.234569070532021,1.8805218335426326
2015-08-26,2.69203344425895,2.5209421610293474,2.3157157795764647,2.692312738550188,2.5209499296767186,2.3157158101938298,2.6928877354845704,2.519972938479775,2.3158855919085033,2.6928877354845704,2.519972938479775,2.3158855919085033,1.9527214491616374
2015-08-27,2.7574885815872525,2.5694632053858575,2.3718955264407584,2.757711150109001,2.5694711232476646,2.3718955579122603,2.7582864262281857,2.568473467257902,2.3720694585070117,2.7582864262281857,2.568473467257902,2.3720694585070117,2.0010228651608064
2015-08-28,2.7623618724046697,2.5766834483778744,2.3825248041268825,2.7625836413306435,2.5766913885621685,2.382524835644864,2.7631778660040394,2.575692347590209,2.382699515598507,2.7631778660040394,2.575692347590209,2.382699515598507,2.001122585348526
2015-08-31,2.7350254612360017,2.5474655554801147,2.3607252934507965,2.735246164994105,2.547473405654404,2.3607253245236133,2.73585810095841,2.546486606409762,2.360898406283047,2.73585810095841,2.546486606409762,2.360898406283047,1.9849552666053194
2015-09-01,2.6650407104961307,2.4822801506473153,2.299421487402539,2.665319638072217,2.4823472864907674,2.299421517452611,2.665909291893153,2.4813795362161026,2.29959010464109,2.665909291893153,2.4813795362161026,2.29959010464109,1.9257095600039253
2015-09-02,2.6941688384824607,2.509410758311662,2.3367967603121027,2.6944387431387478,2.5094673851139944,2.3367967908490535,2.6950274519007755,2.5084821861805624,2.3369681184715225,2.6950274519007755,2.5084821861805624,2.3369681184715225,1.9622612249140319
2015-09-03,2.699482069075549,2.514359623364676,2.341139909112508,2.6997183544848378,2.5143845547890624,2.341139939386685,2.70030409386524,2.513393587866425,2.34131158555039,2.70030409386524,2.513393587866425,2.34131158555039,1.9636666563097047
2015-09-04,2.656778781033705,2.4745847997170816,2.308869795203326,2.6570482412229137,2.4746437153201413,2.3088698248968735,2.657613947484044,2.4736583815897157,2.3090391052457595,2.657613947484044,2.4736583815897157,2.3090391052457595,1.9339439911667038
2015-09-08,2.7094740417391074,2.5236663762825127,2.3651055244116788,2.709754420594213,2.5237316518943347,2.365105554831325,2.7103214598977687,2.5227175686768337,2.3652789583716527,2.7103214598977687,2.5227175686768337,2.3652789583716527,1.9825460342023808
2015-09-09,2.682340868629915,2.498393915427501,2.347145707372809,2.6826056416786166,2.498446617893155,2.347145737529889,2.683172675988424,2.4974479779106895,2.347317824206896,2.683172675988424,2.4974479779106895,2.347317824206896,1.956035495620796
2015-09-10,2.689143439250395,2.504729986001616,2.3549717172815456,2.6893674731015977,2.5047442542609586,2.354971747338194,2.6899385377383758,2.5037455180941652,2.3551444079717396,2.6899385377383758,2.5037455180941652,2.3551444079717396,1.9666800757323561
2015-09-11,2.7079524530697214,2.5222491336353023,2.374007533043679,2.7082225869948955,2.5223049776132074,2.374007563341864,2.7087917435337268,2.521293736705697,2.3741816195979935,2.7087917435337268,2.521293736705697,2.3741816195979935,1.9756167643200497
2015-09-14,2.7060218271378607,2.520450904283642,2.371202916269427,2.706265059587565,2.5204818331098586,2.371202946424362,2.7068466492159393,2.5194832785438814,2.3713767969773025,2.7068466492159393,2.5194832785438814,2.3713767969773025,1.968286413976817
2015-09-15,2.7349298476733686,2.5473764988110283,2.3906720230347998,2.735127595390124,2.5473629757718124,2.390672053525479,2.735709423898791,2.5463482205260544,2.3908473315822345,2.735709423898791,2.5463482205260544,2.3908473315822345,1.992889254040759
2015-09-16,2.7555175458308883,2.5665523539049704,2.4111894208366165,2.7557381902523304,2.5665586675373837,2.411189451754161,2.756322391078869,2.565534392800137,2.4113662340938276,2.756322391078869,2.565534392800137,2.4113662340938276,2.010160643906457
2015-09-17,2.764579311943013,2.574992691068056,2.4147788498468805,2.764787408602128,2.5749866632999217,2.4147788807131403,2.7654244818928015,2.574006452202591,2.414955926200778,2.7654244818928015,2.574006452202591,2.414955926200778,2.0056415229729074
2015-09-18,2.738687925309802,2.5508768586684867,2.3916860081112357,2.738858245847901,2.5508375196533133,2.3916860391113084,2.739490580628949,2.549867651949311,2.391861391473779,2.739490580628949,2.549867651949311,2.391861391473779,1.9728667601726801
2015-09-21,2.757444825757579,2.5683474667105366,2.405887215825676,2.7577600999762857,2.568441774555805,2.4058872470798844,2.758401635717157,2.567469715622982,2.406063640698336,2.758401635717157,2.567469715622982,2.406063640698336,1.9830614995844904
2015-09-22,2.7288239983495695,2.5416893704607504,2.3808583301490014,2.7292233801437202,2.541864080822624,2.380858361255151,2.729888278356196,2.5409300048835894,2.3810329199232236,2.729888278356196,2.5409300048835894,2.3810329199232236,1.957321592747709
2015-09-23,2.7371097571886636,2.549406916619925,2.389073367249726,2.737618762308213,2.549683125802218,2.3890733984165027,2.738317493353659,2.5487757638014474,2.3892485593373,2.738317493353659,2.5487757638014474,2.3892485593373,1.954192871858007
2015-09-24,2.738466006608247,2.550670158490978,2.3853713119375834,2.7389746764656118,2.5509459573895645,2.3853713432979577,2.7396678561436194,2.5500326567511302,2.385546232843298,2.7396678561436194,2.5500326567511302,2.385546232843298,1.9471274032634045
2015-09-25,2.747751320437471,2.559318713134078,2.3849734101204616,2.748298902998306,2.5596300822132574,2.3849734412909713,2.749007311918218,2.55872565111105,2.385148301499654,2.749007311918218,2.55872565111105,2.385148301499654,1.9466222031947369
2015-09-28,2.688436671675551,2.504071686443472,2.3285338563188596,2.689021801031226,2.50442231233938,2.3285338869392898,2.6897234832690233,2.5035453493333444,2.328704609372052,2.6897234832690233,2.5035453493333444,2.328704609372052,1.897767193506389
2015-09-29,2.7023485657072888,2.5170295441890906,2.3291120332675908,2.702904985367579,2.51735242566347,2.329112064058766,2.7036120433794357,2.5164725666810175,2.329282828945653,2.7036120433794357,2.5164725666810175,2.329282828945653,1.8988778637589496
2015-09-30,2.733455489148986,2.5460032474060506,2.365190472106301,2.733986930829859,2.5463006170454805,2.3651905033465255,2.7346923146159137,2.5454015138364086,2.365363913512342,2.7346923146159137,2.5454015138364086,2.365363913512342,1.9343080431755484
2015-10-01,2.7309561152637465,2.543675273142865,2.3759768576695484,2.731529830892674,2.5440121953212778,2.375976887927384,2.732236163359697,2.5431153732375664,2.3761510908215846,2.732236163359697,2.5431153732375664,2.3761510908215846,1.9393547278963352
2015-10-02,2.765495157398768,2.5758457305683256,2.4064476639207486,2.766081817246703,2.5761922116854037,2.4064476957421768,2.766796926716409,2.5752838987047073,2.406624131411893,2.766796926716409,2.5752838987047073,2.406624131411893,1.9683243589747186
2015-10-05,2.8065623500184276,2.6140966573482074,2.4405264723487017,2.807172631113861,2.614462169571811,2.4405265052849927,2.8078995122678294,2.6135414324411377,2.440705438622871,2.8078995122678294,2.6135414324411377,2.440705438622871,2.0033503416745493
2015-10-06,2.7906381432635587,2.5992644852966755,2.4253416870640834,2.7912710652284063,2.5996522351973868,2.425341719218497,2.7919929055139754,2.598735854243231,2.425519540608314,2.7919929055139754,2.598735854243231,2.425519540608314,1.996486513165409
2015-10-07,2.8081757123318987,2.6155993800761412,2.4334705686372593,2.8088143362510842,2.615991172785681,2.4334706005648634,2.80954002196121,2.615068388813771,2.4336490188602613,2.80954002196121,2.615068388813771,2.4336490188602613,2.012838974168904
2015-10-08,2.8438247319690264,2.648803696050288,2.461519449638806,2.844498873433607,2.6492259911464475,2.4615194818326214,2.845233420515906,2.6482911503761994,2.4616999565087565,2.845233420515906,2.6482911503761994,2.4616999565087565,2.031007845724078
2015-10-09,2.8428231565841022,2.6478708057242297,2.4615665215485145,2.8433847058690374,2.6481883104153643,2.461566553866546,2.8441141233460567,2.647249329073181,2.461747031702584,2.8441141233460567,2.647249329073181,2.461747031702584,2.032219885946876
2015-10-12,2.8604613673571135,2.664299440499805,2.475609661931161,2.861098459348506,2.6646860269575834,2.4756096944946537,2.861836423297056,2.663744921240109,2.475791200983431,2.861836423297056,2.663744921240109,2.475791200983431,2.0341374831596233
2015-10-13,2.851855952075869,2.656284158985875,2.4666598887146143,2.8524487514610275,2.656630115540163,2.466659920460181,2.8531865836022323,2.655693808895231,2.4668407716260408,2.8531865836022323,2.655693808895231,2.4668407716260408,2.02131775645343
2015-10-14,2.8315672063865533,2.6373867550896533,2.438888765773883,2.8323075516210094,2.6378715951528298,2.438888796720187,2.833039076374893,2.636940878219115,2.439067611437906,2.833039076374893,2.636940878219115,2.439067611437906,2.011626933946107
2015-10-15,2.865746759285043,2.66922237598046,2.473600321972151,2.8664993493949713,2.669716149634042,2.473600353363962,2.8672402568545876,2.668774710530972,2.473781712421198,2.8672402568545876,2.668774710530972,2.473781712421198,2.0425148954739116
2015-10-16,2.8836186239974615,2.685868641403712,2.4897992439243777,2.8844645476587036,2.686448049449818,2.4897992748681297,2.8852113145108143,2.685501841813317,2.4899818223447223,2.8852113145108143,2.685501841813317,2.4899818223447223,2.0518006047186237
2015-10-19,2.898435322540513,2.699669254860268,2.505580481257404,2.8993379438277693,2.7003003972484807,2.5055805124641988,2.900091720764059,2.69935225138264,2.5057642165118055,2.900091720764059,2.69935225138264,2.5057642165118055,2.052810638237622
2015-10-20,2.9024672328082377,2.703424668722183,2.4999679447802055,2.903392796891547,2.7040768874510848,2.4999679765479565,2.904144565272762,2.7031245648135367,2.500151267565726,2.904144565272762,2.7031245648135367,2.500151267565726,2.0501862008707445
2015-10-21,2.8917072293514274,2.693402554276973,2.484253800811072,2.8926609779971155,2.694081800508728,2.4842538325824393,2.8934105479955083,2.693133538151766,2.4844359710134314,2.8934105479955083,2.693133538151766,2.4844359710134314,2.0374680274439565
2015-10-22,2.908286373268508,2.70884474984945,2.5123646551493644,2.9092093011379205,2.7094940926997917,2.5123646866045686,2.909960242142013,2.7085376903150262,2.512548886882216,2.909960242142013,2.7085376903150262,2.512548886882216,2.071888539959894
2015-10-23,2.9071018130008,2.707741423199243,2.5193315419575955,2.908058317337508,2.7084221231420185,2.5193315735622686,2.90880916782333,2.7074662914239505,2.519516282974487,2.90880916782333,2.7074662914239505,2.519516282974487,2.0946001793313673
2015-10-26,2.9165415353695265,2.71653379750378,2.52647368793376,2.9176175183510185,2.7173250916107725,2.526473720568841,2.918375943131566,2.716370870641864,2.526658952101117,2.918375943131566,2.716370870641864,2.526658952101117,2.0894517580220064
2015-10-27,2.9081418744629075,2.7087101603418593,2.5101628346364864,2.9091676354262828,2.70945528731047,2.5101628650712775,2.909920338536469,2.7085005487699187,2.510346902357723,2.909920338536469,2.7085005487699187,2.510346902357723,2.085415106820218
2015-10-28,2.9276017222679527,2.726835509703629,2.523825774722902,2.928629547485457,2.7275811525537677,2.523825806308006,2.9293875228459183,2.7266202473358483,2.5240108460522372,2.9293875228459183,2.7266202473358483,2.5240108460522372,2.1091351299281715
2015-10-29,2.9159927739934024,2.716022668549528,2.513801421831866,2.9171343675113324,2.7168751087424035,2.5138014568368,2.9178919851534033,2.7159204114206696,2.51398575425534,2.9178919851534033,2.7159204114206696,2.51398575425534,2.10792363963288
2015-10-30,2.9030969789176715,2.704011228717773,2.5107292802583867,2.9042303605896747,2.704856952980041,2.510729316210773,2.904983595162802,2.703905518466293,2.5109133874829315,2.904983595162802,2.703905518466293,2.5109133874829315,2.0988397537827987
2015-11-02,2.9301400693404642,2.7291997844889013,2.5300552082969094,2.9312763753386464,2.7300462775036314,2.5300552444649567,2.932007809911232,2.7290591625392477,2.530240732616748,2.932007809911232,2.7290591625392477,2.530240732616748,2.123670263834145
2015-11-03,2.9289481907728305,2.7280896414059956,2.522078954385548,2.930404525455857,2.7292342795129008,2.522078990350761,2.9311127897329396,2.7282260941517866,2.5222638937617807,2.9311127897329396,2.7282260941517866,2.5222638937617807,2.129827252189155
2015-11-04,2.9244992792278297,2.723945822973261,2.52207653551508,2.9258597362841376,2.72500148697765,2.52207657163677,2.9265857388958145,2.7240123981566486,2.522261474812752,2.9265857388958145,2.7240123981566486,2.522261474812752,2.12336798701512
2015-11-05,2.9354974156284976,2.7341897399138047,2.523747774859219,2.936950015319761,2.73533042602018,2.5237478110400033,2.937625262936607,2.7342877849178144,2.523932836728894,2.937625262936607,2.7342877849178144,2.523932836728894,2.121248199789404
2015-11-06,2.8998351842240297,2.700973118195999,2.5071570080894725,2.901432206617071,2.7022508903443043,2.5071570443104103,2.902079716455262,2.7012026413569874,2.507340853539562,2.902079716455262,2.7012026413569874,2.507340853539562,2.1201375295368434
2015-11-09,2.8698702592186978,2.6730630985616184,2.4794920912475393,2.8715899985469022,2.6744573292390195,2.4794921270421897,2.872224126310097,2.673413604928348,2.479673908063606,2.872224126310097,2.673413604928348,2.479673908063606,2.1003531542787783
2015-11-10,2.8851184284860922,2.687265593764447,2.4885658605033427,2.8867615310293524,2.6885873464991468,2.4885658964077653,2.8874046359308863,2.6875433452150506,2.4887483426715433,2.8874046359308863,2.6875433452150506,2.4887483426715433,2.1051987488416084
2015-11-11,2.8888736653285365,2.6907633076411117,2.4968770865305774,2.8904276668033515,2.6920018045853356,2.496877122772344,2.89109871974368,2.690981730761779,2.497060178286803,2.89109871974368,2.690981730761779,2.497060178286803,2.0969216066425456
2015-11-12,2.849968340243465,2.6545259939547567,2.4631890757626937,2.851626368235514,2.6558641883548653,2.4631891114305873,2.8522881521513734,2.6548575653577515,2.463369697182636,2.8522881521513734,2.6548575653577515,2.463369697182636,2.0676487821992944
2015-11-13,2.827379515447831,2.633486243531502,2.4359230620117516,2.8288067251405136,2.6346110979913644,2.4359230969427523,2.8295521180149836,2.633695281249921,2.4361016838428378,2.8295521180149836,2.633695281249921,2.4361016838428378,2.044432675995828
2015-11-16,2.862589870168143,2.666281976923211,2.470115596672259,2.8639859619501253,2.667375304500689,2.470115632174661,2.8647635997646423,2.6664694834777105,2.470296725833669,2.8647635997646423,2.6664694834777105,2.470296725833669,2.075522460918264
2015-11-17,2.8421379266230966,2.647232566794471,2.4671537226983364,2.84354886988538,2.6483412046854125,2.467153757828892,2.8443262890236842,2.647446808999581,2.467334634464642,2.8443262890236842,2.647446808999581,2.467334634464642,2.07400832718561
2015-11-18,2.8771730822307195,2.6798651157071864,2.5067262044053633,2.8786424679605984,2.6810256515002884,2.5067262397623598,2.8794480571009355,2.6801375073844205,2.506910017732066,2.8794480571009355,2.6801375073844205,2.506910017732066,2.1069147059688933
2015-11-19,2.883008554767633,2.68530040890589,2.515193951287601,2.884597242200952,2.686571634603425,2.515193986879232,2.8853884550390623,2.6856667209722467,2.515378385606706,2.8853884550390623,2.6856667209722467,2.515378385606706,2.1050977454897084
2015-11-20,2.888280651329715,2.6902109607773155,2.523030748300969,2.8897816753137757,2.6914001599651782,2.5230307839418122,2.890655896691581,2.690569559176277,2.5232157572418985,2.890655896691581,2.690569559176277,2.5232157572418985,2.11276923419571
2015-11-23,2.8899137267289907,2.6917320447263027,2.5195592194584404,2.8913810621819365,2.6928897500299183,2.519559254995975,2.8922221545354776,2.6920274032875153,2.5197439738001854,2.8922221545354776,2.6920274032875153,2.5197439738001854,2.1103466202234635
2015-11-24,2.878174507508525,2.680797866220026,2.5137195464775073,2.8797395655749995,2.682047434121488,2.513719581869367,2.880581363692834,2.681192368400865,2.513903872567704,2.880581363692834,2.681192368400865,2.513903872567704,2.1131726976758034
2015-11-25,2.879370881946876,2.681912196860216,2.514141235435485,2.880943266191133,2.6831685015220073,2.514141270674034,2.8817565938566183,2.6822862511100882,2.5143255923421366,2.8817565938566183,2.6822862511100882,2.5143255923421366,2.1128696876201043
2015-11-27,2.8898330484497814,2.691656899123355,2.5248515571533923,2.8913933359656934,2.692901181226901,2.5248515926334396,2.8922177294184714,2.692023284469663,2.5250366994846503,2.8922177294184714,2.692023284469663,2.5250366994846503,2.1152923015923504
2015-11-30,2.880004725739755,2.6825025735323162,2.5092039998040407,2.8815610295854213,2.6837438558861146,2.509204035174537,2.882386312553817,2.6828723817385955,2.50938799480503,2.882386312553817,2.6828723817385955,2.50938799480503,2.106510692561294
2015-12-01,2.899469048386054,2.7019401368921767,2.5246241656226807,2.9010186291860984,2.703190195270369,2.5246242011786184,2.9018649784741006,2.7023124457398793,2.5248092916682436,2.9018649784741006,2.7023124457398793,2.5248092916682436,2.1265973446383843
2015-12-02,2.8643337231848767,2.671134928613709,2.5016291391011714,2.865877948724787,2.6723697784169604,2.501629174481872,2.8667127518283126,2.671502008024436,2.501812578959588,2.8667127518283126,2.671502008024436,2.501812578959588,2.1048955554767406
2015-12-03,2.8294850658202626,2.6359227661496623,2.458803165951447,2.831049088088604,2.6371382010345923,2.458803200810831,2.831878647577985,2.6362824089725145,2.458983466168657,2.831878647577985,2.6362824089725145,2.458983466168657,2.0754212742571956
2015-12-04,2.886067179257094,2.689876980052566,2.5124331928943886,2.887723938342482,2.691111839194592,2.5124332285108117,2.88858952364722,2.6902391265902246,2.5126174263415133,2.88858952364722,2.6902391265902246,2.5126174263415133,2.115897955085412
2015-12-07,2.873659015096647,2.675797159794808,2.495753965323138,2.8753101966665007,2.677028246266363,2.4957540005244963,2.876190341808181,2.676160042211532,2.4959369753144673,2.876190341808181,2.676160042211532,2.4959369753144673,2.103078778306724
2015-12-08,2.8667745551924924,2.675089271449997,2.506183956336312,2.868457781133102,2.676317050756185,2.506183991133934,2.869376797821666,2.6754493773110846,2.5063677312558865,2.869376797821666,2.6754493773110846,2.5063677312558865,2.088947291190013
2015-12-09,2.8430444766270684,2.650023978335159,2.466927700833927,2.8447186352383826,2.6512418996751594,2.466927735181285,2.8456083863364565,2.6503822249625997,2.4671085972877993,2.8456083863364565,2.6503822249625997,2.4671085972877993,2.072695833538418
2015-12-10,2.82274970130701,2.63229763306569,2.4606641012173656,2.8243936237515546,2.633505920764828,2.460664135432902,2.8252897062011413,2.6326521797049334,2.4608445374089913,2.8252897062011413,2.6326521797049334,2.4608445374089913,2.07804607824241
2015-12-11,2.7929706031330426,2.6054541596812215,2.41956721120868,2.794529499830518,2.606650742932115,2.419567243677095,2.795419528778457,2.605805832847576,2.419744633707094,2.795419528778457,2.605805832847576,2.419744633707094,2.037769937644644
2015-12-14,2.7858338634696547,2.599471490877666,2.413097473780931,2.787302043253871,2.6006645463807785,2.4130975058602786,2.7882094091975147,2.5998217409652584,2.413274421067697,2.7882094091975147,2.5998217409652584,2.413274421067697,2.04806623033586
2015-12-15,2.8198104531111285,2.6276189584763987,2.437664060647536,2.8212957703045545,2.6288258903153494,2.4376640933368137,2.8222193913831046,2.627973792887234,2.4378428096286155,2.8222193913831046,2.627973792887234,2.4378428096286155,2.0695669293395476
2015-12-16,2.856459681690687,2.6646155443641883,2.4839973902720867,2.8579763200117156,2.6658402118736926,2.483997423068978,2.8589119115493693,2.6649761110186803,2.4841795368509536,2.8589119115493693,2.6649761110186803,2.4841795368509536,2.0998488707559537
2015-12-17,2.831997669790367,2.6374794951193694,2.453437115229587,2.8335490164653896,2.638703870907787,2.4534371479467776,2.834487317485374,2.6378478804396126,2.453617021188203,2.834487317485374,2.6378478804396126,2.453617021188203,2.067851155521431
2015-12-18,2.798951385226226,2.607537167591999,2.416774981094661,2.80058572576429,2.6087562057652898,2.416775013459847,2.8015323598540607,2.6079097214223452,2.4169521997090357,2.8015323598540607,2.6079097214223452,2.4169521997090357,2.031011695216619
2015-12-21,2.805744598453879,2.614531428839829,2.425761310589298,2.8073443041878074,2.6157509124492226,2.4257613433037366,2.8082757388519957,2.6149024106823258,2.425939188130873,2.8082757388519957,2.6149024106823258,2.425939188130873,2.0477659699176898
2015-12-22,2.834377405764311,2.6396642802590513,2.453961544783214,2.8360087282535082,2.640893205274767,2.453961577799474,2.8369398355845963,2.6400365000337263,2.4541414902006307,2.8369398355845963,2.6400365000337263,2.4541414902006307,2.0663480203388933
2015-12-23,2.865105749177428,2.6691527788010214,2.4814502934748406,2.8667300704823537,2.67039599105097,2.4814503272866903,2.867669180729455,2.669529610464655,2.481632254402714,2.867669180729455,2.669529610464655,2.481632254402714,2.091936513802409
2015-12-24,2.864485448666918,2.6676420861254564,2.4828775104858556,2.8661402141636185,2.6688860644784396,2.482877543976089,2.8670858470348777,2.668020120545543,2.4830595762114953,2.8670858470348777,2.668020120545543,2.4830595762114953,2.0884831523751126
2015-12-28,2.869961916752051,2.6734456483394786,2.4950360909246543,2.871611437922341,2.6746943877124525,2.4950361248869526,2.872562529634062,2.6738263591382556,2.4952190481431216,2.872562529634062,2.6738263591382556,2.4952190481431216,2.083711431407229
2015-12-29,2.8924043445137,2.6936901509490094,2.5133756155060807,2.894036700620143,2.6949519235699597,2.5133756495335495,2.8949930297820434,2.6940770725443066,2.5135599177590366,2.8949930297820434,2.6940770725443066,2.5135599177590366,2.1059488499595282
2015-12-30,2.876891889327227,2.681297473886205,2.505068265434272,2.8785406489107594,2.6825505345835,2.505068299186539,2.879496557543919,2.6816799268845,2.5052519587436355,2.879496557543919,2.6816799268845,2.5052519587436355,2.091022534287758
2015-12-31,2.846380391105479,2.65233017954472,2.4782335744874717,2.8479893365090474,2.653570587981188,2.4782336080389245,2.8489338692324413,2.652709338731432,2.4784153000609885,2.8489338692324413,2.652709338731432,2.4784153000609885,2.070104575131057
2016-01-04,2.8042319095532506,2.61109829254268,2.4316190025618662,2.8058073157388392,2.6122745878477396,2.431619035395339,2.8067596086744784,2.611425994676773,2.4317973099138817,2.8067596086744784,2.611425994676773,2.4317973099138817,2.0411664732296737
2016-01-05,2.8150781851571582,2.6256746549606866,2.437784074759615,2.816648751673059,2.626829333727113,2.4377841075824396,2.817609486747895,2.625976096584954,2.4379628341069632,2.817609486747895,2.625976096584954,2.4379628341069632,2.0446191014202957
2016-01-06,2.78476699096421,2.603032413417832,2.4049261985759207,2.786323937700743,2.6042050526020626,2.4049262310514012,2.7872688799146683,2.6033598019027386,2.405102548564353,2.7872688799146683,2.6033598019027386,2.405102548564353,2.0188275013979684
2016-01-07,2.745255227292768,2.559135834523543,2.340268509608063,2.7467957884240226,2.560327566857511,2.3402685414249063,2.7477222330305886,2.559497905597286,2.3404401185216988,2.7477222330305886,2.559497905597286,2.3404401185216988,1.9703922697057192
2016-01-08,2.71379470812051,2.5329692894453304,2.307762708444904,2.7152996368680355,2.534190813587943,2.307762739792678,2.716226547887299,2.533369649793406,2.307931933769515,2.716226547887299,2.533369649793406,2.307931933769515,1.9487641708298533
2016-01-11,2.714512502748114,2.528808894143246,2.311583132523254,2.716026281813977,2.5300732566154975,2.3115831638401265,2.716934684223146,2.5292548495385705,2.3117526380808795,2.716934684223146,2.5292548495385705,2.3117526380808795,1.9506931332110542
2016-01-12,2.7200508756780994,2.53189975184273,2.325238540789236,2.721564575075808,2.533171469660069,2.3252385722968265,2.72248769597668,2.532352406369805,2.325409047757002,2.72248769597668,2.532352406369805,2.325409047757002,1.9664320584272375
2016-01-13,2.6681410220383537,2.478705083165384,2.260781815129832,2.669620044308402,2.479934950497341,2.260781845851912,2.670508735786583,2.4791329396446926,2.260947595669528,2.670508735786583,2.4791329396446926,2.260947595669528,1.9173880569860604
2016-01-14,2.686457000800792,2.5090430931667216,2.296577815369072,2.6879576765097175,2.5102051797338896,2.2965778466673594,2.6888372838878722,2.5093896033647676,2.296746220882046,2.6888372838878722,2.5093896033647676,2.296746220882046,1.9488655408000901
2016-01-15,2.6605156267620056,2.4770362854901737,2.254751905841036,2.6619826495935928,2.478253617937559,2.254751936659401,2.6628742447661544,2.477450638159122,2.254917244303374,2.6628742447661544,2.477450638159122,2.254917244303374,1.9070312722692058
2016-01-19,2.667299805235894,2.484201829151831,2.2575551444849515,2.6687708652978825,2.485355738110988,2.2575551753412473,2.6696744100313174,2.4845484992257973,2.257720688553284,2.6696744100313174,2.4845484992257973,2.257720688553284,1.9095691877085028
2016-01-20,2.629596651080689,2.447383046109427,2.2292683340673336,2.631040902666539,2.448559549835744,2.229268364804759,2.6319303263956235,2.4477650262471946,2.229431804080537,2.6319303263956235,2.4477650262471946,2.229431804080537,1.8850983302459543
2016-01-21,2.63512702717773,2.4504809354483856,2.2538465921429154,2.636584665998005,2.4515847878048196,2.253846623374899,2.637454536202479,2.4507887734196303,2.254011864469633,2.637454536202479,2.4507887734196303,2.254011864469633,1.8956582215216202
2016-01-22,2.6659264848183146,2.498345284710702,2.297126589829559,2.6674156303826924,2.4992282734275304,2.2971266215744155,2.6683024363455807,2.4984146368475257,2.297295035773499,2.6683024363455807,2.4984146368475257,2.297295035773499,1.9345490947322592
2016-01-25,2.645929213812726,2.476225030661145,2.276343835048643,2.647409044626547,2.4771162268721816,2.276343866625696,2.648275763467635,2.4763100844181865,2.276510757139692,2.648275763467635,2.4763100844181865,2.276510757139692,1.9053050498284787
2016-01-26,2.6831604475446755,2.5108204339198936,2.3062187885766225,2.684660194937047,2.5116748419303803,2.306218820548547,2.685557207557994,2.510857113527962,2.3063879012955932,2.685557207557994,2.510857113527962,2.3063879012955932,1.931299206482111
2016-01-27,2.664027927176325,2.489326711630676,2.2820985622225467,2.665477571572933,2.490156501401917,2.2820985939487066,2.666362303191826,2.4893450356660085,2.282265906277686,2.666362303191826,2.4893450356660085,2.282265906277686,1.910280427282679
2016-01-28,2.6622666444914174,2.4893827857078343,2.29262170308538,2.6637090652640527,2.490251710065342,2.2926217347593805,2.664583375272606,2.489442044653687,2.2927898188482576,2.664583375272606,2.489442044653687,2.2927898188482576,1.920231548809417
2016-01-29,2.7379332055456955,2.565429859502341,2.3553590870092065,2.7394007861163896,2.5661875439717723,2.355359119582818,2.7403419941023093,2.5653499899323458,2.3555318032360373,2.7403419941023093,2.5653499899323458,2.3555318032360373,1.9670419280311762
2016-02-01,2.7440551642503896,2.571166104501982,2.365187577586588,2.7456091489757197,2.5720033499388344,2.365187610293711,2.7465378923177703,2.571150232186365,2.3653610145292174,2.7465378923177703,2.571150232186365,2.3653610145292174,1.9663308717661683
2016-02-02,2.7212807071548757,2.5498265509480667,2.3366568113314528,2.722844319193609,2.550677948075929,2.336656843648265,2.7237472786532066,2.549814975251001,2.3368281561367863,2.7237472786532066,2.549814975251001,2.3368281561367863,1.9308933599828257
2016-02-03,2.734871867729145,2.5625614011233364,2.3449745004390676,2.7364842692036007,2.563455439413975,2.344974532881945,2.7373888582963852,2.562585434659208,2.3451464551634595,2.7373888582963852,2.562585434659208,2.3451464551634595,1.942468784052548
2016-02-04,2.738518839424269,2.5659785955473935,2.337128724156193,2.7402242815790605,2.5669589695366377,2.3371287564868264,2.741104929733679,2.5660642062303354,2.337300103560414,2.741104929733679,2.5660642062303354,2.337300103560414,1.945515565743885
2016-02-05,2.723198980580092,2.5516239636511124,2.283686633920229,2.7248251007492104,2.5525334841409966,2.2836866655238333,2.725684344198762,2.551628344198557,2.283854094457174,2.725684344198762,2.551628344198557,2.283854094457174,1.9084526515625466
2016-02-08,2.698181819678442,2.528183007733316,2.2274249149765217,2.6998543832967252,2.5291416736343453,2.2274249458112,2.700756957935272,2.5282927641002666,2.227588249887918,2.700756957935272,2.5282927641002666,2.227588249887918,1.8827631547471309
2016-02-09,2.695673746044349,2.525832955154349,2.2299986660176874,2.6974072464164256,2.526849270050158,2.2299986968943033,2.69828718704245,2.525980707156764,2.2301621896545387,2.69828718704245,2.525980707156764,2.2301621896545387,1.8828647080265366
2016-02-10,2.708775422440378,2.538109161077791,2.2342898340201547,2.710936173717586,2.539522758682961,2.2342898649493854,2.7119721678121804,2.5387917961943396,2.2344536723298107,2.7119721678121804,2.5387917961943396,2.2344536723298107,1.8812396722468783
2016-02-11,2.6538093766906696,2.4866062483188336,2.2167038672262254,2.655838810911249,2.487909220840708,2.2167038979288027,2.656863362313218,2.487202113615958,2.216866415960089,2.656863362313218,2.487202113615958,2.216866415960089,1.8567686314751612
2016-02-12,2.704369306703447,2.5339806524446917,2.2460543400718698,2.7064771732919364,2.5353457023687263,2.2460543711740053,2.7075358156026774,2.5346387393421366,2.2462190410530525,2.7075358156026774,2.5346387393421366,2.2462190410530525,1.8950492684635238
2016-02-16,2.7449887282851484,2.5720408493809575,2.2863177795043135,2.747055152686052,2.573357922343426,2.286317811165116,2.748182662329066,2.5726899709273683,2.2864854329634396,2.748182662329066,2.5726899709273683,2.2864854329634396,1.9270345186745816
2016-02-17,2.757843031145137,2.5840852675257486,2.313008427094534,2.7598628403118797,2.585355775530537,2.3130084591377083,2.760970411661282,2.5846611236854033,2.3131780377423397,2.760970411661282,2.5846611236854033,2.3131780377423397,1.95851218579778
2016-02-18,2.773422869980887,2.5986834993871066,2.3165120658318257,2.7754983947065366,2.600002688510198,2.3165120979220255,2.776621584574326,2.599312848310037,2.3166819333992863,2.776621584574326,2.599312848310037,2.3166819333992863,1.9504902099614112
2016-02-19,2.7645669105732953,2.5903855092634767,2.3269167623230613,2.7665436967205923,2.5916141991193715,2.3269167945629086,2.7676512138977363,2.590915305093021,2.3270873928521967,2.7676512138977363,2.590915305093021,2.3270873928521967,1.9495764137559293
2016-02-22,2.797799559407964,2.6215243367038714,2.3589733002741107,2.7997967683834823,2.622764667766599,2.3589733329523437,2.800925932027243,2.62206517543849,2.35914628148257,2.800925932027243,2.62206517543849,2.35914628148257,1.9778049258656536
2016-02-23,2.7895928263617824,2.613834668466898,2.341218515196582,2.7916616386277986,2.615143925028467,2.3412185476357337,2.792781643360092,2.614440962513517,2.3413901944583095,2.792781643360092,2.614440962513517,2.3413901944583095,1.952825385460234
2016-02-24,2.8039073245089767,2.627247282367128,2.358064860812148,2.8059383470272348,2.6285179123067177,2.3580648934773736,2.8070420937262885,2.6277907729685936,2.358237775405978,2.8070420937262885,2.6277907729685936,2.358237775405978,1.9617611575020848
2016-02-25,2.843345519896872,2.6642006762074386,2.397338055929144,2.8452746168233825,2.6653669364030765,2.3973380891415044,2.8464101285067964,2.6646448546289068,2.3975138503854616,2.8464101285067964,2.6646448546289068,2.3975138503854616,1.9855224251729744
2016-02-26,2.8157569411899055,2.638350314535823,2.3826793848444856,2.8176446270388045,2.6394840002571134,2.382679417833609,2.8187688663718484,2.638768700596959,2.3828541044114466,2.8187688663718484,2.638768700596959,2.3828541044114466,1.9809523442905532
2016-02-29,2.80176959214467,2.625244237724582,2.3732718393926024,2.8036745662304075,2.6263972711385675,2.3732718722299033,2.8048136694259065,2.625704650773315,2.373445869131219,2.8048136694259065,2.625704650773315,2.373445869131219,1.9654167089423495
2016-03-01,2.8457274083952067,2.667843834862991,2.4225797782081315,2.8476898660509073,2.669015952577245,2.4225798117276733,2.848808071722572,2.6683119167073133,2.4227574236504212,2.848808071722572,2.6683119167073133,2.4227574236504212,2.0116181351060125
2016-03-02,2.8585989899016466,2.681371632179237,2.4326506498054874,2.860586230762524,2.682550808144706,2.432650683464367,2.861701004441246,2.681842777770838,2.4328290337350875,2.861701004441246,2.681842777770838,2.4328290337350875,2.0206552771181006
2016-03-03,2.865665203697533,2.685693716476877,2.4337345566221065,2.867635336171051,2.6868752758317505,2.4337345902959786,2.868781833793705,2.6861658766129004,2.4339130200335446,2.868781833793705,2.6861658766129004,2.4339130200335446,2.028575149747558
2016-03-04,2.877207575755567,2.695050902136981,2.4512290994269894,2.8791985099177224,2.6962363791140858,2.4512291333429252,2.8803339375896546,2.695524726585459,2.4514088456964096,2.8803339375896546,2.695524726585459,2.4514088456964096,2.0351751963630793
2016-03-07,2.8796239475076417,2.697967254904952,2.451528402547142,2.881645322760108,2.699154489014717,2.451528436467216,2.882743539362685,2.6984421697934318,2.4517081707641686,2.882743539362685,2.6984421697934318,2.4517081707641686,2.0367994989060634
2016-03-08,2.87582322820442,2.691454893706529,2.435321970105648,2.877713528522583,2.6926386483161413,2.43532200380149,2.8789364601731244,2.6919276778448813,2.435500549920595,2.8789364601731244,2.6919276778448813,2.435500549920595,2.0145626302812696
2016-03-09,2.8869573886527795,2.7018121930420147,2.453214399634129,2.8887937976395412,2.702999916256043,2.453214433577538,2.8900811780078235,2.7022861335046047,2.4533942914837055,2.8900811780078235,2.7022861335046047,2.4533942914837055,2.024513201880502
2016-03-10,2.8875626549435918,2.7022058481680573,2.4557167306446943,2.8893778885289496,2.7033938849352244,2.455716764622726,2.89067922280713,2.7026797705506658,2.4558968059877935,2.89067922280713,2.7026797705506658,2.4558968059877935,2.0261386042784975
2016-03-11,2.9225160351004154,2.7340205211701663,2.49076175622976,2.924368848311361,2.735221984523524,2.4907617906926753,2.9256963629994246,2.734499831603156,2.490944401390828,2.9256963629994246,2.734499831603156,2.490944401390828,2.058834177517889
2016-03-14,2.915786139287648,2.7254917703271864,2.483052671157992,2.917639024580862,2.72668915303845,2.483052705514233,2.918942372352352,2.725969352593627,2.4832347510192663,2.918942372352352,2.725969352593627,2.4832347510192663,2.056193792253343
2016-03-15,2.914784291025621,2.7215484890146304,2.4775333481496182,2.916588252280123,2.722743660014962,2.4775333824295007,2.9179337610899325,2.7220247838780347,2.4777150232842597,2.9179337610899325,2.7220247838780347,2.4777150232842597,2.052842900651295
2016-03-16,2.9262866236671723,2.7328467377777086,2.4970718191620653,2.928151553916498,2.734047462193635,2.497071853712284,2.929478462276732,2.733325743212164,2.4972549270339677,2.929478462276732,2.733325743212164,2.4972549270339677,2.064722984559234
2016-03-17,2.9563030285996303,2.7572479234161213,2.5041890317006708,2.9581554656360747,2.7584589159292983,2.5041890663493596,2.9595579278640236,2.7577310151879506,2.504372661470909,2.9595579278640236,2.7577310151879506,2.504372661470909,2.07782170782004
2016-03-18,2.9534898065620587,2.757065844062179,2.503765244078651,2.9553751885946538,2.758277541090602,2.5037652787214726,2.9567223919896852,2.75754962332641,2.5039488427729477,2.9567223919896852,2.75754962332641,2.5039488427729477,2.085987398044593
2016-03-21,2.9466423324483535,2.75142052954622,2.5020695428073862,2.9484986003792377,2.7526293541415967,2.502069577426749,2.949858118182144,2.751902924134528,2.5022530171575452,2.949858118182144,2.751902924134528,2.5022530171575452,2.088946557953338
2016-03-22,2.948400151422711,2.7535964113448084,2.5067240429205997,2.950257471261823,2.754806522353736,2.5067240776043644,2.951632982826407,2.754079265017355,2.5069078585807705,2.951632982826407,2.754079265017355,2.5069078585807705,2.0878243392231557
2016-03-23,2.9452235227790653,2.751480417776083,2.5006891904114097,2.9471079727587193,2.752689723101887,2.5006892250116777,2.9484555441519307,2.7519630296738278,2.5008725635416607,2.9484555441519307,2.7519630296738278,2.5008725635416607,2.0740460888743413
2016-03-24,2.936424450694602,2.7455451992447757,2.5028469429998235,2.9383761228821608,2.746752249216464,2.5028469776299427,2.939646153051859,2.746027224598309,2.50303047435599,2.939646153051859,2.746027224598309,2.50303047435599,2.0731271600121386
2016-03-28,2.9496188214860983,2.7552087187338326,2.506063414771706,2.951555298841879,2.756420181960817,2.5060634494463296,2.952853353928442,2.75569240239127,2.5062471819886505,2.952853353928442,2.75569240239127,2.5062471819886505,2.0743516652584013
2016-03-29,2.9853807812403215,2.7902698795539895,2.544465482076716,2.9874155424486455,2.791497145182631,2.5444655172826796,2.988653127198289,2.7907602097312707,2.5446520652802738,2.988653127198289,2.7907602097312707,2.5446520652802738,2.093540102409341
2016-03-30,2.9919178502157573,2.7963258988067046,2.5547270462131366,2.993916537230728,2.7975556485417736,2.554727081561082,2.9951740403803866,2.7968168588700615,2.5549143818873112,2.9951740403803866,2.7968168588700615,2.5549143818873112,2.1027260914663337
2016-03-31,2.997688027810705,2.800676847103428,2.55564622215901,2.999729558000549,2.8019085768612504,2.555646257519674,3.0009665626552664,2.801169010749584,2.555833625235472,3.0009665626552664,2.801169010749584,2.555833625235472,2.0976229475216175
2016-04-01,3.017596632870596,2.8205031212262646,2.573633288172303,3.019680126159922,2.821744980520709,2.573633323785305,3.020923934873743,2.8209972935582512,2.573822010230006,3.020923934873743,2.8209972935582512,2.573822010230006,2.1119115305958207
2016-04-04,3.0086914802918923,2.8127573361963285,2.5628225699071407,3.0107326100685388,2.813996536826593,2.5628226053693357,3.011975682485628,2.8132508550514705,2.5630104992227998,3.011975682485628,2.8132508550514705,2.5630104992227998,2.1050731820611164
2016-04-05,2.9727932391295657,2.7756644902637486,2.528484298397177,2.9747852412849927,2.776887938855124,2.5284843333834806,2.976018361971564,2.7761507113978383,2.528669709718881,2.976018361971564,2.7761507113978383,2.528669709718881,2.0840479870407833
2016-04-06,2.9842274657937606,2.791924259751589,2.5526617697342235,2.986311550727642,2.7931560492282945,2.552661805055988,2.987539156153244,2.7924129294638,2.552848953968512,2.987539156153244,2.7924129294638,2.552848953968512,2.1068085699602737
2016-04-07,2.956215626371728,2.7626777374890557,2.5176862215327143,2.9582503981951036,2.7638942981975236,2.517686256369657,2.959469565679474,2.763158882781049,2.517870841041931,2.959469565679474,2.763158882781049,2.517870841041931,2.0815986099299213
2016-04-08,2.969799554256942,2.773566193335623,2.5338830828577232,2.9718227088448472,2.774786582454146,2.5338831179181356,2.9730493628415227,2.774051001819592,2.534068890065899,2.9730493628415227,2.774051001819592,2.534068890065899,2.0872122699091946
2016-04-11,2.965019887902885,2.7697211336318803,2.5321009275809403,2.967038496372081,2.7709414299806068,2.532100962616725,2.9682604507941415,2.770206514324474,2.532286604105449,2.9682604507941415,2.770206514324474,2.532286604105449,2.082312599141627
2016-04-12,2.9901935344950985,2.7866430837571694,2.542614578195343,2.9921887690220137,2.7878725207517316,2.5426146133719985,2.9934157109101434,2.787133494640737,2.5428010256664186,2.9934157109101434,2.787133494640737,2.5428010256664186,2.1017045094697147
2016-04-13,3.0116071121677437,2.808028223208188,2.5570882352334943,3.0136703858548426,2.8092621856249194,2.5570882706142486,3.0148998935406435,2.8085205356294467,2.5572757440516707,3.0148998935406435,2.8085205356294467,2.5572757440516707,2.1229346441405452
2016-04-14,3.007364623492967,2.8018784756456805,2.5495574197885027,3.009441710259158,2.803112591702215,2.549557455063156,3.0106660755126837,2.802368390544802,2.5497443763753838,3.0106660755126837,2.802368390544802,2.5497443763753838,2.1230360141107822
2016-04-15,3.0211777676853435,2.8150132383390196,2.5560046168675257,3.023246374369879,2.816256965852553,2.556004652227106,3.024475885215979,2.8155068500910265,2.5561920462125007,3.024475885215979,2.8155068500910265,2.5561920462125007,2.120688923516
2016-04-18,3.03931130120937,2.834004475858302,2.574642333946094,3.0414199270739513,2.83525689997401,2.5746423695623175,3.042648533085725,2.834502816461252,2.5748311299744193,3.042648533085725,2.834502816461252,2.5748311299744193,2.135590492450009
2016-04-19,3.0481131679726112,2.8265921579889124,2.5624604262655146,3.050187476816545,2.827847724724336,2.562460461712549,3.051421676146319,2.8270896650516275,2.5626483290049906,3.051421676146319,2.8270896650516275,2.5626483290049906,2.1423263711594647
2016-04-20,3.0299303851892945,2.805834347339328,2.547591613191409,3.0320551139137732,2.8070765678780987,2.5475916484343535,3.0332732416979282,2.806328289533879,2.5477784256184606,3.0332732416979282,2.806328289533879,2.5477784256184606,2.144368068679356
2016-04-21,2.9829989501991347,2.7661551148845778,2.511968050091361,2.9851299177375252,2.7673819562898982,2.5119680848387937,2.986328685560851,2.7666401653428903,2.512152250271546,2.986328685560851,2.7666401653428903,2.512152250271546,2.1328348057184123
2016-04-22,3.0052006830680433,2.802610827920315,2.5885039312088636,3.00724813041669,2.80386615372464,2.5885039670111887,3.008462739424759,2.8031342374925066,2.588693743683251,3.008462739424759,2.8031342374925066,2.588693743683251,2.1328348057184123
2016-04-25,3.0106864304609693,2.800677702103529,2.574189512381443,3.012755558591201,2.801931875613692,2.5741895479841026,3.013970603665013,2.801192958928128,2.5743782751900284,3.013970603665013,2.801192958928128,2.5743782751900284,2.129160190124613
2016-04-26,3.023218838196933,2.81690637092749,2.5963314262874135,3.0252495700644175,2.8181694194253537,2.5963314621972824,3.026476105133672,2.8174275884662587,2.5965218127429384,3.026476105133672,2.8174275884662587,2.5965218127429384,2.132324472993024
2016-04-27,3.045516115185455,2.8305100630902214,2.607977044840905,3.047392341490325,2.8317714922295463,2.607977080911447,3.0486154659423326,2.8310380163484443,2.608168285257494,3.0486154659423326,2.8310380163484443,2.608168285257494,2.13671289448936
2016-04-28,3.028590718991591,2.8052830881503015,2.5786056700337703,3.0304313059981873,2.8065337784525624,2.578605705697072,3.0316479512104193,2.805806267432722,2.5787947566740073,3.0316479512104193,2.805806267432722,2.5787947566740073,2.117320617542935
2016-04-29,3.0369563543049525,2.8069087550718517,2.5809767298210433,3.0390731365174974,2.8081761421070572,2.5809767655176583,3.0402560077749214,2.8074340204019754,2.5811659903298363,3.0402560077749214,2.8074340204019754,2.5811659903298363,2.1058894577889027
2016-05-02,3.0659181932613264,2.846612016189937,2.6233169526014484,3.0681116138692612,2.8477306835431135,2.6233169890753945,3.0692060136193344,2.8469710370472066,2.6235093176609587,3.0692060136193344,2.8469710370472066,2.6235093176609587,2.1226279679014737
2016-05-03,3.0512886463560034,2.828468802041595,2.600193402225066,3.0534707067889006,2.8295301090871567,2.600193438491068,3.0545509093978045,2.8287716461619077,2.600384071743945,3.0545509093978045,2.8287716461619077,2.600384071743945,2.1041546198172516
2016-05-04,3.061537225344486,2.833063081134823,2.6000985802326393,3.063725336148578,2.8341452690420255,2.600098617166964,3.06487061517004,2.833386061003693,2.6002892438427576,3.06487061517004,2.833386061003693,2.6002892438427576,2.0924171504424853
2016-05-05,3.0670262197162024,2.8343986030887125,2.615138795588507,3.0691958576943903,2.8354841095738292,2.615138832851681,3.0704186062588077,2.8347230455224204,2.6153305623116037,3.0704186062588077,2.8347230455224204,2.6153305623116037,2.0920092875423455
2016-05-06,3.0726869368108294,2.8449504287949816,2.622219938199394,3.074861483284822,2.8461832843463966,2.6222199756511158,3.076016224718152,2.8454223211726912,2.6224122240404006,3.076016224718152,2.8454223211726912,2.6224122240404006,2.0996633618773295
2016-05-09,3.0829918977610062,2.8470645391951566,2.62174295637105,3.085156001896044,2.8482535335065755,2.6217429938878642,3.0863479345510703,2.8474855226605396,2.6219352074354108,3.0863479345510703,2.8474855226605396,2.6219352074354108,2.1013991163948234
2016-05-10,3.1097862857494407,2.874887746658062,2.6484599627595475,3.1120330339314237,2.8760796182587502,2.6484600002028187,3.113150878796428,2.875303896150317,2.6486541724820825,3.113150878796428,2.875303896150317,2.6486541724820825,2.1275270887415356
2016-05-11,3.085307773846421,2.880114525444329,2.6544424570718386,3.087636854867107,2.881315542598846,2.654442493542183,3.088573923977644,2.8805341161277767,2.65463710432013,3.088573923977644,2.8805341161277767,2.65463710432013,2.107624479069722
2016-05-12,3.0904124295364164,2.886621371235409,2.658413973396806,3.0927867845287498,2.8878708974209286,2.658414009839297,3.093691355412376,2.8870920609725537,2.658608911400047,3.093691355412376,2.8870920609725537,2.658608911400047,2.10823709831119
2016-05-13,3.079163413833358,2.8819145169973295,2.6531738501138062,3.0814507129856072,2.883153788830461,2.65317388737928,3.082288484992311,2.882370582908414,2.653368405022046,3.082288484992311,2.882370582908414,2.653368405022046,2.089865853433879
2016-05-16,3.1023784675844244,2.907291382215719,2.685153949725894,3.1046281755163285,2.9086029001528115,2.6851539877612756,3.1055338801290726,2.907812772165291,2.6853508501945673,3.1055338801290726,2.907812772165291,2.6853508501945673,2.1104824523173984
2016-05-17,3.057403703198334,2.86262868285929,2.6491667697265946,3.0595739738328565,2.8639525964574326,2.6491668073250643,3.060498949737497,2.8631781023541363,2.6493610314971954,3.060498949737497,2.8631781023541363,2.6493610314971954,2.0907842323685766
2016-05-18,3.05176554721425,2.8655068276608047,2.6557876396935085,3.053965251744559,2.8667710382243703,2.6557876773775093,3.0546676710665706,2.865993806665069,2.655982387660923,3.0546676710665706,2.865993806665069,2.655982387660923,2.0913966683008764
2016-05-19,3.0392679488253598,2.85231489460741,2.6434909178323616,3.0414548438169424,2.853559463962508,2.643490954828876,3.0422493003569966,2.8527873217012174,2.6436847633958336,3.0422493003569966,2.8527873217012174,2.6436847633958336,2.0841508234843693
2016-05-20,3.058039288940638,2.866951960591111,2.6570602335758275,3.06016973183821,2.868120043641441,2.657060271615948,3.060974573744142,2.8673377018883546,2.6572550765921243,3.060974573744142,2.8673377018883546,2.6572550765921243,2.097316637900884
2016-05-23,3.043219351972409,2.8572683954673384,2.6560542284210333,3.0453010320775626,2.8584460290793694,2.6560542667078257,3.0461913969779326,2.857667173190416,2.6562489979437625,3.0461913969779326,2.857667173190416,2.6562489979437625,2.094458847962376
2016-05-24,3.0771686926965094,2.9015922622823704,2.700273986459786,3.079302111797464,2.902824887281668,2.700274025901519,3.07991994393623,2.9020313315771986,2.7004719993661515,3.07991994393623,2.9020313315771986,2.7004719993661515,2.121606935832359
2016-05-25,3.081874748445072,2.902650787508692,2.7004252062398093,3.083982980350028,2.903851996043619,2.700425245609508,3.084782685823941,2.9030576325791007,2.7006232302833886,3.084782685823941,2.9030576325791007,2.7006232302833886,2.1359979887318103
2016-05-26,3.083452377671046,2.9063654868980637,2.7036179407734844,3.0856226622483747,2.9076212218671578,2.7036179788696932,3.086401644599098,2.9068239801972826,2.703816197548574,3.086401644599098,2.9068239801972826,2.703816197548574,2.1366111579007847
2016-05-27,3.0948685276490413,2.9230579437267905,2.725189048010335,3.0970476038681745,2.9243252339823753,2.7251890863532253,3.0978292893066275,2.9235216210457846,2.7253888860306454,3.0978292893066275,2.9235216210457846,2.7253888860306454,2.14579678033944
2016-05-31,3.098988027293386,2.9271962729245193,2.7231506296168937,3.1012223209247747,2.9286428345340556,2.7231506678644752,3.1020417040435535,2.9278320388045453,2.723350318737459,3.1020417040435535,2.9278320388045453,2.723350318737459,2.1417135686088264
2016-06-01,3.1023339669180663,2.9267514494110403,2.719096878076468,3.1046119023283443,2.9282150296481495,2.7190969164413077,3.105430882216848,2.927404366366889,2.7192962701245302,3.105430882216848,2.927404366366889,2.7192962701245302,2.146102723341837
2016-06-02,3.111298559254197,2.9320373517214295,2.721734368083087,3.11361693034478,2.933493908646765,2.721734406728936,3.114417020353042,2.932681753447456,2.721933953806619,3.114417020353042,2.932681753447456,2.721933953806619,2.1526351288741448
2016-06-03,3.1132281086359916,2.934939536584045,2.7243701229268082,3.115564954868911,2.936345269124331,2.7243701618056653,3.1163674013203706,2.935532300145826,2.724569902149468,3.1163674013203706,2.935532300145826,2.724569902149468,2.1462046432395803
2016-06-06,3.113088803073865,2.9428769701025637,2.7410580992597557,3.115474441789164,2.9443395370835175,2.741058138413962,3.116273042068607,2.943524299193674,2.7412591022595865,3.116273042068607,2.943524299193674,2.7412591022595865,2.157126386814067
2016-06-07,3.110644804551333,2.942327587650195,2.7500667851472116,3.112996506172777,2.943776641836883,2.7500668243682944,3.1137912918748305,2.9429615817789228,2.7502684486883036,3.1137912918748305,2.9429615817789228,2.7502684486883036,2.160494142859626
2016-06-08,3.1287425179773263,2.953579972737755,2.7563932626540835,3.1310664446461787,2.9549793854501765,2.7563933019893763,3.131869317552797,2.954161275348226,2.7565953901444464,3.131869317552797,2.954161275348226,2.7565953901444464,2.1675365144989844
2016-06-09,3.1281066789279066,2.962729956225787,2.7632575819634813,3.1303962488522004,2.964089808024398,2.763257621461091,3.131199782269731,2.96326919111319,2.763460212889495,3.131199782269731,2.96326919111319,2.763460212889495,2.164576254735228
2016-06-10,3.1119467077379483,2.9415545676470543,2.7314049592205905,3.1142025882346305,2.9428689701755277,2.7314049983618207,3.1149964766441487,2.942054214512471,2.7316052544904066,3.1149964766441487,2.942054214512471,2.7316052544904066,2.14406175905862
2016-06-13,3.0892467809739323,2.922307150058665,2.7168264795852366,3.091421030485711,2.9236787113239027,2.716826518536342,3.092203953683167,2.922869302490844,2.717025705831116,3.092203953683167,2.922869302490844,2.717025705831116,2.1275270887415347
2016-06-14,3.085807550013841,2.925214199732337,2.7227282060223654,3.088026862916185,2.9266364962183284,2.722728245132751,3.0888185457354904,2.9258262560648447,2.722927865129454,3.0888185457354904,2.9258262560648447,2.722927865129454,2.123342507040684
2016-06-15,3.0730521755324225,2.916222944147698,2.7166999155485727,3.075235348025078,2.9176351161633574,2.716699954270174,3.0760173198085585,2.9168273909443627,2.7168991322644844,3.0760173198085585,2.9168273909443627,2.7168991322644844,2.1203827972044333
2016-06-16,3.0916513568734705,2.939397589669274,2.736279524688996,3.0937858541743286,2.94078316226404,2.7362795634738477,3.0945992417676216,2.9399690806586456,2.736480176949362,3.0945992417676216,2.9399690806586456,2.736480176949362,2.1267111796320863
2016-06-17,3.080705743223001,2.9443679248809733,2.7467758233244055,3.082798211811815,2.9457553990938394,2.7467758620631186,3.0836100844736296,2.9449399668033704,2.746977245064883,3.0836100844736296,2.9449399668033704,2.746977245064883,2.118791307002629
2016-06-20,3.0972848615588378,2.9578888075138154,2.766182920483592,3.0994006142429185,2.959225295594957,2.766182959508265,3.1002233371744445,2.9584061481712447,2.7663857653632666,3.1002233371744445,2.9584061481712447,2.7663857653632666,2.13243629158587
2016-06-21,3.1058052359551858,2.9741244885217513,2.7854244930735104,3.107932051812907,2.9754820334883214,2.7854245323495324,3.108756511661279,2.9746583587037567,2.7856287489220266,3.108756511661279,2.9746583587037567,2.7856287489220266,2.1384887937147767
2016-06-22,3.1079227874425777,2.970318222758831,2.7775510571964057,3.110052928054494,2.971727831381997,2.7775510961714485,3.1108670251986763,2.970905182919055,2.7777547354771372,3.1108670251986763,2.970905182919055,2.7777547354771372,2.1350002369271084
2016-06-23,3.1428872847684413,3.006195513506749,2.8174618784758705,3.1450354972220507,3.007611297686246,2.8174619181219627,3.145866104953943,3.006778767920689,2.8176684835416346,3.145866104953943,3.006778767920689,2.8176684835416346,2.1628036550748444
2016-06-24,3.0681557339856584,2.9174219342411387,2.7069589091027515,3.070198079852729,2.9188867498329207,2.7069589472078173,3.070978318348096,2.918078779087383,2.7071574109811936,3.070978318348096,2.918078779087383,2.7071574109811936,2.0851392265214717
2016-06-27,3.0326636498544945,2.867020364838816,2.645191627985438,3.0346812529107385,2.868574855269454,2.645191665285789,3.0354229440530043,2.8677807468148475,2.6453856005309664,3.0354229440530043,2.8677807468148475,2.6453856005309664,2.0477947494571604
2016-06-28,3.081587904008755,2.9283147242907144,2.71199783351694,3.0836392747707317,2.929943786208802,2.711997871395291,3.084396576826331,2.929132673030856,2.7121967045736843,3.084396576826331,2.929132673030856,2.7121967045736843,2.0847291639113084
2016-06-29,3.1281682814761917,2.971267741443794,2.7558469604361266,3.130250154170324,2.9729332263029296,2.755846999148725,3.1310149757539834,2.972110227113276,2.7560490471969676,3.1310149757539834,2.972110227113276,2.7560490471969676,2.1202268011019525
2016-06-30,3.190240830656809,3.025536960644477,2.8022138965197203,3.1923154086481134,3.0271506891872306,2.8022139352837976,3.1931149866574233,3.0263126793145956,2.802419382715218,3.1931149866574233,3.0263126793145956,2.802419382715218,2.1491584871824347
2016-07-01,3.193160235759306,3.0370895261476325,2.8089201880052195,3.195240946937885,3.0388098976379734,2.8089202268620466,3.196019197000451,3.0379686650268436,2.809126165972714,3.196019197000451,3.0379686650268436,2.809126165972714,2.153672658768432
2016-07-05,3.1819419908773554,3.031277923967748,2.794744522281225,3.1840079665737484,3.0330447939239256,2.794744560941871,3.184785581371611,3.032205159834752,2.794949460747908,3.184785581371611,3.032205159834752,2.794949460747908,2.1381806510023558
2016-07-06,3.186380520136487,3.041135203085977,2.807381449241011,3.1884582454219275,3.0428844301250106,2.807381488076452,3.189107639158758,3.0420420690735717,2.807587314372874,3.189107639158758,3.0420420690735717,2.807587314372874,2.15100551036527
2016-07-07,3.166888928348081,3.0283114964044695,2.7962592427772277,3.1689630361334165,3.0300012366406412,2.796259281458801,3.169603251901148,3.029162434163388,2.796464292318284,3.169603251901148,3.029162434163388,2.796464292318284,2.149672119472858
2016-07-08,3.2082623753135917,3.0753483334905565,2.843562254042754,3.210363028968146,3.0771914135546345,2.8435622933787204,3.2110010560191635,3.076339550480559,2.843770772311102,3.2110010560191635,3.076339550480559,2.843770772311102,2.181681383185003
2016-07-11,3.2148694690435216,3.0814567651560085,2.8544731155148053,3.2169757517011646,3.083299748533116,2.8544731550017324,3.2176784693081757,3.082446189712007,2.8546824338760426,3.2176784693081757,3.082446189712007,2.8546824338760426,2.189376152155417
2016-07-12,3.2149141674778536,3.0809459151668293,2.8652016260851307,3.217021298291497,3.0828524155787727,2.8652016657205004,3.217648195130273,3.081998983266178,2.865411731167476,3.217648195130273,3.081998983266178,2.865411731167476,2.2052784058408244
2016-07-13,3.2234545470788505,3.084565772852739,2.8684361726145458,3.225571960521666,3.0865188721223706,2.8684362122946365,3.2261895529825533,3.085664421434361,2.868646514886016,3.2261895529825533,3.085664421434361,2.868646514886016,2.204970263128404
2016-07-14,3.226228931077238,3.0906562855233037,2.8766488850163983,3.228369894258773,3.0925800484139736,2.8766489248101474,3.228915275173826,3.091723915166695,2.876859829525631,3.228915275173826,3.091723915166695,2.876859829525631,2.2172813068917265
2016-07-15,3.2199718004987212,3.0796598174246785,2.872198917540398,3.222111226478345,3.081524656331085,2.872198957272618,3.22268339407673,3.0806715753360656,2.872409535733753,3.22268339407673,3.0806715753360656,2.872409535733753,2.2143063823944815
2016-07-18,3.221375719732564,3.090745797485688,2.8870526714579365,3.2235340806285993,3.092645029228262,2.8870527113956643,3.2240521589828615,3.0917888729886904,2.887264378876274,3.2240521589828615,3.0917888729886904,2.887264378876274,2.220256781316477
2016-07-19,3.21865032009523,3.0883110899618056,2.878106117569305,3.220806883579707,3.090266839607318,2.8781061573832396,3.2213499262669787,3.089411346431045,2.8783171689373233,3.2213499262669787,3.089411346431045,2.8783171689373233,2.218000245450984
2016-07-20,3.226577553522483,3.0989778019885836,2.88935730057425,3.2287384697332824,3.100916522960944,2.8893573405438433,3.2292764614565423,3.1000580767531365,2.8895691769909178,3.2292764614565423,3.1000580767531365,2.8895691769909178,2.2272331616551386
2016-07-21,3.2189016688385035,3.082126264746466,2.867871559024884,3.221058133051566,3.0840541070877214,2.8678715986972336,3.2216328808863217,3.0832003316846124,2.868081859893271,3.2216328808863217,3.0832003316846124,2.868081859893271,2.2188209205988163
2016-07-22,3.2392282671258217,3.120244407943588,2.9048647348157477,3.2413776909297427,3.1221428309633446,2.904864774999844,3.2420230673022816,3.1212785187295955,2.9050777483917414,3.2420230673022816,3.1212785187295955,2.9050777483917414,2.228772408743891
2016-07-25,3.230850945382094,3.132926956276724,2.916676283324356,3.2329940379989535,3.1348266033317023,2.916676323671862,3.2336390579778587,3.1339587896621075,2.9168901630405712,3.2336390579778587,3.1339587896621075,2.9168901630405712,2.2227186234508043
2016-07-26,3.2354106663514632,3.1459676333418742,2.9432460300236847,3.2375657111282017,3.147808418639946,2.9432460707387675,3.2380421978164633,3.1469370042451286,2.943461858098008,3.2380421978164633,3.1469370042451286,2.943461858098008,2.2237455214133135
2016-07-27,3.2306748700629973,3.132681640331553,2.9331966231324573,3.232903652326913,3.134379065436261,2.933196663708568,3.233033192368393,3.133511356505507,2.9334117142843095,3.233033192368393,3.133511356505507,2.9334117142843095,2.221385049249223
2016-07-28,3.256740284292867,3.1442812778253466,2.932411679643785,3.258952842823039,3.1457864117079715,2.9324117202089908,3.259123520937181,3.1449155433056757,2.932626713235773,3.259123520937181,3.1449155433056757,2.932626713235773,2.223950277754642
2016-07-29,3.259450606276836,3.1495227336887934,2.9421153127989768,3.2616719655956614,3.151093705832979,2.9421153534983784,3.261845970689608,3.1502213792735954,2.9423310579578663,3.261845970689608,3.1502213792735954,2.9423310579578663,2.227541487676727
2016-08-01,3.273781376554261,3.155709516464873,2.9456465199923696,3.2760127496541673,3.1572835746680012,2.945646560740617,3.2761869128665593,3.1564095344104612,2.9458625240944927,3.2761869128665593,3.1564095344104612,2.9458625240944927,2.225694464493891
2016-08-02,3.2504741059832614,3.126391033366954,2.916382936721732,3.2526896196456208,3.12795046751,2.9163829770651475,3.252862089707147,3.127084547896592,2.9165967949268468,3.252862089707147,3.127084547896592,2.9165967949268468,2.211434111031653
2016-08-03,3.248956954451604,3.1252704961641276,2.919822674531819,3.2511716727077773,3.1268293713341833,2.919822714922822,3.2513434679240545,3.1259637619786074,2.9200367849727265,3.2513434679240545,3.1259637619786074,2.9200367849727265,2.2178975923165662
2016-08-04,3.2523833489732974,3.131412697052078,2.9273603285451477,3.254600367248162,3.1329746359516357,2.9273603690404575,3.254772336824728,3.1321073253570457,2.9275749917218397,3.254772336824728,3.1321073253570457,2.9275749917218397,2.220256781316476
2016-08-05,3.233964984794995,3.1152458292964913,2.9347380166006163,3.2361692690753165,3.1167997042281868,2.934738057197976,3.236340763456426,3.11593687128206,2.9349532207827753,3.236340763456426,3.11593687128206,2.9349532207827753,2.2384161207948825
2016-08-08,3.2230547156791105,3.1004031438107194,2.9256796035414054,3.2252517445346807,3.101949615268903,2.925679644013454,3.225422706968431,3.101090893346787,2.925894143470617,3.225422706968431,3.101090893346787,2.925894143470617,2.2370829132116388
2016-08-09,3.228139464987005,3.104727737409828,2.93107553388028,3.230340238167063,3.106276365905684,2.931075574426975,3.230511152488425,3.10541644642677,2.931290469492777,3.230511152488425,3.10541644642677,2.931290469492777,2.2384161207948825
2016-08-10,3.2286356140436268,3.1032844065043927,2.930422401607555,3.230836793965286,3.104832315075232,2.9304224421452094,3.2310076829514958,3.103972795307227,2.9306372893258943,3.2310076829514958,3.103972795307227,2.9306372893258943,2.23287578448305
2016-08-11,3.2348451317294904,3.118692303471778,2.941609311759065,3.2370503945567095,3.1202478975149126,2.9416093524514673,3.237221859085771,3.119384109857025,2.9418250198129265,3.237221859085771,3.119384109857025,2.9418250198129265,2.2432380684749633
2016-08-12,3.228858518608721,3.1216883392689554,2.9464740310149766,3.231059827523546,3.1232454277910717,2.946474071774693,3.2312307747593607,3.1223808101357533,2.9466900957984508,3.2312307747593607,3.1223808101357533,2.9466900957984508,2.241288942085216
2016-08-15,3.218146216284818,3.115162711147885,2.952286778700193,3.220340309963986,3.1167165446740275,2.952286819540336,3.220510581869917,3.1158537345651482,2.9525032697321536,3.220510581869917,3.1158537345651482,2.9525032697321536,2.2477524233701294
2016-08-16,3.196325639705279,3.0792750148601775,2.9203475026683727,3.1985047722377047,3.080810947685127,2.9203475430666894,3.198673808857857,3.079958077441906,2.920561651594927,3.198673808857857,3.079958077441906,2.920561651594927,2.2361590350018843
2016-08-17,3.196098823948545,3.07369597608335,2.920299500604477,3.198277559621877,3.075229125943735,2.9202995410021155,3.198446833836623,3.0743778014335774,2.9205136460110355,3.198446833836623,3.0743778014335774,2.9205136460110355,2.240366163730473
2016-08-18,3.2066299960476807,3.098563079871421,2.9371164104604444,3.2088160492801356,3.1001086333815246,2.9371164510907124,3.2089857039730205,3.099250421365767,2.9373317890501025,3.2089857039730205,3.099250421365767,2.9373317890501025,2.2453930510610505
2016-08-19,3.1913769180045266,3.1137086768443263,2.956123963292694,3.193552789177208,3.11526178483205,2.9561240041858996,3.193721687423798,3.114399378289963,2.9563407357051865,3.193721687423798,3.114399378289963,2.9563407357051865,2.242109800542217
2016-08-22,3.1985958918770274,3.119105504491048,2.962254055123476,3.2007765804511483,3.120661304369283,2.9622540961014727,3.200945830544806,3.1197974030371327,2.962471277055271,3.200945830544806,3.1197974030371327,2.962471277055271,2.2420069640986307
2016-08-23,3.227783201152601,3.1540939715816085,2.9790278601199778,3.2299836967940387,3.1556672242815953,2.9790279013300096,3.2301545951583734,3.154793629540896,2.9792463120739967,3.2301545951583734,3.154793629540896,2.9792463120739967,2.2465213189937967
2016-08-24,3.2114553231269563,3.124504304260223,2.9446870397180187,3.2136446942325954,3.1260627976832707,2.944687080452999,3.2138146715870093,3.125197398377917,2.9449029734615086,3.2138146715870093,3.125197398377917,2.9449029734615086,2.2350304004508006
2016-08-25,3.2184212949933895,3.13101086861931,2.951391666541546,3.2206153087284117,3.1325726075056846,2.951391707369268,3.220785659082732,3.1317054061024097,2.9516080919349603,3.220785659082732,3.1317054061024097,2.9516080919349603,2.233491886598722
2016-08-26,3.1974666757706616,3.1175591894093317,2.9466819373544944,3.199646464503885,3.119114218581447,2.9466819781170606,3.199815760502859,3.1182507429214894,2.9468980173837167,3.199815760502859,3.1182507429214894,2.9468980173837167,2.229285491106808
2016-08-29,3.2173346672756145,3.133531378014111,2.9703144069282716,3.21952783614866,3.1350943739369765,2.9703144480177417,3.21969828542928,3.134226474793941,2.97053221992522,3.21969828542928,3.134226474793941,2.97053221992522,2.2402625940502126
2016-08-30,3.2052157636724576,3.117372769547524,2.9663716732325294,3.2074004236399527,3.1189277055274034,2.9663717142674555,3.207570430952007,3.1180642820341316,2.966589197109025,3.207570430952007,3.1180642820341316,2.966589197109025,2.236569647539553
2016-08-31,3.198378273800457,3.097523848080066,2.945521854452582,3.2005587603203436,3.0990688834531945,2.945521895199082,3.200728263236491,3.0982109576684924,2.945737849412978,3.200728263236491,3.0982109576684924,2.945737849412978,2.2302088193890572
2016-09-01,3.1991972303728016,3.1001184015627072,2.9493207453782255,3.2013767138441858,3.1016647316339285,2.9493207861768336,3.2015562998319496,3.100806086535389,2.949537018911484,3.2015562998319496,3.100806086535389,2.949537018911484,2.2303107392868
2016-09-02,3.2240329298224197,3.1209283370532526,2.9652566312340505,3.2262285479736574,3.1224850472378445,2.9652566722529836,3.2264229834389715,3.1216206381513083,2.9654740733450766,3.2264229834389715,3.1216206381513083,2.9654740733450766,2.2403661637304726
2016-09-06,3.2360025855013923,3.1213393634938758,2.95780136023317,3.238204931195949,3.1228962789804493,2.957801401148318,3.2384436591071823,3.1220317557524444,2.9580182556501513,3.2384436591071823,3.1220317557524444,2.9580182556501513,2.2471372378003
2016-09-07,3.241761771663415,3.118963472410143,2.9553701437776625,3.2439664107732886,3.120519202350923,2.9553701846588134,3.2442386849561156,3.1196553378693164,2.955586860913995,3.2442386849561156,3.1196553378693164,2.955586860913995,2.246931198294791
2016-09-08,3.221032766389883,3.088588182854935,2.926026695815802,3.2232300466771826,3.09012876121571,2.9260267362914787,3.2234901162005984,3.0892733103977363,2.9262412611982667,3.2234901162005984,3.0892733103977363,2.9262412611982667,2.2418018411389644
2016-09-09,3.1230662020970055,2.9824039473624704,2.825445738530123,3.125199943733872,2.9838915612538526,2.82544577761514,3.1253730541070364,2.9830655205635295,2.8256529283157232,3.1253730541070364,2.9830655205635295,2.8256529283157232,2.1881450477790825
2016-09-12,3.1685660790022108,3.0243463225861205,2.8622936240998436,3.170730088778078,3.0258548569622885,2.862293663694412,3.170898696460376,3.0250171999602324,2.8625035159390855,3.170898696460376,3.0250171999602324,2.8625035159390855,2.219538209375555
2016-09-13,3.1257411208076835,2.9817118669306057,2.8189940457506872,3.127867481429751,2.9831991354988414,2.8189940847461887,3.1280691738086164,2.9823732868893713,2.819200762434238,3.1280691738086164,2.9823732868893713,2.819200762434238,2.1876317821069966
2016-09-14,3.129699481464263,2.9952631754991166,2.829429068887396,3.131819180008953,2.9967572034855747,2.8294291080268947,3.1320596855419636,2.9959276014089258,2.8296365507709504,3.1320596855419636,2.9959276014089258,2.8296365507709504,2.1868107403408277
2016-09-15,3.158149511265297,3.0274370561233357,2.860094230785181,3.1602825140663797,3.0289471326545216,2.860094270348298,3.1605826265023023,3.0281086189975817,2.8603039613439405,3.1605826265023023,3.0281086189975817,2.8603039613439405,2.208662843020725
2016-09-16,3.159398479822985,3.029628977987767,2.8527597009386496,3.1615316391928308,3.0311401482619718,2.8527597403997205,3.161848328871151,3.030301026853568,2.8529688936572475,3.161848328871151,3.030301026853568,2.8529688936572475,2.2001259517297527
2016-09-19,3.1821989639830934,3.055761932289492,2.8741536915057524,3.184350120252042,3.0572861375187244,2.874153731262489,3.1846469595450526,3.0564397782451387,2.8743644530447905,3.1846469595450526,3.0564397782451387,2.8743644530447905,2.200538214049939
2016-09-20,3.1852674295112027,3.0585464512050673,2.872004098267244,3.1874196210442056,3.060072045589399,2.8720041379940286,3.1877348128489724,3.059224914717201,2.872214702176917,3.1877348128489724,3.059224914717201,2.872214702176917,2.200640683875187
2016-09-21,3.23361536507572,3.1157265126037044,2.9233578414477197,3.2358012160146927,3.117280628679546,2.92335788188448,3.236096484587512,3.1164176602165083,2.923572211125012,3.236096484587512,3.1164176602165083,2.923572211125012,2.225388338182325
2016-09-22,3.257739405994547,3.1420534981367645,2.947640210852367,3.259937987242455,3.1436207461048498,2.9476402516243545,3.2602688256605092,3.1427504858043305,2.9478563611551154,3.2602688256605092,3.1427504858043305,2.9478563611551154,2.2394125894354033
2016-09-23,3.231017713866074,3.1198804558468898,2.927110496742422,3.233198035154259,3.1214366440161885,2.9271105372310497,3.233542067783688,3.120572524907033,2.927325141601766,3.233542067783688,3.120572524907033,2.927325141601766,2.2271413237616673
2016-09-26,3.215768720489815,3.1038302965306173,2.9073392374294755,3.2179366950705326,3.1053784792349246,2.9073392776436835,3.2182785869347,3.1045188052236634,2.907552432464243,3.2182785869347,3.1045188052236634,2.907552432464243,2.2090967358228055
2016-09-27,3.2276737847823065,3.128975052014494,2.9407063133390094,3.2298518150373856,3.130535776992004,2.9407063540150093,3.230167601524594,3.1296691384580653,2.9409219551794843,3.230167601524594,3.1296691384580653,2.9409219551794843,2.222810644653441
2016-09-28,3.235646908092545,3.142654125274516,2.956106471849609,3.237828431305178,3.14422167379321,2.9561065127385575,3.238159531215364,3.1433512460284114,2.956323242982963,3.238159531215364,3.1433512460284114,2.956323242982963,2.233843840202437
2016-09-29,3.198297781628549,3.111995646675967,2.926050402462042,3.2004537002519413,3.11354790306933,2.9260504429348337,3.200786186302622,3.1126859662335145,2.9262649695857696,3.200786186302622,3.1126859662335145,2.9262649695857696,2.2136336377457098
2016-09-30,3.2169194440247035,3.135235927865139,2.960228192227703,3.2190889457321137,3.1367997768434868,2.9602282331744685,3.219423658527699,3.135931402686271,2.960445265605883,3.219423658527699,3.135931402686271,2.960445265605883,2.230338602280426
2016-10-03,3.1845788922870018,3.084146686379023,2.9107353873962567,3.1867417966919347,3.085685052676932,2.9107354274656685,3.1870719351440324,3.084830828876145,2.9109488308768525,3.1870719351440324,3.084830828876145,2.9109488308768525,2.224976075862138
2016-10-04,3.151970206709173,3.0553063387362576,2.8859175098729737,3.154099125322609,3.056830320422222,2.8859175482774653,3.1544264843991234,3.0559840840971684,2.886129130301812,3.1544264843991234,3.0559840840971684,2.886129130301812,2.2136336377457093
2016-10-05,3.149534853302444,3.0503816837847,2.8917605878176422,3.1516643194459517,3.051903209625386,2.8917606275553718,3.1519893527119915,3.051058336747121,2.891972639503932,3.1519893527119915,3.051058336747121,2.891972639503932,2.2234293130974727
2016-10-06,3.1566479757342867,3.058238716629281,2.8945625881671653,3.1587782923685155,3.059764161668037,2.894562628584699,3.159105561576613,3.058917112585368,2.8947748470626125,3.159105561576613,3.058917112585368,2.8947748470626125,2.2249760758621377
2016-10-07,3.1489705411211415,3.0407005259997555,2.872616971013486,3.151090638802747,3.042217223442367,2.872617010498471,3.151414136619869,3.041375031641827,2.8728276184633925,3.151414136619869,3.041375031641827,2.8728276184633925,2.2173454651007347
2016-10-10,3.1617821832269226,3.0567881314184597,2.8883156649929966,3.163908762791362,3.058312853306784,2.8883157060318307,3.1642336629988415,3.0574662054550896,2.8885274666028,3.1642336629988415,3.0574662054550896,2.8885274666028,2.2288941260318405
2016-10-11,3.1189858452968333,3.0035706120136987,2.835980969168707,3.121091966751121,3.005068789398414,2.8359810083507058,3.1214118580449344,3.0042368810737576,2.8361889315810496,3.1214118580449344,3.0042368810737576,2.8361889315810496,2.200744436864615
2016-10-12,3.145785172829173,3.029836751132656,2.85079881429604,3.1479056096171516,3.031348030112676,2.8507988535221127,3.148228828165686,3.0305088467375816,2.851007863850011,3.148228828165686,3.0305088467375816,2.851007863850011,2.2036317395792677
2016-10-13,3.144884180862168,3.0182839439621647,2.8337566558172194,3.1469973750778792,3.019789459956354,2.8337566942108006,3.14732006253375,3.0189534767087864,2.8339644542917886,3.14732006253375,3.0189534767087864,2.8339644542917886,2.196414124374725
2016-10-14,3.150132261398715,3.0332428715125825,2.842060002856755,3.1522484724672144,3.0347558489957787,2.842060040985127,3.1525737308061577,3.0339157223400988,2.842268409898936,3.1525737308061577,3.0339157223400988,2.842268409898936,2.1975478915825297
2016-10-17,3.1455232215857234,3.0259512503293737,2.836884087709885,3.147640224106555,3.0274605911867547,2.8368841255335253,3.147965447175607,3.0266224842402223,2.8370921142002703,3.147965447175607,3.0266224842402223,2.8370921142002703,2.1899180140578007
2016-10-18,3.1565887930248904,3.041815990897255,2.856619276803881,3.1587226702387365,3.043333244713014,2.8566193152955295,3.1590473632427356,3.0424907436719275,2.8568287511274946,3.1590473632427356,3.0424907436719275,2.8568287511274946,2.2036317395792677
2016-10-19,3.145467620087513,3.0428379409061748,2.866167302877437,3.1476035671435443,3.0443557041295692,2.8661673413761846,3.147926059551383,3.043512920277864,2.8663774773364783,3.147926059551383,3.043512920277864,2.8663774773364783,2.2095084482154848
2016-10-20,3.1345606503048944,3.039663396647796,2.870677251456559,3.136685155174541,3.0411795762395877,2.87067729050712,3.1370054765092257,3.0403376713354864,2.870887756705083,3.1370054765092257,3.0403376713354864,2.870887756705083,2.20538472515861
2016-10-21,3.125111956337423,3.0197354529308353,2.847876497626651,3.12724025806659,3.021241692276325,2.847876537408886,3.127559491890607,3.0204053067209236,2.8480853336082057,3.127559491890607,3.0204053067209236,2.8480853336082057,2.2064158392319975
2016-10-24,3.139920322202646,3.044884315935191,2.8777985377107855,3.1420694630101385,3.0464030998070477,2.8777985779401103,3.142390990179542,3.045559748118982,2.878009567838184,3.142390990179542,3.045559748118982,2.878009567838184,2.2157992522635745
2016-10-25,3.1351542029075112,3.0431515876614657,2.857904790790124,3.1373022797885213,3.0446695068217506,2.8579048308154555,3.137626286493788,3.043826634982248,2.858114362555741,3.137626286493788,3.043826634982248,2.858114362555741,2.2083755975535233
2016-10-26,3.124019030853567,3.0250626161119802,2.8395905475707894,3.126182245472237,3.0265715117383647,2.839590583733256,3.1265061140388806,3.0257336508177173,2.8397987687022237,3.1265061140388806,3.0257336508177173,2.8397987687022237,2.2039407988375306
2016-10-27,3.0943317869711886,2.996019804392815,2.8148328414529975,3.096473942231387,2.9975142133087576,2.814832878740462,3.096793778712477,2.996684396514671,2.815039250496727,3.096793778712477,2.996684396514671,2.815039250496727,2.198063723582976
2016-10-28,3.0900571051138845,2.9921861617815853,2.8065325664661267,3.0921826172803946,2.9936786584337907,2.806532604574857,3.0925023742575584,2.992849903099935,2.8067383693325745,3.0925023742575584,2.992849903099935,2.8067383693325745,2.191567429956883
2016-10-31,3.1188710034332985,3.0163622423923186,2.8199631240520007,3.1210152303268486,3.017866797621584,2.8199631627214905,3.121337434902662,3.0170313463035163,2.8201699128728452,3.121337434902662,3.0170313463035163,2.8201699128728452,2.1916706330188056
2016-11-01,3.079991725119325,2.97870618891894,2.796914016312831,3.0821235475931905,2.9801919612243704,2.7969140546662543,3.082420868349334,2.9793669395220506,2.7971191149350454,3.082420868349334,2.9793669395220506,2.7971191149350454,2.1757912929794734
2016-11-02,3.056296015245568,2.9398866217277266,2.7613002722926834,3.058463255243363,2.941353030935443,2.7613003101577442,3.0587118058514435,2.940538761198453,2.7615027593473687,3.0587118058514435,2.940538761198453,2.7615027593473687,2.1626953193561964
2016-11-03,3.0560989820971924,2.9293469111067347,2.7413158401232707,3.058355410244354,2.9308080633410825,2.74131587771429,3.058526959564484,2.9299967128806075,2.74151686171299,3.058526959564484,2.9299967128806075,2.74151686171299,2.1527969908700157
2016-11-04,3.0412602183008532,2.925942119883145,2.741405486168316,3.0435371376101816,2.927401573761063,2.7414055237605646,3.0436821349298477,2.926591166282764,2.7416065143318087,3.0436821349298477,2.926591166282764,2.7416065143318087,2.150424603609966
2016-11-07,3.1030180725346757,3.0013630849867936,2.8179900312529904,3.105386782050449,3.00286015867111,2.8179900698954254,3.1054631081146016,3.0020288616149466,2.8181966753862953,3.1054631081146016,3.0020288616149466,2.8181966753862953,2.197857134149961
2016-11-08,3.115377875857787,3.00990678696837,2.8242783663487474,3.1177301923258995,3.0114081220372593,2.824278405077413,3.117828643563209,3.010574458450402,2.8244854716077272,3.117828643563209,3.010574458450402,2.8244854716077272,2.2077567458003218
2016-11-09,3.102628503370535,2.994827859149909,2.82955829776764,3.105026317620183,2.9963216722741404,2.829558336568708,3.105104297695462,2.9954921846487554,2.829765790205723,3.105104297695462,2.9954921846487554,2.829765790205723,2.2311631269207965
2016-11-10,3.1048182400929103,2.9674184787180065,2.8119105135672267,3.1073325238619502,2.9688986196775433,2.8119105521262933,3.1073331863752514,2.968076723528657,2.812116711887503,3.1073331863752514,2.968076723528657,2.812116711887503,2.2367307762987516
2016-11-11,3.0961281733661647,2.970819520119886,2.811588484602631,3.0985354637074325,2.972301357362671,2.8115885231572824,3.0986064049549147,2.9714785190858506,2.8117946593084184,3.0986064049549147,2.9714785190858506,2.8117946593084184,2.231575205931815
2016-11-14,3.088084361615365,2.971607129868609,2.811953126758118,3.090281760876054,2.9730893594331915,2.8119531653177705,3.0905477334251725,2.972266302461152,2.812159328203236,3.0905477334251725,2.972266302461152,2.812159328203236,2.233328008201989
2016-11-15,3.1171792911882594,3.0097980863773417,2.8576366795177255,3.1194828759127007,3.01129936590872,2.857636718703826,3.119645696123613,3.010465731156252,2.857846230952752,3.119645696123613,3.010465731156252,2.857846230952752,2.250754111005987
2016-11-16,3.1236125199361187,3.0372793188714944,2.884660367811504,3.1258957520642476,3.038794306202455,2.8846604073681745,3.1260582164747612,3.037953060050011,2.884871900902458,3.1260582164747612,3.037953060050011,2.884871900902458,2.246526451650515
2016-11-17,3.1680105001821763,3.091309047964746,2.937276323692964,3.170335097980179,3.0928509853873685,2.937276363971144,3.170454886743542,3.091994774344901,2.93749171512922,3.170454886743542,3.091994774344901,2.93749171512922,2.258075662509127
2016-11-18,3.158132618459462,3.0864153720883065,2.9326477964424496,3.1604151564487544,3.0879548683943336,2.9326478366571602,3.1605564049985784,3.087100012791088,2.9328628484672845,3.1605564049985784,3.087100012791088,2.9328628484672845,2.2530227452766076
2016-11-21,3.1873032854581838,3.11815074617247,2.96473865025163,3.1896322197283626,3.1197060720962404,2.9647386909063957,3.189730628731166,3.118842426610861,2.964956055509302,3.189730628731166,3.118842426610861,2.964956055509302,2.2700364024512503
2016-11-22,3.1984764223876008,3.1282269418861186,2.972864412551828,3.2007202685201386,3.1297872935999074,2.9728644533180217,3.200904861576729,3.128920857356577,2.9730824136743172,3.200904861576729,3.128920857356577,2.9730824136743172,2.2744702846214
2016-11-23,3.1975510490061465,3.1264990063774274,2.9766302524983006,3.1998140961309107,3.1280584960749187,2.976630293316134,3.1999670347695655,3.1271925383157733,2.9768485297710674,3.1999670347695655,3.1271925383157733,2.9768485297710674,2.2757072548911275
2016-11-25,3.2157992321399966,3.1480333275485504,2.984161175732108,3.2181319735456815,3.1496035585637276,2.984161216653211,3.218238184196534,3.148731636280432,2.984380005249945,3.218238184196534,3.148731636280432,2.984380005249945,2.284163123529578
2016-11-28,3.2003695130826637,3.1335143944667627,2.958505296744024,3.2026765780361077,3.135077383605215,2.958505337313314,3.2027923989370053,3.1342094829016562,2.958722244907839,3.2027923989370053,3.1342094829016562,2.958722244907839,2.2734393538571815
2016-11-29,3.198589336995939,3.140753675865694,2.9626453784654165,3.200894016214836,3.1423202759624647,2.9626454190914795,3.201009417594255,3.141450370315712,2.9628626302227845,3.201009417594255,3.141450370315712,2.9628626302227845,2.2778736026456685
2016-11-30,3.167259811699335,3.1129709216533272,2.9693954329501517,3.1695356838131334,3.114523663666548,2.969395473668776,3.1696718365662915,3.113661452836471,2.969613179691228,3.1696718365662915,3.113661452836471,2.969613179691228,2.272408056474626
2016-12-01,3.1464665733974773,3.0831390663446503,2.931777978957432,3.1487290677281,3.0846769279630135,2.9317780171998793,3.1488626703114644,3.0838229804773327,2.9319929650565886,3.1488626703114644,3.0838229804773327,2.9319929650565886,2.2640557575164357
2016-12-02,3.1565410736918817,3.095584342555079,2.9426849171208436,3.158808621671719,3.0971284118270477,2.9426849561284754,3.1589449031821513,3.096271017497414,2.9429007037019295,3.1589449031821513,3.096271017497414,2.9429007037019295,2.2651898913425774
2016-12-05,3.178426045695895,3.1233852173150947,2.9773124014067682,3.1807093956733232,3.1249431533858756,2.9773124406809797,3.1808465356718325,3.124078059867555,2.9775307270051097,3.1808465356718325,3.124078059867555,2.9775307270051097,2.278801513657133
2016-12-06,3.195157446461783,3.151336475408082,3.017182420276453,3.197453374194008,3.152908353629469,3.0171824616761196,3.1975906407363826,3.152035517850327,3.0174036712810492,3.1975906407363826,3.152035517850327,3.0174036712810492,2.286019128861675
2016-12-07,3.2474130448388654,3.1999642849297882,3.062718909194074,3.249742837293103,3.201560418936108,3.0627189516994027,3.249885915220467,3.2006741135801144,3.062943499930005,3.249885915220467,3.2006741135801144,3.062943499930005,2.3159218036082434
2016-12-08,3.2690626559904366,3.2302646877815486,3.09168950902752,3.2714072745382685,3.2318759363061917,3.091689552251601,3.271551987024052,3.2309812374383626,3.091916224538233,3.271551987024052,3.2309812374383626,3.091916224538233,2.3215928393572893
2016-12-09,3.2784405240923564,3.2223752365282077,3.0714376932696417,3.280793138806756,3.2239825502893673,3.071437735710103,3.280936913654911,3.2230900362988235,3.0716629231553445,3.280936913654911,3.2230900362988235,3.0716629231553445,2.3356169073011994
2016-12-12,3.281788354648303,3.22357353200417,3.057370403741247,3.284141568853576,3.2251814436421427,3.0573704456478823,3.2842871973198178,3.2242885975513373,3.0575946016955826,3.2842871973198178,3.2242885975513373,3.0575946016955826,2.332935460782887
2016-12-13,3.2898004021895173,3.2239937225075663,3.05733762343054,3.2921590406470376,3.225601843822922,3.0573376660079723,3.2923052806215907,3.224708880967376,3.0575618197143988,3.2923052806215907,3.224708880967376,3.0575618197143988,2.3485055582547876
2016-12-14,3.2585341908510155,3.199375769852313,3.0375468554028786,3.2608726243524884,3.2009716111798,3.037546896826858,3.2610154280001113,3.200085467276576,3.0377695994595744,3.2610154280001113,3.200085467276576,3.0377695994595744,2.329120430365938
2016-12-15,3.281315329984745,3.2260606729036696,3.0658707038904836,3.283669728704562,3.227669824731972,3.065870746921546,3.2838139305578355,3.2267762895247576,3.0660955262756624,3.2838139305578355,3.2267762895247576,3.0660955262756624,2.33871043283053
2016-12-16,3.2822321009065165,3.2183112716854665,3.0454166875403685,3.2845870606846868,3.2199165584381695,3.045416730230066,3.284731478694601,3.21902516901094,3.04564000995939,3.284731478694601,3.21902516901094,3.04564000995939,2.3341354026005567
2016-12-19,3.289183906289491,3.224009938384296,3.046096183017172,3.291542845367352,3.2256180677428037,3.0460962257846638,3.291688526632669,3.224725099813436,3.0463195553386764,3.291688526632669,3.224725099813436,3.0463195553386764,2.3392178326092212
2016-12-20,3.3057928394410485,3.250224488530196,3.0713728013340127,3.3081627151595336,3.2518456936679234,3.0713728448622732,3.3083100660283598,3.250945464701421,3.0715980276507193,3.3083100660283598,3.250945464701421,3.0715980276507193,2.3482417763611694
2016-12-21,3.2969834763416426,3.2453938931777824,3.066838796376449,3.299351447745136,3.247012688451403,3.066838839299293,3.299494391860313,3.2461137978970456,3.0670636896195553,3.299494391860313,3.2461137978970456,3.0670636896195553,2.3417077210463444
2016-12-22,3.290228653314991,3.2374966624180126,3.0509508159412055,3.292591062094115,3.2391115189380524,3.050950858947602,3.2927344607524356,3.238214815180658,3.0511745444428215,3.2927344607524356,3.238214815180658,3.0511745444428215,2.3376622710044623
2016-12-23,3.291000916425473,3.2392236359352564,3.055989531745735,3.2933645997074663,3.2408393536937496,3.055989575493937,3.2935073472886693,3.2399421718835857,3.056213630472967,3.2935073472886693,3.2399421718835857,3.056213630472967,2.341085936346446
2016-12-27,3.3015256738840497,3.255163933255936,3.071998137199319,3.3038959023855328,3.2567876018590147,3.0719981808374204,3.304040145143637,3.2558860051995264,3.0722234094827234,3.304040145143637,3.2558860051995264,3.0722234094827234,2.3468935374261
2016-12-28,3.2663321603549376,3.212755654715477,3.0271044150730786,3.268676250099092,3.2143581701685813,3.0271044584047737,3.268819807782482,3.213468319379595,3.0273263956229544,3.268819807782482,3.213468319379595,3.0273263956229544,2.3274977776054717
2016-12-29,3.267873373398778,3.2104394245234373,3.020904237149405,3.270217620941503,3.2120407845426024,3.0209042807971316,3.270362152573303,3.2111515754586053,3.021125763476393,3.270362152573303,3.2111515754586053,3.021125763476393,2.3269795625858336
2016-12-30,3.259153510690106,3.1987146614538546,3.0085327876121504,3.2614907560642132,3.200310173343877,3.008532831292873,3.261635609875834,3.1994242117228313,3.008753406958111,3.261635609875834,3.1994242117228313,3.008753406958111,2.3184740171626923
2017-01-03,3.2753778658281423,3.216806901365263,3.0338784172323527,3.27771691890621,3.2184114376305235,3.033878461245933,3.2778616785837253,3.2175204651953133,3.0341008952120823,3.2778616785837253,3.2175204651953133,3.0341008952120823,2.3362106456983023
2017-01-04,3.2915090402353893,3.240471131714711,3.0632113149599536,3.29384694857005,3.242087471653099,3.063211359267333,3.2939926256809775,3.2411899451177977,3.063435943987023,3.2939926256809775,3.2411899451177977,3.063435943987023,2.35010914686172
2017-01-05,3.280394630314993,3.2143510913956788,3.034198813548306,3.282713200987054,3.21595440271568,3.0341988573125676,3.2828576063508885,3.2150641107775364,3.034421315081716,3.2828576063508885,3.2150641107775364,3.034421315081716,2.3482417763611694
2017-01-06,3.288670515766883,3.218126555552996,3.0470241011770303,3.2909593880276984,3.21973175006048,3.047024145158935,3.2911045911951953,3.2188404123942944,3.047247543197028,3.2911045911951953,3.2188404123942944,3.047247543197028,2.3566433854857136
2017-01-09,3.266397397295189,3.2077571201904833,3.044849372908541,3.268746892631509,3.2093571424466325,3.044849417023312,3.268891178143603,3.20846867691532,3.045072655415124,3.268891178143603,3.20846867691532,3.045072655415124,2.3488641109885737
2017-01-10,3.274428265232502,3.222177368418252,3.060156357214472,3.2767383666702163,3.223784583456446,3.060156401698092,3.2768845293745206,3.2228921237013357,3.0603807621668713,3.2768845293745206,3.2228921237013357,3.0603807621668713,2.3488641109885737
2017-01-11,3.277847382837934,3.2297746561098726,3.073892394836067,3.280201519221965,3.2313856606666334,3.073892439422231,3.2803472164308554,3.230491097075812,3.0741178070910755,3.2803472164308554,3.230491097075812,3.0741178070910755,2.3555024692203332
2017-01-12,3.265979296709479,3.2117422424197994,3.057482994777854,3.2683469122805704,3.213344252452771,3.057483039099676,3.2684917437309995,3.2124546835553653,3.057707203717745,3.2684917437309995,3.2124546835553653,3.057707203717745,2.349590381914576
2017-01-13,3.2588930477179456,3.2097807764703705,3.056787205509112,3.2612567459935,3.211381808129047,3.0567872498885715,3.261401880745964,3.210492782549241,3.0570113634102967,3.261401880745964,3.210492782549241,3.0570113634102967,2.3549842542006947
2017-01-17,3.2442653092038505,3.1860351181260826,3.023411640128757,3.2466126435367273,3.187624305505426,3.023411683976739,3.2467567821309644,3.186741856882962,3.023633350570216,3.2467567821309644,3.186741856882962,3.023633350570216,2.34668639806558
2017-01-18,3.259562421890664,3.20003357295234,3.038802078323936,3.261939219970283,3.2016297427257565,3.038802122611085,3.2620842284125087,3.2007434166484385,3.0390249173150328,3.2620842284125087,3.2007434166484385,3.0390249173150328,2.351872397754505
2017-01-19,3.241851503245533,3.1714369354394467,3.0161212632788685,3.2442063551015052,3.17301884127245,3.016121307215379,3.244351294576147,3.1721404358475493,3.0163424390633082,3.244351294576147,3.1721404358475493,3.0163424390633082,2.3431595296616745
2017-01-20,3.2378486816461756,3.177465176076022,3.0235791905110023,3.240227056992108,3.1790500887837885,3.02357923474043,3.240370012229903,3.178170013735553,3.0238009131516366,3.240370012229903,3.178170013735553,3.0238009131516366,2.351768644765076
2017-01-23,3.2253751604963288,3.1690215325637783,3.0127489454023304,3.227776191549831,3.170602233610282,3.012748989484284,3.2279187806794845,3.1697244974252947,3.012969873845744,3.2279187806794845,3.1697244974252947,3.012969873845744,2.3456486848621236
2017-01-24,3.2530917056399082,3.2045174198650908,3.050329142018622,3.255538167821388,3.206115826188268,3.0503291868555045,3.255681599540539,3.20522825878029,3.05055282621496,3.255681599540539,3.20522825878029,3.05055282621496,2.3606881022909207
2017-01-25,3.271910087010113,3.2355539577415517,3.0799602731802778,3.2743923843290372,3.2371678450160903,3.079960318533157,3.2745364890896616,3.2362716810511487,3.080186130243478,3.2745364890896616,3.2362716810511487,3.080186130243478,2.381121941933343
2017-01-26,3.269155410583479,3.2367514979711305,3.0781399616352005,3.2716201436863894,3.2383659825773448,3.078140006958783,3.2717635752981282,3.2374694869918477,3.078365685213417,3.2717635752981282,3.2374694869918477,3.078365685213417,2.378631870187051
2017-01-27,3.2708645889466275,3.2346011042113396,3.07608753505544,3.2732801692998197,3.2362145162094937,3.0760875804842245,3.2734258560625316,3.235318616332688,3.076313108095569,3.2734258560625316,3.235318616332688,3.076313108095569,2.3748982290409613
2017-01-30,3.2552962828020275,3.2132412383375053,3.051191137630184,3.257675833105738,3.214843996081463,3.051191182670554,3.257820761568215,3.2139540124449075,3.0514148849936156,3.257820761568215,3.2139540124449075,3.0514148849936156,2.3601702538896188
2017-01-31,3.2600703818465724,3.2102732249751207,3.042709513041797,3.2624516821938245,3.211874502277198,3.0427095578044647,3.2625959312763375,3.2109853405338926,3.042932638473126,3.2625959312763375,3.2109853405338926,3.042932638473126,2.3599625646015925
2017-02-01,3.279611511274519,3.2555550214206,3.0921986109565904,3.2820272555470633,3.257178883613815,3.0921986564473145,3.2821660901072174,3.256277177918487,3.092425365481091,3.2821660901072174,3.256277177918487,3.092425365481091,2.3608961581972836
2017-02-02,3.298248374520289,3.2680435932379877,3.102959827431057,3.30069434558889,3.269673684819101,3.102959873080094,3.3008287252056565,3.2687685202686834,3.103187371088091,3.3008287252056565,3.2687685202686834,3.103187371088091,2.36245190311121
2017-02-03,3.3101929299308117,3.2854127401266306,3.124916399786895,3.3126226901691593,3.2870514952653087,3.124916445758945,3.3127654901863326,3.286141519736544,3.125145553544945,3.3127654901863326,3.286141519736544,3.125145553544945,2.378735623176479
2017-02-06,3.3192569424217795,3.298960384099899,3.139716555925371,3.321711884834607,3.3006058967414638,3.139716602115153,3.3218493257185626,3.299692168826586,3.139946794996103,3.3218493257185626,3.299692168826586,3.139946794996103,2.3744832170832453
2017-02-07,3.3201927696653857,3.3025178446160455,3.144153218319651,3.3226358828344744,3.3041651315657656,3.144153264574703,3.3227771751123476,3.303250418134899,3.144383782736002,3.3227771751123476,3.303250418134899,3.144383782736002,2.3745869700726745
2017-02-08,3.3139935958430735,3.284596371103985,3.1246249468561413,3.3164652178196383,3.286234718661485,3.124624992823904,3.3165966171295307,3.2853249687452095,3.124854079241609,3.3165966171295307,3.2853249687452095,3.124854079241609,2.377698826518865
2017-02-09,3.3288335172381056,3.2957976211695597,3.139511964907779,3.331321100342024,3.2974415562804715,3.1395120110945514,3.3314514603923944,3.296528704432584,3.139742188975614,3.3314514603923944,3.296528704432584,3.139742188975614,2.3918046503519714
2017-02-10,3.3423613571192132,3.3055036092137007,3.151804818176023,3.3448643979442902,3.3071523856374165,3.151804864543641,3.34499364372188,3.3062368454675286,3.1520359436931007,3.34499364372188,3.3062368454675286,3.1520359436931007,2.401243422752466
2017-02-13,3.356751989997543,3.3245570344555886,3.1703884310286914,3.359258511882077,3.326215314788736,3.170388477669701,3.3593906889015166,3.3252944974537306,3.1706209193037367,3.3593906889015166,3.3252944974537306,3.1706209193037367,2.4143122666187904
2017-02-14,3.3675563034728087,3.328930315170988,3.176065964741854,3.370075806939909,3.3305907773241907,3.1760660114663883,3.370206767737136,3.3296687492833312,3.176298869357057,3.370206767737136,3.3296687492833312,3.176298869357057,2.423958361688975
2017-02-15,3.386273660013546,3.357100323428177,3.2042845642700692,3.3888039321823027,3.3587748366602064,3.20428461140974,3.3889367414632763,3.3578450061842084,3.204519538188032,3.3889367414632763,3.3578450061842084,3.204519538188032,2.4366118269792465
2017-02-16,3.39152894748886,3.3602901311878166,3.2062736126597633,3.39406237322753,3.3619662354037176,3.206273659828696,3.3941955481588355,3.3610355213214778,3.2065087324369603,3.3941955481588355,3.3610355213214778,3.2065087324369603,2.4345375004273437
2017-02-17,3.4022045779143806,3.3684344231732473,3.212593885857782,3.4047483370246154,3.3701145894251066,3.212593933119695,3.404881501571732,3.3691816191645256,3.2128294691079713,3.404881501571732,3.3691816191645256,3.2128294691079713,2.4383754444903687
2017-02-21,3.4323998601156993,3.4038220933424057,3.247858189935782,3.4349688261752065,3.40551991054382,3.247858237716484,3.4351024974010307,3.4045771383694667,3.2480963591584495,3.4351024974010307,3.4045771383694667,3.2480963591584495,2.4528959136628528
2017-02-22,3.441208304929301,3.4059650398176777,3.2493551852309883,3.4437829925625705,3.4076639263311588,3.2493552330337137,3.443917331434639,3.4067205611659332,3.2495934642300637,3.443917331434639,3.4067205611659332,3.2495934642300637,2.450718933976533
2017-02-23,3.4412638753798235,3.3971978938683374,3.238124008025367,3.443831853930763,3.3988924078311284,3.238124055662866,3.4439685111335354,3.3979514715748436,3.238361463429141,3.4439685111335354,3.3979514715748436,3.238361463429141,2.4523771487157084
2017-02-24,3.4515668409803335,3.403722412835288,3.2394769294045425,3.4541415070162667,3.405420181439152,3.2394769770619445,3.4542788861357954,3.4044774383597547,3.2397144840196166,3.4542788861357954,3.4044774383597547,3.2397144840196166,2.4554897383985734
2017-02-27,3.469768321885263,3.427914289754184,3.2640473882133603,3.472363731724443,3.429624125277358,3.264047436232229,3.4724997146152363,3.4286746817649414,3.264286744608787,3.4724997146152363,3.4286746817649414,3.264286744608787,2.459327682461597
2017-02-28,3.464753231450643,3.427229446001583,3.270126922684364,3.4673488499916756,3.4289389398273595,3.2701269707926715,3.4674834390758718,3.4279896858679546,3.270366724899132,3.4674834390758718,3.4279896858679546,3.270366724899132,2.4526893242298375
2017-03-01,3.5117159163691274,3.4907857277262555,3.3451091759583558,3.514347256466578,3.492526923272833,3.345109225169761,3.5145039815634087,3.491560065866407,3.3453544767090606,3.5145039815634087,3.491560065866407,3.3453544767090606,2.4870203818714973
2017-03-02,3.480047056884702,3.4551969237859086,3.316350185112747,3.482646051595789,3.456920367722432,3.3163502339010655,3.482804275628855,3.455963367494706,3.3165933769331675,3.482804275628855,3.455963367494706,3.3165933769331675,2.471358996433633
2017-03-03,3.4744608048320043,3.4531754982002982,3.3126453325653333,3.477057574688901,3.4548979338545895,3.312645381299148,3.477216749993028,3.4539414935094945,3.312888252704603,3.477216749993028,3.4539414935094945,3.312888252704603,2.472914374729222
2017-03-06,3.4622649991064196,3.4320158609823843,3.290821225134473,3.464853782000736,3.433727742260395,3.2908212735472233,3.4650187673141484,3.4327771625878114,3.2910625448865343,3.4650187673141484,3.4327771625878114,3.2910625448865343,2.465550478808135
2017-03-07,3.465242543713409,3.431553713014702,3.2872539768146014,3.467831601681682,3.433265363774432,3.2872540251748723,3.467991240172739,3.43231491210488,3.2874950349761902,3.467991240172739,3.43231491210488,3.2874950349761902,2.4581860329595426
2017-03-08,3.4546903100759283,3.433054653238109,3.294329074125043,3.4572650361235873,3.4347670526632084,3.294329122589399,3.4574339448101163,3.433816185272022,3.2945706511117554,3.4574339448101163,3.433816185272022,3.2945706511117554,2.4536220012796854
2017-03-09,3.4590621514709947,3.4420961515384745,3.304328519278514,3.461631718750158,3.4438130608412396,3.3043285678899763,3.4618208395885235,3.442859689188753,3.3045708295361824,3.4618208395885235,3.442859689188753,3.3045708295361824,2.456733857725876
2017-03-10,3.4751303037574086,3.458141860873072,3.3308878890883675,3.4776880406492765,3.459866773737144,3.3308879380905565,3.4779250261555434,3.458908957837976,3.331132146975548,3.4779250261555434,3.458908957837976,3.331132146975548,2.465342789520109
2017-03-13,3.490680597735156,3.476947420863941,3.34935927004649,3.493249835878238,3.478681713896218,3.3493593193204196,3.4934822300846196,3.4777186893430767,3.3496048824615428,3.4934822300846196,3.4777186893430767,3.3496048824615428,2.4665878253932556
2017-03-14,3.4863535218925974,3.468089158438841,3.339935751830046,3.488914791339336,3.46981903299108,3.339935800965342,3.4891474130942117,3.4688584619476313,3.340180673207536,3.4891474130942117,3.4688584619476313,3.340180673207536,2.4571481364469174
2017-03-15,3.5059413008688742,3.493941783650198,3.3663614878349035,3.5085139660791547,3.495684553429858,3.366361537358961,3.508752347756402,3.4947168218775477,3.3666083470423835,3.508752347756402,3.4947168218775477,3.3666083470423835,2.4784116333864334
2017-03-16,3.4915910070011775,3.4821620657811243,3.362209775917625,3.4941526675418038,3.4838989598657584,3.3622098253806043,3.4943807810558187,3.482934490990787,3.362456330675236,3.4943807810558187,3.482934490990787,3.362456330675236,2.473536526047458
2017-03-17,3.4927035092720926,3.469901119660471,3.3420222694146755,3.495291423399369,3.4716318980146004,3.3420223185806672,3.49546668787047,3.4706708251047442,3.34226734379893,3.49546668787047,3.4706708251047442,3.34226734379893,2.469193198606598
2017-03-20,3.48762262875122,3.4690073399530412,3.3382246077670263,3.490203025048141,3.470737672492009,3.338224656877149,3.490384226648907,3.4697768471360204,3.3384694036643303,3.490384226648907,3.4697768471360204,3.3384694036643303,2.4664838890946577
2017-03-21,3.439953508297824,3.3981619695925773,3.2645178489835405,3.4425009722875908,3.399856964630776,3.26451789700933,3.4426737161011904,3.398915761610952,3.2647572398784037,3.4426737161011904,3.398915761610952,3.2647572398784037,2.434815947054451
2017-03-22,3.4605829858346477,3.417480595569153,3.281488406823457,3.463146339165944,3.419185226691646,3.2814884550989083,3.4633175979074466,3.4182386729118304,3.2817290421890863,3.4633175979074466,3.4182386729118304,3.2817290421890863,2.4405452751191117
2017-03-23,3.453563459819811,3.4151450155111482,3.2796505350105143,3.456126877338749,3.4168484816519067,3.279650583258928,3.4562895111921392,3.415902574767393,3.279891035602864,3.4562895111921392,3.415902574767393,3.279891035602864,2.4379413683791182
2017-03-24,3.453265577902202,3.415464423192415,3.280030849713999,3.455824129957604,3.41716804865296,3.280030897968008,3.455997002727218,3.4162220533007748,3.280271378195269,3.455997002727218,3.4162220533007748,3.280271378195269,2.4361704185012525
2017-03-27,3.448754904726007,3.4108473145911207,3.277110549337196,3.4513062822231033,3.4125486370489684,3.277110597548243,3.451473933294015,3.411603920516511,3.277350863669439,3.451473933294015,3.411603920516511,3.277350863669439,2.4336702647506874
2017-03-28,3.471782353093226,3.4381954441500344,3.306579209434652,3.474352737345446,3.439910407789297,3.3065792580792257,3.474515581947579,3.438958116531927,3.3068216847380514,3.474515581947579,3.438958116531927,3.3068216847380514,2.451379396911007
2017-03-29,3.4657959503896483,3.4367154624126526,3.30686701291483,3.468359595420018,3.4384296878405616,3.3068670615636377,3.46851895965352,3.437477806499881,3.307109509323194,3.46851895965352,3.437477806499881,3.307109509323194,2.4536705782093655
2017-03-30,3.4778663191253836,3.450387360442478,3.3218092776565205,3.4804367255418027,3.4521084053803324,3.32180932652515,3.4805930546127377,3.4511527372773263,3.322052869798555,3.4805930546127377,3.4511527372773263,3.322052869798555,2.461483948211865
2017-03-31,3.4772686006818514,3.451576780504414,3.3217591533828705,3.4798443186355685,3.453298418722141,3.3217592022507625,3.479988916966678,3.4523424211805263,3.322002741849234,3.479988916966678,3.4523424211805263,3.322002741849234,2.455754436838035
2017-04-03,3.4737084755468417,3.442699727123635,3.313293272993916,3.476289351085831,3.4444169374987568,3.313293321737263,3.4764332051539863,3.443463398753122,3.3135362406474136,3.4764332051539863,3.443463398753122,3.3135362406474136,2.4514835165187727
2017-04-04,3.477731815963972,3.4462262495135803,3.313677245610143,3.480322487058477,3.4479452189108444,3.3136772943591386,3.480466770028267,3.4469907034193454,3.3139202414207993,3.480466770028267,3.4469907034193454,3.3139202414207993,2.4530462271811064
2017-04-05,3.464386024106534,3.4240027886305042,3.2913723859946606,3.4669642662191342,3.4257106730223565,3.2913724344155195,3.467108941965948,3.4247623128829536,3.291613746163991,3.467108941965948,3.4247623128829536,3.291613746163991,2.4457541884541114
2017-04-06,3.4572420552317307,3.422568872866475,3.292056592087193,3.459815011454199,3.4242760420260603,3.2920566405181177,3.459960684703699,3.4233280790561262,3.2922980024301527,3.459960684703699,3.4233280790561262,3.2922980024301527,2.4526293821317044
2017-04-07,3.4559687843997464,3.423170666693383,3.2929261094684317,3.458534266559256,3.424878136030045,3.2929261579121483,3.4586788899883283,3.4239300064087375,3.2931675835741134,3.4586788899883283,3.4239300064087375,3.2931675835741134,2.45012904507197
2017-04-10,3.457444248696682,3.4227262677386747,3.2922459372134383,3.4600285979643086,3.424433515406361,3.2922459856471487,3.4601723408527185,3.423485508841709,3.292487361441297,3.4601723408527185,3.423485508841709,3.292487361441297,2.451587269508201
2017-04-11,3.4547954772342235,3.4185043528999675,3.289056490848947,3.4573718455625957,3.420209494686835,3.2890565392357356,3.4575167216703346,3.4192626574848632,3.2892976811909898,3.4575167216703346,3.4192626574848632,3.2892976811909898,2.4486711872540776
2017-04-12,3.436174024514866,3.3834872276632653,3.253736114289874,3.438750274869121,3.3851749029955567,3.2537361621570486,3.43889922424493,3.3842377646594666,3.253974714547579,3.43889922424493,3.3842377646594666,3.253974714547579,2.437941368379118
2017-04-13,3.4123910255900505,3.3585643041601383,3.2297085791581885,3.4149216035751073,3.3602395479997145,3.2297086266718837,3.4150662979887456,3.3593093126829103,3.229945417448766,3.4150662979887456,3.3593093126829103,3.229945417448766,2.4221069390860923
2017-04-17,3.4543659708290373,3.400608491680392,3.272790793294458,3.456942862943867,3.402304707046002,3.2727908414419553,3.4570890594815276,3.4013628264665274,3.2730307908539604,3.4570890594815276,3.4013628264665274,3.2730307908539604,2.44356694345435
2017-04-18,3.456139106322738,3.405375926612446,3.2789558013832627,3.4587045085967487,3.4070745199614265,3.278955849621456,3.458852375333704,3.406131318912036,3.2791962510299864,3.458852375333704,3.406131318912036,3.2791962510299864,2.4362743547998496
2017-04-19,3.459298898832916,3.4133542516411928,3.2895677311055707,3.461864411107951,3.41505682455922,3.289567779499881,3.4620120933679015,3.414111413717716,3.289808958937457,3.4620120933679015,3.414111413717716,3.289808958937457,2.4317950119558867
2017-04-20,3.4808180714487844,3.4491852883163876,3.3239716676067266,3.4834124056084534,3.4509057336745284,3.3239717165071685,3.4835576623946527,3.449950398601756,3.324215418319334,3.4835576623946527,3.449950398601756,3.324215418319334,2.4515872695082015
2017-04-21,3.4737383527555754,3.4389627828234905,3.3152192279058017,3.476313044145755,3.4406781292140542,3.3152192766774826,3.47645750006,3.4397256254605093,3.315462336791815,3.47645750006,3.4397256254605093,3.315462336791815,2.4437749993607136
2017-04-24,3.513748972044364,3.4921509660012964,3.368401406407348,3.5163695861033055,3.493892842530897,3.368401455961416,3.5165161686064326,3.492925607032608,3.368648415204433,3.5165161686064326,3.492925607032608,3.368648415204433,2.4706514230428285
2017-04-25,3.532583108215404,3.5124883555012523,3.389077353678639,3.5351971636935806,3.5142403762712924,3.3890774035368803,3.5353438719902877,3.5132675078367916,3.389325878667011,3.5353438719902877,3.5132675078367916,3.389325878667011,2.4850267113537803
2017-04-26,3.5382104249125104,3.5059937950625177,3.3796321334819055,3.5408210748037434,3.507742576398369,3.3796321832011937,3.540968790897371,3.506771507082272,3.379879965841283,3.540968790897371,3.506771507082272,3.379879965841283,2.4834641840006153
2017-04-27,3.556158883897984,3.523791641439718,3.3988345754818226,3.5587782140109905,3.5255493002964586,3.3988346254836066,3.558925137484121,3.5245733014197773,3.3990838159786296,3.558925137484121,3.5245733014197773,3.3990838159786296,2.485548409247622
2017-04-28,3.566846248192176,3.5301501574658345,3.404770428712327,3.5694842095659216,3.5319109879443418,3.404770478801436,3.569634239262345,3.5309332279962278,3.405020104492163,3.569634239262345,3.5309332279962278,3.405020104492163,2.4801307067695846
2017-05-01,3.585062179650065,3.558077048234189,3.431841387237936,3.5877136237597544,3.559851808576533,3.4318414377252977,3.5878644074477406,3.558866313605714,3.43209304816268,3.5878644074477406,3.558866313605714,3.43209304816268,2.486380999491413
2017-05-02,3.545714835597704,3.5189018965074306,3.394196545391971,3.5483372224243594,3.5206571163748066,3.394196595325523,3.548486302103252,3.5196824719050537,3.3944454457766318,3.548486302103252,3.5196824719050537,3.3944454457766318,2.487318992507151
2017-05-03,3.520276598263996,3.4923762652206194,3.368573010464122,3.522880214746391,3.494118254167163,3.3685730600207147,3.5230281753652988,3.493150956608346,3.3688200318451322,3.5230281753652988,3.493150956608346,3.3688200318451322,2.4842975074810814
2017-05-04,3.54047684461937,3.514392860835697,3.3896875466803222,3.5430953800280793,3.516145831609976,3.38968759654754,3.543244213463187,3.515172436024829,3.389936116414858,3.543244213463187,3.515172436024829,3.389936116414858,2.4872146895902163
2017-05-05,3.551828436806945,3.5251837558796613,3.4001939799346688,3.55445538272518,3.5269421091247106,3.400194029956452,3.5546046768921067,3.5259657247425276,3.400443320118188,3.5546046768921067,3.5259657247425276,3.400443320118188,2.4970066987586073
2017-05-08,3.5460529757902144,3.5213913916953246,3.3966561529241663,3.5486756718725236,3.523147853315813,3.396656202893903,3.548824698834729,3.5221725193209665,3.396905233674712,3.548824698834729,3.5221725193209665,3.396905233674712,2.496590220327543
2017-05-09,3.54877739192171,3.5358425322683997,3.4108437782618903,3.5514021490973473,3.537606202078438,3.4108438284403477,3.551551238644971,3.5366268654947137,3.411093899407521,3.551551238644971,3.5366268654947137,3.411093899407521,2.494298489101679
2017-05-10,3.5518384623147594,3.5374916174126487,3.41244105063751,3.5544655121703057,3.5392561097822908,3.4124411008394655,3.554614698478014,3.5382763164448447,3.412691288912984,3.554614698478014,3.5382763164448447,3.412691288912984,2.498777648636473
2017-05-11,3.5581196271248436,3.540840140629002,3.4154837218849474,3.5607513245229416,3.5426063032377044,3.415483772131665,3.56090077266189,3.5416255824448375,3.4157341832830466,3.56090077266189,3.5416255824448375,3.4157341832830466,2.493673038218408
2017-05-12,3.562474219771376,3.5384750699704,3.413014160464844,3.565109178168646,3.540240052891198,3.4130142106752306,3.5652587645499025,3.5392599871600714,3.413264440767129,3.5652587645499025,3.5392599871600714,3.413264440767129,2.489506054197743
2017-05-15,3.5816229851771273,3.5649278770943504,3.4388235782462586,3.5842721055232305,3.566706054606437,3.438823628836339,3.584422497540329,3.5657186621367236,3.4390757511832,3.584422497540329,3.5657186621367236,3.4390757511832,2.503257174789604
2017-05-16,3.6136277214386006,3.607662792583664,3.4802893942014044,3.616300524286392,3.6094622861647867,3.480289445401507,3.6164522483726333,3.6084630572348053,3.48054460787491,3.6164522483726333,3.6084630572348053,3.48054460787491,2.500965076945403
2017-05-17,3.5353312386901883,3.4955234524735697,3.371319260462624,3.5379461248762523,3.4972670112352797,3.371319310059618,3.538094566745678,3.4962988419850993,3.3715664832293446,3.538094566745678,3.4962988419850993,3.3715664832293446,2.456588310246006
2017-05-18,3.5499495758175854,3.5130427446890344,3.3882154375117657,3.5525752827414103,3.5147950420319316,3.3882154873573267,3.5527243297330613,3.5138220203926167,3.388463899294822,3.5527243297330613,3.5138220203926167,3.388463899294822,2.466483889094657
2017-05-19,3.5697613304858584,3.5638086908487523,3.43748082488155,3.572401665417007,3.565586310118572,3.437480875451876,3.572551572554496,3.564599227632395,3.437732899352824,3.572551572554496,3.564599227632395,3.437732899352824,2.4825269242215517
2017-05-22,3.5897098655790547,3.5832337216345143,3.4561632882336863,3.592364969773415,3.585021030064391,3.456163339078859,3.592515698466741,3.5840285673485757,3.4564167327117503,3.592515698466741,3.5840285673485757,3.4564167327117503,2.495131262654638
2017-05-23,3.6202464653269284,3.6187824725609246,3.4900736912853176,3.622924160016581,3.6205875126303466,3.4900737426293613,3.6230761659703115,3.619585203830542,3.4903296224527205,3.6230761659703115,3.619585203830542,3.4903296224527205,2.5006529014312724
2017-05-24,3.629764619664102,3.6256779218050577,3.496487994220444,3.6324493989563846,3.6274864013127517,3.496488045658851,3.6326017543397984,3.6264821826507223,3.4967443957561493,3.6326017543397984,3.6264821826507223,3.4967443957561493,2.506486715722037
2017-05-25,3.694213138526593,3.6916446999752726,3.560233828467813,3.6969455955172776,3.6934860835521817,3.5602338808440144,3.697100647147345,3.692463593806076,3.5604949045597656,3.697100647147345,3.692463593806076,3.5604949045597656,2.5184668864360327
2017-05-26,3.686882079515095,3.682160752050865,3.5509337978542135,3.6896091027089573,3.683997405060171,3.5509338500935974,3.6897638595227296,3.682977542120267,3.5511941919640924,3.6897638595227296,3.682977542120267,3.5511941919640924,2.517945005233022
2017-05-30,3.6875572975184716,3.6814876641051626,3.55021001999605,3.6902848294675112,3.6833239813812706,3.550210072224786,3.690439604145899,3.682304304868687,3.550470361030456,3.690439604145899,3.682304304868687,3.550470361030456,2.5157575769240923
2017-05-31,3.7006788728605655,3.6834164684802535,3.5515564415855967,3.703416095286665,3.6852537478494685,3.5515564938341404,3.7035714375344106,3.6842335371042387,3.5518168813546653,3.7035714375344106,3.6842335371042387,3.5518168813546653,2.515133042586665
2017-06-01,3.7103855822104173,3.68374330767485,3.5518715804945047,3.713129973372499,3.6855807500706774,3.5518716327476847,3.7132857371653896,3.6845604487994748,3.5521320433730765,3.7132857371653896,3.6845604487994748,3.5521320433730765,2.535134089282018
2017-06-02,3.744194654141946,3.7177205782850886,3.5846325227707605,3.7469640490517637,3.7195749684626427,3.584632575505901,3.7471212366519735,3.718545256369485,3.584895388047374,3.7471212366519735,3.718545256369485,3.584895388047374,2.543571443694439
2017-06-05,3.725673933209498,3.7024234615975224,3.5698830167688427,3.7284296208197865,3.704270221609675,3.569883069286997,3.7285860427556106,3.7032447464207467,3.5701448004470078,3.7285860427556106,3.7032447464207467,3.5701448004470078,2.541696557517976
2017-06-06,3.7150668954741897,3.70394574758148,3.5713508075110854,3.7178147360187026,3.7057932669062588,3.571350860050833,3.717970715292037,3.7047673700836286,3.5716126988240546,3.717970715292037,3.7047673700836286,3.5716126988240546,2.533571561928853
2017-06-07,3.7312507116396487,3.731968151023379,3.5983700567066155,3.7340105268265673,3.733829647856311,3.5983701096438554,3.7341671804590097,3.7327959895553513,3.5986339293725877,3.7341671804590097,3.7327959895553513,3.5986339293725877,2.538258594060842
2017-06-08,3.7348401801150852,3.7447921790682672,3.610735006421001,3.7376026528497244,3.7466600724958714,3.610735059540147,3.7377594532581075,3.745622862272038,3.610999785823133,3.7377594532581075,3.745622862272038,3.610999785823133,2.539508762590709
2017-06-09,3.6673422297241047,3.6610720973821644,3.530011960860793,3.670054773382985,3.6628982314322482,3.530012012792386,3.6702087462256046,3.661884209497781,3.5302708207480054,3.6702087462256046,3.661884209497781,3.5302708207480054,2.5356550539391853
2017-06-12,3.6323442710529164,3.6230553491893716,3.4933561474094406,3.6350309348877885,3.6248625205759235,3.493356198801773,3.6351834300966335,3.623859028293842,3.493612319283173,3.6351834300966335,3.623859028293842,3.493612319283173,2.535134089282018
2017-06-13,3.6621647312273593,3.6541988008058444,3.523384716578359,3.664873454137127,3.656021506471952,3.5233847684124555,3.6650271966402848,3.6550093882622146,3.523643090482032,3.6650271966402848,3.6550093882622146,3.523643090482032,2.5475300051904037
2017-06-14,3.647836173079087,3.634085146552049,3.5039910968396804,3.6505342992723593,3.6358978195752782,3.5039911483884687,3.650687438705098,3.6348912723256457,3.504248048586637,3.650687438705098,3.6348912723256457,3.504248048586637,2.544301014185476
2017-06-15,3.634607840928166,3.6129499457576144,3.4836125001841007,3.6372961821939636,3.614752076592982,3.4836125514330907,3.6374487675211835,3.613751383245328,3.4838679575448372,3.6374487675211835,3.613751383245328,3.4838679575448372,2.539404826292112
2017-06-16,3.6403584853531474,3.616738559621767,3.487265488134025,3.643051081943944,3.6185425802087146,3.487265539436756,3.643203906053555,3.6175408375133675,3.4875212133726214,3.643203906053555,3.6175408375133675,3.4875212133726214,2.539959336527133
2017-06-19,3.6857376582029504,3.6741014834438452,3.5425749171252416,3.688463813476015,3.6759341165206916,3.5425749692416546,3.6886185500241937,3.67491648578451,3.5428346982686647,3.6886185500241937,3.67491648578451,3.5428346982686647,2.5611051489804066
2017-06-20,3.661984832224376,3.65654573382651,3.5256476333999682,3.6646934099283563,3.6583696101372243,3.5256476852673564,3.664847161180043,3.657356841887963,3.525906173245967,3.664847161180043,3.657356841887963,3.525906173245967,2.5438330258780346
2017-06-21,3.67170264205652,3.6871779056813767,3.5551832257506737,3.674418400610779,3.689017061246518,3.5551832780525734,3.67457256942152,3.6879958086808227,3.5554439314760486,3.67457256942152,3.6879958086808227,3.5554439314760486,2.543204642048066
2017-06-22,3.6711906376978236,3.696676479013502,3.5643417663588988,3.6739060197885856,3.698520372444418,3.564341818795534,3.6740601644364035,3.69749648902048,3.56460314369072,3.6740601644364035,3.69749648902048,3.56460314369072,2.542053460469244
2017-06-23,3.685684463207184,3.7104477640121627,3.577620062843815,3.688410566325842,3.712298526527265,3.5776201154757934,3.688565318112567,3.7112708288148664,3.5778824138885783,3.688565318112567,3.7112708288148664,3.5778824138885783,2.5450888769921276
2017-06-26,3.671481867555414,3.6917689729600616,3.559609940651607,3.6741974623443525,3.6936104185386363,3.55960999301863,3.674351621685879,3.6925878943664827,3.5598709709931398,3.674351621685879,3.6925878943664827,3.5598709709931398,2.5467634062473086
2017-06-27,3.6308547192126506,3.642693537809973,3.5122913223736076,3.6335402625579367,3.6445105046782773,3.5122913740445054,3.63369271832519,3.643501573127728,3.5125488827857674,3.63369271832519,3.643501573127728,3.5125488827857674,2.5262463442423404
2017-06-28,3.667241109723461,3.677737804738462,3.5460810643198593,3.6699535665765723,3.6795722516037173,3.546081116487853,3.6701075482669316,3.678553613700931,3.5463411025731384,3.6701075482669316,3.678553613700931,3.5463411025731384,2.548857713498588
2017-06-29,3.6164604865778545,3.6185651063623676,3.48902664761679,3.6191353843094323,3.620370038026483,3.489026698945431,3.6192872326127343,3.6193677894251035,3.489282502003262,3.6192872326127343,3.6193677894251035,3.489282502003262,2.5264562332403897
2017-06-30,3.6217136430427845,3.624578547483217,3.4948248178024333,3.6243924285489655,3.626386478637454,3.4948248692163735,3.6245444948724397,3.6253825644689845,3.4950810973754756,3.6245444948724397,3.6253825644689845,3.4950810973754756,2.5311665456367916
2017-07-03,3.6226762687773633,3.614165466432081,3.4847437347390176,3.6253557700871393,3.615968203655537,3.484743786065282,3.625507870850944,3.61496717476198,3.484999275020764,3.625507870850944,3.61496717476198,3.484999275020764,2.5354589131287795
2017-07-05,3.6609100085809962,3.6633523468463802,3.531943362454006,3.663617789358845,3.6651796188645314,3.531943414811382,3.6637714954340015,3.6641649727121877,3.5322023637520386,3.6637714954340015,3.6641649727121877,3.5322023637520386,2.54132077372234
2017-07-06,3.6329873330505964,3.6411205557569,3.510757069900714,3.635674458004251,3.6429367380639555,3.510757121575208,3.635826996181125,3.641928242671849,3.511014517789793,3.635826996181125,3.641928242671849,3.511014517789793,2.5180817538727984
2017-07-07,3.6720013436225347,3.692954503187179,3.560740540965464,3.6747173231215737,3.6947965401327196,3.560740593367717,3.674871502444547,3.693773687942652,3.5610016542048855,3.674871502444547,3.693773687942652,3.5610016542048855,2.534411301230218
2017-07-10,3.6693306706466102,3.6971864874515443,3.564874984723092,3.67204467432051,3.6990306351826296,3.564875037105931,3.6721987422812887,3.698006609358251,3.565136401190735,3.6721987422812887,3.698006609358251,3.565136401190735,2.5371336256931296
2017-07-11,3.663079858928471,3.6986836276364263,3.566170755323581,3.665789238120547,3.70052852246101,3.5661708079452366,3.6659430452936657,3.699504086033319,3.5664322666893145,3.6659430452936657,3.699504086033319,3.5664322666893145,2.5352493907490676
2017-07-12,3.6987573158107216,3.7363409883992325,3.602458396785967,3.701493081255778,3.7382046666731554,3.6024584499736614,3.701648390505535,3.7371698007297334,3.6027225691487867,3.701648390505535,3.7371698007297334,3.6027225691487867,2.55430107926023
2017-07-13,3.6975653859738022,3.7351422568311046,3.6014296586721257,3.7003002714109767,3.7370053369023304,3.601429711655715,3.7004555282968616,3.735970799479949,3.6016937557015307,3.7004555282968616,3.735970799479949,3.6016937557015307,2.5585927135155444
2017-07-14,3.728986545568681,3.768878851257222,3.634049690918536,3.731744669756074,3.770758758861899,3.6340497442464668,3.731901249081459,3.7697148747708025,3.634316180088308,3.731901249081459,3.7697148747708025,3.634316180088308,2.570526140391547
2017-07-17,3.734373971814792,3.767833988318132,3.633071238551007,3.737136081543754,3.769713374684156,3.633071291821408,3.7372928860222694,3.7686697791949446,3.6333376559937296,3.7372928860222694,3.7686697791949446,3.6333376559937296,2.5702126817132376
2017-07-18,3.734243828744583,3.771541215578863,3.636816681348017,3.7370058405026914,3.7734224507268013,3.6368167344193285,3.7371626422613677,3.772377823729306,3.6370833735898596,3.7371626422613677,3.772377823729306,3.6370833735898596,2.571573385671771
2017-07-19,3.759481068270478,3.802860013273902,3.6670184123443863,3.762261745675157,3.8047568701546424,3.6670184658539227,3.7624196085520865,3.803703568550574,3.667287319317714,3.7624196085520865,3.803703568550574,3.667287319317714,2.5854955337179377
2017-07-20,3.765214833315578,3.8068049024662245,3.6712157179097975,3.7679997520233792,3.8087037261865393,3.671215770895671,3.7681578552176105,3.8076493211213567,3.6714849330021697,3.7681578552176105,3.8076493211213567,3.6714849330021697,2.5866470819150966
2017-07-21,3.763225559298257,3.802407080553768,3.66725157412313,3.7660090058654694,3.8043037100462787,3.667251626639815,3.7661670267598675,3.8032505154647738,3.667520498748843,3.7661670267598675,3.8032505154647738,3.667520498748843,2.5843441688299476
2017-07-24,3.778992241627388,3.814116784244959,3.678823618608154,3.781787350310862,3.8160192538935824,3.67882367087632,3.7819460325825447,3.8149628082844913,3.6790933920583733,3.7819460325825447,3.8149628082844913,3.6790933920583733,2.583716334927485
2017-07-25,3.773926554292487,3.8130509643008157,3.6779379742720013,3.776717917393164,3.8149529020101483,3.677938026315871,3.7768763848863154,3.813896747699431,3.678207682894445,3.7768763848863154,3.813896747699431,3.678207682894445,2.589996507043796
2017-07-26,3.798409015904048,3.8463990566235737,3.7102410534337524,3.801218485094707,3.848317627956349,3.710241105731505,3.8013779841295507,3.8472522329975063,3.7105131310017643,3.8013779841295507,3.8472522329975063,3.7105131310017643,2.5901011765790676
2017-07-27,3.7721358914043144,3.809273505470646,3.674070688763625,3.7749259285396057,3.811173559485026,3.6740707410854165,3.7750843229656827,3.81011845762152,3.674340113607219,3.7750843229656827,3.81011845762152,3.674340113607219,2.5876935939586465
2017-07-28,3.800671420508958,3.833304022877162,3.697542611940657,3.8034825638845255,3.8352160625961904,3.6975426641590303,3.8036421563818226,3.8341542966062785,3.69781375825739,3.8036421563818226,3.8341542966062785,3.69781375825739,2.584657444199088
2017-07-31,3.783983727576635,3.810896839419211,3.676114963873504,3.7867825293630664,3.8127977021002155,3.6761150155127362,3.7869414189012693,3.81174213743977,3.676384539022701,3.7869414189012693,3.81174213743977,3.676384539022701,2.58319243732362
2017-08-01,3.8017342559041762,3.8275814643507386,3.6922094954134215,3.80454618674823,3.829490649267221,3.6922095472787375,3.8047058220059444,3.8284304632010557,3.692480250799304,3.8047058220059444,3.8284304632010557,3.692480250799304,2.5889501783094144
2017-08-02,3.8042526955625044,3.8184833574107784,3.6834331657266786,3.8070664894436628,3.8203880042217495,3.6834332174687114,3.807226229638493,3.8193303382028505,3.683703277530843,3.807226229638493,3.8193303382028505,3.683703277530843,2.5902067626601823
2017-08-03,3.791553529035317,3.8049162795791354,3.6703459214546608,3.794357929897453,3.8068141591767635,3.670345973012854,3.794517136791173,3.80576025104702,3.670615073551128,3.794517136791173,3.80576025104702,3.670615073551128,2.585182075039628
2017-08-04,3.795141117795245,3.8270241801318114,3.691671920941413,3.7979481720860435,3.828933087076777,3.691671972799177,3.798107529425587,3.8278730553704783,3.691942636906135,3.798107529425587,3.8278730553704783,3.691942636906135,2.589891837508523
2017-08-07,3.8226052834108435,3.8639550151131523,3.72729660479508,3.82543265151547,3.865882343035896,3.7272966571532726,3.825593162029304,3.864812082009327,3.727569933172515,3.825593162029304,3.864812082009327,3.727569933172515,2.594707919295209
2017-08-08,3.795787916635055,3.8315815980816943,3.6960681544339846,3.79859544946898,3.8334927782515904,3.6960682063535035,3.7987548338358774,3.8324314842048155,3.6963391927812523,3.7987548338358774,3.8324314842048155,3.6963391927812523,2.5883219777886146
2017-08-09,3.7796578829164593,3.809625347750659,3.6748884416803924,3.7824534852501235,3.811525576215844,3.674888493302395,3.782612192759095,3.8104703637406523,3.6751579268868357,3.782612192759095,3.8104703637406523,3.6751579268868357,2.5882174915625114
2017-08-10,3.7140875365260846,3.727323350040701,3.595497259476581,3.716834640103682,3.729182526542894,3.5954973099833576,3.7169905947772017,3.7281501105599526,3.595760922805853,3.7169905947772017,3.7281501105599526,3.595760922805853,2.551684524187602
2017-08-11,3.729780607002825,3.7526886238655464,3.619965427102046,3.732539318013429,3.7545604524820417,3.6199654779525323,3.7326959314079113,3.753521010676104,3.6202308847195823,3.7326959314079113,3.753521010676104,3.6202308847195823,2.5554526274573885
2017-08-14,3.7747740885338663,3.8023482086161065,3.6678686767290025,3.777566078803411,3.8042448072684714,3.667868728252397,3.777724581073449,3.8031916104581542,3.6681376471653144,3.777724581073449,3.8031916104581542,3.6681376471653144,2.5807846713940297
2017-08-15,3.788546944618937,3.81467111157791,3.6797557494798756,3.7913491219619,3.816573856853327,3.6797558011702503,3.791508202220599,3.8155172467727407,3.6800255916134663,3.791508202220599,3.8155172467727407,3.6800255916134663,2.58047121271572
2017-08-16,3.798145890438306,3.8289857473468243,3.6935641124374317,3.80095516755255,3.830895632714999,3.6935641643217756,3.801114649892993,3.8298350576822555,3.693834967159459,3.801114649892993,3.8298350576822555,3.693834967159459,2.5849723693507465
2017-08-17,3.722790691919575,3.744255491456809,3.6118305534630077,3.7255442328677453,3.7461231136548796,3.6118306041992216,3.7257005513970003,3.7450860077076444,3.612095414537782,3.7257005513970003,3.7450860077076444,3.612095414537782,2.5446703821602075
2017-08-18,3.719909521121909,3.74843145906734,3.615858827559261,3.722660931182039,3.7503011642241795,3.6158588783520607,3.722817128680316,3.749262901592831,3.6161239840335537,3.722817128680316,3.749262901592831,3.6161239840335537,2.5406920232740346
2017-08-21,3.725346587180798,3.7408293023775276,3.6085255401094254,3.7281020188370295,3.7426952156038698,3.608525590799213,3.7282584445502875,3.7416590586626732,3.608790158822501,3.7282584445502875,3.7416590586626732,3.608790158822501,2.5426812943717056
2017-08-22,3.7720107510778944,3.796401141991564,3.662131942954555,3.774800697742108,3.7982947742668567,3.662131994397364,3.7749590823878982,3.7972432247100936,3.6624004927073797,3.7749590823878982,3.7972432247100936,3.6624004927073797,2.569270289277452
2017-08-23,3.766426795459903,3.7869921168105822,3.6530556914261765,3.769212611919983,3.7888810558953776,3.6530557427414894,3.7693707619271963,3.787832112505847,3.6533235756035545,3.7693707619271963,3.787832112505847,3.6533235756035545,2.5600580870093492
2017-08-24,3.7671675089902403,3.782407813349432,3.648633523295527,3.769953873240956,3.784294465798893,3.648633574548721,3.7701120548097387,3.783246792196746,3.6489010831885325,3.7701120548097387,3.783246792196746,3.6489010831885325,2.5540910069530107
2017-08-25,3.7671057287243617,3.7768392233530723,3.6432618803789443,3.7698920468412473,3.7787230982083457,3.6432619315566814,3.7700502270857,3.7776769670270665,3.643529046361135,3.7700502270857,3.7776769670270665,3.643529046361135,2.5600580870093492
2017-08-28,3.762942584922323,3.783413667812692,3.6496038032059204,3.7657258236336904,3.785300821979017,3.649603854472744,3.7658838288751695,3.7842528697693747,3.64987143425104,3.7658838288751695,3.7842528697693747,3.64987143425104,2.5601631231629582
2017-08-29,3.7408301852116344,3.769147142003043,3.6358418486788775,3.7435970685120252,3.771027180073698,3.635841899752384,3.7437541457726073,3.7699831794904326,3.636108470538762,3.7437541457726073,3.7699831794904326,3.636108470538762,2.563093686841401
2017-08-30,3.7594842559359423,3.8014309545538163,3.6669838636453265,3.7622649366285335,3.803327095682902,3.6669839151562917,3.7624227971664883,3.80227415293902,3.667252769196938,3.7624227971664883,3.80227415293902,3.667252769196938,2.575237186024621
2017-08-31,3.7893612825683367,3.8309210086188323,3.6954309283657576,3.7921640617275916,3.832831859288899,3.695430980276325,3.7923231763900387,3.8317707482160857,3.695701919984261,3.7923231763900387,3.8317707482160857,3.695701919984261,2.5907301103365405
2017-09-01,3.7933878535089334,3.841975325256687,3.7092388122682185,3.796193611050254,3.843891689890429,3.7092388643727485,3.796352904190783,3.842827516788646,3.709510816440029,3.796352904190783,3.842827516788646,3.709510816440029,2.5943933607618863
2017-09-05,3.7769175622478803,3.8219311329556804,3.681702123125559,3.7797111374536305,3.8238374995915425,3.681702174843275,3.779870424906691,3.8227788785369343,3.6819721079897154,3.779870424906691,3.8227788785369343,3.6819721079897154,2.5757603503918114
2017-09-06,3.7745251756175278,3.8226935093132486,3.6833870493019423,3.777316979421823,3.824600256324284,3.683387101043327,3.7774762685916805,3.8235414239941643,3.6836571577243196,3.7774762685916805,3.8235414239941643,3.6836571577243196,2.5845531412821523
2017-09-07,3.782554722769889,3.829612165814132,3.681996328437703,3.78535246583504,3.831522363776598,3.681996380159552,3.7855122309006646,3.830461615037649,3.6822663348763864,3.7855122309006646,3.830461615037649,3.6822663348763864,2.584239499294674
2017-09-08,3.799816860420267,3.8301720763760243,3.683355874279095,3.802627370456986,3.8320825537962078,3.683355926020042,3.80278723367344,3.831021649984699,3.6836259804153606,3.80278723367344,3.831021649984699,3.6836259804153606,2.581203716153453
2017-09-11,3.84334842907425,3.8839110930445204,3.7410172924417293,3.8461911373591424,3.8858483755365856,3.7410173449926596,3.846352941989407,3.8847725864907034,3.7412916269782373,3.846352941989407,3.8847725864907034,3.7412916269782373,2.6087347368766465
2017-09-12,3.837083837888619,3.878867207738338,3.7432598604634437,3.8399219104549744,3.8808019744942577,3.743259913045876,3.8400838785188287,3.879727582478991,3.7435343594509045,3.8400838785188287,3.879727582478991,3.7435343594509045,2.61752716114865
2017-09-13,3.8186273047865713,3.8636658472127476,3.7315117630419787,3.8214517247417827,3.865593031684804,3.7315118154593825,3.8216144092900617,3.8645228501612974,3.7317854005234348,3.8216144092900617,3.8645228501612974,3.7317854005234348,2.618783378881081
2017-09-14,3.8181557631221947,3.865700523890339,3.7332630180243442,3.820979835157232,3.867628723243452,3.7332630704663483,3.8211423802402797,3.866557978095592,3.7335367839280145,3.8211423802402797,3.866557978095592,3.7335367839280145,2.6179469391447494
2017-09-15,3.830947987394933,3.8818152876646854,3.7519251574906396,3.8337815213607436,3.883751525049501,3.751925210194795,3.8339448717285163,3.8826763163367395,3.752200291917623,3.8339448717285163,3.8826763163367395,3.752200291917623,2.621470691292789
2017-09-18,3.848806500824693,3.9120040833226786,3.786746188845746,3.8516532425674286,3.9139553790268082,3.7867462420390403,3.851816621754906,3.9128718082432647,3.787023876752372,3.851816621754906,3.9128718082432647,3.787023876752372,2.627046039655825
2017-09-19,3.841323712838516,3.908269215738943,3.786051668496258,3.8441649203442805,3.9102186487307824,3.7860517216797964,3.844324844937215,3.909136112249383,3.7863293054726417,3.844324844937215,3.909136112249383,3.7863293054726417,2.629676342916097
2017-09-20,3.8426448524457166,3.907791111926681,3.787261088993547,3.8454870367358183,3.909740306735521,3.7872611421940747,3.8456471598293223,3.908657902509061,3.7875388146585913,3.8456471598293223,3.908657902509061,3.7875388146585913,2.6306227681535903
2017-09-21,3.819377625130205,3.8836647058234246,3.7637281993348575,3.8222025992603403,3.8856018664441834,3.763728252204813,3.8223627640260616,3.884526144897295,3.764004199297005,3.8223627640260616,3.884526144897295,3.764004199297005,2.6235745306208362
2017-09-22,3.8211568287146185,3.891914272987072,3.7739083961527666,3.823983118599616,3.893855548516819,3.7739084491657255,3.8241431894781654,3.892777541992429,3.7741851426443622,3.8241431894781654,3.892777541992429,3.7741851426443622,2.6241002613163875
2017-09-25,3.7971997261974133,3.8495931168188884,3.7254020355843043,3.800008297550286,3.8515132824275007,3.725402087915883,3.800167275755296,3.8504469985021426,3.725675225030074,3.800167275755296,3.8504469985021426,3.725675225030074,2.618735351878908
2017-09-26,3.795506780509696,3.8462125874271735,3.725718950025206,3.798314099364068,3.848131066812759,3.7257190023612363,3.798472981686835,3.8470657193174813,3.725992162710798,3.798472981686835,3.8470657193174813,3.725992162710798,2.6203136438205723
2017-09-27,3.794864426218988,3.863954060808658,3.755214990621961,3.7976712675613906,3.8658813896638833,3.7552150433723286,3.7978316337929163,3.864811127990492,3.7554903662974546,3.7978316337929163,3.864811127990492,3.7554903662974546,2.630517365381644
2017-09-28,3.800121320734953,3.8788452245962906,3.767878691140298,3.802932051238822,3.880779981147914,3.7678787440685557,3.8030928678399096,3.8797055947637595,3.768154995464376,3.8030928678399096,3.8797055947637595,3.768154995464376,2.6336743158833107
2017-09-29,3.8126063475285648,3.901257676433982,3.794564734156135,3.815426311423786,3.9032036124721654,3.7945647874592585,3.8155875127330874,3.902123017899078,3.7948429954086818,3.8155875127330874,3.902123017899078,3.7948429954086818,2.642931245588552
2017-10-02,3.8280859058169834,3.915939224840259,3.8115406159594913,3.8309176664045768,3.9178924840626346,3.811540669501079,3.8310024132419205,3.9168078229479226,3.8118201220794905,3.8310024132419205,3.9168078229479226,3.8118201220794905,2.6543977840121245
2017-10-03,3.829060882168042,3.9320295706867068,3.829496599254784,3.8318933171676957,3.9339908531814896,3.829496653048603,3.8320076928763847,3.932901736343276,3.829777422114581,3.8320076928763847,3.932901736343276,3.829777422114581,2.6600794516929493
2017-10-04,3.8394522368511588,3.9403612532088075,3.837888651346698,3.8422925610139607,3.942326691707294,3.8378887052584023,3.842396026799418,3.9412352671254567,3.838170089608548,3.842396026799418,3.9412352671254567,3.838170089608548,2.663235119030436
2017-10-05,3.8484012900970344,3.9523334181084167,3.853677596272913,3.8512483435789235,3.9543048278144126,3.8536776504064085,3.8513705501923696,3.9532100873087397,3.8539601923623135,3.8513705501923696,3.9532100873087397,3.8539601923623135,2.6790147388820493
2017-10-06,3.863883754477482,3.971237334041904,3.8722912195103136,3.8667420584593746,3.9732181732529126,3.8722912739052786,3.8668992065721177,3.9721181965442796,3.8725751805652577,3.8668992065721177,3.9721181965442796,3.8725751805652577,2.675963741079835
2017-10-09,3.8586869838197524,3.969968376960821,3.870944859807026,3.8615415805477893,3.9719485783658053,3.8709449141830783,3.8616522075540383,3.970848955186329,3.871228722131348,3.8616522075540383,3.970848955186329,3.871228722131348,2.671546173425691
2017-10-10,3.871056970548787,3.979084429126782,3.878917769316955,3.8739208834546486,3.9810691789355035,3.8789178238050046,3.8739771162705754,3.979967030134051,3.879202216306961,3.8739771162705754,3.979967030134051,3.879202216306961,2.6785938610309383
2017-10-11,3.8734257472414035,3.9853729755849856,3.883849502624574,3.876291287886682,3.9873608632536612,3.883849557181902,3.876401150265864,3.986256972062058,3.8841343112661484,3.876401150265864,3.986256972062058,3.8841343112661484,2.6828022729237078
2017-10-12,3.8846360800575144,4.002396339755797,3.8983420743036854,3.887510021194154,4.004392719199911,3.898342129064594,3.887667013627609,4.003284112623398,3.8986279457077715,3.887667013627609,4.003284112623398,3.8986279457077715,2.6788042999564943
2017-10-13,3.8908286008770805,4.007972599803674,3.9055375021408185,3.893707241758914,4.009971761364575,3.905537557002803,3.8938483257541505,4.008861609821747,3.905823901196665,3.8938483257541505,4.008861609821747,3.905823901196665,2.6820659199934327
2017-10-16,3.896983306562207,4.011411554923467,3.9085542705944043,3.8998665016542393,4.013412433633525,3.908554325498766,3.90001445869512,4.012301328678682,3.908840890874509,3.90001445869512,4.012301328678682,3.908840890874509,2.685642098563693
2017-10-17,3.8930287348034702,4.0028942444091085,3.8970989996057006,3.8959090449941494,4.004890876302929,3.8970990543491473,3.89598206257692,4.003782129739091,3.8973847798532124,3.89598206257692,4.003782129739091,3.8973847798532124,2.6875358655845223
2017-10-18,3.899438862315185,4.009002777453684,3.9051723402763576,3.9023239465936053,4.011002455020438,3.9051723951332127,3.9023548323625548,4.009892016941347,3.9054587125543248,3.9023548323625548,4.009892016941347,3.9054587125543248,2.690165618917289
2017-10-19,3.9105590344076164,4.014368929349639,3.911191986751295,3.9134521850665642,4.016371281947288,3.911192041692709,3.9135384531958826,4.015259358260375,3.9114788004591716,3.9135384531958826,4.015259358260375,3.9114788004591716,2.6909025217750693
2017-10-20,3.941537362854334,4.049512139014588,3.947878654941583,3.944453101373871,4.051532019024568,3.947878710398343,3.9446144248228427,4.05041036208403,3.948168158939113,3.9446144248228427,4.05041036208403,3.948168158939113,2.7047883746058536
2017-10-23,3.940083259484668,4.047447775771323,3.9439691540888315,3.942997722869128,4.049466628156295,3.943969209490674,3.9432091022839737,4.048345542064893,3.9442583713966672,3.9432091022839737,4.048345542064893,3.9442583713966672,2.694268994656449
2017-10-24,3.9485218627402032,4.059273609118352,3.964235964325364,3.9514425797597617,4.061298360479816,3.964236020011899,3.95163520594688,4.060173998725733,3.964526667829482,3.95163520594688,4.060173998725733,3.964526667829482,2.6990025873172634
2017-10-25,3.9366018971455596,4.020495873745966,3.9210418653232173,3.939514329131916,4.022501285173676,3.921041920402995,3.9396723556038373,4.021387662892083,3.921329401337799,3.9396723556038373,4.021387662892083,3.921329401337799,2.6856420985636933
2017-10-26,3.9529986004205977,4.0382793436034,3.9357826891487693,3.955923146303918,4.04029362471336,3.9357827444356146,3.9561316328375926,4.039175076981324,3.9360713061305734,3.9561316328375926,4.039175076981324,3.9360713061305734,2.6891141575261877
2017-10-27,3.982191725476195,4.064216159967181,3.9612484835028368,3.9851377986747893,4.066243379157564,3.9612485391474057,3.9853803624473163,4.065117646778894,3.9615389679304034,3.9853803624473163,4.065117646778894,3.9615389679304034,2.7111004425175023
2017-10-30,3.961914091652708,4.026872011458895,3.924804010018108,3.964844985115118,4.028880599895908,3.924804065150733,3.965207506137469,4.027765213008355,3.925091821916531,3.965207506137469,4.027765213008355,3.925091821916531,2.701001390491702
2017-10-31,3.985737955162359,4.053358788518531,3.944370000110679,3.9886863334105116,4.055380587781136,3.944370055518152,3.989071684267228,4.054257864690492,3.9446592468131683,3.989071684267228,4.054257864690492,3.9446592468131683,2.705209619075302
2017-11-01,3.974325710581353,4.0450072278813956,3.9338690169735835,3.9772651605789004,4.047024858609413,3.9338690722335468,3.977650408784697,4.045904449067344,3.9341574936228714,3.977650408784697,4.045904449067344,3.9341574936228714,2.7087859809547306
2017-11-02,4.001233411513305,4.053743700769431,3.9418682451062477,4.004193645812499,4.05576568964514,3.941868300478578,4.004579804672231,4.054642860146061,3.942157308351205,4.004579804672231,4.054642860146061,3.942157308351205,2.7098383588916755
2017-11-03,4.021884787395411,4.090506678229136,3.9823198948413245,4.024860030887948,4.092547007840071,3.9823199507818883,4.025245102973986,4.091413996044759,3.9826119244678067,4.025245102973986,4.091413996044759,3.9826119244678067,2.718885766217205
2017-11-06,4.030302629932375,4.096782506284007,3.9914882261054374,4.033284879972115,4.09882596755897,3.991488282174791,4.033670962024306,4.097691217515763,3.9917809280597147,4.033670962024306,4.097691217515763,3.9917809280597147,2.7230934448732995
2017-11-07,4.0414678930881935,4.090673897410654,3.980954823214214,4.044458779491595,4.092714312057516,3.9809548791356026,4.044843404261838,4.091581253386417,3.9812467527378996,4.044843404261838,4.091581253386417,3.9812467527378996,2.7212002277799763
2017-11-08,4.067465273216017,4.1184889851582795,4.0072030824482745,4.070475655105494,4.120543271735084,4.007203138738379,4.0708545905442275,4.119402509429304,4.007496936797073,4.0708545905442275,4.119402509429304,4.007496936797073,2.7258287842871813
2017-11-09,4.03084450143317,4.082974643249699,3.965895121636553,4.033827582411661,4.085011215301221,3.9658951773463946,4.034207668676566,4.0838802901427655,3.966185946809222,4.034207668676566,4.0838802901427655,3.966185946809222,2.7159398045686
2017-11-10,4.025905836273483,4.082993500205989,3.967774638574365,4.028885175199907,4.085030080633407,3.9677746943106085,4.029267900436018,4.083899150463016,3.9680656015748936,4.029267900436018,4.083899150463016,3.9680656015748936,2.715098232175547
2017-11-13,4.055934273244678,4.102425929751945,3.984439285298517,4.058936317625002,4.1044722049195395,3.984439341268853,4.059320918427162,4.103335891685134,3.9847314703431524,4.059320918427162,4.103335891685134,3.9847314703431524,2.717623132663874
2017-11-14,4.060131140327509,4.102137801970503,3.9847577506714287,4.063135538002443,4.1041839336466985,3.9847578066462384,4.063526808357117,4.103047699773257,3.985049959069619,4.063526808357117,4.103047699773257,3.985049959069619,2.7113117979889005
2017-11-15,4.031744259921982,4.079040774594206,3.963894134934491,4.034726983531784,4.081075386425031,3.963894190616225,4.03512165479547,4.079945550642973,3.964184813371736,4.03512165479547,4.079945550642973,3.964184813371736,2.6977410536189437
2017-11-16,4.066649744030475,4.125856226755002,4.010490815652227,4.069658512687717,4.127914187084367,4.010490871988515,4.070051323026902,4.126771385191853,4.010784911095545,4.070051323026902,4.126771385191853,4.010784911095545,2.720674497084425
2017-11-17,4.057751336831981,4.126080243215417,4.0116896549565535,4.060753130557219,4.128138316794187,4.011689711309682,4.061154389249555,4.126995452328665,4.011983838312597,4.061154389249555,4.126995452328665,4.011983838312597,2.712678917768335
2017-11-20,4.076539468088189,4.154098324469684,4.043058207757067,4.07955511268859,4.15617037224741,4.043058264550837,4.07995457307782,4.1550197467875565,4.043354691417204,4.07995457307782,4.1550197467875565,4.043354691417204,2.717307107657203
2017-11-21,4.101102260893149,4.177545380618162,4.0623129700669685,4.104135235620807,4.1796291222049105,4.062313027131214,4.104540526801936,4.178472003945331,4.062610865708361,4.104540526801936,4.178472003945331,4.062610865708361,2.735085897301592
2017-11-22,4.07776781662939,4.156551315313441,4.041292001964848,4.080783956865628,4.158624585669514,4.0412920587338075,4.08118617346678,4.157473282807107,4.041588356106406,4.08118617346678,4.157473282807107,4.041588356106406,2.7326669495127174
2017-11-24,4.093641581006495,4.181222707430494,4.06773326295661,4.096670642911162,4.183308285411579,4.067733320096996,4.097061775671058,4.182150149250774,4.068031556076395,4.097061775671058,4.182150149250774,4.068031556076395,2.7389784674968594
2017-11-27,4.0996755036095855,4.183530792674897,4.0700154008984875,4.102709058086308,4.185617523804978,4.07001545807093,4.103103853487825,4.184458748852372,4.070313861370948,4.103103853487825,4.184458748852372,4.070313861370948,2.7376111644082557
2017-11-28,4.132978985389887,4.219889147325072,4.104530109379842,4.136036925903019,4.221994011631444,4.104530167037121,4.136441523417338,4.220825165541526,4.104831100868819,4.136441523417338,4.220825165541526,4.104831100868819,2.7653837866156668
2017-11-29,4.071891948566498,4.129311936179602,4.016878774440825,4.074904405233534,4.131371620182985,4.016878830866846,4.075295079242564,4.130227862357324,4.017173338322961,4.075295079242564,4.130227862357324,4.017173338322961,2.763701375066236
2017-11-30,4.1125124734607805,4.176808271681838,4.063373874103549,4.1155556386784955,4.178891647796176,4.063373931182697,4.115944186299018,4.177734734444665,4.063671847542663,4.115944186299018,4.177734734444665,4.063671847542663,2.787896352230038
2017-12-01,4.0840903431576,4.142739852580771,4.030406409425047,4.087112478579332,4.144806235787541,4.030406467686557,4.087498351187896,4.143658757955805,4.03070196563735,4.087498351187896,4.143658757955805,4.03070196563735,2.7821105649414473
2017-12-04,4.067091674347829,4.104133518273764,3.993293760584453,4.070101205524982,4.106180645523703,3.993293822493828,4.070485652263432,4.1050438587320786,3.9935865961002155,4.070485652263432,4.1050438587320786,3.9935865961002155,2.7787439087509
2017-12-05,4.051880413013436,4.090769025147782,3.980207541708196,4.054878652139495,4.092809486099255,3.98020760264066,4.055261798943043,4.091676401516471,3.980499417433392,4.055261798943043,4.091676401516471,3.980499417433392,2.768750076187877
2017-12-06,4.074163094595777,4.117564061706043,4.006206224826161,4.077177858320675,4.11961788780655,4.0062062854808955,4.077562951483203,4.118477381760081,4.006500006946531,4.077562951483203,4.118477381760081,4.006500006946531,2.7692763568109346
2017-12-07,4.101509084557956,4.1524834200695215,4.040249156500012,4.104544078675571,4.154554663932375,4.040249218306489,4.104931785389593,4.15340448536909,4.040545435175018,4.104931785389593,4.15340448536909,4.040545435175018,2.7780073725114565
2017-12-08,4.123633384127653,4.1670340125731515,4.054786310102019,4.126684727689663,4.169112514847501,4.054786375687748,4.127074660396778,4.167958303984845,4.055083655521309,4.127074660396778,4.167958303984845,4.055083655521309,2.7931565921322465
2017-12-11,4.115078125648464,4.162835464155554,4.050473334239839,4.1181231523244595,4.164911871832183,4.050473397625232,4.118512206094411,4.163758825103262,4.050770362955538,4.118512206094411,4.163758825103262,4.050770362955538,2.8015724993719417
2017-12-12,4.114873701062841,4.163134374439843,4.05080569143804,4.117918528485293,4.1652109312805115,4.050805755217387,4.11830774103885,4.164057801539814,4.051102744603587,4.11830774103885,4.164057801539814,4.051102744603587,2.8065168975766484
2017-12-13,4.1106703784084955,4.160222668543386,4.048079037300937,4.1137121444434195,4.162297773211422,4.048079102034533,4.1141007863035055,4.161145449413584,4.048375890714571,4.1141007863035055,4.161145449413584,4.048375890714571,2.806201055879147
2017-12-14,4.0944700838533254,4.143174076727848,4.031391054675654,4.09749986464297,4.145240677453686,4.031391118215755,4.097886960085967,4.144093076397811,4.0316866841427785,4.097886960085967,4.144093076397811,4.0316866841427785,2.794734334146406
2017-12-15,4.13249213292634,4.1912541478818275,4.078321670484783,4.1355500724593135,4.1933447310231315,4.0783217361481015,4.135940671181739,4.192183811687249,4.0786207417377245,4.135940671181739,4.192183811687249,4.0786207417377245,2.8180076328104766
2017-12-18,4.160643269743698,4.23002520249617,4.11616985963198,4.1637219993216235,4.232135124707449,4.11616992704535,4.1641154346569795,4.2309634656873945,4.116471706593515,4.1641154346569795,4.2309634656873945,4.116471706593515,2.83587752711166
2017-12-19,4.150004157541759,4.221736671930309,4.1080272489222045,4.153074981314538,4.2238424597230875,4.108027315479545,4.15346751807799,4.222673096917352,4.108328498625794,4.15346751807799,4.222673096917352,4.108328498625794,2.824986946095836
2017-12-20,4.148393852621866,4.21971506651515,4.106218518501196,4.15146349234432,4.221819846199996,4.106218586512746,4.151855855227582,4.220651042519816,4.106519635862699,4.151855855227582,4.220651042519816,4.106519635862699,2.823505441395193
2017-12-21,4.133134541271796,4.193931977054745,4.0811440943646105,4.136192858630222,4.196023896246378,4.081144162103041,4.136583914446229,4.1948622340516275,4.081443372995896,4.136583914446229,4.1948622340516275,4.081443372995896,2.8293211080782665
2017-12-22,4.140922256452257,4.201350081448247,4.088367329201376,4.143986331266158,4.203445700773099,4.08836739710302,4.14437814647013,4.202281983839913,4.088667137535858,4.14437814647013,4.202281983839913,4.088667137535858,2.8285807223462824
2017-12-26,4.145767496835477,4.197807204580909,4.08532294830578,4.148835127268127,4.199901057397287,4.085323019932693,4.1492275356073005,4.198738319677293,4.085622534142117,4.1492275356073005,4.198738319677293,4.085622534142117,2.8251975683305606
2017-12-27,4.1570846577833365,4.210277722710903,4.097509220936948,4.160160671779563,4.212377795864377,4.097509293244922,4.160554104558304,4.211211603712021,4.097809700512969,4.160554104558304,4.211211603712021,4.097809700512969,2.8265720204767395
2017-12-28,4.169788040822013,4.218935942020265,4.105915438801071,4.172873448938227,4.221040333832801,4.1059155110691785,4.1732681123204936,4.219871743571784,4.106216534786463,4.1732681123204936,4.219871743571784,4.106216534786463,2.832387320541475
2017-12-29,4.143832533271562,4.1891417860518185,4.077039522077667,4.146898743505452,4.19123131683275,4.077039594962052,4.147290925696339,4.190070978534559,4.077338500751459,4.147290925696339,4.190070978534559,4.077338500751459,2.821708461615386
2018-01-02,4.15684967999764,4.2149931127087195,4.102199062112635,4.159901279769987,4.217095538050288,4.102199135446791,4.160276044400772,4.215928039267704,4.102499885793293,4.160276044400772,4.215928039267704,4.102499885793293,2.841904182647794
2018-01-03,4.178394077642951,4.243744830130201,4.130181377880818,4.181414944947526,4.245861596738222,4.130181451715209,4.181841007792147,4.244686134100374,4.130484253568971,4.181841007792147,4.244686134100374,4.130484253568971,2.8598792964117554
2018-01-04,4.187952929742418,4.261351346688368,4.147316740568413,4.190965487146733,4.263476895371614,4.1473168147091295,4.191423280220438,4.262296555955537,4.147620872832076,4.191423280220438,4.262296555955537,4.147620872832076,2.8719335240298665
2018-01-05,4.231316701658605,4.310637678752411,4.195284160623854,4.234341793321231,4.312787811303472,4.195284235622074,4.234829249158806,4.311593820208461,4.195591810448619,4.234829249158806,4.311593820208461,4.195591810448619,2.8910724677052833
2018-01-08,4.247629114470443,4.325085555687071,4.209345409509926,4.250695785243626,4.327242894793821,4.209345484759517,4.251165518220666,4.326044901823059,4.209654090478374,4.251165518220666,4.326044901823059,4.209654090478374,2.896358920818602
2018-01-09,4.26139610773941,4.346322038367554,4.230013599707387,4.2644651057035325,4.348489970165244,4.230013675326458,4.264951260784616,4.347286094962409,4.2303237963216995,4.264951260784616,4.347286094962409,4.2303237963216995,2.9029142399969845
2018-01-10,4.251952876622929,4.337156614523673,4.221093444421043,4.255051299439079,4.339319974636703,4.22109351988065,4.255510364705175,4.3381186381381776,4.221402986899877,4.255510364705175,4.3381186381381776,4.221402986899877,2.8984741253151025
2018-01-11,4.277407943929769,4.3706221102268445,4.253663396830398,4.280567134890607,4.3728021628241445,4.253663472872252,4.280990569736099,4.371591556814508,4.253975327738661,4.280990569736099,4.371591556814508,4.253975327738661,2.9196210376233878
2018-01-12,4.302152400233033,4.4312132267287,4.3126330830528605,4.305410249717904,4.433423501984828,4.312633160148903,4.305694848747805,4.432196113016629,4.312949338343676,4.305694848747805,4.432196113016629,4.312949338343676,2.938653295362678
2018-01-16,4.288581255158757,4.404328549288148,4.286467844905896,4.29177677206973,4.406525414551509,4.2864679215341885,4.292128907915708,4.4053054722925555,4.286782181439693,4.292128907915708,4.4053054722925555,4.286782181439693,2.9286083195416155
2018-01-17,4.354987506542222,4.476219859151585,4.356435329077257,4.358171871553392,4.478452583574772,4.356435406956344,4.358607497663182,4.477212728349297,4.356754796487395,4.358607497663182,4.477212728349297,4.356754796487395,2.956522639736356
2018-01-18,4.344645788803849,4.465586984620124,4.346086992374404,4.3478384389601095,4.467814405398852,4.346087070068495,4.348236834328358,4.4665774953426185,4.346405700917239,4.348236834328358,4.4665774953426185,4.346405700917239,2.9515533114847194
2018-01-19,4.36084459440592,4.4812296971729575,4.361311102840837,4.364052889826951,4.483464920487633,4.3613111808070855,4.364452901967988,4.482223677601577,4.361630927802665,4.364452901967988,4.482223677601577,4.361630927802665,2.964982357867347
2018-01-22,4.381539145833269,4.498385885854335,4.378008188514826,4.3847889151919235,4.500629666622103,4.378008266779565,4.385168090962218,4.499383671692837,4.378329237912302,4.385168090962218,4.499383671692837,4.378329237912302,2.9890906297943998
2018-01-23,4.389576500591187,4.502943690023929,4.382444024942038,4.392844982356933,4.505189744210119,4.382444103286075,4.3932288778042485,4.503942486827825,4.382765399629589,4.3932288778042485,4.503942486827825,4.382765399629589,2.995436059974733
2018-01-24,4.385866419552629,4.502566082449743,4.382076522221333,4.389145523665514,4.504811948286459,4.3820766005588005,4.389442292747935,4.503564795496598,4.382397869959066,4.389442292747935,4.503564795496598,4.382397869959066,2.994271130208266
2018-01-25,4.399682652183348,4.511511312419214,4.390782376064963,4.402900135040911,4.5137616401085765,4.390782454558063,4.403228260902307,4.512512009605272,4.391104362222956,4.403228260902307,4.512512009605272,4.391104362222956,2.9955405462008358
2018-01-26,4.44801289859307,4.565976937581537,4.443790490309467,4.451297285109187,4.568254432553864,4.443790569750182,4.451630376226977,4.566989715774173,4.444116363674246,4.451630376226977,4.566989715774173,4.444116363674246,3.030222274282032
2018-01-29,4.392516723368682,4.513341556869925,4.392563642811641,4.395805386290617,4.515592797479478,4.392563721336584,4.396060714838046,4.514342660022044,4.392885759594016,4.396060714838046,4.514342660022044,4.392885759594016,3.0101328725674126
2018-01-30,4.358105362331432,4.472510919190701,4.352825641084389,4.36137509958179,4.474741793606271,4.352825718898944,4.361618690751185,4.473502965709377,4.353144843787812,4.361618690751185,4.473502965709377,4.353144843787812,2.9792570094447357
2018-01-31,4.375314749957371,4.4730733115536765,4.3533729837163335,4.3785925882457475,4.475304466488793,4.353373061540673,4.378845167969126,4.474065482816461,4.35369222655765,4.378845167969126,4.474065482816461,4.35369222655765,2.9807377809087043
2018-02-01,4.3571774082625865,4.45883357795402,4.330613615992185,4.360461586879658,4.461057632339971,4.33061369340966,4.360692245143611,4.459822590338506,4.330931189836784,4.360692245143611,4.459822590338506,4.330931189836784,2.9773524271829594
2018-02-02,4.283007104009196,4.37335042047771,4.238954457673261,4.286258077291182,4.375531837492129,4.238954533452164,4.2864617464289525,4.374320471733145,4.239265309941224,4.2864617464289525,4.374320471733145,4.239265309941224,2.9125374214210935
2018-02-05,4.1098017062783025,4.184232970678984,4.051503370569189,4.112895843637318,4.18632006556626,4.051503442997068,4.113116852006177,4.185161072472946,4.051800476618328,4.113116852006177,4.185161072472946,4.051800476618328,2.7907266457932574
2018-02-06,4.1674182041544965,4.253072289268298,4.117802954930241,4.170516866333075,4.255193723512343,4.117803028543344,4.170780255402959,4.2540156597980054,4.118104922880202,4.170780255402959,4.2540156597980054,4.118104922880202,2.8457109641521567
2018-02-07,4.15484742861582,4.237385784843705,4.101623443144157,4.1579189343884195,4.239499392122259,4.101623516468022,4.158199186530824,4.2383256763672215,4.101924224613351,4.158199186530824,4.2383256763672215,4.101924224613351,2.8302732158999864
2018-02-08,3.9994911716505595,4.080348186581254,3.9478815815649067,4.002425474291075,4.082383466730382,3.947881652140361,4.002717077633421,4.081253245155622,3.9481710887902213,4.002717077633421,4.081253245155622,3.9481710887902213,2.7241126438507295
2018-02-09,4.076749424314587,4.153399396177152,4.021746608025187,4.079770505307672,4.1554711130754605,4.021746679921111,4.080038008797675,4.154320658460471,4.022041531942572,4.080038008797675,4.154320658460471,4.022041531942572,2.7650331161761317
2018-02-12,4.140917583231133,4.215091574171346,4.084184425722727,4.143939914769391,4.217194060122237,4.084184498734839,4.144257375362518,4.216026520606283,4.084483928348714,4.144257375362518,4.216026520606283,4.084483928348714,2.8056364636398525
2018-02-13,4.149929068523811,4.220250610652113,4.088043092002604,4.152946981206642,4.222355668750961,4.088043165083696,4.153275926270031,4.221186701484485,4.088342877593453,4.153275926270031,4.221186701484485,4.088342877593453,2.8126139438335254
2018-02-14,4.212629941708243,4.30737324211025,4.1790324478794965,4.215750976482918,4.309521748208306,4.179032522587186,4.216026860493195,4.3083286588590015,4.17933890592883,4.216026860493195,4.3083286588590015,4.17933890592883,2.850574523013509
2018-02-15,4.268719119481339,4.3669988630316485,4.237251023437123,4.271845623478016,4.3691771118570415,4.237251099185574,4.272161724911453,4.367967505062647,4.237561750788339,4.272161724911453,4.367967505062647,4.237561750788339,2.8869492945759148
2018-02-16,4.276438550568342,4.367601671685714,4.231018675855084,4.27961576318185,4.369780223938991,4.23101875149212,4.279887670256613,4.368570447167458,4.231328946173935,4.279887670256613,4.368570447167458,4.231328946173935,2.8877937999156646
2018-02-20,4.255429713947847,4.352410506463294,4.219060451713596,4.258586612161549,4.35458147695775,4.2190605271368575,4.258861464462166,4.353375913034599,4.219369845108401,4.258861464462166,4.353375913034599,4.219369845108401,2.8697131000705887
2018-02-21,4.242722499488645,4.341115965031495,4.202997811265481,4.245896804577398,4.343281300018931,4.202997886401594,4.246144491552004,4.342078866748463,4.203306026749964,4.246144491552004,4.342078866748463,4.203306026749964,2.855437531947356
2018-02-22,4.254565232797225,4.352953049244307,4.214076101716422,4.2577603206533015,4.35512428942553,4.214076177050579,4.257996758189813,4.353918576290734,4.214385129597392,4.257996758189813,4.353918576290734,4.214385129597392,2.8591389106797718
2018-02-23,4.3165169158176155,4.420035869386108,4.2788021516833075,4.319738975258027,4.422240570061225,4.278802228174558,4.319998921945709,4.421016276171248,4.2791159260742075,4.319998921945709,4.421016276171248,4.2791159260742075,2.9047119530134666
2018-02-26,4.370347254694406,4.470215169046049,4.32636628466722,4.3736368982387255,4.47244489781842,4.3263663620087645,4.373872429339509,4.471206706210779,4.3266835470452545,4.373872429339509,4.471206706210779,4.3266835470452545,2.9384419398912796
2018-02-27,4.314597354759809,4.411904480271288,4.269715111300719,4.317822874955606,4.414105123272795,4.269715187629522,4.318076851225501,4.412883083492844,4.270028219318074,4.318076851225501,4.412883083492844,4.270028219318074,2.9017505933946985
2018-02-28,4.287288231017425,4.381683940074795,4.241489972040119,4.290486061568997,4.383869512039395,4.241490047864348,4.290746071719404,4.382655839677084,4.241801010243174,4.290746071719404,4.382655839677084,4.241801010243174,2.872356051663495
2018-03-01,4.258044847336507,4.341684157983368,4.2098424869677435,4.261132364223779,4.343849778684407,4.209842562401759,4.261353365168861,4.342647185121126,4.210151203976839,4.261353365168861,4.342647185121126,4.210151203976839,2.830590340761668
2018-03-02,4.263766491434061,4.354244362951594,4.233175073834237,4.267016504946884,4.356416248749991,4.233175149703296,4.267264629553844,4.355210175875632,4.233485501817426,4.267264629553844,4.355210175875632,4.233485501817426,2.845181567273233
2018-03-05,4.3276061515450674,4.407722998329562,4.283403197429052,4.330774172961176,4.4099215591308765,4.283403274062115,4.330970768451922,4.408700673386676,4.283717308450948,4.330970768451922,4.408700673386676,4.283717308450948,2.8780668655021273
2018-03-06,4.342195962551443,4.420907735448389,4.298234185539346,4.345226987689665,4.423112872922009,4.2982342625556935,4.345422247426436,4.42188833539326,4.298549384752774,4.345422247426436,4.42188833539326,4.298549384752774,2.8853629370308314
2018-03-07,4.346595666325455,4.4158628186474145,4.301442551663802,4.349797197783055,4.418065439857657,4.301442628880602,4.350025314711117,4.416842299593809,4.3017579862240565,4.350025314711117,4.416842299593809,4.3017579862240565,2.8843048765096593
2018-03-08,4.36392669755064,4.435398195901558,4.335708079655615,4.367287034915456,4.437610560673615,4.335708158137904,4.367537419225894,4.436382009308194,4.3360260273756746,4.367537419225894,4.436382009308194,4.3360260273756746,2.8982616699886927
2018-03-09,4.412202974401072,4.492414802648872,4.405312860381496,4.41570339827077,4.49465560704477,4.405312940027353,4.415965214912927,4.493411262852793,4.405635912699367,4.415965214912927,4.493411262852793,4.405635912699367,2.9486980878745714
2018-03-12,4.410456559539203,4.479501632340423,4.386024538080118,4.414057819465982,4.481735995709983,4.386024617272334,4.4143508056004075,4.4804952282916775,4.386346175586916,4.4143508056004075,4.4804952282916775,4.386346175586916,2.9449974423788308
2018-03-13,4.3918746663645045,4.468300191927952,4.361702443189082,4.3954200510108805,4.470528968021883,4.36170252208557,4.395718038512025,4.469291303508384,4.362022297476156,4.395718038512025,4.469291303508384,4.362022297476156,2.9259655512578777
2018-03-14,4.378747123164747,4.445389742101752,4.32916619149433,4.382334885222033,4.447607090438155,4.329166269926776,4.382636447692937,4.446375771710286,4.329483659279692,4.382636447692937,4.446375771710286,4.329483659279692,2.9109505139485043
2018-03-15,4.3722196485745775,4.4477519593792865,4.328305271098014,4.37582537433737,4.449970485784592,4.328305349781614,4.376140628114484,4.448738512719532,4.328622675936922,4.376140628114484,4.448738512719532,4.328622675936922,2.9077790820225182
2018-03-16,4.390618748610662,4.449048588725094,4.329284821641167,4.394206205118874,4.451267761721847,4.329284900256118,4.394493422063874,4.450035429560849,4.329602298430695,4.394493422063874,4.450035429560849,4.329602298430695,2.91093144979497
2018-03-19,4.359702913640873,4.415799470494928,4.286590809840691,4.363307747546334,4.4180020590647,4.286590887810857,4.3636105256595314,4.416778936484623,4.286905155875835,4.3636105256595314,4.416778936484623,4.286905155875835,2.8715452752107673
2018-03-20,4.378220805259277,4.445845677549782,4.339839783236331,4.38184364606388,4.448063253336486,4.33983986250479,4.382131098001838,4.4468318082192075,4.340158034465239,4.382131098001838,4.4468318082192075,4.340158034465239,2.876428448153161
2018-03-21,4.370290216878123,4.4268509569564385,4.31546685462137,4.3738126267391895,4.429059058552679,4.31546693306758,4.374086390003347,4.427832874409394,4.315783317882598,4.374086390003347,4.427832874409394,4.315783317882598,2.8709093757048865
2018-03-22,4.2996205627402535,4.33648106274936,4.198417999358224,4.302879447036755,4.338644088051436,4.198418075870142,4.303123007003445,4.337442935337861,4.19872587871,4.303123007003445,4.337442935337861,4.19872587871,2.799144752742975
2018-03-23,4.228336129447283,4.260787478895179,4.115883097358828,4.231319970310133,4.262912748423845,4.11588317237349,4.231514253032225,4.261732561953143,4.116184924170809,4.231514253032225,4.261732561953143,4.116184924170809,2.7394816511646742
2018-03-26,4.308131221148637,4.350606478927867,4.23422308397173,4.311283497390418,4.3527765496752755,4.23422316087133,4.311506398711904,4.351571484671731,4.234533588876717,4.311506398711904,4.351571484671731,4.234533588876717,2.814431270931049
2018-03-27,4.282997675458965,4.309085013308038,4.151478233314351,4.285997951595399,4.311234373402222,4.151478308640361,4.286233660511929,4.310040809084277,4.151782670113237,4.286233660511929,4.310040809084277,4.151782670113237,2.766552199256339
2018-03-28,4.285391314658827,4.3070324397086885,4.132734431395592,4.288273260455177,4.309180775980921,4.132734506208052,4.288503856046604,4.307987780312361,4.133037493691229,4.288503856046604,4.307987780312361,4.133037493691229,2.7583784434283674
2018-03-29,4.326939779117291,4.366977030975084,4.205586560794833,4.329754701490766,4.36915526749593,4.205586636808591,4.329997882663544,4.367945667819024,4.205894965507917,4.329997882663544,4.367945667819024,4.205894965507917,2.7936238472030146
2018-04-02,4.2561791074828905,4.290221036866001,4.127984675883605,4.258888251091929,4.292360987631823,4.127984750764871,4.2591715311059355,4.291172648434997,4.128287389935875,4.2591715311059355,4.291172648434997,4.128287389935875,2.733324112882158
2018-04-03,4.317260237011452,4.348104646734937,4.1928097831292135,4.31982434457786,4.350273469910136,4.192809859169715,4.3201757783474415,4.349069097612332,4.1931172509122225,4.3201757783474415,4.349069097612332,4.1931172509122225,2.7683574279487333
2018-04-04,4.344690551921292,4.372943855674172,4.228268677503293,4.3474070502302675,4.375125068387526,4.228268754004246,4.347801664861013,4.3739138160070254,4.228578745472765,4.347801664861013,4.3739138160070254,4.228578745472765,2.797976156793136
2018-04-05,4.3648838310107605,4.400725524513866,4.264102087436352,4.367590528903434,4.402920594615762,4.264102164590462,4.367972284132298,4.4017016470322075,4.264414783210847,4.367972284132298,4.4017016470322075,4.264414783210847,2.8200575792429547
2018-04-06,4.305607532420629,4.334861785439964,4.184787551788816,4.308566572633716,4.33702400252848,4.184787627451752,4.308952880620389,4.335823298649807,4.185094431230396,4.308952880620389,4.335823298649807,4.185094431230396,2.7572103974060336
2018-04-09,4.296366100514406,4.324543911355469,4.187060507699293,4.299328625985478,4.32670098218472,4.187060583622642,4.299702774331781,4.325503136103186,4.187367553915516,4.299702774331781,4.325503136103186,4.187367553915516,2.7707987394561764
2018-04-10,4.312161912820355,4.337381811478651,4.226848347182384,4.314754098731611,4.339545285869296,4.226848423773116,4.31521169825997,4.338343883719858,4.227158311102327,4.31521169825997,4.338343883719858,4.227158311102327,2.814856364893037
2018-04-11,4.317019039130597,4.340256159012652,4.214622410949464,4.319673660497274,4.342421067152814,4.214622487328715,4.320165236045014,4.341218868858875,4.214931478331509,4.320165236045014,4.341218868858875,4.214931478331509,2.8000996102022238
2018-04-12,4.321638670508601,4.347515478007759,4.234292401960446,4.324070338070975,4.3496840069146385,4.234292478698366,4.324650520464518,4.348479797967086,4.234602911804161,4.324650520464518,4.348479797967086,4.234602911804161,2.82313607342046
2018-04-13,4.33504224779395,4.352124544696807,4.223596994245438,4.337517812382931,4.354295372802421,4.223597070795255,4.338119145757967,4.3530898871512544,4.223906719769122,4.338119145757967,4.3530898871512544,4.223906719769122,2.8148563648930374
2018-04-16,4.371506922004666,4.394072669341247,4.264282153836784,4.3734650307582505,4.396264421180219,4.264282231077573,4.3741474030175285,4.395047316340861,4.264594862887274,4.3741474030175285,4.395047316340861,4.264594862887274,2.8379982308832195
2018-04-17,4.406566535390623,4.4386912437285995,4.317609223312644,4.408343651716822,4.440905251033585,4.3176093015682255,4.409049191298098,4.4396757874717645,4.317925842985089,4.409049191298098,4.4396757874717645,4.317925842985089,2.8683610116429796
2018-04-18,4.400656743430398,4.432809948623719,4.323236190371746,4.402286675472078,4.435021022223908,4.323236268769041,4.4030532327118515,4.4337931876923005,4.323553222636435,4.4030532327118515,4.4337931876923005,4.323553222636435,2.8704837318153924
2018-04-19,4.3881656664756985,4.427957297926106,4.31425354161057,4.389704459659495,4.430165950945006,4.314253619851755,4.390482077597563,4.4289394605221055,4.314569915094014,4.390482077597563,4.4289394605221055,4.314569915094014,2.854560580884764
2018-04-20,4.35843418442196,4.395808060421898,4.2705880079054515,4.359964260971459,4.398000677433952,4.270588085398303,4.36076312328215,4.396783091943814,4.270901179302915,4.36076312328215,4.396783091943814,4.270901179302915,2.8303558883350255
2018-04-23,4.367084926549991,4.401741935433735,4.279798149502679,4.368746888078516,4.403937512076211,4.279798227285421,4.369582434526561,4.402718282988788,4.280111996301449,4.369582434526561,4.402718282988788,4.280111996301449,2.8299306110638685
2018-04-24,4.346972029250478,4.374261831417152,4.231704890128547,4.3490795299813945,4.37644370102316,4.231704967126867,4.349847484464916,4.375232083599176,4.232015210139962,4.349847484464916,4.375232083599176,4.232015210139962,2.791819351747294
2018-04-25,4.354916714810901,4.379317406633742,4.247464377434449,4.357068414592908,4.381501797938872,4.2474644547892995,4.357874841174394,4.380288780218714,4.247775853142145,4.357874841174394,4.380288780218714,4.247775853142145,2.7987194754718177
2018-04-26,4.388292648431188,4.415431320948949,4.289623314323575,4.390552983452742,4.417633725619001,4.289623392528348,4.391377776081092,4.4164107047988175,4.289937881712542,4.391377776081092,4.4164107047988175,4.289937881712542,2.8271707082213937
2018-04-27,4.415296823414215,4.440797644098529,4.305036364125096,4.417670942991177,4.443012701165624,4.305036442678548,4.418490988026339,4.441782654334936,4.305352061762109,4.418490988026339,4.441782654334936,4.305352061762109,2.829824475055247
2018-04-30,4.393916439826903,4.420051826502492,4.287942936325617,4.396411899649773,4.42225653564215,4.2879430145070545,4.397221027240798,4.42103223505093,4.288257380418756,4.397221027240798,4.42103223505093,4.288257380418756,2.808062193867965
2018-05-01,4.387819263885841,4.40595267564384,4.274708410992921,4.390306785954035,4.408150352135026,4.274708488886799,4.3910798517418606,4.40698760652438,4.275021884388701,4.3910798517418606,4.40698760652438,4.275021884388701,2.8130509528914738
2018-05-02,4.357765159151158,4.376355011990729,4.25090986977006,4.36021343149848,4.378537925494086,4.25090994779018,4.361018410273034,4.377326169789579,4.251221598535525,4.361018410273034,4.377326169789579,4.251221598535525,2.794154343936949
2018-05-03,4.330099025853783,4.359842991587879,4.251614844480214,4.332344980320974,4.362017669305546,4.251614922100413,4.333171823714535,4.360968743607124,4.251926624477833,4.333171823714535,4.360968743607124,4.251926624477833,2.78799717227277
2018-05-04,4.37642416216998,4.410579109977489,4.298143796051214,4.378741270376544,4.412779094873399,4.298143874675363,4.3795940358276155,4.411673005047552,4.298458988383972,4.3795940358276155,4.411673005047552,4.298458988383972,2.824091297498046
2018-05-07,4.370138073848033,4.400499735538369,4.299456303630232,4.372464130826808,4.402694692729462,4.299456382042085,4.373305653096606,4.40158657400744,4.299771591948914,4.373305653096606,4.40158657400744,4.299771591948914,2.8336468378389403
2018-05-08,4.344706780172385,4.377601226257808,4.27555479492862,4.346996332086907,4.379784761888281,4.275554872794611,4.34785286589555,4.378687624101667,4.275868330639775,4.34785286589555,4.378687624101667,4.275868330639775,2.8336468378389403
2018-05-09,4.391163237008932,4.448863645710806,4.362719393050782,4.3935401585139005,4.451082726875155,4.362719472472553,4.394475597704301,4.449944473983914,4.363039320800385,4.394475597704301,4.449944473983914,4.363039320800385,2.861035793956467
2018-05-10,4.42070321886898,4.480035479596451,4.387466268427763,4.423045668561999,4.482270109155316,4.38746634824311,4.423958452917177,4.481152201565234,4.387788010720607,4.423958452917177,4.481152201565234,4.387788010720607,2.8877879340222696
2018-05-11,4.424185982994286,4.4789062573665674,4.389791477756187,4.426485615327552,4.481140323712342,4.38979155767292,4.427405899808846,4.480019713927991,4.390113390652486,4.427405899808846,4.480019713927991,4.390113390652486,2.896599972375314
2018-05-14,4.414108333546259,4.466078895131164,4.384429781628876,4.416467364177746,4.4683065635023365,4.384429861574812,4.417379372161983,4.4671010286269155,4.384751301389322,4.417379372161983,4.4671010286269155,4.384751301389322,2.8979804737240578
2018-05-15,4.3796093891196834,4.430794650724116,4.357298953714754,4.381934103005068,4.433004719377155,4.357299033342383,4.382861708489085,4.431729111147517,4.357618484208908,4.382861708489085,4.431729111147517,4.357618484208908,2.878021404828315
2018-05-16,4.377456326286639,4.429388166756118,4.352850078833124,4.379743041465471,4.431597533899603,4.352850158433106,4.380708749488048,4.430264564486126,4.353169283098132,4.380708749488048,4.430264564486126,4.353169283098132,2.8901238427577676
2018-05-17,4.383109613021306,4.438593487318594,4.364321138016745,4.385507747313206,4.4408074461325455,4.364321217735692,4.386471157434238,4.439308457163906,4.3646411834494865,4.386471157434238,4.439308457163906,4.3646411834494865,2.88768308117783
2018-05-18,4.3801979277858845,4.438505923778522,4.364872308488242,4.382579253767484,4.4407198390627,4.364872388100672,4.383520728633891,4.439190695184995,4.365192394169431,4.383520728633891,4.439190695184995,4.365192394169431,2.880462899644927
2018-05-21,4.40768132723095,4.468091690718717,4.403452018447738,4.410079074105009,4.470320363410119,4.403452098847661,4.4110344856402905,4.4688050921902835,4.403774933263964,4.4110344856402905,4.4688050921902835,4.403774933263964,2.902119961369432
2018-05-22,4.399443095425211,4.46622973261748,4.399358451222979,4.401810078322482,4.46845747549546,4.399358531453798,4.402790427861485,4.4669462129856745,4.399681065864441,4.402790427861485,4.4669462129856745,4.399681065864441,2.894051791622576
2018-05-23,4.406759479580592,4.47225741910883,4.417582880220071,4.409079731090716,4.474488168807719,4.41758296091583,4.410046864400983,4.473094753308201,4.417906831281489,4.410046864400983,4.473094753308201,4.417906831281489,2.9020138253608114
2018-05-24,4.426080868193069,4.494678331688629,4.425855126028936,4.428327777025051,4.49692026521855,4.425855206897484,4.429332940792692,4.495528348934265,4.426179683736408,4.429332940792692,4.495528348934265,4.426179683736408,2.896069109023043
2018-05-25,4.4288854225285545,4.48985863626352,4.408360557129225,4.4310739697842365,4.492098165530758,4.408360637719067,4.432069649608174,4.490810012410851,4.408683831840292,4.432069649608174,4.490810012410851,4.408683831840292,2.8891680687526766
2018-05-29,4.397430468289872,4.460167893813049,4.38224498651859,4.399592012706263,4.4623926134639404,4.382245066956023,4.400607518060429,4.4611587576553555,4.382566346255268,4.400607518060429,4.4611587576553555,4.382566346255268,2.8559403489968336
2018-05-30,4.460920850447469,4.522755730022658,4.440503473467896,4.4631907534107995,4.525011668514706,4.4405035548408,4.4642158954161975,4.523775257379964,4.440829105379205,4.4642158954161975,4.523775257379964,4.440829105379205,2.894051791622576
2018-05-31,4.431264478197027,4.490840566942428,4.406058966629713,4.4335557652306194,4.49308058612219,4.406059047235673,4.434525399321081,4.4918855986000406,4.406382072524862,4.434525399321081,4.4918855986000406,4.406382072524862,2.8763226787628784
2018-06-01,4.4431198328638155,4.5028274961635555,4.4207650053238385,4.445375615468728,4.505073493560893,4.420765086250015,4.446375947634515,4.503889884952981,4.421089189520099,4.446375947634515,4.503889884952981,4.421089189520099,2.904561272876876
2018-06-04,4.442066726501745,4.513565935996991,4.444285426711884,4.444383487275588,4.515817289020453,4.4442855086300215,4.445405302944676,4.514604067222743,4.444611334605524,4.445405302944676,4.514604067222743,4.444611334605524,2.91836317010844
2018-06-05,4.440814549701802,4.519713427031418,4.45718749387887,4.442928349685518,4.521967846474359,4.457187575841425,4.4440586667166695,4.520766192972315,4.457514348395924,4.4440586667166695,4.520766192972315,4.457514348395924,2.9204860735900215
2018-06-06,4.4389788706085485,4.50886262654296,4.447500761481868,4.441136660406328,4.511111634280119,4.447500842978355,4.442193114573817,4.509934149265818,4.447826906141852,4.442193114573817,4.509934149265818,4.447826906141852,2.9449030381570007
2018-06-07,4.440779422651052,4.490159355770445,4.413660402639672,4.442905899873063,4.492399034274303,4.413660483564116,4.443953277238698,4.491227539113829,4.4139840661254555,4.443953277238698,4.491227539113829,4.4139840661254555,2.9445844468219704
2018-06-08,4.465440496891881,4.516212859391015,4.438190056327484,4.4676495673271,4.518465533644422,4.438190137434962,4.468738251941864,4.517276205810734,4.438515518624679,4.468738251941864,4.517276205810734,4.438515518624679,2.953289982548056
2018-06-11,4.456986475628907,4.499453505563685,4.423765273902662,4.459329756141467,4.501697819954592,4.423765354775821,4.460318782607034,4.500493993139292,4.424089678210125,4.460318782607034,4.500493993139292,4.424089678210125,2.9572173814853575
2018-06-12,4.471761954773835,4.518070485231989,4.46075897811315,4.474110717672966,4.520324085023849,4.460759059526992,4.475115108517755,4.5191044646852845,4.461086095459006,4.475115108517755,4.5191044646852845,4.461086095459006,2.9610391943415446
2018-06-13,4.4524179587233705,4.496893508977867,4.453500273033625,4.454652309738358,4.499136544643474,4.4535003543268985,4.455654681652314,4.497950166997287,4.453826858014993,4.455654681652314,4.497950166997287,4.453826858014993,2.951591073173451
2018-06-14,4.462713547987377,4.505578043528092,4.467746494915207,4.464941966270884,4.507825410787366,4.4677465768925275,4.465923374368824,4.506635608295411,4.468074123982191,4.465923374368824,4.506635608295411,4.468074123982191,2.9590226101777524
2018-06-15,4.479182309946885,4.515600171341286,4.468585668008582,4.4814433460522745,4.517852536639655,4.4685857504067075,4.482428415860338,4.516646088556698,4.468913357660986,4.482428415860338,4.516646088556698,4.468913357660986,2.955247541159559
2018-06-18,4.482012570301076,4.533526221643203,4.493767542175345,4.484245036581868,4.535787529074271,4.493767624838762,4.48525768069086,4.534584291955732,4.494097078365608,4.48525768069086,4.534584291955732,4.494097078365608,2.9491684592012044
2018-06-19,4.4885415629617285,4.54213215460649,4.480994242033594,4.490856233694593,4.544397753403109,4.480994324341872,4.491750712668382,4.543210368015213,4.481322841690261,4.491750712668382,4.543210368015213,4.481322841690261,2.937865982483531
2018-06-20,4.488485331571757,4.548471519914679,4.486913427955499,4.49088258804363,4.550740280772161,4.486913510337988,4.491736265199344,4.54954840293369,4.487242461894157,4.491736265199344,4.54954840293369,4.487242461894157,2.942877838462283
2018-06-21,4.466668668820119,4.525000902475613,4.4585880503758,4.469176316568565,4.527257955969574,4.458588132518858,4.469979698684011,4.526078708777082,4.458915006741236,4.469979698684011,4.526078708777082,4.458915006741236,2.924429420424991
2018-06-22,4.488570140207228,4.5354232463794935,4.452294829916027,4.491032805238718,4.537685499700844,4.452294911866917,4.491917902765306,4.536521532260798,4.452621325073509,4.491917902765306,4.536521532260798,4.452621325073509,2.9297613342121234
2018-06-25,4.483796305739725,4.502874687915268,4.3962258450427365,4.486181888386144,4.50512070619191,4.396225925975581,4.487071497713217,4.503969778017197,4.396548228939466,4.487071497713217,4.503969778017197,4.396548228939466,2.889878025162672
2018-06-26,4.4869595076427435,4.520243447992207,4.418421782332655,4.4894247374611576,4.522498130331401,4.418421863232401,4.490243952556996,4.521334519152718,4.418745794600933,4.490243952556996,4.521334519152718,4.418745794600933,2.896276798311068
2018-06-27,4.461634099546042,4.491894279217325,4.378807998421639,4.464160637969183,4.494134821118093,4.378808078447211,4.464942929776831,4.49299915729952,4.37912910613864,4.464942929776831,4.49299915729952,4.37912910613864,2.872283644541897
2018-06-28,4.484110940056582,4.520999444889665,4.407312120715952,4.486660715100788,4.5232545035881095,4.407312201412988,4.487523781969583,4.522114895973899,4.407635318006776,4.487523781969583,4.522114895973899,4.407635318006776,2.888706129647798
2018-06-29,4.480844528151131,4.514552877187333,4.404291584461271,4.48332442651802,4.516804720775966,4.404291665126267,4.484278091009935,4.5156628573507485,4.4046145602644104,4.484278091009935,4.5156628573507485,4.4046145602644104,2.892864498137538
2018-07-02,4.483854964107467,4.517183018831682,4.402458156789036,4.4864180090720485,4.519436174026359,4.402458237364774,4.4873052612349005,4.518224575527411,4.402780998044989,4.4873052612349005,4.518224575527411,4.402780998044989,2.8990491661770075
2018-07-03,4.491278170553756,4.515938538518104,4.401158866406227,4.493828537209552,4.5181910718422555,4.40115894703743,4.494704964630996,4.5170027712388485,4.401481612517998,4.494704964630996,4.5170027712388485,4.401481612517998,2.888812448965587
2018-07-05,4.528282686948856,4.548157140856301,4.4343742073827475,4.5307713772749585,4.550425744661548,4.434374288679756,4.531781624140428,4.54924586814624,4.434699389324494,4.531781624140428,4.54924586814624,4.434699389324494,2.912379042299421
2018-07-06,4.560918171995312,4.5767996305484395,4.473732589708318,4.563423764922724,4.579082520439965,4.4737326718137735,4.564396004338172,4.577914965787732,4.47406065794455,4.564396004338172,4.577914965787732,4.47406065794455,2.9370132282311943
2018-07-09,4.548711174549051,4.565545858304909,4.463866781360859,4.551090462361082,4.5678231348727945,4.463866863163577,4.552175559455387,4.566729011848495,4.464194125969779,4.552175559455387,4.566729011848495,4.464194125969779,2.9634579588212504
2018-07-10,4.5750638544742115,4.594865908057012,4.492537211924863,4.577495909216087,4.5971578088613,4.492537294279493,4.57853989015581,4.5960645425643865,4.492866659046444,4.57853989015581,4.5960645425643865,4.492866659046444,2.97412233632302
2018-07-11,4.556426051248496,4.591439336900512,4.4918391244709275,4.559046484513797,4.5937295279615515,4.491839206854957,4.559867288613598,4.5926815591221875,4.4921685205018465,4.559867288613598,4.5926815591221875,4.4921685205018465,2.9523683040483246
2018-07-12,4.551346833410652,4.613437173133485,4.5320677264095925,4.5539764248247145,4.6157383367193745,4.532067809522071,4.55484579785494,4.614661161920472,4.53240007242374,4.55484579785494,4.614661161920472,4.53240007242374,2.9791343756109407
2018-07-13,4.542064563135489,4.609258991002816,4.534796002121117,4.544667171859982,4.611558069738714,4.534796085181986,4.5454982658450716,4.610494511764998,4.535128548070259,4.5454982658450716,4.610494511764998,4.535128548070259,2.9814801830415427
2018-07-16,4.534944687201596,4.597948317860944,4.518945216830858,4.537597557980568,4.60024175486407,4.518945299618221,4.538418505978803,4.599182534632522,4.519276600451502,4.538418505978803,4.599182534632522,4.519276600451502,2.978814317802561
2018-07-17,4.551612149116452,4.61088478357295,4.53942682855579,4.554243127053261,4.613184673150048,4.5394269116163635,4.5551559850694145,4.612079565040716,4.539759714051555,4.5551559850694145,4.612079565040716,4.539759714051555,2.9908650625464683
2018-07-18,4.552222570076226,4.608576841898247,4.532534054225277,4.554871990011792,4.610875579627695,4.532534137077624,4.555788436142092,4.609784263597209,4.532866434261217,4.555788436142092,4.609784263597209,4.532866434261217,2.9971569664495696
2018-07-19,4.556588745491345,4.618242475527891,4.548943293797361,4.559365895090761,4.620546032790049,4.548943377019635,4.56024312561148,4.619405121368528,4.549276877121925,4.56024312561148,4.619405121368528,4.549276877121925,2.9858521067127044
2018-07-20,4.54299457993102,4.6135940695065,4.538775870427284,4.545715167748634,4.61589530778878,4.538775953475035,4.54661989670847,4.614760126909553,4.539108708126068,4.54661989670847,4.614760126909553,4.539108708126068,2.982440173157512
2018-07-23,4.544039246485378,4.61447545456988,4.542894231301708,4.5467742734093175,4.616777133185093,4.542894314367358,4.547592866866702,4.615659726152664,4.543227370988647,4.547592866866702,4.615659726152664,4.543227370988647,2.9879845422710534
2018-07-24,4.565280076894435,4.619921485550673,4.531789187729491,4.567893499088713,4.622225881518,4.531789270603356,4.5688140046597505,4.621088882668521,4.532121512999368,4.5688140046597505,4.621088882668521,4.532121512999368,3.0030208434439842
2018-07-25,4.605647633462065,4.660320548155291,4.576617232288493,4.607966062350472,4.6626450938561,4.576617316003571,4.609522731214326,4.661482278319978,4.576952844886114,4.609522731214326,4.661482278319978,4.576952844886114,3.0286142862550527
2018-07-26,4.646082152969734,4.674971693412947,4.592216624089565,4.64815650476172,4.677303546980335,4.592216708304637,4.65008335752373,4.676117368111038,4.5925533809980115,4.65008335752373,4.676117368111038,4.5925533809980115,3.0214694447904455
2018-07-27,4.636726267091127,4.647362174865036,4.5444349927706185,4.6388008844988144,4.649680255641355,4.544435076139877,4.640518069210531,4.648342087803204,4.544768245932505,4.640518069210531,4.648342087803204,4.544768245932505,3.0009954604400995
2018-07-30,4.621790200740751,4.607476518426713,4.496449841144676,4.62386649806175,4.609774704894074,4.496449923817925,4.62540555829491,4.608466351106229,4.496779575605471,4.62540555829491,4.608466351106229,4.496779575605471,2.9853199601962523
2018-07-31,4.663155958205461,4.653791318573328,4.540135030436808,4.665253358354434,4.656112605526597,4.540135114029893,4.666795639294429,4.6548179949629205,4.540467968486884,4.666795639294429,4.6548179949629205,4.540467968486884,3.000034920396624
2018-08-01,4.647143709954444,4.638870466166835,4.52517779919059,4.649065382078358,4.641184306246402,4.525177882448691,4.650566701592348,4.639871352011613,4.525509641372285,4.650566701592348,4.639871352011613,4.525509641372285,2.995023431036209
2018-08-02,4.6776041361555185,4.668217427872069,4.55448466972831,4.679676826759408,4.6705459082577825,4.554484753806365,4.681198058114324,4.6692172684648785,4.554818659848413,4.681198058114324,4.6692172684648785,4.554818659848413,3.011338680278478
2018-08-03,4.695784536586823,4.682095071734691,4.563305420637321,4.697956521350551,4.684430473006004,4.563305504695728,4.699513902213614,4.683110602695793,4.563640058108011,4.699513902213614,4.683110602695793,4.563640058108011,3.0242418126563857
2018-08-06,4.71927099427616,4.701212313353648,4.579504406910337,4.721412836933133,4.703557251444649,4.579504491304332,4.7230402415417485,4.702234512026325,4.579840232271719,4.7230402415417485,4.702234512026325,4.579840232271719,3.0353329339026605
2018-08-07,4.738470675448553,4.721503668232939,4.593000966219918,4.740485615357496,4.723858729271624,4.593001051202108,4.742155771313555,4.72250824182507,4.593337780999257,4.742155771313555,4.72250824182507,4.593337780999257,3.045355362695985
2018-08-08,4.737512141449508,4.702880074774153,4.576302123587359,4.739480364753534,4.705225843613208,4.576302208216701,4.741133085998101,4.703866610706234,4.576637713643708,4.741133085998101,4.703866610706234,4.576637713643708,3.0440764146266477
2018-08-09,4.720471236023993,4.687640802175989,4.549275684347859,4.722485395466872,4.689978968771765,4.549275768704337,4.724130844620601,4.688570986049015,4.549609292522758,4.724130844620601,4.688570986049015,4.549609292522758,3.0399173129002324
2018-08-10,4.687595312684912,4.674943007488745,4.540656145137329,4.689429613933797,4.677274839679116,4.540656229597294,4.691135869125526,4.675895347585503,4.54098912114078,4.691135869125526,4.675895347585503,4.54098912114078,3.0195500144860126
2018-08-13,4.657665765324507,4.662342246292821,4.531197210362473,4.659357517333717,4.6646677904189024,4.531197294429815,4.661077238698146,4.663283102615976,4.531529492881726,4.661077238698146,4.663283102615976,4.531529492881726,3.0082468045316646
2018-08-14,4.6817003351944555,4.699891802480855,4.570201768783754,4.683452525943859,4.702236074734276,4.5702018538386255,4.685108046361474,4.700827528876888,4.5705369114621375,4.685108046361474,4.700827528876888,4.5705369114621375,3.027440374339325
2018-08-15,4.67914508911773,4.669499932063878,4.522585988617697,4.680926225028666,4.671829037493674,4.522586072375378,4.6824803091201845,4.670370365442524,4.522917639459622,4.6824803091201845,4.670370365442524,4.522917639459622,3.0048337711214606
2018-08-16,4.720635011876095,4.703512313604142,4.556584215207858,4.722450450016921,4.705858382929258,4.556584299708993,4.723968355425613,4.704381630577193,4.556918358942253,4.723968355425613,4.704381630577193,4.556918358942253,3.029146616080674
2018-08-17,4.740982333676945,4.727462840773075,4.579385281986236,4.742815106411,4.729820855387242,4.5793853669831375,4.744290785778718,4.728325133760137,4.5797210978461935,4.744290785778718,4.728325133760137,4.5797210978461935,3.039811176891612
2018-08-20,4.74831045723354,4.729462518661521,4.583043409389626,4.750108320388036,4.731821533353018,4.583043494607827,4.751673583019608,4.730323379386064,4.583379493382846,4.751673583019608,4.730323379386064,4.583379493382846,3.0463160860486287
2018-08-21,4.758270246657449,4.730592962656613,4.595146828312091,4.760171808241407,4.732952543019138,4.595146914238791,4.76173372565172,4.731467669188748,4.595483799646745,4.76173372565172,4.731467669188748,4.595483799646745,3.053460560894899
2018-08-22,4.732477325164144,4.72318100062582,4.606177132399363,4.734254021412893,4.72553688392223,4.606177218472055,4.7358286677513135,4.7240714577731,4.606514912444386,4.7358286677513135,4.7240714577731,4.606514912444386,3.0516478165265917
2018-08-23,4.727891143438217,4.7343891241282385,4.616574446665273,4.729598032281596,4.736750595737654,4.6165745335348705,4.731185362733521,4.735250447641761,4.616912989025293,4.731185362733521,4.735250447641761,4.616912989025293,3.0475959506638093
2018-08-24,4.760947173293376,4.780814286693892,4.6644521376242025,4.762679864604847,4.7831989157674695,4.664452225109221,4.7643385737225525,4.781680145163788,4.664794191025812,4.7643385737225525,4.781680145163788,4.664794191025812,3.0659373161466377
2018-08-27,4.776500522898613,4.808276851983888,4.7017120834936605,4.778322357030132,4.810675181696514,4.701712171597607,4.779984609762119,4.809155198090021,4.702056869928909,4.779984609762119,4.809155198090021,4.702056869928909,3.090144208406399
2018-08-28,4.771991645162144,4.801298221421938,4.68890986708102,4.7737507547527525,4.803693069991345,4.688909954128955,4.775430582185833,4.802156647112905,4.689253715715839,4.775430582185833,4.802156647112905,4.689253715715839,3.091636711657158
2018-08-29,4.799987627106864,4.828897567270392,4.722708421142705,4.801745472872044,4.831306181664578,4.722708508904284,4.803494224793771,4.829768710480489,4.72305474805837,4.803494224793771,4.829768710480489,4.72305474805837,3.108273118562818
2018-08-30,4.780126071322971,4.806496688001484,4.708444459711855,4.781874266964598,4.808894128172769,4.708444547563753,4.783614776864683,4.807377163420683,4.708789739997269,4.783614776864683,4.807377163420683,4.708789739997269,3.0956889441382778
2018-08-31,4.7708856331216465,4.805964689037862,4.704728273326612,4.7726508859124,4.8083618602183025,4.704728361411771,4.7743461086557994,4.806813860403987,4.705073281050056,4.7743461086557994,4.806813860403987,4.705073281050056,3.095795263456067
2018-09-04,4.774870828501615,4.8502051662578785,4.745452796161957,4.776565488085966,4.852624404397309,4.745452884706708,4.778455713468463,4.850958297365763,4.745800789979496,4.778455713468463,4.850958297365763,4.745800789979496,3.090463532978104
2018-09-05,4.78769688194041,4.846218743773746,4.714585363512428,4.78919966834589,4.848635993537365,4.7145854523342345,4.791040002045286,4.84693729457324,4.714931094779971,4.791040002045286,4.84693729457324,4.714931094779971,3.0821456961436113
2018-09-06,4.776686875129475,4.83407350659691,4.70609709098651,4.7780460533168485,4.836484698521493,4.70609717969375,4.779828164084391,4.834818215386223,4.706442199873792,4.779828164084391,4.834818215386223,4.706442199873792,3.0728687857389922
2018-09-07,4.769487336674956,4.812638490800763,4.68731249874615,4.770721409562733,4.8150389913889775,4.687312586013068,4.772641713972622,4.813380755540745,4.6876562287697645,4.772641713972622,4.813380755540745,4.6876562287697645,3.066898039499282
2018-09-10,4.764422633926963,4.8468940241762475,4.728587917328704,4.765750572223828,4.84931161087569,4.728588004853353,4.7675434168208275,4.847633205246301,4.728934673516968,4.7675434168208275,4.847633205246301,4.728934673516968,3.072229220049739
2018-09-11,4.772242555032063,4.867615831692291,4.751041535659531,4.773773151908399,4.870043754294315,4.751041623448707,4.775515742163237,4.868336895069197,4.751389938244501,4.775515742163237,4.868336895069197,4.751389938244501,3.082358701397527
2018-09-12,4.757245920536271,4.872704567436739,4.763789491285458,4.758846740415729,4.875135028121248,4.763789579229544,4.760436704006151,4.873449291473601,4.764138828602822,4.760436704006151,4.873449291473601,4.764138828602822,3.0831058695687497
2018-09-13,4.798482653494809,4.895205736131381,4.781466972983647,4.799817103253662,4.897647420200671,4.7814670599550135,4.801511638359616,4.895954691837143,4.781817605032068,4.801511638359616,4.895954691837143,4.781817605032068,3.10134073242462
2018-09-14,4.7972852853618635,4.91710666170772,4.805629730675426,4.7982108621890704,4.919559269860038,4.80562981761745,4.800005201758148,4.917796743323255,4.805982134041313,4.800005201758148,4.917796743323255,4.805982134041313,3.101874895341927
2018-09-17,4.788964468898072,4.87156860898588,4.742355238270414,4.789790470809819,4.873998503304733,4.742355324592047,4.791521474335153,4.87226613339797,4.742703002283007,4.791521474335153,4.87226613339797,4.742703002283007,3.08545186030852
2018-09-18,4.802202324464789,4.8786474345516,4.7573147907625914,4.802954976109789,4.8810808596904,4.75731487679111,4.804687519912779,4.8793354820528885,4.757663651085459,4.804687519912779,4.8793354820528885,4.757663651085459,3.102193853295294
2018-09-19,4.79569103970946,4.843438582294067,4.721883517214218,4.7965342293578725,4.845854445585853,4.7218836022981865,4.798382347943123,4.844229881299424,4.722229778928472,4.798382347943123,4.844229881299424,4.722229778928472,3.105500017460203
2018-09-20,4.826754619031317,4.868714895267207,4.754127522131564,4.8275379540163845,4.871143366236775,4.754127608614418,4.829412928675858,4.869506981065416,4.754476149368902,4.829412928675858,4.869506981065416,4.754476149368902,3.1306665332175965
2018-09-21,4.8400534889292715,4.873801165512472,4.75574225531803,4.840881999979807,4.876232173496729,4.755742342329978,4.84267304469989,4.874586301473583,4.756091001580482,4.84267304469989,4.874586301473583,4.756091001580482,3.127806543569065
2018-09-24,4.803487432005278,4.861483291345568,4.759162531341261,4.804395414369536,4.863908155237655,4.75916261464125,4.806127121736389,4.862235242911768,4.759511523744238,4.806127121736389,4.862235242911768,4.759511523744238,3.117415480037682
2018-09-25,4.798214713910257,4.873870836453201,4.778646154926282,4.79933281859581,4.876301879509765,4.778646236954129,4.801091953070659,4.874651713727216,4.778996574092065,4.801091953070659,4.874651713727216,4.778996574092065,3.1145224947388024
2018-09-26,4.772453828694179,4.838275843500518,4.758665941657728,4.773690361385509,4.840689132058881,4.758666023244198,4.775435938964213,4.83905506341502,4.759014895539234,4.775435938964213,4.83905506341502,4.759014895539234,3.1052026899887304
2018-09-27,4.792615671959302,4.866944402734121,4.78735018260895,4.793895195085646,4.86937199072646,4.78735026447039,4.7955927002340655,4.867690379685226,4.78770123959245,4.7955927002340655,4.867690379685226,4.78770123959245,3.113880912648695
2018-09-28,4.823100274202266,4.884638389731851,4.800296783980827,4.824324648229972,4.887074803281813,4.800296866587613,4.825993792795371,4.885385402581233,4.800648791019821,4.825993792795371,4.885385402581233,4.800648791019821,3.114201703693748
2018-10-01,4.808549260959754,4.88311138138288,4.806548767362926,4.809758847082208,4.885547033265957,4.8065488505115415,4.811434409348864,4.883858074241986,4.806901233550335,4.811434409348864,4.883858074241986,4.806901233550335,3.1250206108246488
2018-10-02,4.814809915803608,4.8669853559281835,4.779929116757785,4.816034282824426,4.869412964078666,4.779929200782211,4.8177113931435125,4.867729800321825,4.780279632026171,4.8177113931435125,4.867729800321825,4.780279632026171,3.1232003507804293
2018-10-03,4.802013280916442,4.855202980962759,4.780033943331686,4.803256198641022,4.857624711726548,4.780034025965804,4.80492502055471,4.855946037457453,4.780384466341428,4.80492502055471,4.855946037457453,4.780384466341428,3.124913191651848
2018-10-04,4.7916932012821425,4.818922672787222,4.7236946918525575,4.792939575240388,4.821326307321276,4.723694774562591,4.794617173184498,4.819660481558346,4.7240410845332335,4.794617173184498,4.819660481558346,4.7240410845332335,3.100490911118979
2018-10-05,4.7971087980149685,4.822945483656801,4.722488826154624,4.7983473324388255,4.825351124618668,4.7224889089892095,4.800024869449764,4.823683482114939,4.722835129850552,4.800024869449764,4.823683482114939,4.722835129850552,3.0831366655090733
2018-10-08,4.8307944895514225,4.833108209966594,4.707385125106102,4.832039377927313,4.8355189195543975,4.707385207011207,4.833731688437714,4.833848134499609,4.707730321483094,4.833731688437714,4.833848134499609,4.707730321483094,3.0831366655090733
2018-10-09,4.849711001042953,4.846230391946923,4.713907405847016,4.850947899853332,4.848647646139634,4.713907487879993,4.852646038679765,4.846972244883631,4.7142530820117505,4.852646038679765,4.846972244883631,4.7142530820117505,3.078637525274901
2018-10-10,4.71994070272816,4.667500659560291,4.51416661082886,4.7211202188483785,4.669828764912325,4.514166687676813,4.722786565829841,4.668215495181692,4.514497637627593,4.722786565829841,4.668215495181692,4.514497637627593,2.9811582921414757
2018-10-11,4.600471451702216,4.5657847888133904,4.42847641119078,4.601615764905096,4.568062159868329,4.428476486711115,4.603252388739368,4.566484985431925,4.42880115351774,4.603252388739368,4.566484985431925,4.42880115351774,2.915493831692307
2018-10-12,4.630871019734075,4.629384522076207,4.519599971780844,4.6320304783529656,4.631693615975273,4.519600049413015,4.633675293166974,4.630094297139593,4.519931396097071,4.633675293166974,4.630094297139593,4.519931396097071,2.9559846273265062
2018-10-15,4.627543994333616,4.60798785874568,4.481435436347366,4.628701746312723,4.610286280128327,4.481435512999934,4.630361065615111,4.60869435852275,4.481764061992841,4.630361065615111,4.60869435852275,4.481764061992841,2.939382682544544
2018-10-16,4.708274277468069,4.720809960848136,4.627624071972704,4.70946595898003,4.723164657188838,4.627624150431598,4.7111524232411135,4.721534531521998,4.627963415895204,4.7111524232411135,4.721534531521998,4.627963415895204,3.0036538100031667
2018-10-17,4.697465565912255,4.6968484408804505,4.59267268836526,4.698661126915686,4.699191186293821,4.592672765639014,4.700342998527544,4.697569021104602,4.593009467581184,4.700342998527544,4.697569021104602,4.593009467581184,3.0041888894663162
2018-10-18,4.654013005459249,4.635563328480106,4.52679606447316,4.655170746622692,4.637875505016779,4.526796140934855,4.656843510406491,4.636276691127149,4.527128013045912,4.656843510406491,4.636276691127149,4.527128013045912,2.960805841769912
2018-10-19,4.666500038958707,4.614117373670354,4.485805266316012,4.667660168589115,4.61641885297691,4.485805343531072,4.669324383034069,4.614829146650938,4.48613421035707,4.669324383034069,4.614829146650938,4.48613421035707,2.959198220361271
2018-10-22,4.63867493271808,4.607317304270156,4.498484159053205,4.639865466764841,4.6096153920993865,4.498484237062206,4.641540655743964,4.608030307528791,4.498814032517411,4.641540655743964,4.608030307528791,4.498814032517411,2.945916004622694
2018-10-23,4.604447988900176,4.576172663485057,4.463778939348659,4.605601243455347,4.578455217010204,4.463779015316711,4.607273369936664,4.576880961465291,4.464106266005127,4.607273369936664,4.576880961465291,4.464106266005127,2.9309185649935063
2018-10-24,4.520376017419318,4.4591385333071605,4.323476369053504,4.5214647035599,4.4613627119647585,4.323476443114547,4.5231012402791615,4.4598287826702645,4.323793406753302,4.5231012402791615,4.4598287826702645,4.323793406753302,2.842116637974202
2018-10-25,4.535718401543659,4.428105933301724,4.308628565848094,4.536851101503848,4.4303146318776605,4.308628641084754,4.538458970522268,4.428792032545291,4.308944515068272,4.538458970522268,4.428792032545291,4.308944515068272,2.893105733003416
2018-10-26,4.4731861095085925,4.350243640048448,4.210293119118521,4.474341124721677,4.352413502475698,4.210293190904682,4.475930929005981,4.350917473632911,4.210601856336695,4.475930929005981,4.350917473632911,4.210601856336695,2.8422227739828227
2018-10-29,4.468325932662999,4.316402043626592,4.152280623879277,4.469453550824416,4.318555026378753,4.1522806937910435,4.471049869255787,4.317072366374477,4.152585105240292,4.471049869255787,4.317072366374477,4.152585105240292,2.826476699709064
2018-10-30,4.535079476593013,4.3711482251712725,4.2117716589777,4.536268752103926,4.373328514642397,4.211771730026226,4.537901358249552,4.371827397811599,4.212080503871091,4.537901358249552,4.371827397811599,4.212080503871091,2.868360828333808
2018-10-31,4.525060083262398,4.416805727157799,4.275033412391103,4.526293077118378,4.419008789406015,4.2750334853183904,4.527896463151731,4.417491541199412,4.27534689700251,4.527896463151731,4.417491541199412,4.27534689700251,2.8989972896822906
2018-11-01,4.556700457143022,4.461895625239454,4.32115867907088,4.558128801019741,4.46412117712455,4.321158752785008,4.55968828840377,4.462588761138892,4.321475546009368,4.55968828840377,4.462588761138892,4.321475546009368,2.929847672830532
2018-11-02,4.523535342194395,4.428378601692144,4.284615992746896,4.525085108971655,4.430587435931793,4.284616065837741,4.5267269345838,4.429066816804793,4.284930180040966,4.5267269345838,4.429066816804793,4.284930180040966,2.9124947103848067
2018-11-05,4.566042148702991,4.464190158826246,4.305414455627381,4.567647295403009,4.4664168565428275,4.3054145290730625,4.56926881641205,4.464883266586272,4.305730168055312,4.56926881641205,4.464883266586272,4.305730168055312,2.9285623089402937
2018-11-06,4.62711318823122,4.515128718529568,4.363153782376363,4.628642537626852,4.517380823912289,4.363153856807082,4.630310291902511,4.515829747329381,4.363473728780725,4.630310291902511,4.515829747329381,4.363473728780725,2.9470939493401316
2018-11-07,4.689006056703701,4.555973156872837,4.410178407864977,4.690536969341487,4.558245635523513,4.410178483097761,4.692217956671677,4.556679403598664,4.410501802545528,4.692217956671677,4.556679403598664,4.410501802545528,3.0101876820088225
2018-11-08,4.694846711571666,4.563463781117222,4.411579741814781,4.696404710088756,4.565739995614274,4.41157981707151,4.6980246673123585,4.56417164400445,4.411903239254014,4.6980246673123585,4.56417164400445,4.411903239254014,3.0047250687844778
2018-11-09,4.672038833941162,4.562287287620206,4.408745825117129,4.6736646814409095,4.564562914792808,4.408745900325601,4.675181526532917,4.5629956664315126,4.409069114747717,4.675181526532917,4.5629956664315126,4.409069114747717,2.9753745212537397
2018-11-12,4.613345344705655,4.514746163912508,4.338378047008507,4.615061202935776,4.516998078244745,4.338378121016675,4.616448312268924,4.515446863669909,4.338696176629089,4.616448312268924,4.515446863669909,4.338696176629089,2.919778500199215
2018-11-13,4.624502552170146,4.525850539116594,4.352757079617467,4.626327693522776,4.528107992248303,4.352757153870975,4.627778350703753,4.526552878647977,4.353076263640489,4.627778350703753,4.526552878647977,4.353076263640489,2.914314970429027
2018-11-14,4.593902385029081,4.498323079577218,4.341114245369137,4.595768069572259,4.50056680254775,4.341114319424051,4.597321600841421,4.499020753554319,4.341432575632917,4.597321600841421,4.499020753554319,4.341432575632917,2.894390913584487
2018-11-15,4.636447471101463,4.541385799268924,4.392198897489469,4.6383803342400665,4.543651001734081,4.392198972415658,4.640004327932676,4.542089755537809,4.392520973747732,4.640004327932676,4.542089755537809,4.392520973747732,2.924598248169272
2018-11-16,4.659851955704652,4.5642253604515615,4.4070198877964915,4.661812387579206,4.56650195575916,4.407019962975548,4.66337125683577,4.564932413571728,4.40734305086557,4.66337125683577,4.564932413571728,4.40734305086557,2.9322042955020824
2018-11-19,4.635257366590067,4.5284016663097555,4.329302827178208,4.637321113348782,4.530660394208344,4.329302901031538,4.6388152101520665,4.529102341432354,4.329620291320511,4.6388152101520665,4.529102341432354,4.329620291320511,2.8826070669900643
2018-11-20,4.548788109202076,4.437272194771341,4.252544744478328,4.550827673593864,4.439485468364726,4.25254481702217,4.552383597796456,4.4379580458823655,4.252856580014782,4.552383597796456,4.4379580458823655,4.252856580014782,2.8292615325984687
2018-11-21,4.54733766939233,4.435304698619554,4.254485749379106,4.549302418216638,4.437516990356186,4.254485821956154,4.550904954450341,4.435991043977192,4.254797727247914,4.550904954450341,4.435991043977192,4.254797727247914,2.8389032282486064
2018-11-23,4.543768151498084,4.427762720174086,4.25155578390705,4.545816868874563,4.429971250237963,4.251555856434102,4.547442416966583,4.428447766470976,4.251867546923936,4.547442416966583,4.428447766470976,4.251867546923936,2.8199422777759025
2018-11-26,4.5780358328934145,4.466417414247482,4.300676402724037,4.580054090031988,4.468645224726975,4.300676476089007,4.58168727091755,4.467108527293904,4.300991767714641,4.58168727091755,4.467108527293904,4.300991767714641,2.8654689428899403
2018-11-27,4.583846174205866,4.4769348159761355,4.319985044041445,4.585998477927552,4.479167873118246,4.319985117735769,4.587640361550912,4.477626817231896,4.320301824918478,4.587640361550912,4.477626817231896,4.320301824918478,2.875108805448392
2018-11-28,4.647703322903508,4.528868640446665,4.392075519637438,4.649807097111651,4.531127601504493,4.392075594561455,4.6515924355159814,4.529568532598652,4.39239758684844,4.6515924355159814,4.529568532598652,4.39239758684844,2.941309078597384
2018-11-29,4.624010731286178,4.505257979976992,4.367051073888918,4.626129026862629,4.507505164169836,4.3670511483859995,4.627863637265269,4.505954085074286,4.367371306078273,4.627863637265269,4.505954085074286,4.367371306078273,2.934883359001203
2018-11-30,4.655858333494862,4.53058215512321,4.393560282320616,4.657967421898945,4.5328419713011785,4.393560357269831,4.659761619885983,4.531281391898293,4.393882458407889,4.659761619885983,4.531281391898293,4.393882458407889,2.95277121760091
2018-12-03,4.702344134057505,4.568264968380751,4.447726693969159,4.704484350309565,4.570543612266039,4.447726769842393,4.706187547223586,4.568971061792224,4.448052842033928,4.706187547223586,4.568971061792224,4.448052842033928,2.99187051333625
2018-12-04,4.62019401112056,4.495484690082426,4.35030516684453,4.6222536002617645,4.497727015929809,4.350305241055862,4.623957328800511,4.496179020101201,4.350624171070496,4.623957328800511,4.496179020101201,4.350624171070496,2.8949274595209857
2018-12-06,4.611495318410081,4.497882422110424,4.356791525919861,4.6135599898263,4.500125959856008,4.356791600241843,4.615157304020131,4.498577633172252,4.357111005785093,4.615157304020131,4.498577633172252,4.357111005785093,2.890535555150446
2018-12-07,4.570774675719126,4.444839603750042,4.273742002125666,4.572771084851805,4.447056652371448,4.273742075030917,4.574363355841192,4.445525619567043,4.274055392039036,4.574363355841192,4.445525619567043,4.274055392039036,2.823370159228763
2018-12-10,4.563117355578401,4.456590195199811,4.298985732310673,4.565202222100315,4.458813119340545,4.298985805646553,4.566705660064863,4.4572784701613,4.299300973325585,4.566705660064863,4.4572784701613,4.299300973325585,2.828725903207813
2018-12-11,4.546790707625271,4.45276332329697,4.297713409398963,4.548928003930029,4.454984353293006,4.297713482713139,4.550422530536853,4.453451482077555,4.298028557115504,4.550422530536853,4.453451482077555,4.298028557115504,2.8293687684621007
2018-12-12,4.551306845154088,4.462349329363274,4.3163634824029415,4.553458667034169,4.46457515352569,4.316363556035267,4.55499078738976,4.463039354909374,4.31667999771368,4.55499078738976,4.463039354909374,4.31667999771368,2.843614823809188
2018-12-13,4.571990926237533,4.484508883592929,4.316313812464587,4.57418615463764,4.486745754173487,4.316313886096065,4.5756867878670695,4.4852021406441525,4.3166303241330715,4.5756867878670695,4.4852021406441525,4.3166303241330715,2.842651717437352
2018-12-14,4.51935986310456,4.4308753098609,4.250694893240073,4.521410383340553,4.4330854341387615,4.2506949657521655,4.522953403124134,4.431560476780352,4.251006593128295,4.522953403124134,4.431560476780352,4.251006593128295,2.790162236863129
2018-12-17,4.409401167840807,4.306960709580549,4.122430778511554,4.411290341722421,4.309109015455328,4.122430848835605,4.412899903609604,4.307626400635395,4.1227330728999165,4.412899903609604,4.307626400635395,4.1227330728999165,2.7354237360993254
2018-12-18,4.4160200045559606,4.305892846317687,4.1356873759560955,4.41800076177142,4.308040610573089,4.135687446506289,4.419573897418102,4.306558113889075,4.13599064243962,4.419573897418102,4.306558113889075,4.13599064243962,2.732424981410162
2018-12-19,4.383044818087355,4.263267491930101,4.084658782327026,4.385010751082495,4.265393997969204,4.084658852006729,4.386520940504452,4.263926301090333,4.084958306926617,4.386520940504452,4.263926301090333,4.084958306926617,2.6915052423214343
2018-12-20,4.320570449758712,4.219663736181094,4.036844469075373,4.322375698700953,4.221768484737819,4.036844537939417,4.3240399291432805,4.220315542399946,4.037140487491511,4.3240399291432805,4.220315542399946,4.037140487491511,2.6476928845521637
2018-12-21,4.259583006266596,4.137874141053049,3.940814251493217,4.2613899830383275,4.139938085677605,3.9408143187190934,4.262974086620872,4.13851310392167,3.941103228094114,4.262974086620872,4.13851310392167,3.941103228094114,2.5934425361043476
2018-12-24,4.125101815796293,4.014904138833477,3.8344792435692545,4.126854900565073,4.016906746520435,3.834479308981175,4.128446049516027,4.015524082448454,3.8347604227132845,4.128446049516027,4.015524082448454,3.8347604227132845,2.5249166195332995
2018-12-26,4.261544470575498,4.153876907732626,3.991544120295917,4.263309719290785,4.155948823086754,3.991544188387188,4.264996860691348,4.154517936666169,3.991836816875507,4.264996860691348,4.154517936666169,3.991836816875507,2.6524875191661224
2018-12-27,4.309471446349175,4.20145419369159,4.031713548942531,4.311301030951998,4.203549824907884,4.031713617719048,4.312960573027065,4.2021020794593005,4.0320091911126035,4.312960573027065,4.2021020794593005,4.0320091911126035,2.672851518015307
2018-12-28,4.308684307601295,4.20607826653204,4.036887118592789,4.310518694078151,4.208176201450578,4.036887187457562,4.312189238946035,4.206726794400927,4.0371831401363805,4.312189238946035,4.206726794400927,4.0371831401363805,2.6694040224814053
2018-12-31,4.348289189275492,4.257148666772223,4.0882895460585456,4.350101773950723,4.259272069535646,4.0882896158001865,4.351787453509959,4.257804873305272,4.088589336898993,4.351787453509959,4.257804873305272,4.088589336898993,2.6927836404632655
2019-01-02,4.2969573125387255,4.2068927106707275,4.020907347338448,4.298685274786378,4.208929141902231,4.0209074159306235,4.300292304231066,4.207421829580466,4.021202197098828,4.300292304231066,4.207421829580466,4.021202197098828,2.69558552110535
2019-01-03,4.241117801485114,4.152223600662729,3.9384019541452053,4.242863799534023,4.154273213655591,3.938402021329933,4.244505583147472,4.15283989619494,3.938690753854363,4.244505583147472,4.15283989619494,3.938690753854363,2.6312610506786642
2019-01-04,4.3365450553280915,4.24565069090165,4.031331688620802,4.338342606176177,4.247758432047203,4.031331757390804,4.3399785534050315,4.246251001947289,4.031627302789376,4.3399785534050315,4.246251001947289,4.031627302789376,2.71939774872511
2019-01-07,4.343582485693368,4.25254061610969,4.053933873429763,4.34539479602464,4.254663372853528,4.05393394258533,4.347034224950589,4.253154296975378,4.054231144997574,4.347034224950589,4.253154296975378,4.054231144997574,2.7408390555581708
2019-01-08,4.382203377155886,4.290352010302312,4.079153353188899,4.384130928602461,4.292590698728643,4.079153422774681,4.385809964141686,4.291092623021312,4.07945247407999,4.385809964141686,4.291092623021312,4.07945247407999,2.7665899609450686
2019-01-09,4.390189827682534,4.298171064125968,4.08247636001127,4.392163640233102,4.300455688117145,4.08247642965374,4.393821961408658,4.298931590657636,4.082775724575663,4.393821961408658,4.298931590657636,4.082775724575663,2.779519673152423
2019-01-10,4.432054496647247,4.339158245960045,4.124595241972534,4.434059130280697,4.3414764043835525,4.124595312333505,4.435752510412944,4.339956594244798,4.124897695079183,4.435752510412944,4.339956594244798,4.124897695079183,2.7893248805809536
2019-01-11,4.416677815611297,4.324103861506263,4.124232690887685,4.4186883634204674,4.326426577649117,4.12423276124247,4.420369613709225,4.3249059114505775,4.124535117408767,4.420369613709225,4.3249059114505775,4.124535117408767,2.7904020052556597
2019-01-14,4.406763250899255,4.314397106939525,4.100854781135352,4.408687401116047,4.316634434470587,4.100854851091336,4.410346769008801,4.315099523278879,4.101155493373937,4.410346769008801,4.315099523278879,4.101155493373937,2.7733782660767434
2019-01-15,4.449409327408269,4.35614931794729,4.154354718916884,4.451290434315219,4.358347920455982,4.154354789785518,4.452969995341304,4.356802244915284,4.154659354260996,4.452969995341304,4.356802244915284,4.154659354260996,2.8051631593665185
2019-01-16,4.46588509244547,4.3722797495053305,4.154149547108384,4.467741355915466,4.374455348403908,4.154149617973519,4.469418744836728,4.372895762006729,4.15445416740742,4.469418744836728,4.372895762006729,4.15445416740742,2.811950914570689
2019-01-17,4.501198968876853,4.4068534439917055,4.190912822581229,4.503115641562033,4.409091022386625,4.190912894073503,4.5048115305977365,4.4075241939563465,4.191220138700393,4.5048115305977365,4.4075241939563465,4.191220138700393,2.8332848022309483
2019-01-18,4.549983410036789,4.454615358989326,4.233620035643998,4.55196176709075,4.456917245537388,4.233620107864809,4.55365806943187,4.455315827466461,4.233930483447245,4.55365806943187,4.455315827466461,4.233930483447245,2.8709962642508007
2019-01-22,4.517936951006985,4.4232405965494275,4.208505536189986,4.519879899424856,4.425505244166261,4.2085056079823735,4.521598657923303,4.423948781163137,4.208814142368071,4.521598657923303,4.423948781163137,4.208814142368071,2.832207127628736
2019-01-23,4.533150123585575,4.438134899697445,4.225366016664192,4.535051630513509,4.440360190976786,4.2253660887442,4.536790071807385,4.438812116461341,4.225675859207156,4.536790071807385,4.438812116461341,4.225675859207156,2.838133329740476
2019-01-24,4.535033046273236,4.439978356160549,4.239172242322369,4.5370943556906385,4.442360264249734,4.2391723146378935,4.538805134631932,4.440783661350891,4.23948309726427,4.538805134631932,4.440783661350891,4.23948309726427,2.839641780888903
2019-01-25,4.5411907092975605,4.446006954028209,4.259943496106703,4.543348601086196,4.448483921606175,4.25994356877656,4.545075396054746,4.446918508222014,4.260255874187207,4.545075396054746,4.446918508222014,4.260255874187207,2.86366958009094
2019-01-28,4.5368133294361845,4.441721324432373,4.220666226535929,4.538969158051095,4.444195920918184,4.220666298535762,4.540716014778343,4.44265327352442,4.220975724447229,4.540716014778343,4.44265327352442,4.220975724447229,2.841904732575297
2019-01-29,4.535664767194835,4.440596836156265,4.227120562786649,4.537860786103465,4.443110691669649,4.227120634896585,4.539649226687456,4.441609524127032,4.227430533989007,4.539649226687456,4.441609524127032,4.227430533989007,2.8381333297404754
2019-01-30,4.582250320403804,4.486205952087087,4.300834551601682,4.58452598679207,4.48880152748008,4.300834624969092,4.586325499644027,4.487277761508874,4.301149928188957,4.586325499644027,4.487277761508874,4.301149928188957,2.883063323510713
2019-01-31,4.6283114699354435,4.531301655887617,4.364032728376177,4.6305602638812235,4.533874613314811,4.364032802821675,4.632388914500116,4.532346376267886,4.364352739232702,4.632388914500116,4.532346376267886,4.364352739232702,2.9083840022789014
2019-02-01,4.660137335167127,4.556362977183768,4.382857611508938,4.66234188746393,4.558956879312363,4.382857686272434,4.664150850700306,4.557461449080369,4.383179002690788,4.664150850700306,4.557461449080369,4.383179002690788,2.909785034254527
2019-02-04,4.674689220376484,4.574342172423323,4.399053802151858,4.676926661017633,4.576947121866484,4.3990538771857475,4.678769174437114,4.5754067569116215,4.399376380813853,4.678769174437114,4.5754067569116215,4.399376380813853,2.930256452276513
2019-02-05,4.679980386693305,4.583293631928618,4.417461095169734,4.682142396389972,4.585913143146107,4.417461170528256,4.684123414747113,4.584339830727786,4.417785023919942,4.684123414747113,4.584339830727786,4.417785023919942,2.9425396330462084
2019-02-06,4.68202681689544,4.587679497248391,4.420574435146474,4.684226555328184,4.59032447478814,4.420574510582592,4.686124820255798,4.588730929723186,4.420898592897572,4.686124820255798,4.588730929723186,4.420898592897572,2.9386597111835746
2019-02-07,4.663515321825326,4.5874645693673095,4.416323477640751,4.665813876184405,4.590083693072231,4.416323553095891,4.6677257224346,4.588642769051513,4.416647326300552,4.6677257224346,4.588642769051513,4.416647326300552,2.9106469539652946
2019-02-08,4.673417504039533,4.602888610002527,4.439954519287974,4.675664052033896,4.605522535849355,4.439954595127203,4.677691562546455,4.604045629437169,4.440280100246935,4.677691562546455,4.604045629437169,4.440280100246935,2.914202235290334
2019-02-11,4.691847758551065,4.623384376862511,4.455867557367588,4.694136564864754,4.626028370140549,4.455867633476687,4.696054466682279,4.624528066447786,4.4561943051691495,4.696054466682279,4.624528066447786,4.4561943051691495,2.9158179223023932
2019-02-12,4.71850323942733,4.6500476317200095,4.4776583632816545,4.720887951148933,4.652719262510984,4.477658439787603,4.7227512033769,4.651162170663685,4.477986709701298,4.7227512033769,4.651162170663685,4.477986709701298,2.953313629430801
2019-02-13,4.739450344288072,4.671416117165678,4.486180861650869,4.74189455143693,4.674103810031952,4.486180938277731,4.743983931847066,4.672507896478082,4.486509832316939,4.743983931847066,4.672507896478082,4.486509832316939,2.9629032652770557
2019-02-14,4.701590715007888,4.6469658196390435,4.47513942042464,4.7034593626883865,4.649644999368548,4.4751394968365945,4.705984092741984,4.6480091112356074,4.475467580671602,4.705984092741984,4.6480091112356074,4.475467580671602,2.956330898345993
2019-02-15,4.756740827034316,4.690897390005257,4.519639147026304,4.758945637371216,4.693605804092551,4.5196392241854015,4.761249912364694,4.691908800368759,4.519970570057959,4.761249912364694,4.691908800368759,4.519970570057959,2.9885463848728153
2019-02-19,4.771060311965993,4.7064470378412615,4.52693678208384,4.77343724731906,4.709164920659951,4.526936859358311,4.775729896876604,4.7074088154235,4.52726873998594,4.775729896876604,4.7074088154235,4.52726873998594,2.993718086446589
2019-02-20,4.785319765078723,4.722832597642401,4.544953734071689,4.787757841686427,4.725570906242091,4.54495381165666,4.790017872723748,4.7237810744972055,4.545287013230794,4.790017872723748,4.7237810744972055,4.545287013230794,2.9997518910402983
2019-02-21,4.791252633070392,4.726730470073204,4.541034720159537,4.7935892823277975,4.729461662092043,4.541034797728315,4.795760194830078,4.727722674795416,4.541367713397557,4.795760194830078,4.727722674795416,4.541367713397557,2.989085863756012
2019-02-22,4.803943328884657,4.751016920454053,4.568645388604175,4.806181698887435,4.753760015855588,4.568645466643495,4.808394472613141,4.751998839761715,4.56898040649699,4.808394472613141,4.751998839761715,4.56898040649699,3.007617687465018
2019-02-25,4.79145816358541,4.730157689950938,4.556544559084402,4.793955694080243,4.732896398739335,4.55654463691998,4.795976108276074,4.731119554048444,4.556878689711704,4.795976108276074,4.731119554048444,4.556878689711704,3.0117111645090744
2019-02-26,4.799436940933453,4.734234523121226,4.552097271402637,4.801837310514991,4.736965943229162,4.552097349164701,4.803901266234169,4.735196369220207,4.552431075977779,4.803901266234169,4.735196369220207,4.552431075977779,3.0095567318504926
2019-02-27,4.803324736712816,4.736898409271847,4.544166869895739,4.805608379133719,4.7396232819468205,4.544166947535589,4.807746595762724,4.737904474147648,4.544500093309298,4.807746595762724,4.737904474147648,4.544500093309298,3.008264402211847
2019-02-28,4.823381653329321,4.757690545044122,4.571155967625975,4.825670282866869,4.760416427986135,4.571156045738719,4.82793809993681,4.758759161917756,4.571491170485699,4.82793809993681,4.758759161917756,4.571491170485699,3.0026615574735214
2019-03-01,4.836062443581988,4.775824443399968,4.582425415451671,4.838083865417494,4.778558315211062,4.582425493756964,4.840351801857015,4.776898894365825,4.5827614447000515,4.840351801857015,4.776898894365825,4.5827614447000515,3.0214089527648036
2019-03-04,4.8331691481359105,4.771174162359817,4.572561510461262,4.835064968825575,4.773903645324613,4.572561588598037,4.837340242650744,4.772247204958144,4.572896816389407,4.837340242650744,4.772247204958144,4.572896816389407,3.0104197514162716
2019-03-05,4.821802250614075,4.755489093127583,4.555897124074701,4.823379687663561,4.758211970722433,4.555897201926737,4.825646869801515,4.756554912393527,4.556231208003352,4.825646869801515,4.756554912393527,4.556231208003352,3.006324257971362
2019-03-06,4.790794305102766,4.744363645799483,4.533801563330634,4.792720386866963,4.747078948557077,4.533801640805084,4.7949702310234965,4.745424238762987,4.534134026991887,4.7949702310234965,4.745424238762987,4.534134026991887,2.988115974944938
2019-03-07,4.7733868408561255,4.726680537270689,4.511372485916293,4.775403278897977,4.729383628034973,4.5113725630075,4.777655735533897,4.7277384479180835,4.511703304853261,4.777655735533897,4.7277384479180835,4.511703304853261,2.963118836859333
2019-03-08,4.777248717131561,4.731542984609225,4.512146254496036,4.7794995856308615,4.734247887243423,4.512146331600508,4.781766796335245,4.732599301445995,4.512477130173346,4.781766796335245,4.732599301445995,4.512477130173346,2.95719300136593
2019-03-11,4.833399638188329,4.774546838890782,4.564636944180731,4.835753631572372,4.7772771379607955,4.5646370221821515,4.8380044113538565,4.775612883850855,4.564971669000291,4.8380044113538565,4.775612883850855,4.564971669000291,3.000075981650388
2019-03-12,4.853741053305509,4.7825433681533935,4.576519887780434,4.8560040493540555,4.785278121736901,4.576519965984917,4.858257300674392,4.783611194796131,4.576855483976218,4.858257300674392,4.783611194796131,4.576855483976218,3.011388357063166
2019-03-13,4.879552133110694,4.80190704232968,4.590304126585063,4.882022595526817,4.804652654127998,4.590304205025084,4.884255119277416,4.802976977953976,4.590640733579082,4.884255119277416,4.802976977953976,4.590640733579082,3.031322129293642
2019-03-14,4.883195310386491,4.806808861729129,4.591520026386968,4.8856374877192925,4.8095580757693295,4.591520104847765,4.887862693028548,4.807870786394782,4.591856722542927,4.887862693028548,4.807870786394782,4.591856722542927,3.029383084908168
2019-03-15,4.910799150885841,4.838478342558319,4.640692977213659,4.913028129061689,4.841253291640083,4.640693056514676,4.91526136945513,4.839545120385878,4.641033279222168,4.91526136945513,4.839545120385878,4.641033279222168,3.0443489953603557
2019-03-18,4.912242238953206,4.82962203722907,4.629472645436236,4.914521220294584,4.832395711832009,4.629472724545501,4.916771910264288,4.830688342622847,4.629812124657876,4.916771910264288,4.830688342622847,4.629812124657876,3.055387323566073
2019-03-19,4.889837568698554,4.812698342156927,4.6542395413077235,4.892244790664378,4.815465922804707,4.654239620840197,4.894487412957133,4.813757076664994,4.654580836685829,4.894487412957133,4.813757076664994,4.654580836685829,3.056145306978243
2019-03-20,4.858966225794375,4.797854278246439,4.640881798406505,4.861363958925706,4.800613122774241,4.6408818777107355,4.863488100827884,4.798908477647588,4.6412221142613,4.863488100827884,4.798908477647588,4.6412221142613,3.0469466695886167
2019-03-21,4.90533128239635,4.857086183304417,4.720822170143018,4.908661426949631,4.859881003644447,4.72082225081329,4.910905420582784,4.858157732001856,4.721168348025129,4.910905420582784,4.858157732001856,4.721168348025129,3.081360766283653
2019-03-22,4.866312096167243,4.810577564133698,4.657198560639845,4.8695762843734824,4.813345049494783,4.657198640222956,4.871828780596032,4.8116410766054125,4.657540073002647,4.871828780596032,4.8116410766054125,4.657540073002647,3.022055300893295
2019-03-25,4.872506767440853,4.822935198618051,4.6659841751700695,4.875665279371352,4.825709739897304,4.665984254903305,4.877900385066576,4.824002618773373,4.666326331781985,4.877900385066576,4.824002618773373,4.666326331781985,3.0197841002943138
2019-03-26,4.898936989073354,4.854882567309292,4.694822492701004,4.902089916935988,4.85767628439321,4.694822572927008,4.904313406101905,4.855956292287906,4.6951667640267605,4.904313406101905,4.855956292287906,4.6951667640267605,3.0422937329619875
2019-03-27,4.886472932235379,4.833615928801911,4.665475395798324,4.889628554274836,4.836396542675668,4.665475475522826,4.891862313546688,4.834686483673115,4.665817515101546,4.891862313546688,4.834686483673115,4.665817515101546,3.026385246764847
2019-03-28,4.888961872822351,4.827565727900809,4.665278450730574,4.892481938545306,4.830344419588771,4.665278530451703,4.894706045154736,4.828633253908522,4.665620555591833,4.894706045154736,4.828633253908522,4.665620555591833,3.0378556346809598
2019-03-29,4.921623157274443,4.856493031541117,4.700921331696323,4.925239262827231,4.859288626474111,4.700921412026492,4.9274480895911426,4.857566949648698,4.70126605025007,4.9274480895911426,4.857566949648698,4.70126605025007,3.0570110761815505
2019-04-01,4.925476733130681,4.8678885981895075,4.720288517936335,4.929165781493267,4.870690755858563,4.720288598497426,4.931332481545093,4.868965044943,4.720634658567927,4.931332481545093,4.868965044943,4.720634658567927,3.0932641304560047
2019-04-02,4.914529333248495,4.864346554196699,4.728381078965366,4.91814865295922,4.867146670968435,4.728381159858816,4.920335361070823,4.865422220974934,4.728727813407415,4.920335361070823,4.865422220974934,4.728727813407415,3.0947800972803448
2019-04-03,4.9203757889224455,4.883279319920333,4.75621550564813,4.924034656133201,4.886090331820826,4.7562155867648475,4.926216981760697,4.884359169459297,4.756564282679082,4.926216981760697,4.884359169459297,4.756564282679082,3.0996502552717673
2019-04-04,4.928945528397716,4.865045396359441,4.73858795452003,4.932694986529025,4.867845908120376,4.738588034405689,4.934896844859632,4.866121185090597,4.738935442483693,4.934896844859632,4.866121185090597,4.738935442483693,3.1078738711935983
2019-04-05,4.958006754902357,4.896740288584828,4.775842284579943,4.961750746237058,4.899559049398504,4.775842365108819,4.9639951323477804,4.8978230907125635,4.776192505087004,4.9639951323477804,4.8978230907125635,4.776192505087004,3.122916954805768
2019-04-08,4.947976088068833,4.8810693753203855,4.759813767602776,4.951732066720393,4.883879117804974,4.759813847934949,4.953964781148824,4.882148716010695,4.760162811970632,4.953964781148824,4.882148716010695,4.760162811970632,3.1252985075242474
2019-04-09,4.925163057490949,4.862562105193015,4.7315596579379795,4.928939697810923,4.865361212796436,4.731559737474483,4.931164702813369,4.863637350187006,4.731906631729676,4.931164702813369,4.863637350187006,4.731906631729676,3.1092816856084635
2019-04-10,4.94576516643642,4.884780955533321,4.760867036027349,4.949538223598632,4.887592845472043,4.760867116334479,4.951778071737928,4.885861116606274,4.761216159679501,4.951778071737928,4.885861116606274,4.761216159679501,3.1198868542487745
2019-04-11,4.966824159409141,4.897412539488449,4.77088992726538,4.970603358054465,4.9002316861396045,4.770890008195678,4.972810226440576,4.898495493197369,4.771239783052689,4.972810226440576,4.898495493197369,4.771239783052689,3.119021268354635
2019-04-12,4.990393237015463,4.914230867537062,4.790934919553378,4.994138350514703,4.9170596862400915,4.790935001313463,4.996362380380886,4.915317543775045,4.79128624516365,4.996362380380886,4.915317543775045,4.79128624516365,3.14012491969913
2019-04-15,4.980333984619964,4.903922107108145,4.780649797004494,4.984126737118464,4.906744998548476,4.78064987866457,4.986328172621114,4.905006504270556,4.781000367059772,4.986328172621114,4.905006504270556,4.781000367059772,3.138067824209076
2019-04-16,4.955610811494985,4.858798801602796,4.7389781794258745,4.959412756508909,4.861595675271828,4.73897826040172,4.961590412134771,4.859873183707391,4.739325693487724,4.961590412134771,4.859873183707391,4.739325693487724,3.1401249196991294
2019-04-17,4.906170777742769,4.802708259346163,4.678267586774491,4.910025942744087,4.805472835353404,4.678267666505379,4.912170567748015,4.803770217736934,4.678610648375922,4.912170567748015,4.803770217736934,4.678610648375922,3.1324409659696633
2019-04-18,4.913016023615823,4.8240838096156455,4.707977718790851,4.916882739158213,4.826860699550625,4.707977799193141,4.919019049433182,4.825150500755807,4.708322958124506,4.919019049433182,4.825150500755807,4.708322958124506,3.1386096861114634
2019-04-22,4.897842101599973,4.814240186875577,4.710604746487046,4.901714813026252,4.817011406794005,4.710604827345766,4.903852713631182,4.815304699915941,4.710950175137062,4.903852713631182,4.815304699915941,4.710950175137062,3.1413156960583692
2019-04-23,4.935145285228335,4.863029689473904,4.754777738261047,4.939014045681682,4.8658289844118485,4.754777819712347,4.941174337707369,4.864104986989939,4.755126406303419,4.941174337707369,4.864104986989939,4.755126406303419,3.169561439229942
2019-04-24,4.945740348440691,4.867591008280973,4.764320185941938,4.949613958188404,4.870392931662126,4.764320267100142,4.951750485049824,4.868667306969187,4.764669559689606,4.951750485049824,4.868667306969187,4.764669559689606,3.16252603333899
2019-04-25,4.939597447501504,4.872017002122892,4.753469974044967,4.943413554717946,4.8748214819295,4.753470055040828,4.945581485638146,4.873094298414099,4.753818552432963,4.945581485638146,4.873094298414099,4.753818552432963,3.1605785567317604
2019-04-26,4.959362986230563,4.884013181684303,4.78423557540406,4.963155987341673,4.886824566286222,4.784235657752693,4.965314364080612,4.885093142088584,4.784586404284722,4.965314364080612,4.885093142088584,4.784586404284722,3.1752960832604926
2019-04-29,4.969515522706842,4.862017485704053,4.763724565571312,4.973356323576263,4.864816202623745,4.7637246473326185,4.975515644423468,4.863092579903868,4.764073889224152,4.975515644423468,4.863092579903868,4.764073889224152,3.1802740270430534
2019-04-30,5.021670665105796,4.921358486282887,4.821250516454175,5.025528804625084,4.9241913648114535,4.821250599058159,5.027697808984093,4.922446705941838,4.8216040609207305,5.027697808984093,4.922446705941838,4.8216040609207305,3.1818977796585313
2019-05-01,4.974792680899214,4.861512754379676,4.7589647117363585,4.978637242521865,4.864311179044332,4.758964789362754,4.980782259393487,4.862484807416848,4.7593136867377535,4.980782259393487,4.862484807416848,4.7593136867377535,3.1579810658126677
2019-05-02,4.991959812100926,4.893012027942252,4.796110826969591,4.995775635770731,4.895828543122905,4.796110901266376,4.997932640381406,4.8935269980826,4.796462522751101,4.997932640381406,4.8935269980826,4.796462522751101,3.1511619647406666
2019-05-03,5.03029424553759,4.925925402367931,4.824916346831311,5.034146416321167,4.928760862137521,4.824916425212652,5.0363147273445374,4.926877570161369,4.825270157096251,5.0363147273445374,4.926877570161369,4.825270157096251,3.182005932068007
2019-05-06,5.0073459302887215,4.905787686210247,4.798844588256489,5.011205092701057,4.908611566367376,4.798844665769745,5.013361631981278,4.907136424766267,4.799196486076675,5.013361631981278,4.907136424766267,4.799196486076675,3.168912158154753
2019-05-07,4.947231534053141,4.8400058193870175,4.730352796334872,4.951056011009994,4.842791829327377,4.730352873776967,4.953188381234484,4.841804773073531,4.730699672445518,4.953188381234484,4.841804773073531,4.730699672445518,3.1159919010343144
2019-05-08,4.933005316754809,4.833540255700702,4.729631801867968,4.936894708853004,4.836322578264006,4.729631875722517,4.939014691133517,4.83514144730204,4.729978622368519,4.939014691133517,4.83514144730204,4.729978622368519,3.1116628717086052
2019-05-09,4.936021913999486,4.839299688359605,4.729200322448031,4.9399170353128135,4.842085354860341,4.729200400602687,4.942037193901165,4.84056419008427,4.72954711436953,4.942037193901165,4.84056419008427,4.72954711436953,3.1022484794275345
2019-05-10,4.99253761563484,4.881820007826752,4.766228475365046,4.99647045826893,4.884630187623104,4.7662285589873,4.998608427139058,4.8832126794324795,4.766577986246487,4.998608427139058,4.8832126794324795,4.766577986246487,3.117831591850406
2019-05-13,4.9356908255547705,4.815878873593662,4.675066770873838,4.939635139139872,4.818651128905422,4.675066860495538,4.941738679893881,4.8177623034759085,4.675409602804988,4.941738679893881,4.8177623034759085,4.675409602804988,3.0394793872964376
2019-05-14,4.957902922437055,4.857429950859094,4.734698801665426,4.961855430234601,4.860226149558027,4.734698891449631,4.963965747801448,4.859473763173258,4.735046005991913,4.963965747801448,4.859473763173258,4.735046005991913,3.066967147055841
2019-05-15,4.962580265328703,4.872843946562772,4.75542665629537,4.966504747387305,4.875649040889332,4.755426748216738,4.9686117116324136,4.874733166854117,4.75577538192099,4.9686117116324136,4.874733166854117,4.75577538192099,3.084932362124698
2019-05-16,4.990818364228946,4.915218156386028,4.8021296188022795,4.9948180511709666,4.918047653959697,4.802129712410247,4.996941738819207,4.916968924363097,4.8024817697622355,4.996941738819207,4.916968924363097,4.8024817697622355,3.113502929143034
2019-05-17,4.976637131053065,4.889735863694162,4.7672799361309295,4.9806623837772985,4.892550683824986,4.767280027124515,4.982780074367914,4.8916181194444714,4.767629530108894,4.982780074367914,4.8916181194444714,4.767629530108894,3.0933726494838165
2019-05-20,4.94193829043191,4.826743861976176,4.700742062596281,4.945916779151881,4.8295224448544705,4.700742150365138,4.948019692678417,4.829032648382727,4.70108677582395,4.948019692678417,4.829032648382727,4.70108677582395,3.0729206622337024
2019-05-21,4.9926235101405725,4.888319348198257,4.765264890199104,4.996629473536965,4.891133382537919,4.765264976978332,4.998754800178087,4.890048899826198,4.765614333449778,4.998754800178087,4.890048899826198,4.765614333449778,3.1006239935753817
2019-05-22,5.005144423433906,4.902560187491199,4.7811855320812855,5.009129815498946,4.905382414192711,4.781185623193634,5.011263275171744,4.904171851688711,4.781536146138397,5.011263275171744,4.904171851688711,4.781536146138397,3.091101082266498
2019-05-23,4.974531684247914,4.854334991431586,4.714712648111219,4.978481454574469,4.857129493070874,4.714712746003115,4.980604746142309,4.855715479839044,4.715058393940889,4.980604746142309,4.855715479839044,4.715058393940889,3.0533313279310295
2019-05-24,4.987655063663944,4.845555794032519,4.707651163936941,4.991660113855223,4.848345260675917,4.7076512600034475,4.993784906061992,4.8469148070862955,4.707996390692271,4.993784906061992,4.8469148070862955,4.707996390692271,3.060258398103338
2019-05-28,4.9438929013012896,4.82890385647092,4.711510049257391,4.947870212501797,4.831683770605907,4.711510147598359,4.949973460227741,4.830256179754508,4.711855560476187,4.949973460227741,4.830256179754508,4.711855560476187,3.031796166803646
2019-05-29,4.909463229731593,4.797244420888212,4.675109560268554,4.9134078135129045,4.800006142769813,4.675109656216918,4.9154938455554325,4.798684065292711,4.675452401228816,4.9154938455554325,4.798684065292711,4.675452401228816,3.011451598726333
2019-05-30,4.927557502380561,4.82181256230895,4.6977263430098475,4.931543310356296,4.824588447108414,4.697726438334115,4.933630029001919,4.823506132776506,4.698070841355691,4.933630029001919,4.823506132776506,4.698070841355691,3.019676131194007
2019-05-31,4.919060010438621,4.797781242270596,4.656677469025968,4.923019617449712,4.800543342735607,4.6566775695177975,4.925095235959288,4.799671807893227,4.65701896157252,4.925095235959288,4.799671807893227,4.65701896157252,2.9789842454018514
2019-06-03,4.97502257159088,4.8248376446068795,4.675639096321555,4.979028780819536,4.827615297483251,4.675639194713875,4.981127486750613,4.826668454687934,4.6759819782611,4.981127486750613,4.826668454687934,4.6759819782611,2.971408627391029
2019-06-04,5.003892988672117,4.879855969363297,4.73361960380561,5.007921964486717,4.882665311615406,4.7336197050209154,5.010033012379402,4.881752717039773,4.7339667383977035,5.010033012379402,4.881752717039773,4.7339667383977035,3.035907791455393
2019-06-05,5.092891573952618,4.963810364487147,4.814151172493284,5.09699190946083,4.966668036451047,4.814151275118817,5.099140605403489,4.965730989745066,4.81450421263467,5.099140605403489,4.965730989745066,4.81450421263467,3.062205691401399
2019-06-06,5.120255200845104,5.009430023264607,4.858648140757209,5.124377582069577,5.0123139593580675,4.858648244418175,5.126537817677961,5.011370740123433,4.859004444071087,5.126537817677961,5.011370740123433,4.859004444071087,3.08211783314998
2019-06-07,5.140392176320875,5.042954560899463,4.893821895277753,5.144530594842083,5.04585780588639,4.893822000602828,5.146699385537715,5.0449339293870175,4.894180778432495,5.146699385537715,5.0449339293870175,4.894180778432495,3.1129618004773203
2019-06-10,5.146578708503499,5.061796913346985,4.913051666943311,5.150722947875574,5.064711009050495,4.913051773006924,5.1528940644151,5.0637927923110935,4.913411960439914,5.1528940644151,5.0637927923110935,4.913411960439914,3.127246350749814
2019-06-11,5.11859988117782,5.020778694519073,4.872111329885369,5.122721362697439,5.023669172161847,4.87211143467764,5.124880753394738,5.022747522923596,4.87246862088946,5.124880753394738,5.022747522923596,4.87246862088946,3.1264892838834872
2019-06-12,5.146270589500218,5.04107036087473,4.889949193407147,5.150414385087155,5.043972514382679,4.889949297946218,5.152585437862572,5.043029266402023,4.890307792242728,5.152585437862572,5.043029266402023,4.890307792242728,3.1209687449618637
2019-06-13,5.149342738146198,5.0314899811609575,4.880454975026305,5.153489264882309,5.034386618563555,4.8804550792933075,5.155661526583745,5.033443223215998,4.880812877582888,5.155661526583745,5.033443223215998,4.880812877582888,3.1338473139111787
2019-06-14,5.175044268084763,5.036164946205433,4.883201942532008,5.179211491807918,5.039064269097035,4.88320204624327,5.181394595508026,5.038102745990729,4.883560046255576,5.181394595508026,5.038102745990729,4.883560046255576,3.1303846037162835
2019-06-17,5.148171215526289,4.9994989789887985,4.849127443683321,5.152316249705085,5.002377198139352,4.849127547178828,5.154488203042229,5.0014369417357,4.849483048825033,5.154488203042229,5.0014369417357,4.849483048825033,3.1315750134571863
2019-06-18,5.157866225000559,5.0251663418993155,4.874184595397741,5.16201852557982,5.028059338323345,4.874184699483655,5.164194751698258,5.0271158160877,4.874542038101862,5.164194751698258,5.0271158160877,4.874542038101862,3.1643664573917563
2019-06-19,5.197216189506369,5.0699362676729525,4.9235278872561405,5.20140115014708,5.072855057737858,4.923527994429961,5.2035936467486605,5.071960245301968,4.923888949416408,5.2035936467486605,5.071960245301968,4.923888949416408,3.171508915837172
2019-06-20,5.235215959239247,5.111587276622951,4.968064654497772,5.239431952763706,5.114530058871436,4.968064764046302,5.241640332977732,5.113667304432826,4.9684289833562865,5.241640332977732,5.113667304432826,4.9684289833562865,3.2018102880254498
2019-06-21,5.2018310933561,5.074987198717414,4.931132434706961,5.20602039910412,5.077908905528078,4.931132542973749,5.208214629678956,5.0770392323364435,4.931494054960075,5.208214629678956,5.0770392323364435,4.931494054960075,3.1971560682346403
2019-06-24,5.19861501329317,5.070327143089131,4.927764001510736,5.202801575007412,5.073246170890063,4.927764110102102,5.204994501077629,5.0723884668087,4.928125374923555,5.204994501077629,5.0723884668087,4.928125374923555,3.1932405843932976
2019-06-25,5.156305011958677,5.0107395399285775,4.865229690159177,5.160456104446701,5.013624247455101,4.865229795783851,5.162631655350592,5.0127321054155445,4.865586476950417,5.162631655350592,5.0127321054155445,4.865586476950417,3.1619222129376148
2019-06-26,5.068507569801311,4.95057988781809,4.810255162940945,5.072587694054803,4.953429972464205,4.8102552685538065,5.074726298452283,4.952581686756298,4.810607918765831,5.074726298452283,4.952581686756298,4.810607918765831,3.1587681953826454
2019-06-27,5.101304472529405,4.989244353756761,4.849943708017231,5.105410888494596,4.992116704796151,4.849943815230145,5.107563368306855,4.991282217569144,4.850299374697146,5.107563368306855,4.991282217569144,4.850299374697146,3.169968385584239
2019-06-28,5.140459247988817,5.009566063710685,4.869529057713124,5.144596305829121,5.012450113577768,4.869529165300914,5.146765603551634,5.011610600258568,4.869886160642395,5.146765603551634,5.011610600258568,4.869886160642395,3.186281801734822
2019-07-01,5.181151977430586,5.059417390980253,4.923783604524765,5.185323034437612,5.062330139716321,4.923783713311259,5.187510824141077,5.06148912701561,4.924144686166835,5.187510824141077,5.06148912701561,4.924144686166835,3.2152079885402465
2019-07-02,5.218487479686314,5.08308856625024,4.936486037279604,5.222688263112987,5.086014941934162,4.936486146346747,5.224869399715755,5.085164970363506,4.936848050444188,5.224869399715755,5.085164970363506,4.936848050444188,3.2235815513619936
2019-07-03,5.2739870530345065,5.128746100465533,4.978812400554108,5.278232367799591,5.131698761186412,4.978812510556413,5.280448640161994,5.130844102346295,4.979177517687912,5.280448640161994,5.130844102346295,4.979177517687912,3.249354087230786
2019-07-05,5.259922457599689,5.115895683015008,4.962737316049976,5.264156670806624,5.118840945743604,4.962737425697117,5.2663698720628584,5.1179869787444945,4.963101254330611,5.2663698720628584,5.1179869787444945,4.963101254330611,3.245656374681743
2019-07-08,5.250277912176258,5.1023901812930355,4.9443403083872415,5.254505274951505,5.105327667439499,4.9443404176279175,5.256732440280723,5.104466757775296,4.944702897538371,5.256732440280723,5.104466757775296,4.944702897538371,3.227822958905111
2019-07-09,5.266708800284791,5.124641671789676,4.968554797243864,5.270948499055029,5.1275919685976685,4.968554907019537,5.273155445640728,5.126735350493835,4.968919162144722,5.273155445640728,5.126735350493835,4.968919162144722,3.2318451286825804
2019-07-10,5.277978764887735,5.141080851336123,4.988283935043695,5.282227503690052,5.14404061215899,4.9882840452552655,5.284455482545079,5.143175464417737,4.988649746764732,5.284455482545079,5.143175464417737,4.988649746764732,3.247287459663965
2019-07-11,5.281628583634996,5.136370081024132,4.986072187858838,5.285881584760853,5.1393271294107,4.986072298021543,5.288136072546457,5.1384549947959535,4.986437837383206,5.288136072546457,5.1384549947959535,4.986437837383206,3.2549002894360135
2019-07-12,5.290368784127981,5.152646716048772,5.013799636203058,5.29462851064027,5.155613136030013,5.013799746978376,5.296863345717502,5.154757717853329,5.014167319097164,5.296863345717502,5.154757717853329,5.014167319097164,3.269472635103212
2019-07-15,5.302231729415024,5.164986596624237,5.020691564679934,5.3065013547482325,5.167960120301289,5.020691675607523,5.308720990111368,5.167093611796701,5.021059752987976,5.308720990111368,5.167093611796701,5.021059752987976,3.2705607583280343
2019-07-16,5.286775764679104,5.145691740706954,5.001784548070575,5.291032929778682,5.148654156868266,5.001784658580431,5.293253783574912,5.147791630005633,5.002151349848024,5.293253783574912,5.147791630005633,5.002151349848024,3.2600109490566416
2019-07-17,5.2676202333126865,5.125406825935957,4.982742256462905,5.271861367478703,5.12835756403162,4.9827423665520385,5.274055233501259,5.127501751430635,4.983107661789479,5.274055233501259,5.127501751430635,4.983107661789479,3.2378272400907426
2019-07-18,5.300486126739689,5.160965441652731,5.026180980043096,5.304752780847603,5.1639366518122465,5.026181091091968,5.306936931004343,5.163080185474307,5.026549570912922,5.306936931004343,5.163080185474307,5.026549570912922,3.2496807441692344
2019-07-19,5.251503073423138,5.114293243231433,4.984134639153467,5.2557309149151425,5.117237584658691,4.984134749273364,5.25792570880081,5.116383483648222,4.984500146589287,5.25792570880081,5.116383483648222,4.984500146589287,3.2316288238636286
2019-07-22,5.2577247207976985,5.123374901297549,5.008175955061277,5.261957822212273,5.126324470305093,5.008176065712345,5.264138142330176,5.125470737064535,5.008543225547329,5.264138142330176,5.125470737064535,5.008543225547329,3.2395672107191142
2019-07-23,5.284452062373777,5.161697034111878,5.049359683299549,5.288706127646999,5.1646686663269765,5.049359794860535,5.290885220019566,5.163807834503597,5.049729973960616,5.290885220019566,5.163807834503597,5.049729973960616,3.26273089050036
2019-07-24,5.291568542759512,5.192219197564749,5.087250100965979,5.295827831539405,5.19520840340798,5.087250213364118,5.2980175261517095,5.194356772224326,5.087623170289824,5.2980175261517095,5.194356772224326,5.087623170289824,3.2780636025989214
2019-07-25,5.279920908633845,5.171955671607548,5.061523694205974,5.284171064820395,5.174933211623878,5.061523806035711,5.28636910434585,5.174066976743962,5.0618948769048275,5.28636910434585,5.174066976743962,5.0618948769048275,3.2624031337068997
2019-07-26,5.299009139129422,5.185749921397544,5.076330075107852,5.303274745830528,5.1887354033594635,5.076330187264722,5.3054960243754925,5.187877812603053,5.076702343620535,5.3054960243754925,5.187877812603053,5.076702343620535,3.284262018826036
2019-07-29,5.300495080653504,5.167264780007599,5.052907565597862,5.304762066472895,5.170239619899201,5.052907677237234,5.306966743834001,5.169370918969219,5.053278116439975,5.306966743834001,5.169370918969219,5.053278116439975,3.278281373891221
2019-07-30,5.301634915423309,5.182568623243018,5.072295394751386,5.305902451206511,5.185552275381155,5.072295506819114,5.308130778024124,5.1846849467443485,5.072667367384087,5.308130778024124,5.1846849467443485,5.072667367384087,3.270234468007922
2019-07-31,5.2404533295196885,5.094342777539062,4.9825966150243515,5.2446713284957225,5.097275638453223,4.982596725110267,5.246907822880751,5.096449238626288,4.982962009670431,5.246907822880751,5.096449238626288,4.982962009670431,3.2344561844801483
2019-08-01,5.205471734265768,5.033696415966285,4.914440786606047,5.20966157809164,5.036594362287925,4.914440895186122,5.211883146016236,5.03577785838608,4.914801183100213,5.211883146016236,5.03577785838608,4.914801183100213,3.2062910973427603
2019-08-02,5.196043542255935,5.042688337761664,4.916535744484858,5.2002257945053785,5.045591460857488,4.9165358531112195,5.202443338453072,5.044773525364735,4.916896294611046,5.202443338453072,5.044773525364735,4.916896294611046,3.1821485466011787
2019-08-05,5.056017195571846,4.8913620678234375,4.75700485161033,5.060086740891927,4.894178070974945,4.757004956712002,5.062244524798312,4.893384689170075,4.757353702669015,5.062244524798312,4.893384689170075,4.757353702669015,3.086451628514072
2019-08-06,5.13634783549682,4.975408372527998,4.84063415350046,5.140482038647165,4.978272761932213,4.840634260449845,5.142674106001156,4.977465750803069,4.840989137445575,5.142674106001156,4.977465750803069,4.840989137445575,3.1297331229310705
2019-08-07,5.172942744824623,5.0199141592318295,4.886258311739031,5.17710640234636,5.022804171015222,4.886258419696441,5.179314087610784,5.021989927073317,4.886616641494462,5.179314087610784,5.021989927073317,4.886616641494462,3.131581612587255
2019-08-08,5.2710062183339295,5.157420592755694,5.027091060338945,5.275248806505957,5.160389768331532,5.027091171407925,5.277498343657398,5.159553251043423,5.0274597179487674,5.277498343657398,5.159553251043423,5.0274597179487674,3.1930235463376717
2019-08-09,5.2317368403407905,5.114986068854506,4.980075358074178,5.235947820935345,5.117930814446493,4.980075468104389,5.238180599371042,5.117101160465588,4.980440567825942,5.238180599371042,5.117101160465588,4.980440567825942,3.17127428010136
2019-08-12,5.195270164504427,5.0569777151192845,4.912320052729434,5.1994517936679925,5.059889064718768,4.912320161262655,5.2016690088268716,5.059068794557418,4.912680293701317,5.2016690088268716,5.059068794557418,4.912680293701317,3.132668635957066
2019-08-13,5.269628405280899,5.1333546337485885,4.997933096641133,5.273869886508871,5.1363099542048625,4.997933207065896,5.276118838089964,5.135477259768058,4.998299615975544,5.276118838089964,5.135477259768058,4.998299615975544,3.1813878135514795
2019-08-14,5.12887145605012,4.982977986206398,4.839281527263949,5.132999642879083,4.985846733365169,4.8392816341834495,5.135188521819185,4.985038398627862,4.8396364120153255,5.135188521819185,4.985038398627862,4.8396364120153255,3.0873208805915833
2019-08-15,5.170645707787326,5.004491807132771,4.851601042389913,5.174807518127886,5.007372940062431,4.851601149581603,5.177014224248104,5.006561157120098,4.851956830582853,5.177014224248104,5.006561157120098,4.851956830582853,3.095476672121032
2019-08-16,5.234574756732201,5.081472559633186,4.933502581117338,5.238788023066214,5.084398011111174,4.9335026901185675,5.241022013217806,5.083573745208751,4.933864375492609,5.241022013217806,5.083573745208751,4.933864375492609,3.1411510844249637
2019-08-19,5.266857008351073,5.116264166019661,4.97057947046034,5.271096258412495,5.119209647339333,4.9705795802807495,5.273344025943467,5.118379729279858,4.970943983838955,5.273344025943467,5.118379729279858,4.970943983838955,3.1789959955195584
2019-08-20,5.234843405914453,5.079702811867865,4.934686558665413,5.239056888236089,5.082627244459606,4.934686667692802,5.241290992853941,5.081803248351847,4.9350484398667085,5.241290992853941,5.081803248351847,4.9350484398667085,3.1546364067223513
2019-08-21,5.274237934249892,5.12439456906417,4.9825805992817145,5.278483124440219,5.127344731111261,4.982580709367278,5.280734041604536,5.126513479522186,4.982945992753293,5.280734041604536,5.126513479522186,4.982945992753293,3.180299690326657
2019-08-22,5.284400160316915,5.13679065814286,4.99007485337018,5.288653529903055,5.139747956750694,4.990074963621322,5.290908783632293,5.138914704984219,4.99044079642675,5.290908783632293,5.138914704984219,4.99044079642675,3.17932228583967
2019-08-23,5.157502829273214,4.9841565412396465,4.837923823474962,5.161654060232587,4.987025967038887,4.837923930364466,5.163855156469167,4.986217531616076,4.838278608660242,5.163855156469167,4.986217531616076,4.838278608660242,3.097652918570677
2019-08-26,5.2205251694417925,5.053584732627392,4.909314782670273,5.224727126270062,5.056494128890129,4.909314891137095,5.226955118711383,5.055674432619975,4.909674803253134,5.226955118711383,5.055674432619975,4.909674803253134,3.131907536289029
2019-08-27,5.220346133509359,5.048901516116408,4.907019520719286,5.224547946853446,5.051808216305093,4.907019629135397,5.22677586350998,5.050989345045533,4.907379372980991,5.22677586350998,5.050989345045533,4.907379372980991,3.1196195894809504
2019-08-28,5.234489596150569,5.0755412067501,4.924905592142493,5.238702793291184,5.078463243627645,4.92490570095378,5.240936746045009,5.077640030246542,4.9252667560646115,5.240936746045009,5.077640030246542,4.9252667560646115,3.1415873602462363
2019-08-29,5.264777276090625,5.108971340347828,4.9590029552355945,5.269014851484,5.111912623234598,4.959003064800232,5.271261729938929,5.111083965299066,4.959366619659938,5.271261729938929,5.111083965299066,4.959366619659938,3.181713737253254
2019-08-30,5.272329879944649,5.116564567146027,4.962692230486712,5.276573534573518,5.119510221509941,4.96269234013286,5.2788236363404755,5.118680321947174,4.963056165461037,5.2788236363404755,5.118680321947174,4.963056165461037,3.1802996903266565
2019-09-03,5.283256893835254,5.115176960363505,4.94436932772065,5.287509344476203,5.118121815869138,4.944369436961971,5.289790975852521,5.117292141374236,4.944731918999892,5.289790975852521,5.117292141374236,4.944731918999892,3.161704441645314
2019-09-04,5.323702775872882,5.163281709625051,4.996773441021599,5.327987781671461,5.166254259487459,4.99677355142074,5.330303842661207,5.165416782470014,4.997139875313613,5.330303842661207,5.165416782470014,4.997139875313613,3.197590877582563
2019-09-05,5.322925584553641,5.1660042241927515,5.018558625691971,5.327209965077413,5.168978341432413,5.018558736572436,5.329522767949103,5.168140422826941,5.0189266575826785,5.329522767949103,5.168140422826941,5.0189266575826785,3.238697225404928
2019-09-06,5.3281422246757595,5.164149147356211,5.018056878094249,5.3324308036915005,5.167122196610682,5.018056988963629,5.334726183876245,5.166284578896059,5.018424873189708,5.334726183876245,5.166284578896059,5.018424873189708,3.241198662319673
2019-09-09,5.277567159368324,5.098718408747859,4.952554805036488,5.281815031413741,5.101653788910466,4.952554914458659,5.284098568745454,5.100826783969443,4.952917996591012,5.284098568745454,5.100826783969443,4.952917996591012,3.2428297473018954
2019-09-10,5.2420654592420615,5.0349030162443285,4.887118125565778,5.246284755707022,5.037801657285021,4.887118233542186,5.248546774189573,5.036985003110736,4.887476518374952,5.248546774189573,5.036985003110736,4.887476518374952,3.242068647633859
2019-09-11,5.267623737318355,5.057483051602991,4.917281051383671,5.271863603606113,5.060394692182499,4.9172811600265005,5.2741062381540464,5.059574375558298,4.917641656166331,5.2741062381540464,5.059574375558298,4.917641656166331,3.2651227085322807
2019-09-12,5.287650344212259,5.086903528875714,4.947027640900912,5.291906330394457,5.08983210710081,4.947027750200966,5.294155950329375,5.089007018516654,4.947390427125376,5.294155950329375,5.089007018516654,4.947390427125376,3.2764328842350356
2019-09-13,5.280530923739149,5.081495159669238,4.935927245842391,5.284781179412331,5.084420624245293,4.935927354897191,5.287044531527764,5.083596412891001,4.936289218028465,5.287044531527764,5.083596412891001,4.936289218028465,3.274257737640402
2019-09-16,5.2803174255058645,5.07049917285103,4.921800062732475,5.28456750952483,5.073418306934011,4.921800171475148,5.2868373200647545,5.072595879113286,4.922160998913134,5.2868373200647545,5.072595879113286,4.922160998913134,3.264143837571945
2019-09-17,5.339657849138749,5.140110923533055,4.987521971742561,5.343955695941607,5.1430701337558915,4.987522081937299,5.346262758924563,5.1422364150073,4.987887727585645,5.346262758924563,5.1422364150073,4.987887727585645,3.2724081481292058
2019-09-18,5.342083045019935,5.140966758652068,4.98754894069039,5.3463828435473015,5.143926461587235,4.987549050885724,5.348687681167619,5.143092604023393,4.9879146985112195,5.348687681167619,5.143092604023393,4.9879146985112195,3.2743658900498773
2019-09-19,5.345211392065429,5.141265828212873,4.983875964114558,5.349513708949513,5.1442257033251995,4.983876074228741,5.351833493802902,5.143391797252697,4.984241452580656,5.351833493802902,5.143391797252697,4.984241452580656,3.274148485375915
2019-09-20,5.334480179011737,5.123328282251715,4.963124480682563,5.338773858583056,5.1262778305500545,4.963124590338261,5.341097240548801,5.12544683392223,4.963488447355602,5.341097240548801,5.12544683392223,4.963488447355602,3.2586793912559138
2019-09-23,5.333925633268114,5.125670678973152,4.963626075590854,5.338218866910981,5.128621575811324,4.963626185257634,5.3405557864232245,5.127790199250052,4.963990079047946,5.3405557864232245,5.127790199250052,4.963990079047946,3.2579135255494935
2019-09-24,5.331672734174631,5.108495197214577,4.936274882344157,5.335964154518172,5.111436205966293,4.936274991406637,5.338307887984904,5.11060761524396,4.936636880023871,5.338307887984904,5.11060761524396,4.936636880023871,3.232348862277896
2019-09-25,5.340692511649286,5.121190440701667,4.954572513392772,5.344991192361545,5.12413875822451,4.954572622859521,5.347343647713453,5.123308108351573,4.9549358529142875,5.347343647713453,5.123308108351573,4.9549358529142875,3.251468008563104
2019-09-26,5.353223121974118,5.140529843966818,4.9692468965945364,5.357531888214891,5.143489295366089,4.969247006385503,5.359884497853734,5.142655508669194,4.9696113122499375,5.359884497853734,5.142655508669194,4.9696113122499375,3.244695101401591
2019-09-27,5.319296501932746,5.080973040754409,4.906908455686099,5.323577961233054,5.083898204741691,4.906908564099755,5.325929235669054,5.083074078074352,4.907268299802941,5.325929235669054,5.083074078074352,4.907268299802941,3.227215472320361
2019-09-30,5.328985815360986,5.103680022868674,4.941712603555364,5.33327507272321,5.106618259479212,4.941712712737986,5.335609928361291,5.105790449771372,4.9420750000059135,5.335609928361291,5.105790449771372,4.9420750000059135,3.2421830325550665
2019-10-01,5.276853324109183,5.055737177544796,4.89529124447217,5.281100620338028,5.0586478130081804,4.895291352629155,5.283412640904742,5.057827779562293,4.895650236650333,5.283412640904742,5.057827779562293,4.895650236650333,3.2036169831911905
2019-10-02,5.197801497623572,4.980173583536404,4.822125692711869,5.201985165650246,4.983040716327727,4.822125799252327,5.204262696236031,4.982232939190307,4.822479319354156,5.204262696236031,4.982232939190307,4.822479319354156,3.147026509896999
2019-10-03,5.23223218920347,5.011486765022615,4.852445137291949,5.23644357015888,5.014371925107151,4.852445244502287,5.238736005976403,5.013559069015819,4.852800987385897,5.238736005976403,5.013559069015819,4.852800987385897,3.1728089444608965
2019-10-04,5.307262666374311,5.0913273671323545,4.929751964513335,5.311534438857837,5.0942584922027585,4.929752073431697,5.3138597460021595,5.0934326860782715,4.9301134838402065,5.3138597460021595,5.0934326860782715,4.9301134838402065,3.215743984549237
2019-10-07,5.2802303988303345,5.061095092261072,4.900479123524845,5.284480413248139,5.064008812326372,4.900479231796449,5.286793874285191,5.063187909834267,4.900838496151873,5.286793874285191,5.063187909834267,4.900838496151873,3.201869680196075
2019-10-08,5.214189542963407,4.985609173992756,4.827388782432534,5.218386401637574,4.988479436104649,4.827388889089274,5.22067087066922,4.9876707773221165,4.827742795039199,5.22067087066922,4.9876707773221165,4.827742795039199,3.1521606330912095
2019-10-09,5.261358293310555,5.041199232214634,4.881214666915201,5.265593117725583,5.044101498046101,4.881214774761175,5.26789823785086,5.04328382263446,4.881572626799065,5.26789823785086,5.04328382263446,4.881572626799065,3.1820946537056085
2019-10-10,5.278986239918576,5.059182323701592,4.898627057475305,5.283235252983956,5.062094942568033,4.89862716570599,5.285548079646349,5.061274350324294,4.898986294282584,5.285548079646349,5.061274350324294,4.898986294282584,3.2036169831911905
2019-10-11,5.297822565153338,5.090290577880536,4.928748078201891,5.302086739385767,5.09322110606161,4.928748187098073,5.304407672130557,5.092395468102881,4.929109523909581,5.304407672130557,5.092395468102881,4.929109523909581,3.2368300382135455
2019-10-14,5.2857969601033705,5.086560074174765,4.925135963590902,5.290051454973854,5.089488454669755,4.925136072407278,5.2923671457002675,5.08866342179347,4.925497144407123,5.2923671457002675,5.08866342179347,4.925497144407123,3.233223980248803
2019-10-15,5.294609184660884,5.102414337515558,4.940487085256097,5.298870772413509,5.105351845459129,4.9404871944116415,5.301190471400323,5.104524241043671,4.940849391834265,5.301190471400323,5.104524241043671,4.940849391834265,3.265232694033442
2019-10-16,5.309261292776907,5.109174471763578,4.947032683817425,5.313534673959114,5.112115871580043,4.947032793117588,5.315860654381702,5.111287170680336,4.947395470411707,5.315860654381702,5.111287170680336,4.947395470411707,3.2599896851930823
2019-10-17,5.330737241178204,5.138025948731208,4.97496854710103,5.33502790817675,5.140983958614432,4.97496865701841,5.337363201926533,5.140150578045817,4.97533338234899,5.337363201926533,5.140150578045817,4.97533338234899,3.269603517849592
2019-10-18,5.332815503030697,5.151873278835094,4.988376426394665,5.337107842822833,5.15483926075655,4.98837653660828,5.339443970960291,5.154003634170505,4.988742244898483,5.339443970960291,5.154003634170505,4.988742244898483,3.2552914712018084
2019-10-21,5.3410426977626795,5.184622082257148,5.020085932848237,5.3453416595608605,5.1876069179728725,5.020086043762444,5.347681366160324,5.186765979577061,5.020454076742767,5.347681366160324,5.186765979577061,5.020454076742767,3.2773604286281626
2019-10-22,5.307916835595182,5.1286624817860975,4.965902233694175,5.312189134607896,5.131615101033297,4.965902343411243,5.314514127530028,5.130783239205826,4.966266404071459,5.314514127530028,5.130783239205826,4.966266404071459,3.2666540733267833
2019-10-23,5.323305610102235,5.137259853520734,4.974226764242355,5.327590295345326,5.140217422355736,4.974226874143346,5.329921855220032,5.139384166046685,4.974591545092276,5.329921855220032,5.139384166046685,4.974591545092276,3.276159020337144
2019-10-24,5.313734083285486,5.14718521867655,4.983837143785275,5.318011064522565,5.150148501637661,4.9838372538985976,5.3203384747318365,5.149313635448368,4.984202629404517,5.3203384747318365,5.149313635448368,4.984202629404517,3.281510914823653
2019-10-25,5.281426990533066,5.128225100519915,4.965478732905339,5.2856779680209565,5.131177467962604,4.96547884261305,5.287991200030393,5.1303456770777585,4.965842872225539,5.287991200030393,5.1303456770777585,4.965842872225539,3.2949493099738794
2019-10-28,5.259310498829467,5.118202631031808,4.955774330676713,5.263543674895305,5.12114922844451,4.955774440170013,5.265847281032193,5.120319063190093,4.956137758332515,5.265847281032193,5.120319063190093,4.956137758332515,3.3135210950816405
2019-10-29,5.295261733022165,5.128654709729938,4.965894708287468,5.299523845949447,5.131607324502692,4.965894818004369,5.3018433916148116,5.130775463935838,4.966258878112882,5.3018433916148116,5.130775463935838,4.966258878112882,3.3125385579379327
2019-10-30,5.302680471629955,5.137976900956224,4.974921055877692,5.306948556135037,5.140934882602181,4.974921165794021,5.3092710071171165,5.140101509989047,4.9752858876429205,5.3092710071171165,5.140101509989047,4.9752858876429205,3.3226990185352143
2019-10-31,5.298597605533087,5.141797119882329,4.978620038558989,5.30286240375125,5.144757300864267,4.978620148557044,5.3051831392738436,5.143923308617006,4.978985141586086,5.3051831392738436,5.143923308617006,4.978985141586086,3.3138495851117753
2019-11-01,5.347372900047605,5.2153578648692305,5.0555763886566005,5.351676957153059,5.2183601771186865,5.0555765003549356,5.354019055848736,5.215597405336587,5.055947135214667,5.354019055848736,5.215597405336587,5.055947135214667,3.3445491048142575
2019-11-04,5.305672799160287,5.208821720558177,5.058978870135402,5.30994329221231,5.211820382168482,5.058978981908912,5.312267126681734,5.210346537609569,5.059349866211663,5.312267126681734,5.210346537609569,5.059349866211663,3.3579860334911342
2019-11-05,5.268948727765126,5.19421553772968,5.0532608211782035,5.273189661970559,5.197205889019172,5.053260932825379,5.275497411715136,5.197595351907729,5.053631397926023,5.275497411715136,5.197595351907729,5.053631397926023,3.354271823116917
2019-11-06,5.304191463602031,5.213727907637793,5.063112811500825,5.308460764374718,5.216728966160779,5.06311292336567,5.31078395007459,5.214696335995569,5.063484110736294,5.31078395007459,5.214696335995569,5.063484110736294,3.355036222349988
2019-11-07,5.2728923456713845,5.198429102942928,5.050441782522772,5.277136454056032,5.201421358501131,5.050441894107663,5.279445931059891,5.199739229875762,5.050812152538698,5.279445931059891,5.199739229875762,5.050812152538698,3.3668351002962362
2019-11-08,5.294548667083313,5.225807418762308,5.077124192221643,5.298810206457379,5.228815394535292,5.077124304396057,5.301129168715463,5.2270740005363425,5.077496518970253,5.301129168715463,5.2270740005363425,5.077496518970253,3.3751386390155775
2019-11-11,5.311118293353919,5.2346614477900735,5.079910476954375,5.31539316944945,5.2376742556665805,5.07991058919035,5.317719389004594,5.233776542271664,5.080283008032896,5.317719389004594,5.233776542271664,5.080283008032896,3.3686931220291876
2019-11-12,5.311925542656452,5.239532341783842,5.0824184635501535,5.316201068466114,5.242547763391581,5.08241857584154,5.318527641548968,5.237675192355261,5.08279117854982,5.318527641548968,5.237675192355261,5.08279117854982,3.375793785984162
2019-11-13,5.341977798527188,5.256448689940756,5.094739362575963,5.346277513098572,5.259473875145834,5.094739475139568,5.348617248720536,5.254235700754653,5.095112981118678,5.348617248720536,5.254235700754653,5.095112981118678,3.376886308629031
2019-11-14,5.353883004942909,5.2667367944698835,5.102306831809074,5.358192301888386,5.2697676617429945,5.102306944539875,5.360537251843145,5.265156665412378,5.1026810053059535,5.360537251843145,5.265156665412378,5.1026810053059535,3.381802660530942
2019-11-15,5.398538031703808,5.315896319139308,5.152754843711585,5.402883271130003,5.3189555965159965,5.152754957556989,5.405247779577153,5.315736119045528,5.1531327167721415,5.405247779577153,5.315736119045528,5.1531327167721415,3.4062737013026587
2019-11-18,5.412741123866876,5.3406574318319375,5.173683166945077,5.417097795215802,5.343730968974675,5.173683281252873,5.41946852444684,5.338498865233606,5.1740625747670945,5.41946852444684,5.338498865233606,5.1740625747670945,3.4087876032408695
2019-11-19,5.417328637563609,5.358336271286954,5.195827690874567,5.421689001349341,5.36142010220709,5.195827805671626,5.424061739849689,5.359720079074328,5.196208722647128,5.424061739849689,5.359720079074328,5.196208722647128,3.4078046994788247
2019-11-20,5.4183559705630335,5.350865227574506,5.182381209714056,5.4227171612356315,5.35394461021436,5.1823813242140275,5.425090349692131,5.351394331812452,5.182761255399924,5.425090349692131,5.351394331812452,5.182761255399924,3.395131070180007
2019-11-21,5.379912391087625,5.31824407341234,5.152970087476863,5.384242638881005,5.321304617965367,5.152970201327022,5.386598989467452,5.317549245521187,5.153347976322144,5.386598989467452,5.317549245521187,5.153347976322144,3.38966735710065
2019-11-22,5.386958890117352,5.334340441095722,5.1671077980767635,5.391294809625387,5.337409887271626,5.167107912239283,5.393654246563614,5.3297329751093265,5.167486723699485,5.393654246563614,5.3297329751093265,5.167486723699485,3.397207229823595
2019-11-25,5.420373404421592,5.384159833139417,5.220204901651202,5.424736219004382,5.387258129676936,5.220205016986854,5.427110291187013,5.38005440672392,5.220587721106571,5.427110291187013,5.38005440672392,5.220587721106571,3.4235355590915892
2019-11-26,5.45699885006888,5.403306052685886,5.236503290731347,5.4613911441307375,5.406415496088869,5.236503406427096,5.463781257859047,5.402378827461379,5.236887305415744,5.463781257859047,5.402378827461379,5.236887305415744,3.4312924698701592
2019-11-27,5.476777553272351,5.433040531029149,5.265028777975784,5.4811857670535735,5.4361670466080385,5.265028894301778,5.483584543668335,5.430612212335029,5.265414884553449,5.483584543668335,5.430612212335029,5.265414884553449,3.4465870536616507
2019-11-29,5.4508559667598675,5.406227349983951,5.238459149341922,5.455243316477145,5.409338420533512,5.238459265080883,5.457630739695176,5.402113927097221,5.23884330745761,5.457630739695176,5.402113927097221,5.23884330745761,3.4338052719533576
2019-12-02,5.395092373041821,5.346884239144846,5.1807267660289185,5.399434838695943,5.34996116033248,5.180726880492335,5.401545237379469,5.34281587534789,5.181106690387511,5.401545237379469,5.34281587534789,5.181106690387511,3.404636017190367
2019-12-03,5.3668178871719645,5.3164720826819245,5.144721733442886,5.3711375964364345,5.319531503432455,5.144721847110803,5.373699015216969,5.312426656003777,5.145099017401872,5.373699015216969,5.312426656003777,5.145099017401872,3.381802660530942
2019-12-04,5.401204368681182,5.347898964466374,5.177669030556014,5.405551755121173,5.350976470528274,5.177669144951872,5.40804367305382,5.3438294881400825,5.178048730678077,5.40804367305382,5.3438294881400825,5.178048730678077,3.402668743192928
2019-12-05,5.417705145640798,5.3636126735902865,5.192806206081605,5.422065811609631,5.366699221743057,5.192806320811905,5.424504678209954,5.3595314326143955,5.193187016276051,5.424504678209954,5.3595314326143955,5.193187016276051,3.408787603240869
2019-12-06,5.4356971391762885,5.383296135182124,5.224707454353655,5.4400722860390305,5.386394010009991,5.224707569788784,5.4425906813885,5.379200055573571,5.225090604000042,5.4425906813885,5.379200055573571,5.225090604000042,3.439923032146287
2019-12-09,5.435296055902472,5.381416958467109,5.217894801748322,5.43967087861719,5.384513751800522,5.2178949170329325,5.4420918088611625,5.377322345706322,5.218277451794405,5.4420918088611625,5.377322345706322,5.218277451794405,3.429108157817095
2019-12-10,5.455483688210574,5.410134348548275,5.231195801492312,5.459874759535728,5.413247667700479,5.231195917070796,5.462372325448081,5.406017851701966,5.231579426956328,5.462372325448081,5.406017851701966,5.231579426956328,3.425283595323379
2019-12-11,5.452443065383614,5.4184663443017325,5.2540946519319265,5.456831690269421,5.421584457822739,5.25409476801634,5.459351144300752,5.414343640601827,5.2544799566644045,5.459351144300752,5.414343640601827,5.2544799566644045,3.435006313626039
2019-12-12,5.458829037210302,5.438895216008868,5.30261794661056,5.463222799836774,5.4420250843836655,5.302618063767051,5.46527122423701,5.434757387278471,5.303006809759152,5.46527122423701,5.434757387278471,5.303006809759152,3.464613310683652
2019-12-13,5.4705764976882465,5.438769595692813,5.284595800145966,5.4749797148929655,5.441899392037973,5.284595916904274,5.477031632115131,5.434631768308511,5.284983341655193,5.477031632115131,5.434631768308511,5.284983341655193,3.4666887370905664
2019-12-16,5.5217877734030125,5.498565865537886,5.350097772946572,5.526232209217542,5.50173007256438,5.350097891152086,5.5283518566551,5.4943824371056165,5.350490117989382,5.5283518566551,5.4943824371056165,5.350490117989382,3.4905049975120366
2019-12-17,5.515749162430299,5.493648015174903,5.3475679751142415,5.520188737207591,5.496809392071001,5.347568093263861,5.521817558031522,5.489468365308389,5.347960134636396,5.521817558031522,5.489468365308389,5.347960134636396,3.4912701299817823
2019-12-18,5.523122404064594,5.490417438947261,5.342275476569387,5.527567913884319,5.493576957248299,5.342275594602075,5.529304283560902,5.486240075490916,5.342667247970492,5.529304283560902,5.486240075490916,5.342667247970492,3.4914882678924193
2019-12-19,5.547387946405129,5.512246261437079,5.35869888554808,5.551852986309687,5.51541834127394,5.358699003943628,5.5536306364495,5.508052321853837,5.359091861346444,5.5536306364495,5.508052321853837,5.359091861346444,3.505799947921866
2019-12-20,5.583818614343096,5.547908147847176,5.389019292470668,5.588312978319028,5.551100749717569,5.389019411536118,5.59010802500927,5.5436870652078944,5.389414491791267,5.59010802500927,5.5436870652078944,5.389414491791267,3.5211700550908214
2019-12-23,5.570027405930229,5.550237871965851,5.403269075751032,5.574510670224288,5.553431814513918,5.403269195131317,5.576421078075033,5.5460150120781035,5.403665320067828,5.576421078075033,5.5460150120781035,5.403665320067828,3.5265505458076323
2019-12-24,5.589432623096939,5.576505184742207,5.426992498602061,5.593931506329573,5.579714243287344,5.426992618506494,5.595979567412569,5.572262268304341,5.427390482656662,5.595979567412569,5.572262268304341,5.427390482656662,3.5266601646904565
2019-12-26,5.60702851626702,5.588858856268231,5.440324045672356,5.61154156223968,5.592075023786869,5.4403241658713375,5.613508471685774,5.5846065682338395,5.440723007385054,5.613508471685774,5.5846065682338395,5.440723007385054,3.5454332232653436
2019-12-27,5.611646815501084,5.586686395939817,5.430159028710854,5.61616357907302,5.5899013134829945,5.430159148685249,5.618075310654604,5.58243569205871,5.430557244980349,5.618075310654604,5.58243569205871,5.430557244980349,3.5445548057294016
2019-12-30,5.598832982821134,5.572986686289195,5.413789203867517,5.60333943137229,5.576193720067448,5.413789323480236,5.605167625696982,5.56874645039213,5.414186219669301,5.605167625696982,5.56874645039213,5.414186219669301,3.52501258188306
2019-12-31,5.615903745488033,5.5889718564233535,5.427479588653423,5.620423934791017,5.592188089329102,5.427479708568619,5.622273896754965,5.5847193519933205,5.427877608428375,5.622273896754965,5.5847193519933205,5.427877608428375,3.53357605300348
2020-01-02,5.637158998387643,5.651451825380113,5.486366705570992,5.641696289977442,5.65470401374647,5.486366826787245,5.643563181227061,5.64715178179628,5.486769043784483,5.643563181227061,5.64715178179628,5.486769043784483,3.566621196827395
2020-01-03,5.606697440321918,5.598375770050963,5.4271787819845265,5.611210206297131,5.60159741551739,5.427178901893076,5.613062018568361,5.594116110347504,5.427576779700068,5.613062018568361,5.594116110347504,5.427576779700068,3.5396146236355723
2020-01-06,5.604271905766112,5.598657866928192,5.422515267701142,5.608782706295704,5.601879675118178,5.422515387506656,5.610614694100885,5.5943979928943905,5.422912923421679,5.610614694100885,5.5943979928943905,5.422912923421679,3.5531186434681583
2020-01-07,5.5883251951910715,5.588997766505321,5.424013348221573,5.5928231562173965,5.592214015977027,5.424013468060184,5.594665532575522,5.584745243944023,5.424411113802619,5.594665532575522,5.584745243944023,5.424411113802619,3.5431264606876534
2020-01-08,5.602498577770089,5.612841690944796,5.450993937405365,5.607007944256344,5.616071662135675,5.450994057840088,5.60887548357966,5.6085710259077235,5.451393681585844,5.60887548357966,5.6085710259077235,5.451393681585844,3.5620109712370502
2020-01-09,5.647607572991119,5.676797351851249,5.513017384480775,5.652153257489014,5.680064127806901,5.513017506285848,5.6540259320909705,5.672478024189508,5.513421677099998,5.6540259320909705,5.672478024189508,5.513421677099998,3.5861641539104108
2020-01-10,5.642820177569277,5.671756625751124,5.50466366708581,5.647362002233064,5.675020500251242,5.504663788706315,5.649202153695341,5.667441132537767,5.505067347092003,5.649202153695341,5.667441132537767,5.505067347092003,3.575843481099771
2020-01-13,5.694109340393964,5.722499698169061,5.5536977513817884,5.69869245250378,5.725792772902322,5.553697874085657,5.700543998901143,5.71814559545169,5.554105027262434,5.700543998901143,5.71814559545169,5.554105027262434,3.6004362391594396
2020-01-14,5.696795125219524,5.709731876792974,5.548505534274817,5.70138039623482,5.713017603305232,5.548505656863968,5.703193154967336,5.705387489551312,5.548912429388468,5.703193154967336,5.705387489551312,5.548912429388468,3.594947596033153
2020-01-15,5.715830868180598,5.702772884347195,5.537327564514412,5.720431468146478,5.706054606473841,5.537327686856597,5.722253399008535,5.698433792138331,5.5377336399007975,5.722253399008535,5.698433792138331,5.5377336399007975,3.603070391912253
2020-01-16,5.756269293531819,5.754878301178263,5.594898619777586,5.760902451830557,5.758190007570323,5.5948987433917505,5.762727828413047,5.750499563721336,5.595308917090206,5.762727828413047,5.750499563721336,5.595308917090206,3.633042907452059
2020-01-17,5.78129936277269,5.76654711106586,5.601201280219092,5.785952667772318,5.769865533163281,5.6012014039725075,5.787779223788241,5.762159495449336,5.601612039732157,5.787779223788241,5.762159495449336,5.601612039732157,3.6443497835897785
2020-01-21,5.798088248833901,5.768424037899954,5.588578278158876,5.8027550456733,5.771743539359116,5.588578401633399,5.804602149048896,5.764034993723474,5.588988111974414,5.804602149048896,5.764034993723474,5.588988111974414,3.637214657511107
2020-01-22,5.807300301680155,5.793292490420743,5.6092110647563675,5.811974514982738,5.796626302732678,5.609211188686752,5.813831059292201,5.78888452434814,5.609622411660429,5.813831059292201,5.78888452434814,5.609622411660429,3.6376523998057295
2020-01-23,5.819126140495664,5.789486332947933,5.603059363497178,5.823809870717362,5.7928179545975365,5.603059487291646,5.825660802459975,5.7850812618784495,5.603470259271262,5.825660802459975,5.7850812618784495,5.603470259271262,3.641824149864778
2020-01-24,5.755493545198669,5.72008017286448,5.5331284053896885,5.760126061858585,5.723371854080637,5.533128527639096,5.761988481024925,5.715727911111177,5.533534172834176,5.761988481024925,5.715727911111177,5.533534172834176,3.609438552429493
2020-01-27,5.674930941857088,5.624373896768796,5.43095305291841,5.6794985984367,5.62761050290878,5.430953172910346,5.681312690628603,5.620094455002461,5.431351327417022,5.681312690628603,5.620094455002461,5.431351327417022,3.5515814127802607
2020-01-28,5.7318354319941385,5.702912082114463,5.510855724788128,5.736448888929524,5.706193883943743,5.51085584654544,5.738296671599088,5.698572881866202,5.511259858883806,5.738296671599088,5.698572881866202,5.511259858883806,3.5887983066632247
2020-01-29,5.699542596847797,5.662106856836957,5.493832382928586,5.704130093731208,5.665365177487436,5.4938325043097835,5.7059479245531675,5.657798704972424,5.494235268631417,5.7059479245531675,5.657798704972424,5.494235268631417,3.5858338307885904
2020-01-30,5.7245246977044255,5.671762636000775,5.4843813615621455,5.729132298661795,5.675026512607902,5.484381482734531,5.730968107415826,5.6674471378436895,5.484783554182057,5.730968107415826,5.6674471378436895,5.484783554182057,3.597471396666468
2020-01-31,5.60101737302891,5.533444733321996,5.338795668758217,5.605525552659973,5.536629013888483,5.33879578671402,5.607348168352166,5.529234477424379,5.339187184970463,5.607348168352166,5.529234477424379,5.339187184970463,3.5321477079617316
2020-02-03,5.657037986926282,5.58721043149255,5.390670059911373,5.661591259136179,5.590425652111044,5.390670179013293,5.663380235190154,5.58295926665688,5.391065380289651,5.663380235190154,5.58295926665688,5.391065380289651,3.5583869489737854
2020-02-04,5.7362088579332875,5.712915450011997,5.511953173912928,5.74082585026293,5.716203008941774,5.511953295694488,5.742968619555768,5.708568639458138,5.512357388489139,5.742968619555768,5.708568639458138,5.512357388489139,3.6126215328331015
2020-02-05,5.784911518745455,5.766513870238129,5.563666171430076,5.789567713165532,5.769832272958013,5.563666294354188,5.791227733169768,5.762126278023707,5.56407417833665,5.791227733169768,5.762126278023707,5.56407417833665,3.654339766660261
2020-02-06,5.800070430265109,5.777324141514591,5.574096171592783,5.804738807528489,5.780648765121897,5.574096294747335,5.80652215703821,5.772928324042559,5.574504943374885,5.80652215703821,5.772928324042559,5.574504943374885,3.66663687892677
2020-02-07,5.780184269182285,5.731693922916202,5.530071079600706,5.78483662402306,5.734992288121132,5.530071201782564,5.786645387063346,5.7273328243048836,5.530476622838708,5.786645387063346,5.7273328243048836,5.530476622838708,3.647095388317103
2020-02-10,5.850914236499398,5.803079611977687,5.598945646157365,5.85562352074031,5.806419056848785,5.5989457698609435,5.857368603449921,5.798664197830051,5.599356240255353,5.857368603449921,5.798664197830051,5.599356240255353,3.6743222991295856
2020-02-11,5.910792187918437,5.8615609154,5.655369762501063,5.9155496704842285,5.864934013969106,5.655369887451281,5.917345913024469,5.857101004331459,5.655784494415458,5.917345913024469,5.857101004331459,5.655784494415458,3.6806893597918138
2020-02-12,5.935737401118902,5.902468640637248,5.694838483495093,5.940514977570859,5.905865279998892,5.694838609317336,5.942376945546978,5.897977603931832,5.6952561098158485,5.942376945546978,5.897977603931832,5.6952561098158485,3.704402600460529
2020-02-13,5.973424731115441,5.93366680403599,5.724939194291642,5.978232642635682,5.9370813967178915,5.724939320778934,5.980154905270427,5.929152029449783,5.725359028023397,5.980154905270427,5.929152029449783,5.725359028023397,3.7004508214038028
2020-02-14,5.9954524490401155,5.945048448487492,5.735920468530293,6.000278098601897,5.948469590859684,5.735920595260206,6.002225747782637,5.940525013900511,5.736341107564809,6.002225747782637,5.940525013900511,5.736341107564809,3.706379406534735
2020-02-18,5.9939295492736635,5.944380614365975,5.735276126698533,5.998753951952263,5.947801372425804,5.73527625341421,6.000656104376207,5.939857687916814,5.735696718480768,6.000656104376207,5.939857687916814,5.735696718480768,3.696828265613887
2020-02-19,6.020328838201583,6.003815134781403,5.792619928879804,6.025174491554163,6.007270095078258,5.79262005686244,6.0272565051830655,5.999246986133023,5.793044725922854,6.0272565051830655,5.999246986133023,5.793044725922854,3.7145033022688465
2020-02-20,5.974796159564595,5.969296471564968,5.7593155229350845,5.979605179908492,5.972731567724065,5.7593156501818905,5.981735569179118,5.96475458728036,5.759737877626774,5.981735569179118,5.96475458728036,5.759737877626774,3.699242447364378
2020-02-21,5.89363429463687,5.868222104342871,5.661796631908978,5.898377986735002,5.871599036165135,5.661796757001193,5.900359196259798,5.8637571249468445,5.662211835132583,5.900359196259798,5.8637571249468445,5.662211835132583,3.661147869182147
2020-02-24,5.7256411753312495,5.659414627291494,5.460334340730196,5.7302496416288955,5.662671398594705,5.460334461371286,5.732100735327926,5.6551085241387655,5.46073476988151,5.732100735327926,5.6551085241387655,5.46073476988151,3.539724975755073
2020-02-25,5.566539657844772,5.471509266957798,5.279038895987636,5.5710200573775595,5.47465790609089,5.279039012623168,5.572872299295653,5.467346136164904,5.279426029985843,5.572872299295653,5.467346136164904,5.279426029985843,3.4324623489841803
2020-02-26,5.54354167178349,5.447078771728355,5.2554677882234015,5.548003535789114,5.450213352068969,5.255467904338151,5.549554703414466,5.44293422947146,5.255853193653706,5.549554703414466,5.44293422947146,5.255853193653706,3.4198363800691993
2020-02-27,5.300973508782261,5.214939332070265,5.03149427900385,5.305240145711135,5.217940325261817,5.03149439017011,5.306868791451436,5.210971418747423,5.031863259520107,5.306868791451436,5.210971418747423,5.031863259520107,3.266247493590826
2020-02-28,5.219231438477245,5.161052131169423,4.97950265920173,5.223432263667576,5.164022114388908,4.979502769219282,5.225316605535455,5.157125219232938,4.979867826955088,5.225316605535455,5.157125219232938,4.979867826955088,3.2525231361375804
2020-03-02,5.4517085560895255,5.409544283184647,5.227249985296933,5.456074534146106,5.41265726433063,5.227250100788236,5.458036219574302,5.405428299485459,5.2276333213977475,5.458036219574302,5.405428299485459,5.2276333213977475,3.393379367764846
2020-03-03,5.364894658302411,5.313117557207452,5.113095966547943,5.369194088171178,5.316175048404093,5.113096079517118,5.371116636578507,5.309074942394088,5.113470931257192,5.371116636578507,5.309074942394088,5.113470931257192,3.2962181760389453
2020-03-04,5.587859669319453,5.563207515919934,5.3492535736472275,5.592234984029915,5.566408924037394,5.349253691834089,5.594217072849682,5.5589746145950585,5.349645856781372,5.594217072849682,5.5589746145950585,5.349645856781372,3.434767278470184
2020-03-05,5.468853538793599,5.407940958556757,5.183932697713347,5.47312614862165,5.411053016825256,5.183932812247595,5.475064757613619,5.403826195666102,5.184312857176318,5.475064757613619,5.403826195666102,5.184312857176318,3.320591696332966
2020-03-06,5.408643113615028,5.3166346020153705,5.056528086691897,5.413144234545947,5.319694117163536,5.0565281984112564,5.415049165220904,5.312589312791143,5.056898903041959,5.415049165220904,5.312589312791143,5.056898903041959,3.265697932703356
2020-03-09,5.089576864309621,4.913295094567119,4.521095923897699,5.0940508754698,4.91612250446127,4.521096023787175,5.095834594829687,4.909556698230474,4.521427474768185,5.095834594829687,4.909556698230474,4.521427474768185,3.010664835774692
2020-03-10,5.245715013841992,5.091120241853431,4.723052996055575,5.250166128906735,5.09404998336419,4.723053100407108,5.251980804402177,5.087246542012714,4.72339935728271,5.251980804402177,5.087246542012714,4.72339935728271,3.1664514158754367
2020-03-11,4.990189064524366,4.853993511691132,4.46815099282617,4.994510166123021,4.856786796159562,4.468151091545876,4.996224806629392,4.850300236713978,4.468478661023456,4.996224806629392,4.850300236713978,4.468478661023456,3.0120907977972484
2020-03-12,4.567758764418764,4.409483874261461,4.035203451933447,4.571530153920587,4.41202136076945,4.035203541087575,4.573036042398195,4.406128814558125,4.035499370277052,4.573036042398195,4.406128814558125,4.035499370277052,2.7239036713985194
2020-03-13,4.891390220125854,4.751458223247021,4.3738268594207845,4.895282646487199,4.7541925029314385,4.373826956056487,4.896922027090434,4.747842964210683,4.374147610434921,4.896922027090434,4.747842964210683,4.374147610434921,2.9567600251096913
2020-03-16,4.35906166679453,4.209853124524246,3.8119570521438164,4.362738730003225,4.2122757316235795,3.811957136365519,4.364206663783868,4.206649959961433,3.81223659889535,4.364206663783868,4.206649959961433,3.81223659889535,2.633220075763514
2020-03-17,4.7530604920642,4.549952230692538,4.071552397463258,4.757043214084671,4.55257055157886,4.071552487420482,4.758606226341385,4.546490295798132,4.071850981427044,4.758606226341385,4.546490295798132,4.071850981427044,2.7753930171488492
2020-03-18,4.498302408975837,4.357786049251241,3.882733744052597,4.5018464285605235,4.360293786051922,3.8827338298380454,4.503229467783245,4.354470328064032,3.8830184811549224,4.503229467783245,4.354470328064032,3.8830184811549224,2.634866925334236
2020-03-19,4.390077964554988,4.304782522774824,3.8762818666990904,4.393668143399476,4.307259757996312,3.8762819523419907,4.3950795471668656,4.301507129685619,3.876566130658269,4.3950795471668656,4.301507129685619,3.876566130658269,2.6404655539616835
2020-03-20,4.121515504999832,4.060475898024778,3.701706126116409,4.125001117186921,4.062812544183375,3.7017062079022183,4.1262892619621505,4.057386390962674,3.7019775877064873,4.1262892619621505,4.057386390962674,3.7019775877064873,2.5266771207885537
2020-03-23,3.9659183433219836,3.953008217445641,3.6076475367213447,3.969288363018005,3.9552830201392086,3.607647616429016,3.9705597965921595,3.9500004800552406,3.607912100601727,3.9705597965921595,3.9500004800552406,3.607912100601727,2.462074570353098
2020-03-24,4.278800784042274,4.297610271967664,3.9579849991845335,4.282412570508051,4.300083379478874,3.9579850866325903,4.283847777847972,4.2943403354893315,3.958275254776085,4.283847777847972,4.2943403354893315,3.958275254776085,2.685146430571791
2020-03-25,4.386102348948284,4.368157789215213,4.006363796224424,4.389809400547141,4.370671494019278,4.006363884741366,4.391321363979575,4.364834174799485,4.006657599635473,4.391321363979575,4.364834174799485,4.006657599635473,2.7253439315362264
2020-03-26,4.659615981410843,4.633412804255633,4.253763065118957,4.663434550073037,4.636079153037066,4.253763159101959,4.665000005562251,4.62988736488175,4.254075011352972,4.665000005562251,4.62988736488175,4.254075011352972,2.88447608727313
2020-03-27,4.626049952262757,4.5318709980193015,4.107920556344867,4.629687482156637,4.53447891341096,4.107920647105613,4.631210134378487,4.528422820176725,4.108221807337827,4.631210134378487,4.528422820176725,4.108221807337827,2.798559629876793
2020-03-30,4.768055231193291,4.653307692934918,4.203877533782385,4.771772922480416,4.655985490627863,4.203877626663212,4.773353263629608,4.649767118205367,4.204185821701775,4.773353263629608,4.649767118205367,4.204185821701775,2.889445415524766
2020-03-31,4.666891430134625,4.550768556219916,4.119873062751011,4.670478693219357,4.5533873468350805,4.119873153775836,4.672031685669797,4.547306000049639,4.120175190271248,4.672031685669797,4.547306000049639,4.120175190271248,2.8463769263616836
2020-04-01,4.467344310604001,4.356186622905468,3.943715375174366,4.4707858682112604,4.3587009255126326,3.943722235895206,4.472262602879327,4.352870000913797,3.9440026653243123,4.472262602879327,4.352870000913797,3.9440026653243123,2.718276079922432
2020-04-02,4.56093470959994,4.447448279897242,4.026335802396168,4.564452468402579,4.450019254991666,4.026346424309536,4.565957352226529,4.444063452616297,4.026630268836312,4.565957352226529,4.444063452616297,4.026630268836312,2.781000811234727
2020-04-03,4.495557413310607,4.383697719444288,3.9686215474300637,4.499025654367489,4.386232725443073,3.968632816693343,4.5005068888982045,4.3803602706554825,3.968910759778989,4.5005068888982045,4.3803602706554825,3.968910759778989,2.740804043506966
2020-04-06,4.768862718436017,4.650202566928371,4.209892033651904,4.772531530678123,4.652881666222084,4.209894920907206,4.77411728414762,4.646666296748978,4.210202522796075,4.77411728414762,4.646666296748978,4.210202522796075,2.9248931926215502
2020-04-07,4.773529544485974,4.654753271731222,4.214011848997857,4.7772152970166655,4.657448008086017,4.214026515217814,4.77877860975901,4.651203182486691,4.214313256504653,4.77877860975901,4.651203182486691,4.214313256504653,2.9278750828672018
2020-04-08,4.943621651759732,4.820613100490999,4.364167022186339,4.947440846168658,4.823405913587661,4.364184072098698,4.949059607200594,4.816938317317983,4.364480804208875,4.949059607200594,4.816938317317983,4.364480804208875,3.0261599597966335
2020-04-09,5.031654609779769,4.906455598279095,4.441881410406118,5.035550806358553,4.909306910939661,4.44190669614013,5.037184814490532,4.902710912802361,4.442196735337339,5.037184814490532,4.902710912802361,4.442196735337339,3.0722094226595247
2020-04-13,4.954013326392038,4.830746206621947,4.373340661863933,4.957835705656462,4.8335401685051735,4.373353475355638,4.959462758147249,4.827063743235843,4.37365514362154,4.959462758147249,4.827063743235843,4.37365514362154,3.0441590870616815
2020-04-14,5.113100527651718,4.9858749564606155,4.513780842423115,5.117032960830685,4.988746265133679,4.513782870462244,5.118732144924102,4.982081236018702,4.514111762950658,5.118732144924102,4.982081236018702,4.514111762950658,3.1339408015871646
2020-04-15,5.0033063447179025,4.878812702531847,4.416855918523024,5.007130811733646,4.881599420461212,4.416837151757967,5.008827332536113,4.875110469031153,4.417188815556844,5.008827332536113,4.875110469031153,4.417188815556844,3.067350813145724
2020-04-16,5.093039446688787,4.96631304082221,4.4960711724412565,5.096938012702679,4.969155107877312,4.496056927843282,5.0986572294112165,4.962542245296052,4.496408079755041,5.0986572294112165,4.962542245296052,4.496408079755041,3.0821489957086414
2020-04-17,5.205660962726163,5.076132277375978,4.595492030448056,5.209634233553096,5.079025975461275,4.595467323503087,5.2114083898546815,5.072283373544334,4.595841166940292,5.2114083898546815,5.072283373544334,4.595841166940292,3.16541498583616
2020-04-20,5.140589230621046,5.012679677975312,4.538047523700941,5.144560438623763,5.01558361464461,4.538065117358158,5.146241130318195,5.0088558348985694,4.538371409878551,5.146241130318195,5.0088558348985694,4.538371409878551,3.109646470853981
2020-04-21,4.965500324737837,4.841947382321013,4.383481239540786,4.969327774564976,4.8447441252287,4.383490737355412,4.970966494095855,4.8382603726727815,4.383800067851453,4.970966494095855,4.8382603726727815,4.383800067851453,3.0152266677445256
2020-04-22,5.028314446628119,4.903198545984064,4.438932756382409,5.03220387969008,4.906043893475276,4.438954340667634,5.0338440103885285,4.899459295613071,4.439250544236185,5.0338440103885285,4.899459295613071,4.439250544236185,3.082148995708642
2020-04-23,5.016688868789114,4.891862238964788,4.4286698424717565,5.020591917159536,4.894723048925603,4.428711319376971,5.022195571110421,4.888121825881644,4.428978008913652,5.022195571110421,4.888121825881644,4.428978008913652,3.081927924851308
2020-04-24,5.082484949702472,4.95602116372777,4.486753795237229,5.08642954831607,4.958910096195294,4.4867873126373174,5.088070053508664,4.952237707196938,4.487071452261156,5.088070053508664,4.952237707196938,4.487071452261156,3.1248853286582174
2020-04-27,5.139078965615739,5.011206991798528,4.536714280747654,5.143081605385053,5.014141856529538,4.536760624658531,5.144719139077757,5.007374475103666,4.537029194977078,5.144719139077757,5.007374475103666,4.537029194977078,3.1699423556822968
2020-04-28,5.137762512324042,5.0099232948590835,4.535552132337728,5.141730240204003,5.012824370781177,4.535568572730656,5.143414446158387,5.0061046125813995,4.535878611299788,5.143414446158387,5.0061046125813995,4.535878611299788,3.1553648773583767
2020-04-29,5.172781153657959,5.044070592744548,4.566466148505784,5.176843120037887,5.0470569523319,4.566541974063028,5.178437558182969,5.040192739153461,4.566764822472623,5.178437558182969,5.040192739153461,4.566764822472623,3.237967654913892
2020-04-30,5.097713861557078,4.970871145616331,4.500197687100595,5.101735141124585,4.97383196977782,4.5002885199131315,5.103280439283832,4.967042032841953,4.500485199924196,5.103280439283832,4.967042032841953,4.500485199924196,3.2078195291905653
2020-05-01,4.981002407685742,4.857063738184729,4.397166283409862,4.984931617503884,4.859956771654682,4.397255033874542,4.986441518686489,4.853322272271569,4.3974471954132675,4.986441518686489,4.853322272271569,4.3974471954132675,3.122897157415558
2020-05-04,4.995860016770962,4.871551656161357,4.410282393857993,4.999800941941233,4.874453314342546,4.410371404719602,5.00131531915859,4.867798998176014,4.410564114949187,5.00131531915859,4.867798998176014,4.410564114949187,3.131511588484849
2020-05-05,5.069810839383964,4.9436624141020316,4.475565250040228,5.0738100999594025,4.9466070240166955,4.4756555786299295,5.075346894599382,4.939854208809026,4.475851142296074,5.075346894599382,4.939854208809026,4.475851142296074,3.160444374420343
2020-05-06,5.01916982555642,4.894281463884633,4.43085999990492,5.023129136964879,4.897196659301893,4.430949424814951,5.024650571917983,4.890511287395056,4.431143027068482,5.024650571917983,4.890511287395056,4.431143027068482,3.139020665267469
2020-05-07,5.064892305962804,4.938866264979899,4.471223230592501,5.068887683341989,4.941808014961345,4.4713134686652225,5.070422968553557,4.935061733081462,4.4715088262978835,5.070422968553557,4.935061733081462,4.4715088262978835,3.1768982053940755
2020-05-08,5.11958900651207,4.992201987208475,4.519508789960609,5.123627535099436,4.995175509972477,4.519600006408043,5.125179424997852,4.988356397947354,4.519797495666488,5.125179424997852,4.988356397947354,4.519797495666488,3.2294635759641004
2020-05-11,5.146802040548143,5.018737899060001,4.543532114171025,5.150862023776293,5.021727215757745,4.543623804850693,5.152422094567917,5.0148717906347136,4.543822283773901,5.152422094567917,5.0148717906347136,4.543822283773901,3.230126421917766
2020-05-12,5.050690158534323,4.925017499283101,4.45868575345172,5.054674324001323,4.927950991981715,4.458775730797455,5.056205254869323,4.921223578913627,4.458970497124338,5.056205254869323,4.921223578913627,4.458970497124338,3.165746042194656
2020-05-13,4.983233090149178,4.8592389161946485,4.399135501835068,4.987164040746942,4.8621332268780995,4.399224275400105,4.988674511391448,4.855495652464273,4.399416428877855,4.988674511391448,4.855495652464273,4.399416428877855,3.1097564563551425
2020-05-14,5.023010593906562,4.898026665182158,4.434250581902143,5.026972924867503,4.900944081429122,4.434340066252161,5.028495466411476,4.894253537657066,4.434533765823506,5.028495466411476,4.894253537657066,4.434533765823506,3.1469715171464205
2020-05-15,5.040323031063692,4.914908329524611,4.449533783699741,5.044299016379336,4.9178357987545045,4.4496235744251225,5.045826792450077,4.911122182432289,4.449817930050767,5.045826792450077,4.911122182432289,4.449817930050767,3.1614375434958304
2020-05-18,5.150530823476568,5.0223739013878195,4.546823836846309,5.154593757230433,5.025365392700188,4.546915602005679,5.156155009893765,5.018505051151968,4.547114270247391,5.156155009893765,5.018505051151968,4.547114270247391,3.257735349037615
2020-05-19,5.094713945437148,4.967945874232958,4.497549398877473,5.098732853118108,4.970904950703716,4.497640173443692,5.1002772111653005,4.964118979626195,4.497836710612223,5.1002772111653005,4.964118979626195,4.497836710612223,3.22427446001931
2020-05-20,5.12739140944218,4.999810248606634,4.52639665314271,5.131436098104309,5.0027883082141145,4.526488013228425,5.132990382762454,4.995958832498054,4.526685829598956,5.132990382762454,4.995958832498054,4.526685829598956,3.2790479728343165
2020-05-21,5.07805331998507,4.951699803037751,4.482841608255779,5.082059090178132,4.954649207731322,4.482932090435293,5.083598426510617,4.947885455832595,4.483128010123551,5.083598426510617,4.947885455832595,4.483128010123551,3.256410023748621
2020-05-22,5.097732832667394,4.970889644682271,4.500214434558197,5.10175412788878,4.973850480533894,4.500305268316289,5.103299435694193,4.967060522119557,4.500501952494371,5.103299435694193,4.967060522119557,4.500501952494371,3.2625941418605846
2020-05-26,5.1381077409448475,5.010259933406557,4.535856895822509,5.14216089609386,5.013244229902375,4.535948458338896,5.143718502883301,5.006400552134592,4.536146753097344,5.143718502883301,5.006400552134592,4.536146753097344,3.3027916428250204
2020-05-27,5.236555801970642,5.106258382747831,4.622765605993326,5.240686616663186,5.109299859067217,4.622858922510223,5.242274065397994,5.102325051562955,4.623061014569877,5.242274065397994,5.102325051562955,4.623061014569877,3.351932431507219
2020-05-28,5.270410497636251,5.139270696580683,4.6526521055634165,5.274568018554101,5.1423318364718265,4.652746025574268,5.2761657315129575,5.1353119375785115,4.6529494252825305,5.2761657315129575,5.1353119375785115,4.6529494252825305,3.34574904663193
2020-05-29,5.329845606775621,5.197226925015836,4.705120672443682,5.334050011010002,5.200322584231035,4.705215650199243,5.335665732587636,5.193223512262334,4.705421335736593,5.335665732587636,5.193223512262334,4.705421335736593,3.36065831455102
2020-06-01,5.323857687011605,5.1913879983154425,4.699834612181301,5.328073247258049,5.194495661075883,4.6999434907172,5.329686582419734,5.187403982930567,4.700148437811636,5.329686582419734,5.187403982930567,4.700148437811636,3.374239324234418
2020-06-02,5.341581969149857,5.208671259999119,4.715481385548788,5.345806224750042,5.211784063536851,4.71558591683764,5.347425123111334,5.204668971258117,4.715791716835902,5.347425123111334,5.204668971258117,4.715791716835902,3.402179307712763
2020-06-03,5.393342679521182,5.25914404616347,4.761175089711417,5.3976230710505355,5.262301834368373,4.761294043993142,5.3992571099324325,5.255117238847785,4.76150135249993,5.3992571099324325,5.255117238847785,4.76150135249993,3.447456672357502
2020-06-04,5.374920687167176,5.241180434881192,4.744912386540007,5.379164434362927,5.244305965367792,4.745011507075676,5.380793684094815,5.237146717083049,4.745218811159961,5.380793684094815,5.237146717083049,4.745218811159961,3.438400832810217
2020-06-05,5.451820664682957,5.31616696604263,4.812798719581247,5.456139115741641,5.319350851179036,4.812911597015711,5.4577911722942405,5.312088661751774,4.813121420118186,5.4577911722942405,5.312088661751774,4.813121420118186,3.526524515905693
2020-06-08,5.4905472203851104,5.3539299169529695,4.8469860359221,5.494870707975291,5.357111422114842,4.847077098568706,5.496535422044696,5.349798585658767,4.8472892313248455,5.496535422044696,5.349798585658767,4.8472892313248455,3.5691526964457934
2020-06-09,5.413053953549796,5.278364858859742,4.778575954530904,5.417308682745003,5.281493917469926,4.77865890709667,5.418950179440718,5.274284577418945,4.778868293023299,5.418950179440718,5.274284577418945,4.778868293023299,3.542537671638105
2020-06-10,5.3795166208434075,5.245662011273824,4.748969618989993,5.3837527506529295,5.248779250165881,4.74905890400132,5.385383798042774,5.241614292241087,4.7492667446675405,5.385383798042774,5.241614292241087,4.7492667446675405,3.5227710773693945
2020-06-11,5.136397462708445,5.008592210782809,4.534347083704222,5.14044789496624,5.011574174609983,4.534437403943484,5.142005022864555,5.004732815592028,4.534635667912729,5.142005022864555,5.004732815592028,4.534635667912729,3.3196861490400713
2020-06-12,5.1633548738111585,5.034878860180989,4.558144747203834,5.167415683081983,5.037865866156853,4.558225943314419,5.16898137466841,5.03098900019655,4.5584255954868915,5.16898137466841,5.03098900019655,4.5584255954868915,3.3594418749081756
2020-06-15,5.189748951846363,5.060616193519716,4.581445107356042,5.193841567784144,5.06362924009247,4.581536464590807,5.195414865457813,5.056716816135299,4.581736784337948,5.195414865457813,5.056716816135299,4.581736784337948,3.3908046071826603
2020-06-16,5.262784462212919,5.131834414264571,4.645919937398267,5.266927903745873,5.134883263342339,4.646006608491414,5.268523586010827,5.127873808637376,4.646209963648549,5.268523586010827,5.127873808637376,4.646209963648549,3.456070003571781
2020-06-17,5.2877316667374785,5.1561608755966,4.667943015811451,5.291898776966254,5.159228103695895,4.668033650463866,5.293501878378709,5.152185274482921,4.668237840904852,5.293501878378709,5.152185274482921,4.668237840904852,3.44171432934187
2020-06-18,5.267377319203508,5.136312990526496,4.649974453788858,5.271522932128283,5.139363091957165,4.650059926216857,5.273120058916756,5.132347572993108,4.650263504999275,5.273120058916756,5.132347572993108,4.650263504999275,3.4430389213941894
2020-06-19,5.249866275002649,5.1192376609353065,4.6345159241907785,5.253997338435946,5.122276874075405,4.634600435295322,5.255589183297108,5.1152847058606215,4.634803361821446,5.255589183297108,5.1152847058606215,4.634803361821446,3.4233625152364313
2020-06-22,5.262209378631629,5.131273640070845,4.64541226084507,5.266357993414612,5.134327640961499,4.645503885231541,5.267953298940901,5.127318746088726,4.645707038412822,5.267953298940901,5.127318746088726,4.645707038412822,3.4453244201083213
2020-06-23,5.285921068346764,5.154395329012164,4.666344642322579,5.290086690165112,5.157461446859698,4.666435191664521,5.291689244865263,5.150421031471286,4.666639314153833,5.291689244865263,5.150421031471286,4.666639314153833,3.461185429230794
2020-06-24,5.1867513606476425,5.0576931892082255,4.578798871544124,5.19083132443109,5.060694465116494,4.578881100635377,5.192404083449278,5.0537864106900106,4.579081633395174,5.192404083449278,5.0537864106900106,4.579081633395174,3.3728942015552152
2020-06-25,5.238848573263912,5.108494104676272,4.624789635656669,5.242962884569246,5.111519059744979,4.6248668398251205,5.244551679415951,5.10454186184732,4.625069598715099,5.244551679415951,5.10454186184732,4.625069598715099,3.4090541347720187
2020-06-26,5.170515798743879,5.041861605013416,4.564466321677196,5.174585078508371,5.044855521085879,4.564550134406193,5.17615283940484,5.037969013779324,4.564749972775595,5.17615283940484,5.037969013779324,4.564749972775595,3.328083542053737
2020-06-29,5.218205689378461,5.088364862695407,4.606566357371682,5.2223088920218945,5.0913828736055855,4.606647758869317,5.223891242900341,5.084432981331967,4.606849555770423,5.223891242900341,5.084432981331967,4.606849555770423,3.3769984938402176
2020-06-30,5.29830844958525,5.166474484029573,4.6772800666937,5.302474665390316,5.169538849059444,4.677362741046997,5.304081305406529,5.162482270573135,4.677567634814642,5.304081305406529,5.162482270573135,4.677567634814642,3.420257991156984
2020-07-01,5.339006541693642,5.2061599150359825,4.713207830579539,5.343194068650551,5.209237395558544,4.713281709390255,5.344795055326107,5.202109116397336,4.713472310469149,5.344795055326107,5.202109116397336,4.713472310469149,3.4442146664016033
2020-07-02,5.3871950965353514,5.253149429025385,4.755748080764775,5.391417008768075,5.256251361316938,4.75581961812213,5.393027993427212,5.249054416340381,4.75600801405344,5.393027993427212,5.249054416340381,4.75600801405344,3.4631816660768706
2020-07-06,5.440401410969841,5.305031849335694,4.802717946014156,5.444651376585426,5.308151115658651,4.802778154331136,5.446261766630542,5.300867047884656,4.8029538582585705,5.446261766630542,5.300867047884656,4.8029538582585705,3.5166441517180345
2020-07-07,5.401342297423046,5.26694461537631,4.7682370517903685,5.405567525630458,5.27004711731212,4.7683019220491385,5.407173573342524,5.262822362439801,4.76848272983883,5.407173573342524,5.262822362439801,4.76848272983883,3.4803734997633953
2020-07-08,5.416334613092412,5.281563888130874,4.781472079516886,5.420568205482546,5.284671722265695,4.781534162740169,5.4221731228426995,5.2774214803459145,4.781710545032256,5.4221731228426995,5.2774214803459145,4.781710545032256,3.5069940238461412
2020-07-09,5.406398784408541,5.271875285464313,4.7727008549097585,5.410611336658006,5.274964477356178,4.77275111516403,5.412195689437886,5.267710406911639,4.772911637759606,5.412195689437886,5.267710406911639,4.772911637759606,3.4870287224386662
2020-07-10,5.446516647515807,5.310994924886911,4.808116399930481,5.450794812595833,5.314140532511466,4.808197336978938,5.452439185120034,5.306879552519042,4.808401605215938,5.452439185120034,5.306879552519042,4.808401605215938,3.5226335954929424
2020-07-13,5.422415349320794,5.2874933218108815,4.7868400769867305,5.426685916117886,5.2906360586920655,4.786930652792827,5.428337836350865,5.283421619174222,4.787147087710119,5.428337836350865,5.283421619174222,4.787147087710119,3.4921320496925508
2020-07-14,5.523067071319045,5.385640600027255,4.875694151350346,5.527410399117735,5.3888353261619875,4.875780665970596,5.529086885972999,5.381481047848741,4.87599574341803,5.529086885972999,5.381481047848741,4.87599574341803,3.5373855841453716
2020-07-15,5.563177230045037,5.42475272677111,4.911102895040171,5.5675412401038535,5.427960065951366,4.911180457999877,5.569218354235232,5.420541156747272,4.911386916040076,5.569218354235232,5.420541156747272,4.911386916040076,3.569885199883527
2020-07-16,5.556722690939668,5.41845879127993,4.905404909091542,5.561080156314731,5.421660964915975,4.905481075260856,5.562753982553511,5.414249359492343,4.905686110562791,5.562753982553511,5.414249359492343,4.905686110562791,3.5581266499543713
2020-07-17,5.612359043226929,5.472710784573962,4.954519981196702,5.6167559938106395,5.475940980013007,4.9545932548210345,5.618441442313499,5.468450173384687,4.954795813910071,5.618441442313499,5.468450173384687,4.954795813910071,3.5684418234899535
2020-07-20,5.637140011724789,5.496875146209751,4.976396308536134,5.64153999682638,5.500103635095801,4.976455456829554,5.643210254984709,5.492557751854106,4.976638955037176,5.643210254984709,5.492557751854106,4.976638955037176,3.5972818549861345
2020-07-21,5.655717052471543,5.514989947928099,4.992795886478741,5.6601360066813005,5.518233433246459,4.992859171909095,5.661815710339216,5.510666511481466,4.993046749485673,5.661815710339216,5.510666511481466,4.993046749485673,3.604935012775276
2020-07-22,5.68843809442151,5.546896815928319,5.021681610805722,5.69287584370521,5.550152465413021,5.021739289874225,5.694554478308392,5.542531277398421,5.0219184414222635,5.694554478308392,5.542531277398421,5.0219184414222635,3.6254535412535924
2020-07-23,5.683633099695621,5.542211380400468,5.017439821890293,5.688080451868934,5.545477296561033,5.017509229662883,5.689780711943343,5.53788495265255,5.017708548368294,5.689780711943343,5.53788495265255,5.017708548368294,3.582197710120198
2020-07-24,5.647410838046521,5.5068904110109695,4.985463264844966,5.651836179298433,5.510141686882017,4.985537816163421,5.653534059801872,5.502605949885899,4.985743320619143,5.653534059801872,5.502605949885899,4.985743320619143,3.559125684923253
2020-07-27,5.7041415536606515,5.562209537383103,5.035544427132151,5.708601509195644,5.565483880235374,5.0356110472110815,5.710305317727766,5.557861628606702,5.035808804794733,5.710305317727766,5.557861628606702,5.035808804794733,3.5850800634872995
2020-07-28,5.680118330256004,5.538784066419069,5.014337027631451,5.68457780429832,5.5420624621990635,5.014419511318967,5.686295256113671,5.534492545393029,5.014634791681186,5.686295256113671,5.534492545393029,5.014634791681186,3.562342760832222
2020-07-29,5.717678368615116,5.575409525591177,5.047494557132225,5.722160858684304,5.578703289732438,5.047571876841264,5.723881110952943,5.571074999179001,5.047781036619742,5.723881110952943,5.571074999179001,5.047781036619742,3.606155118601492
2020-07-30,5.671223204791328,5.530110271908467,5.006484522738135,5.675685649929427,5.533393238796288,5.006575658371554,5.677414988170591,5.525849347226485,5.006803453598814,5.677414988170591,5.525849347226485,5.006803453598814,3.5932879148206305
2020-07-31,5.6913775519211125,5.549763133039354,5.024276526919158,5.695836881547221,5.553039268485882,5.024351249185874,5.697544995431176,5.545441958954241,5.024555721150731,5.697544995431176,5.545441958954241,5.024555721150731,3.6216832382737834
2020-08-03,5.699435726818859,5.557620802216828,5.03765583035761,5.703901368779662,5.560901574800697,5.037726686083664,5.705611900568607,5.553293508044924,5.0377544806732075,5.705611900568607,5.553293508044924,5.0377544806732075,3.6468625856729795
2020-08-04,5.67664586832768,5.535398007241851,5.05010879976327,5.6810936539218595,5.5386656612969025,5.050178298674531,5.6827973459588,5.531088016291981,5.050139820032255,5.6827973459588,5.531088016291981,5.050139820032255,3.660948062188371
2020-08-05,5.679693725274554,5.538370026575348,5.058573379338561,5.684143894808911,5.541639431047756,5.0586389583110565,5.685848500028307,5.534057716015957,5.058424149909626,5.685848500028307,5.534057716015957,5.058424149909626,3.6836864646984604
2020-08-06,5.6599238968838135,5.519092116482666,5.057449439870073,5.664358577109086,5.522350141622607,5.057515458227716,5.6660572492546715,5.5147948172502055,5.0573201458229144,5.6660572492546715,5.5147948172502055,5.0573201458229144,3.7083096520801173
2020-08-07,5.713158768731633,5.571002383632906,5.043887494694187,5.7176351594757255,5.574291052172754,5.043956909912772,5.719349808535199,5.566664665504371,5.043919237745494,5.719349808535199,5.566664665504371,5.043919237745494,3.7109720344448958
2020-08-10,5.72035944824784,5.5780238938643585,5.0296740249646055,5.724841479681651,5.58131670615776,5.029744847523769,5.726558289375676,5.5736807070003405,5.029777609221934,5.726558289375676,5.5736807070003405,5.029777609221934,3.7220648054736882
2020-08-11,5.695390376595408,5.553676109508335,4.988415092173261,5.699852840659124,5.55695454540002,4.988485116915754,5.701562155240627,5.549351875695751,4.988508000795636,5.701562155240627,5.549351875695751,4.988508000795636,3.691339255869265
2020-08-12,5.742106963373096,5.59923028134723,5.064258395726697,5.74660603296139,5.60253561069047,5.064329082537706,5.748329369008703,5.59487058063636,5.064334574741691,5.748329369008703,5.59487058063636,5.064334574741691,3.7428047714276764
2020-08-13,5.751069788023687,5.607970090534017,5.093139328107454,5.755575879723952,5.611280578697924,5.093202010458905,5.75730190554396,5.603603584170472,5.0928408488653485,5.75730190554396,5.603603584170472,5.0928408488653485,3.736039563251244
2020-08-14,5.738030605226245,5.595255352263002,5.086392076825856,5.742526479647489,5.598558333914275,5.086455498086058,5.744248591818703,5.5908987448592455,5.086131268327943,5.744248591818703,5.5908987448592455,5.086131268327943,3.73615028198908
2020-08-17,5.747849918106882,5.6048303383045335,5.114104120607869,5.752353486318381,5.608138972382333,5.114168903237515,5.754078545539222,5.600466275762478,5.113886787582893,5.754078545539222,5.600466275762478,5.113886787582893,3.7480191840377346
2020-08-18,5.77339167237027,5.62973655562555,5.135635067391858,5.7779152502754485,5.633059889532404,5.13569849451699,5.7796479740863145,5.625353096673104,5.135343837066784,5.7796479740863145,5.625353096673104,5.135343837066784,3.756115583396556
2020-08-19,5.74456702566328,5.601629131692071,5.121668950229069,5.7490680191886865,5.604935873633908,5.121730326016895,5.750792092213442,5.59726755838797,5.12129478810684,5.750792092213442,5.59726755838797,5.12129478810684,3.74047527851308
2020-08-20,5.719762802245167,5.5774420937713405,5.134988739429278,5.724244361747012,5.580734558282402,5.135046639392863,5.72596099070479,5.573099353958948,5.134450538129914,5.72596099070479,5.573099353958948,5.134450538129914,3.7521216432310514
2020-08-21,5.715542051450656,5.573326364856955,5.143291909944121,5.72002030305713,5.576616398955668,5.143347858987265,5.721735664955944,5.568986828526207,5.142662279845314,5.721735664955944,5.568986828526207,5.142662279845314,3.7654324551999303
2020-08-24,5.738814456976164,5.596019699998464,5.157317258304134,5.743310941515189,5.599323128912193,5.157371367746685,5.745033287418444,5.591662492035845,5.156596977498893,5.745033287418444,5.591662492035845,5.156596977498893,3.8035889918811487
2020-08-25,5.766918388571878,5.623424341851948,5.184216876079268,5.771436891315979,5.626743946424233,5.184270032001527,5.773167671147489,5.619045793465754,5.183437837685134,5.773167671147489,5.619045793465754,5.183437837685134,3.8168968709033297
2020-08-26,5.789268604136404,5.645218433216281,5.232214993044711,5.793804616183175,5.648550900716872,5.232267774955538,5.795542102846116,5.640822911934992,5.231391354599478,5.795542102846116,5.640822911934992,5.231391354599478,3.8551648595590584
2020-08-27,5.824413611366314,5.67948895272682,5.235250905734279,5.828977158815728,5.682841649288661,5.235305780992422,5.8307251927268045,5.675066745555697,5.234519553578194,5.8307251927268045,5.675066745555697,5.234519553578194,3.863594148368061
2020-08-28,5.836607801581867,5.691379723753371,5.249025718056558,5.841180903771505,5.6947394399683,5.249075915745444,5.842932597554252,5.686948258557236,5.248077475096177,5.842932597554252,5.686948258557236,5.248077475096177,3.888551691673248
2020-08-31,5.841236601787818,5.695893348881706,5.268904818487159,5.845813331668596,5.69925573047239,5.268953708441945,5.847566415005154,5.691458370498954,5.267886620780238,5.847566415005154,5.691458370498954,5.267886620780238,3.874465115302845
2020-09-01,5.840418051189154,5.695095165683781,5.344627130792582,5.845141884745933,5.69860111707566,5.344676743607095,5.846888325205831,5.690798383148592,5.343595171190034,5.846888325205831,5.690798383148592,5.343595171190034,3.9109564714964815
2020-09-02,5.980248193746233,5.831446016241739,5.450127103136276,5.985104983981496,5.835055268126232,5.4501777159414,5.986893527994947,5.827065973249458,5.44907569560386,5.986893527994947,5.827065973249458,5.44907569560386,3.967524581072103
2020-09-03,5.8188793796200375,5.674092425254344,5.21692160551436,5.823534491610892,5.677535432600528,5.216969943574087,5.825256982562226,5.669744516049594,5.215910198499039,5.825256982562226,5.669744516049594,5.215910198499039,3.8309852803654185
2020-09-04,5.7742143128278265,5.6305387269173774,5.158997534093222,5.778857337239158,5.633978357882642,5.159045259947624,5.780556221699262,5.626237097488541,5.157993918136741,5.780556221699262,5.626237097488541,5.157993918136741,3.7997065036901536
2020-09-08,5.66211468019746,5.521228388124397,5.023237046148971,5.666494974148758,5.524432978069839,5.023283585026371,5.6681703764883435,5.516851531929177,5.022262885787591,5.6681703764883435,5.516851531929177,5.022262885787591,3.6958871563422844
2020-09-09,5.780973112901974,5.637129352672373,5.166700924566189,5.785498612847465,5.640453133233959,5.166748780796813,5.787216772593666,5.632719836708538,5.165698406624126,5.787216772593666,5.632719836708538,5.165698406624126,3.7688706019662312
2020-09-10,5.711943169777611,5.569817031545815,5.084797616769208,5.716501024909981,5.573185350954425,5.084844686064087,5.718190962138923,5.565536755951211,5.083809752131799,5.718190962138923,5.565536755951211,5.083809752131799,3.7034299620119264
2020-09-11,5.735714004450933,5.592996393784232,5.098467159342474,5.740369298013835,5.596455233953716,5.0985143483015545,5.742061214974617,5.588769762755379,5.0974763074778,5.742061214974617,5.588769762755379,5.0974763074778,3.7053154801201686
2020-09-14,5.795786605836167,5.651574252208157,5.179399196189612,5.800619758725898,5.65519518406752,5.179447125362845,5.802326121543392,5.647425822831592,5.1783922629256836,5.802326121543392,5.647425822831592,5.1783922629256836,3.754118613313802
2020-09-15,5.793143762375517,5.648997168704119,5.211319105445911,5.7980711373834115,5.652710457996593,5.2113673381374035,5.799776332184588,5.644944103264982,5.210306388243031,5.799776332184588,5.644944103264982,5.210306388243031,3.77308561298907
2020-09-16,5.784181049260276,5.640257468277429,5.1667237119201,5.7889322780171915,5.643800714619953,5.166771535075709,5.790634310666307,5.636046139359863,5.165719917911105,5.790634310666307,5.636046139359863,5.165719917911105,3.758112553479307
2020-09-17,5.782518324744781,5.638636116129849,5.150439214171331,5.787299763576803,5.642209128171398,5.150486919823372,5.788995854687369,5.6344514239972305,5.1494402170542815,5.788995854687369,5.6344514239972305,5.1494402170542815,3.7250582441969615
2020-09-18,5.768385934081446,5.624855371491214,5.107401927524625,5.773176931241245,5.628440362637458,5.107449245831468,5.774870717513025,5.620703374894433,5.106411865940227,5.774870717513025,5.620703374894433,5.106411865940227,3.6821734308208183
2020-09-21,5.688392506447277,5.546852362286578,5.071849192300984,5.693068236051366,5.5503400343823195,5.071896192291679,5.69474377841371,5.542715523902431,5.0708664949365545,5.69474377841371,5.542715523902431,5.0708664949365545,3.6411913666147657
2020-09-22,5.7294978599313175,5.586934921079268,5.133989372937,5.734170725168788,5.590412062575577,5.134036892130327,5.73587080408805,5.582744612572087,5.1329921480968865,5.73587080408805,5.582744612572087,5.1329921480968865,3.6782744448046505
2020-09-23,5.633953824002153,5.493768238084836,4.972520482805622,5.638403936320729,5.497046197269124,4.972566551803521,5.64009745378076,5.489528050742465,4.971556701786779,5.64009745378076,5.489528050742465,4.971556701786779,3.5929726230506365
2020-09-24,5.620072959647224,5.480232761207941,4.966944414091636,5.624500959259133,5.483491775122307,4.966990440341431,5.626180157308266,5.475982293775971,4.965982195426255,5.626180157308266,5.475982293775971,4.965982195426255,3.602549427255089
2020-09-25,5.686072120454215,5.544589712774884,5.0430536538898485,5.690554503202232,5.547889322131948,5.043100336044708,5.692253997459873,5.5402922107419235,5.042074370289231,5.692253997459873,5.5402922107419235,5.042074370289231,3.6607918827767234
2020-09-28,5.759893524106143,5.616574271992608,5.124853002101325,5.764519418151315,5.619999897933919,5.124900445791488,5.766245236441248,5.612308161747376,5.1238580296745715,5.766245236441248,5.612308161747376,5.1238580296745715,3.72159516738373
2020-09-29,5.75243132299953,5.609297747422764,5.14692527927137,5.757013957139549,5.61268260275971,5.146972981402983,5.758745716703187,5.605008850998483,5.14592852716834,5.758745716703187,5.605008850998483,5.14592852716834,3.7013281390847355
2020-09-30,5.807720090672263,5.663210804798081,5.19130874727016,5.812323873629171,5.666605870681687,5.191356844449335,5.814077090588682,5.658863085170791,5.190302531089175,5.814077090588682,5.658863085170791,5.190302531089175,3.7293913063243807
2020-10-01,5.8237520217190575,5.69611111030255,5.235894389452607,5.828387944677751,5.699537056613633,5.2359428997152255,5.8301316340619325,5.69174911815769,5.234879531367114,5.8301316340619325,5.69174911815769,5.234879531367114,3.753333683453849
2020-10-02,5.795215824673276,5.641707596119591,5.169752856667494,5.799825613194148,5.645084720072284,5.16980075413258,5.8015617811680285,5.637371464703902,5.168750818601709,5.8015617811680285,5.637371464703902,5.168750818601709,3.7176972812225735
2020-10-05,5.896031487223401,5.759172870023742,5.2809811538708775,5.900727471280574,5.7626258040479765,5.281030081859776,5.902489770108407,5.754751859746994,5.27995755674976,5.902489770108407,5.754751859746994,5.27995755674976,3.7836233238553367
2020-10-06,5.839798093755187,5.673174143506889,5.217625560234553,5.84446910965529,5.676568145530487,5.2176739012374975,5.8462004471693465,5.668812038595637,5.2166142431427325,5.8462004471693465,5.668812038595637,5.2166142431427325,3.7298356477490726
2020-10-07,5.928081375929798,5.766734966744604,5.314331403928757,5.932824540732154,5.77018884208928,5.314380640905818,5.9345813008361015,5.762304786498258,5.313301342626275,5.9345813008361015,5.762304786498258,5.313301342626275,3.794759355847919
2020-10-08,5.953224022518049,5.803916699665938,5.3480281062202275,5.957984210792988,5.807382747336708,5.348077655395313,5.959750240125561,5.799448050896456,5.346991513584564,5.959750240125561,5.799448050896456,5.346991513584564,3.8283907223930242
2020-10-09,5.994005765389102,5.835136481904,5.3829898918169246,5.998773164975087,5.838623429934553,5.38303976491096,6.000569877257749,5.830646022913289,5.381946522640687,6.000569877257749,5.830646022913289,5.381946522640687,3.8625789821923426
2020-10-12,6.052818208819943,5.910325854933831,5.46020824484466,6.057637901786086,5.9138596246066175,5.460258833362333,6.059448671798867,5.905779417400759,5.459149908661065,6.059448671798867,5.905779417400759,5.459149908661065,3.9247189572567964
2020-10-13,6.014046071618423,5.870534760344263,5.435598515195487,6.0188769024612,5.874044461536662,5.435648875705417,6.020646581578193,5.866018596351799,5.434544949043756,6.020646581578193,5.866018596351799,5.434544949043756,3.8991055337463503
2020-10-14,5.992426048880906,5.840448672989504,5.408618027766055,5.997229258732965,5.843938774513681,5.408668138303311,5.998999762260561,5.835954040823016,5.407569691163241,5.998999762260561,5.835954040823016,5.407569691163241,3.874605163507657
2020-10-15,6.003993091436034,5.842233040757958,5.413838590687669,6.008763573642307,5.845723234003123,5.413888749593141,6.010566804838158,5.837735996850845,5.412789242198424,6.010566804838158,5.837735996850845,5.412789242198424,3.8698182278787794
2020-10-16,6.0301246030362465,5.854976382607941,5.419023209497427,6.034863741603644,5.85847103369876,5.419073416438099,6.036712807419253,5.850466448060632,5.4179728560886975,6.036712807419253,5.850466448060632,5.4179728560886975,3.8674792028874156
2020-10-19,5.96871345579582,5.791408352546398,5.354373919940956,5.973358208145304,5.79486363116297,5.354423527909652,5.975221114036239,5.786945954783333,5.353336097314812,5.975221114036239,5.786945954783333,5.353336097314812,3.8086791208748934
2020-10-20,5.976304744690614,5.801077578456425,5.374870367898908,5.980940289093916,5.804535365598031,5.37492016576602,5.982816100296628,5.796604499915239,5.373828572506235,5.982816100296628,5.796604499915239,5.373828572506235,3.8239359429776534
2020-10-21,5.974324676403671,5.776688360928223,5.333679063490997,5.979022239287846,5.780125512733354,5.333728479723018,5.980851000514609,5.772228127195769,5.3326452520882865,5.980851000514609,5.772228127195769,5.3326452520882865,3.816698163764565
2020-10-22,6.00973627530001,5.800373195982613,5.429858601285746,6.01437787222919,5.803819500430858,5.4299089086156975,6.0162780113460945,5.795889846583143,5.428806147684724,6.0162780113460945,5.795889846583143,5.428806147684724,3.83763390391062
2020-10-23,6.006368035213025,5.808059448514732,5.454010136417855,6.011033968555093,5.811508930238745,5.454060667510396,6.012912519240136,5.803568794746578,5.452953001595456,6.012912519240136,5.803568794746578,5.452953001595456,3.850662786378189
2020-10-26,5.939849578814661,5.745427385689225,5.379981507136005,5.94437223187775,5.748833902327548,5.380031352357527,5.946296771024775,5.740979580861489,5.378938721066168,5.946296771024775,5.740979580861489,5.378938721066168,3.7795036336001706
2020-10-27,5.9150674713204205,5.713534814511185,5.357894457263196,5.919561344612565,5.7169262387168605,5.357944097849461,5.9214857310137585,5.709115508254001,5.356855952261593,5.9214857310137585,5.709115508254001,5.356855952261593,3.7664740178959275
2020-10-28,5.7527229035908265,5.538448761116972,5.183154682451485,5.757064315768066,5.541744742205427,5.183202704083721,5.75895487415594,5.534173162217848,5.182150046749037,5.75895487415594,5.534173162217848,5.182150046749037,3.637740021588324
2020-10-29,5.7584171733892875,5.560963426384144,5.226307917563323,5.762810029180793,5.564271038998021,5.22635633900781,5.764667091117423,5.556668697889664,5.225294917595594,5.764667091117423,5.556668697889664,5.225294917595594,3.6747116478036985
2020-10-30,5.698938735052922,5.48156469744178,5.125689081059418,5.7033286479777034,5.48482115448337,5.125736570276128,5.705136798595899,5.4773273767015365,5.124695583746283,5.705136798595899,5.4773273767015365,5.124695583746283,3.6364033311308774
2020-11-02,5.796698999971901,5.597168439855516,5.24778283466853,5.801211589204838,5.6004925120383415,5.247831453719224,5.80287856755827,5.592840702924506,5.246765671128593,5.80287856755827,5.592840702924506,5.246765671128593,3.677161024914561
2020-11-03,5.849346276995397,5.680959764345107,5.329918124165655,5.853776513213759,5.684334165014029,5.329967507588653,5.855593713183734,5.676567806969071,5.328885043462154,5.855593713183734,5.676567806969071,5.328885043462154,3.7420854662500815
2020-11-04,5.92597266293785,5.752030106389206,5.405301173619027,5.930763155866024,5.7554475729468475,5.405351255578268,5.933194750678581,5.747584046240408,5.404253481738438,5.933194750678581,5.747584046240408,5.404253481738438,3.8257188079514783
2020-11-05,5.991313240979941,5.853406034953739,5.571252699515003,5.99609838713464,5.85688442870941,5.5713043197752565,5.998430564946782,5.848882310622338,5.5701728423891534,5.998430564946782,5.848882310622338,5.5701728423891534,3.900331138847625
2020-11-06,6.021753798557478,5.908694596988114,5.628397963076975,6.026490422148168,5.9122067291782985,5.628450113849144,6.028943413061993,5.904129022105986,5.6273070305549195,6.028943413061993,5.904129022105986,5.6273070305549195,3.8994402562882184
2020-11-09,6.026587090481024,5.861972083886003,5.578395313585139,6.031164131809119,5.865454415514723,5.57844699908862,6.033182949838742,5.857440592830981,5.57731407123611,6.033182949838742,5.857440592830981,5.57731407123611,3.948438797055582
2020-11-10,6.105007484842147,5.862134509643829,5.554090827133855,6.109676055883048,5.865616539399577,5.554142283928786,6.111636450351821,5.857602511892657,5.55301429265786,6.111636450351821,5.857602511892657,5.55301429265786,3.942648060419439
2020-11-11,6.12053233965508,5.907482487458783,5.625024806210905,6.125201371810235,5.910992590774168,5.625076921896728,6.127240057055228,5.902916560820931,5.623934524244365,6.127240057055228,5.902916560820931,5.623934524244365,3.9719368327603584
2020-11-12,6.056037031402679,5.83384127289325,5.554371433956242,6.060658648502898,5.837308151713793,5.554422894624938,6.062704046374427,5.829332786928619,5.5532948461718785,6.062704046374427,5.829332786928619,5.5532948461718785,3.9334045122835053
2020-11-13,6.138433963430538,5.896615493383927,5.623289075739497,6.143168114393996,5.900119344009235,5.6233411745928255,6.145249244897014,5.892058160946093,5.6221991295676075,6.145249244897014,5.892058160946093,5.6221991295676075,3.9878616334735044
2020-11-16,6.190334155797919,5.97379109129139,5.728257797188013,6.195085250649914,5.977341638991653,5.728310866778631,6.197166635796337,5.969174932763964,5.727147503715572,6.197166635796337,5.969174932763964,5.727147503715572,4.037639971444101
2020-11-17,6.1514558387877925,5.927770799509764,5.696053373785356,6.156262379369598,5.931294493789299,5.696106144642848,6.158294940772588,5.9231907060348465,5.6949493220960195,6.158294940772588,5.9231907060348465,5.6949493220960195,4.015924434094812
2020-11-18,6.040013220887302,5.8335091744877605,5.635429283535109,6.04474596278263,5.836976804499415,5.635481493821828,6.046697252462741,5.82900188777627,5.634336983375843,6.046697252462741,5.82900188777627,5.634336983375843,3.9675935053194973
2020-11-19,6.044081337401886,5.856774213031547,5.677164856701012,6.048781514392337,5.860256516836809,5.677217454868662,6.050824103863717,5.852249790150707,5.676064468078702,6.050824103863717,5.852249790150707,5.676064468078702,3.9842962701441906
2020-11-20,6.014486691774352,5.847145472347031,5.668853745955198,6.019125905274279,5.850621867354026,5.668906267004721,6.021203897608066,5.842628300794689,5.667754968152644,6.021203897608066,5.842628300794689,5.667754968152644,3.9570139999627907
2020-11-23,6.0400575751784675,5.881601465814776,5.72317046209465,6.04477829686006,5.88509749283505,5.723223486546085,6.0468132937397625,5.877056828246958,5.72206115637818,6.0468132937397625,5.877056828246958,5.72206115637818,3.980733106524901
2020-11-24,6.118361162656152,5.932211324904206,5.776130015831311,6.12327654127057,5.93573642821441,5.776183530697565,6.125149904607774,5.927626591258657,5.775010444905484,6.125149904607774,5.927626591258657,5.775010444905484,4.0448777506571885
2020-11-25,6.099127539637875,5.920521622572361,5.773829722100999,6.10403265023807,5.924040097038174,5.7738832176179855,6.105884005638232,5.915946227452573,5.772710598700154,6.105884005638232,5.915946227452573,5.772710598700154,4.0386415727413425
2020-11-27,6.0994559766889695,5.917997119475593,5.7907002877355875,6.104345904412631,5.921514253936121,5.790753940594441,6.106221892710405,5.913423837892849,5.789577895242202,6.106221892710405,5.913423837892849,5.789577895242202,4.049889056708436
2020-11-30,6.0739641720905855,5.903642160345291,5.775026458506484,6.078770831605552,5.907151298861431,5.775079969508838,6.080701243570638,5.899080509103111,5.773907106877042,6.080701243570638,5.899080509103111,5.773907106877042,4.031959953545793
2020-12-01,6.117444068157442,5.945777474293263,5.818853165521093,6.122291633193048,5.949311656709307,5.818907082546224,6.124236983583196,5.941183264089289,5.817725319050534,6.124236983583196,5.941183264089289,5.817725319050534,4.0760590068547575
2020-12-02,6.094766426742716,5.9243340100205915,5.805622958699313,6.099602434583825,5.927855444540933,5.805676753158369,6.101541193857157,5.919756367829781,5.804497676655958,6.101541193857157,5.919756367829781,5.804497676655958,4.084634942998642
2020-12-03,6.084706182190083,5.905966622781721,5.810574427341304,6.089523957243972,5.909477140033237,5.8106282678254875,6.0914556791145635,5.901403172994979,5.809448185767574,6.0914556791145635,5.901403172994979,5.809448185767574,4.083520789871878
2020-12-04,6.12056318719445,5.9531198639483085,5.8977288746764485,6.125386042933508,5.956658409412192,5.897783522649486,6.127318057040629,5.94851998005953,5.89658574014378,6.127318057040629,5.94851998005953,5.89658574014378,4.118710650968439
2020-12-07,6.08387378418701,5.941483099211909,5.925122916845164,6.088682817291659,5.94501472786952,5.925177818565222,6.09060826890438,5.936892206659393,5.923974472506707,6.09060826890438,5.936892206659393,5.923974472506707,4.110247999890751
2020-12-08,6.0997108780468094,5.974284716102807,5.959822893145511,6.104538102264875,5.977835841292794,5.95987811664149,6.106472145516901,5.96966847786391,5.958667723390513,6.106472145516901,5.96966847786391,5.958667723390513,4.12227491444274
2020-12-09,6.108126888927291,5.931390899733413,5.901153256867317,6.112967004412316,5.934916528630728,5.901207936908474,6.114900168838788,5.926807805364617,5.900009459049475,6.114900168838788,5.926807805364617,5.900009459049475,4.085302554990692
2020-12-10,6.101736806279916,5.93384745304102,5.916603203990329,6.106576271426757,5.937374540879493,5.916658027232503,6.108504477885424,5.929262459820305,5.915456411634236,6.108504477885424,5.929262459820305,5.915456411634236,4.083965131296571
2020-12-11,6.11911055529432,5.93238258460731,5.899719852747983,6.123948096839184,5.9359088016718395,5.8997745196293065,6.125878703424699,5.927798723754987,5.898576332926095,6.125878703424699,5.927798723754987,5.898576332926095,4.079177462431019
2020-12-14,6.079237062371012,5.9033376556191755,5.875093159606085,6.084064537269344,5.906846607632593,5.875147598467082,6.085986358772404,5.898776238145553,5.873954413336888,6.085986358772404,5.898776238145553,5.873954413336888,4.060914369963184
2020-12-15,6.178704623980155,6.014865658468456,5.980977871748341,6.183621896105098,6.018440899481222,5.9810332917336035,6.185588317106022,6.010218062645491,5.979818602226054,6.185588317106022,6.010218062645491,5.979818602226054,4.115816199196212
2020-12-16,6.162960559520239,5.981129153115749,5.941659325335297,6.167852819220626,5.9846843415106346,5.941714380919277,6.169800172666458,5.976507625223679,5.940507676698693,6.169800172666458,5.976507625223679,5.940507676698693,4.122274914442741
2020-12-17,6.214377424574012,6.040496015482681,6.001973326080788,6.21931215677021,6.044086491584895,6.002028940451149,6.221275312592308,6.035828616025082,6.000809986879979,6.221275312592308,6.035828616025082,6.000809986879979,4.145326042394466
2020-12-18,6.201168850575769,6.055224581430773,6.033910489073108,6.206093218012072,6.0588238117557305,6.033966399382793,6.208050551067372,6.050545802696593,6.032740959587809,6.208050551067372,6.050545802696593,6.032740959587809,4.1287743243247
2020-12-21,6.15933389690749,6.034750958530289,6.039931720820709,6.164219662936117,6.038338018672153,6.039987686944409,6.166167180502657,6.030087998406052,6.038761024311641,6.166167180502657,6.030087998406052,6.038761024311641,4.114010603885481
2020-12-22,6.12430842981943,6.027850698416892,6.056415759840526,6.129167343128229,6.03143365596903,6.056471878807498,6.13109822559976,6.023193068783224,6.0552418684431695,6.13109822559976,6.023193068783224,6.0552418684431695,4.10707858436562
2020-12-23,6.115667065386502,6.0247257945438895,6.059849174489181,6.120510362634283,6.02830689449097,6.059905325168032,6.122443627610988,6.0200705793213185,6.058674617476897,6.122443627610988,6.0200705793213185,6.058674617476897,4.110768597929582
2020-12-24,6.153765402145925,6.0488650812685885,6.079792707151634,6.158646678426906,6.052460529522182,6.079849042601376,6.160593369000352,6.044191213842684,6.078614284509465,6.160593369000352,6.044191213842684,6.078614284509465,4.126760856416773
2020-12-28,6.15924262217064,6.0573011722807255,6.077855699980961,6.164127188240902,6.060901633607656,6.077912017593292,6.166077141223057,6.052620784394588,6.076677652981076,6.166077141223057,6.052620784394588,6.076677652981076,4.162213582861109
2020-12-29,6.157053964607868,6.0308379334837845,6.03896775066086,6.16194012516601,6.0344226659478135,6.039023707819082,6.1638905071963075,6.026177993844257,6.037797241026907,6.1638905071963075,6.026177993844257,6.037797241026907,4.1542729962955995
2020-12-30,6.16153261190039,6.058866062556379,6.086977322830011,6.166418387730333,6.062467458015311,6.08703372475401,6.168368835410656,6.054184466633498,6.085797507562963,6.168368835410656,6.054184466633498,6.085797507562963,4.160200114953183
2020-12-31,6.224103646118009,6.098031286585709,6.101679314917402,6.22904516073905,6.101655961212454,6.101735853013123,6.231018503717352,6.093319429264487,6.100496649912857,6.231018503717352,6.093319429264487,6.100496649912857,4.181336761948026
2021-01-04,6.138704177402819,6.006643416591046,6.028875857960676,6.1435776782781435,6.01021376993058,6.028931721460037,6.145524160973722,6.00200217326718,6.027707304169373,6.145524160973722,6.00200217326718,6.027707304169373,4.124413032585316
2021-01-05,6.1911779416728665,6.092645117528831,6.14199172322545,6.1960938917302935,6.096266590642677,6.142048634854788,6.198057135049071,6.087937422024141,6.140801244620928,6.198057135049071,6.087937422024141,6.140801244620928,4.152818987970248
2021-01-06,6.258832440619882,6.176612156383688,6.269873211793976,6.263803481984366,6.180283538535238,6.26993130837182,6.265788152186711,6.171839580653848,6.268657946412973,6.265788152186711,6.171839580653848,6.268657946412973,4.177646748384065
2021-01-07,6.296399397498969,6.2925811771965705,6.426275416417709,6.301400561772203,6.296321489481958,6.426334962216628,6.303397307216589,6.287718993655738,6.425029836199535,6.303397307216589,6.287718993655738,6.425029836199535,4.239715966109438
2021-01-08,6.319453322890134,6.3052615216186245,6.431606083382907,6.324472469006765,6.309009374232458,6.431665678575852,6.326476462979836,6.30038954062803,6.430359469942271,6.326476462979836,6.30038954062803,6.430359469942271,4.263873181584508
2021-01-11,6.3091593714716705,6.285674023488598,6.421532610450478,6.3141698357615255,6.289410230267656,6.421592112302731,6.316171025905317,6.280817177018329,6.420287949512311,6.316171025905317,6.280817177018329,6.420287949512311,4.235131403802697
2021-01-12,6.3371854769559715,6.3324094869338285,6.500182289532405,6.342219408796216,6.336173471849379,6.500242520151167,6.344229395490411,6.327516528455688,6.498922384228925,6.344229395490411,6.327516528455688,6.498922384228925,4.2360248526904645
2021-01-13,6.382035258346918,6.345615546116655,6.489876620918027,6.3871053729059595,6.349387380539718,6.489936756044666,6.389129417355145,6.340712383487317,6.488618713122752,6.389129417355145,6.340712383487317,6.488618713122752,4.24743328210759
2021-01-14,6.362127555218549,6.343587202683719,6.547796411818975,6.3671820510346935,6.347357831423972,6.547857083629581,6.369199699024383,6.33868560731991,6.546527277653368,6.369199699024383,6.33868560731991,6.546527277653368,4.232558842930534
2021-01-15,6.372265710010532,6.313288215414073,6.4774959027833185,6.377328573832878,6.317040834175546,6.477555923190401,6.3793495600045,6.308410031588281,6.476240394695033,6.3793495600045,6.308410031588281,6.476240394695033,4.201692511884624
2021-01-19,6.422104075299013,6.371526455639788,6.574440431358387,6.42720743703904,6.375313691989479,6.574501350052258,6.429244348979616,6.366603272107581,6.5731661328851745,6.429244348979616,6.366603272107581,6.5731661328851745,4.2346830295762965
2021-01-20,6.471766212142243,6.426461806671242,6.600039440710095,6.476908479738914,6.430281696499295,6.600100596604262,6.478960725215726,6.421496175396767,6.598760180479706,6.478960725215726,6.421496175396767,6.598760180479706,4.293285504305065
2021-01-21,6.43766156634559,6.394329165609936,6.563317741255797,6.442775121424601,6.39812995462851,6.563378556887307,6.444816413891559,6.389388362576199,6.562045598651338,6.444816413891559,6.389388362576199,6.562045598651338,4.297199888291397
2021-01-22,6.419278022320342,6.369447842896537,6.523026970081228,6.42437651467887,6.373233842625908,6.523087412378875,6.426412048179075,6.3645262653156545,6.52176263688178,6.426412048179075,6.3645262653156545,6.52176263688178,4.281990359954136
2021-01-25,6.419317810741412,6.361850969468603,6.4871209657951585,6.424416346314456,6.365632452730609,6.487181075388318,6.426451665301597,6.356935261747626,6.4858635921185055,6.426451665301597,6.356935261747626,6.4858635921185055,4.298876433947433
2021-01-26,6.393237690609237,6.309019666357135,6.412494325103502,6.398316390132007,6.312769746432439,6.412553743207017,6.400343375040924,6.304144780559436,6.411251416021256,6.400343375040924,6.304144780559436,6.411251416021256,4.29216768499493
2021-01-27,6.208078006040971,6.043335678912065,6.133545118439792,6.213009701863679,6.046927836927294,6.1336019518030875,6.214977529362249,6.0386660832524335,6.132356277008317,6.214977529362249,6.0386660832524335,6.132356277008317,4.18726388060561
2021-01-28,6.293889695926227,6.164930714023883,6.270087306858539,6.298890200281489,6.168595149337205,6.2701454054203385,6.300886001669529,6.160167163868979,6.268871999980551,6.300886001669529,6.160167163868979,6.268871999980551,4.223276433250858
2021-01-29,6.221088578077534,6.072117188320253,6.135876407017633,6.226032252851142,6.075726454210462,6.135933261982827,6.228005687210186,6.067425353638142,6.13468711372178,6.228005687210186,6.067425353638142,6.13468711372178,4.138727645561461
2021-02-01,6.290259556452953,6.181507470485005,6.266381963635722,6.295241448162403,6.185181764418561,6.266440027864009,6.2972368558423755,6.176731117287723,6.265167374950383,6.2972368558423755,6.176731117287723,6.265167374950383,4.207619263923871
2021-02-02,6.354222672039039,6.244291798189068,6.349311698806833,6.359235595658131,6.248003419791387,6.34937053146116,6.361251305694446,6.239466940649567,6.348081036170273,6.361251305694446,6.239466940649567,6.348081036170273,4.267115554158744
2021-02-03,6.3080508072258095,6.211427522133704,6.313729110192137,6.313033949599004,6.215119634458926,6.313787613138578,6.315034979538508,6.206628082538737,6.312505344391706,6.315034979538508,6.206628082538737,6.312505344391706,4.270470845180839
2021-02-04,6.332129459195689,6.31007423862466,6.443273375287919,6.337117371752239,6.3138249910512245,6.443333078590136,6.339126055398219,6.305198580558141,6.442024500421436,6.339126055398219,6.305198580558141,6.442024500421436,4.319008546698336
2021-02-05,6.384080398401131,6.348083263768466,6.470366386398665,6.389047382835413,6.3518566149845945,6.470426340744433,6.391072628464046,6.343178242582583,6.469112260198168,6.391072628464046,6.343178242582583,6.469112260198168,4.336006439284478
2021-02-08,6.427683624343658,6.438974815862605,6.603383164138141,6.43267340957563,6.4428021916598714,6.60344435101595,6.434712505504456,6.433999562772277,6.602103255807838,6.434712505504456,6.433999562772277,6.602103255807838,4.367321144556789
2021-02-09,6.427430762846728,6.442948730379052,6.600630773876163,6.432408764369885,6.446778463106338,6.600691935250353,6.434447797982394,6.437970401789883,6.599351399031065,6.434447797982394,6.437970401789883,6.599351399031065,4.364413127906084
2021-02-10,6.374873627493861,6.421111782890798,6.625256121659508,6.379817478302553,6.424928547041339,6.625317511211907,6.381839831196625,6.416150338319775,6.623971973778077,6.381839831196625,6.416150338319775,6.623971973778077,4.362512945064354
2021-02-11,6.410457274578847,6.486141721369219,6.705008607712063,6.415416318565088,6.48999713441034,6.705070736250146,6.417449986297106,6.48113002399656,6.703709001713373,6.417449986297106,6.48113002399656,6.703709001713373,4.369557883032073
2021-02-12,6.427533846094826,6.538846447142556,6.783919548579582,6.432523407820174,6.542733200303425,6.783982408305599,6.4345624702165924,6.533794037198619,6.782604647577095,6.4345624702165924,6.533794037198619,6.782604647577095,4.391142171016642
2021-02-16,6.362180677063128,6.501579477830426,6.782631505248344,6.367105264948961,6.5054440841929155,6.782694353039365,6.369123602872823,6.496555868140982,6.781316853902336,6.369123602872823,6.496555868140982,6.781316853902336,4.387339972241496
2021-02-17,6.373335884716111,6.463243277689529,6.721784698112201,6.378279946459881,6.467085088082163,6.721846982097357,6.38030181031889,6.458249281503244,6.72048184046851,6.38030181031889,6.458249281503244,6.72048184046851,4.388346706195459
2021-02-18,6.2884692540369125,6.329378755403748,6.561339198599467,6.293340539737594,6.333140996199485,6.5613999958983396,6.295335487591229,6.3244881938017885,6.5600674394891,6.295335487591229,6.3244881938017885,6.5600674394891,4.36966970162492
2021-02-19,6.305242170330163,6.3976289614218755,6.698495762536413,6.310120564622079,6.401431772705061,6.69855783072654,6.312120847819685,6.39268566602235,6.697197418897423,6.312120847819685,6.39268566602235,6.697197418897423,4.361953852100117
2021-02-22,6.274358118155844,6.304165542852928,6.630754172220925,6.279233236905579,6.307912780940192,6.630815612718201,6.281223727370379,6.29929444847116,6.629468958673526,6.281223727370379,6.29929444847116,6.629468958673526,4.3284020417341855
2021-02-23,6.281181927827992,6.279902139450422,6.59796536779745,6.286053484024258,6.283634964259296,6.598026504474014,6.288046136260719,6.2750498013694544,6.596686509577747,6.288046136260719,6.2750498013694544,6.596686509577747,4.333658248834684
2021-02-24,6.293514205706064,6.35826828325435,6.7362563126998865,6.298370244747597,6.362047692782869,6.7363187307788674,6.300366841183319,6.353355396598039,6.734950650078866,6.300366841183319,6.353355396598039,6.734950650078866,4.381412120347239
2021-02-25,6.168266475913134,6.156405808399876,6.4950992394587015,6.173039964519496,6.160065234097507,6.495159422978819,6.17499681671253,6.151648901225176,6.493840319384536,6.17499681671253,6.151648901225176,6.493840319384536,4.275838870874185
2021-02-26,6.14227143656354,6.205395578584813,6.54674580123904,6.147026720332207,6.209084121397121,6.546806463315647,6.148975334084462,6.200600815171682,6.5454768707106865,6.148975334084462,6.200600815171682,6.5454768707106865,4.253807675136563
2021-03-01,6.267714412819691,6.326612729984584,6.665641425202474,6.272504719399522,6.330373325159954,6.665703184978351,6.274308800896161,6.321724305277784,6.664349448932014,6.274308800896161,6.321724305277784,6.664349448932014,4.3569201823303025
2021-03-02,6.223890801709134,6.2688655744246455,6.603518687214787,6.228676452459715,6.272591844035129,6.603579862272048,6.230483892227594,6.264021769831371,6.6022387504808915,6.230483892227594,6.264021769831371,6.6022387504808915,4.322923297303005
2021-03-03,6.1447149622738175,6.17079251019119,6.509339922052825,6.149485678084529,6.174460484066198,6.509400232340908,6.151254462157978,6.166024484750471,6.508078240921468,6.151254462157978,6.166024484750471,6.508078240921468,4.2656622790700665
2021-03-04,5.994901214570188,6.013542468953961,6.3450107622355505,5.999574574665727,6.017116972114589,6.345069566790271,6.00148263111685,6.008895946712881,6.343780935118219,6.00148263111685,6.008895946712881,6.343780935118219,4.2128751044060335
2021-03-05,6.131450692884489,6.150377109318084,6.507398317857407,6.136226850277766,6.154032948325493,6.5074586438062605,6.138269043988531,6.145624857972429,6.506137018472234,6.138269043988531,6.145624857972429,6.506137018472234,4.290377854272699
2021-03-08,6.102503333220564,6.093878051702325,6.443164346252892,6.107377709797618,6.097500306964086,6.443224094711988,6.1095281871811915,6.089169456202594,6.441915499961324,6.1095281871811915,6.089169456202594,6.441915499961324,4.269016836855487
2021-03-09,6.173927421078592,6.20184571497978,6.531069033684873,6.1788351723624535,6.205532147049936,6.531129571779238,6.180648523857475,6.197053695648701,6.529803145125714,6.180648523857475,6.197053695648701,6.529803145125714,4.329967868652387
2021-03-10,6.1802248532394,6.231786791500455,6.566345324671041,6.185167078128901,6.235491020470277,6.566406178743406,6.18715182149288,6.226971638011859,6.565072596891758,6.18715182149288,6.226971638011859,6.565072596891758,4.356920182330303
2021-03-11,6.244325539507842,6.338826335321594,6.689685380279692,6.249309436385947,6.342594189700421,6.689747382347591,6.251204135064822,6.333928474637822,6.688388746831144,6.251204135064822,6.333928474637822,6.688388746831144,4.401095858871743
2021-03-12,6.237879860649307,6.3194727317693555,6.664029393855335,6.242872779454752,6.323229082206335,6.664091155624241,6.244744512042969,6.31458982513613,6.662737732790885,6.244744512042969,6.31458982513613,6.662737732790885,4.407023344147664
2021-03-15,6.288829151108923,6.364354553109287,6.724973025285318,6.293795154490965,6.368137581403194,6.7250353378509455,6.295559606903061,6.359436967877434,6.723669549501752,6.295559606903061,6.359436967877434,6.723669549501752,4.433305112886834
2021-03-16,6.258210111504852,6.3014401232564765,6.63181808515122,6.263096394094636,6.305185754562286,6.631879525754128,6.264613625885521,6.296571150679489,6.630532663797457,6.264613625885521,6.296571150679489,6.630532663797457,4.427713450007792
2021-03-17,6.291741580426498,6.334280050903248,6.680985252881278,6.296582016076074,6.3380452025418,6.681047153036322,6.298351259349776,6.329385703711845,6.679690302311413,6.298351259349776,6.329385703711845,6.679690302311413,4.442811159752205
2021-03-18,6.212739825823376,6.211436881277555,6.5277240417885904,6.217545200157601,6.215129013602978,6.527784503616394,6.21930921177455,6.206637452525536,6.5264587943140855,6.21930921177455,6.206637452525536,6.5264587943140855,4.37817048100968
2021-03-19,6.210971244165672,6.2227056654596,6.546408661626339,6.215742111839324,6.226404496205101,6.546469302162277,6.217320427465482,6.21789752931138,6.545139793506692,6.217320427465482,6.21789752931138,6.545139793506692,4.370068215757463
2021-03-22,6.239050974660306,6.224281487224296,6.526464207984212,6.243831395208653,6.22798125477291,6.526524669166928,6.245431116316549,6.2194721332626965,6.52519920651431,6.245431116316549,6.2194721332626965,6.52519920651431,4.404963315710911
2021-03-23,6.161688827828022,6.110433103100199,6.370998236548924,6.166423576254626,6.114065198235116,6.371057252724047,6.1679671779405005,6.105711716956653,6.369763367695648,6.1679671779405005,6.105711716956653,6.369763367695648,4.370292952798168
2021-03-24,6.15853422464182,6.1025283211746695,6.364647426487006,6.1632890613082365,6.1061557176609655,6.364706401385216,6.164901859115442,6.097813042826901,6.363413791405788,6.164901859115442,6.097813042826901,6.363413791405788,4.3480766148002585
2021-03-25,6.211874647150531,6.169623746698247,6.4519278294871665,6.216692020567194,6.17329102532353,6.451987611558404,6.218194080307833,6.164856625262735,6.450677276974503,6.218194080307833,6.164856625262735,6.450677276974503,4.372536657021859
2021-03-26,6.362121842615364,6.322869401756309,6.6259094570718595,6.366992479680339,6.326627770679074,6.625970853723713,6.368537268508603,6.317983871523398,6.624625182761628,6.368537268508603,6.317983871523398,6.624625182761628,4.442999601577526
2021-03-29,6.342726402569418,6.261927799072483,6.532368815742392,6.347599631658006,6.265649943742393,6.532429336938105,6.349171160600338,6.257089357015233,6.531102670611791,6.349171160600338,6.257089357015233,6.531102670611791,4.4407555307354984
2021-03-30,6.328540265825781,6.279070961924744,6.568766047297965,6.333503812968587,6.282803296634376,6.568826899868901,6.335019834583305,6.274219273766036,6.567492846498597,6.335019834583305,6.274219273766036,6.567492846498597,4.428975350324447
2021-03-31,6.334773376067835,6.313016434193814,6.601678379448068,6.3397149201150675,6.316768946710964,6.601739547828731,6.341207930623143,6.308138516611085,6.60039880114582,6.341207930623143,6.308138516611085,6.60039880114582,4.446926817205659
2021-04-01,6.402884511314826,6.389163530112957,6.715359471626836,6.407883596965729,6.3929614295315345,6.715421744656502,6.409470134605699,6.3842268861140195,6.714057869218272,6.409470134605699,6.3842268861140195,6.714057869218272,4.494949786577722
2021-04-05,6.46247275671787,6.449173544967958,6.7486686326412535,6.467522617745912,6.453007093014717,6.748731239742611,6.469167581531098,6.444190473227208,6.747360579134358,6.469167581531098,6.444190473227208,6.747360579134358,4.559466181703934
2021-04-06,6.466780856855295,6.4511828454713935,6.759758901689723,6.471834674720183,6.455017702395573,6.759821650016759,6.4734270318194165,6.44619869304059,6.758448706294604,6.4734270318194165,6.44619869304059,6.758448706294604,4.556774469872179
2021-04-07,6.435728060766666,6.411072301195692,6.718983525909519,6.440763413398379,6.414883194969655,6.719045959413405,6.442418175971603,6.406119103657224,6.717681246452821,6.442418175971603,6.406119103657224,6.717681246452821,4.562047174797853
2021-04-08,6.451916829827228,6.441635540597283,6.7377746110846815,6.456967476075432,6.445464673748014,6.737837254195327,6.458443290770165,6.436659034656626,6.736468696524502,6.458443290770165,6.436659034656626,6.736468696524502,4.58370258673984
2021-04-09,6.5022395903323895,6.507871288327185,6.790476194105768,6.50732986073939,6.511739807993845,6.790539325060052,6.508743247310534,6.502843628104328,6.7891600645042525,6.508743247310534,6.502843628104328,6.7891600645042525,4.617025993881694
2021-04-12,6.514597601538938,6.534374908934115,6.81811432537054,6.519698464285076,6.538259236429359,6.818177685590344,6.521144015172013,6.529326803554556,6.816792833409702,6.521144015172013,6.529326803554556,6.816792833409702,4.618709505286136
2021-04-13,6.5129832569678605,6.50177465456355,6.773731504548563,6.518084739963543,6.50563958810732,6.773794440063474,6.519408379137152,6.49675183254586,6.772418612445338,6.519408379137152,6.49675183254586,6.772418612445338,4.632398300760673
2021-04-14,6.51838711170215,6.523641328624485,6.828115174869317,6.5234844453447485,6.52751931606555,6.828178600867685,6.524730939129168,6.518601698009436,6.826791739102273,6.524730939129168,6.518601698009436,6.826791739102273,4.616577619655292
2021-04-15,6.5740938399151325,6.559816308585257,6.844816643677665,6.5792338385762825,6.563715772271638,6.844880335601861,6.5804348514550615,6.554748667793402,6.843489992970512,6.5804348514550615,6.554748667793402,6.843489992970512,4.666171548602276
2021-04-16,6.628344292379058,6.59105958358428,6.872334351239892,6.6335202022348385,6.594977677311188,6.872398352983133,6.634615668013491,6.585968050103715,6.871002377852089,6.634615668013491,6.585968050103715,6.871002377852089,4.681767859285287
2021-04-19,6.600995516812067,6.56751580041838,6.847901703855672,6.60614472946783,6.571420000007338,6.847965439624292,6.607215167846965,6.562442790598079,6.846574458234888,6.607215167846965,6.562442790598079,6.846574458234888,4.658765491572411
2021-04-20,6.559761213635655,6.481969531371584,6.705059517226414,6.564870341781828,6.485822791010956,6.705121903159236,6.56578333796495,6.476962328174228,6.703759952899388,6.56578333796495,6.476962328174228,6.703759952899388,4.624656787952266
2021-04-21,6.612485094264711,6.565894541189511,6.801744939682614,6.617641680320918,6.569797765065335,6.8018082143828815,6.61856749779598,6.560822750086275,6.80042663377043,6.61856749779598,6.560822750086275,6.80042663377043,4.668415252825968
2021-04-22,6.583730840032067,6.535666244571079,6.779324905571441,6.588859824193767,6.539551616459492,6.779387916341748,6.589578621464443,6.530618112543636,6.778010934006057,6.589578621464443,6.530618112543636,6.778010934006057,4.625777906827437
2021-04-23,6.64223285384117,6.62077912358578,6.880162812460602,6.647406937410972,6.62471514163768,6.8802267905678915,6.6481993224633955,6.615665252070793,6.8788293024717495,6.6481993224633955,6.615665252070793,6.8788293024717495,4.675932761830343
2021-04-26,6.652790738669232,6.648409774038823,6.954263432259102,6.657975095892215,6.652362292251579,6.954328106928978,6.65884995149407,6.643274256031797,6.95291556162459,6.65884995149407,6.643274256031797,6.95291556162459,4.685694708295085
2021-04-27,6.674339432863311,6.683883519789371,6.997529817591281,6.679547558240752,6.687857112568051,6.997594861081595,6.680558424432332,6.678721057183335,6.996173554381992,6.680558424432332,6.678721057183335,6.996173554381992,4.68468430815775
2021-04-28,6.651445658873762,6.647064409925625,6.995531718715629,6.656650868051343,6.651016155873976,6.995596776578092,6.657907235407269,6.641930695517297,6.99417584937189,6.657907235407269,6.641930695517297,6.99417584937189,4.683338452241873
2021-04-29,6.698527042224428,6.702008452585745,7.0597901551762074,6.703759054010071,6.705992855827165,7.0598558063124655,6.705012494103432,6.696832163638068,7.05842183043987,6.705012494103432,6.696832163638068,7.05842183043987,4.713184484455344
2021-04-30,6.6823399849934555,6.635413684044641,6.973321419498288,6.687569880449502,6.639358514064147,6.973386248483722,6.68898552800612,6.630289496167896,6.971969850474424,6.68898552800612,6.630289496167896,6.971969850474424,4.682216233511691
2021-05-03,6.7109869370516035,6.668019185900053,7.002659318089425,6.716239052234657,6.67198340026682,7.002724419820956,6.717961569401377,6.662869818475232,7.001302062794619,6.717961569401377,6.662869818475232,7.001302062794619,4.692314368991648
2021-05-04,6.6753535549686625,6.6322993475231184,6.970873666089804,6.680577282572303,6.6362423260327885,6.970938472319171,6.682320273878721,6.627177564688729,6.969522571489459,6.682320273878721,6.627177564688729,6.969522571489459,4.663366551704329
2021-05-05,6.7164314372057365,6.700637095790019,7.054901273397952,6.72168650085076,6.704620701879167,7.054966860808079,6.723258133493258,6.695462539236636,7.053533892568369,6.723258133493258,6.695462539236636,7.053533892568369,4.664824959449729
2021-05-06,6.745027021039805,6.732281495295347,7.064818705460573,6.750304637175118,6.736283914345322,7.064884385070244,6.750258027060103,6.727082501403672,7.063449402434498,6.750258027060103,6.727082501403672,7.063449402434498,4.702075948838053
2021-05-07,6.816154001372649,6.826150724823694,7.1658561763469315,6.821487113656443,6.830208950213856,7.165922795273226,6.821535053605272,6.820879240565987,7.164467290240186,6.821535053605272,6.820879240565987,7.164467290240186,4.7362986707610695
2021-05-10,6.745751795469078,6.7667770836827055,7.094757768892224,6.7510307330430335,6.770800010757609,7.094823726836851,6.752034573239246,6.761551450627165,7.093382663077449,6.752034573239246,6.761551450627165,7.093382663077449,4.689396453645841
2021-05-11,6.686003861433959,6.681102307770092,7.001843317196678,6.6912355850874405,6.685074300201933,7.00190841134208,6.69258227145254,6.675942836926679,7.000486220059149,6.69258227145254,6.675942836926679,7.000486220059149,4.647545503980615
2021-05-12,6.527017442740383,6.514452178619036,6.810039457302452,6.532124223986387,6.5183250956262135,6.810102768301933,6.533982896075722,6.5094214030775985,6.808719535585371,6.533982896075722,6.5094214030775985,6.808719535585371,4.54880712016806
2021-05-13,6.645027803663354,6.615709372284127,6.912640932332781,6.65022690539257,6.6196424878612605,6.912705197188988,6.652138186359247,6.610600401033046,6.911301124399777,6.652138186359247,6.610600401033046,6.911301124399777,4.603450116855022
2021-05-14,6.743733144739908,6.748547599698274,7.064003148696655,6.7490088086279325,6.752559689134738,7.0640688207243265,6.751156494903178,6.743336044333144,7.062634003741775,6.751156494903178,6.743336044333144,7.062634003741775,4.674137798451396
2021-05-17,6.719890892542191,6.731198885275893,7.036628424627795,6.7251478951291785,6.735200660701418,7.036693842160444,6.727559060555447,6.726000727428421,7.035264585441409,6.727559060555447,6.726000727428421,7.035264585441409,4.6622439663558115
2021-05-18,6.636907475403662,6.632768964978172,6.93066052632235,6.64209951976377,6.636712222680215,6.930724958701595,6.644279218786008,6.627646819483065,6.929317225831983,6.644279218786008,6.627646819483065,6.929317225831983,4.622074695003341
2021-05-19,6.611798180774665,6.586897490363622,6.909303428469062,6.616970048307314,6.5908134769444855,6.909367662297445,6.619560120765732,6.581810769043384,6.907964267410992,6.619560120765732,6.581810769043384,6.907964267410992,4.6099575923403995
2021-05-20,6.663201674534264,6.633892973270582,6.955024642482745,6.66841353549607,6.637836899208528,6.955089301368248,6.6711170860620355,6.628769959761823,6.953676619739851,6.6711170860620355,6.628769959761823,6.953676619739851,4.659551521287383
2021-05-21,6.672968851478165,6.653105935633081,6.982636390618077,6.678187632999908,6.657061283898943,6.982701306202147,6.68081538179031,6.647968084944042,6.981283016166689,6.68081538179031,6.647968084944042,6.981283016166689,4.655736490870434
2021-05-24,6.716301584564496,6.70440984083196,7.051264772381637,6.721553971174545,6.708395689861633,7.051330325984249,6.723798999947145,6.699232370782048,7.049898096378611,6.723798999947145,6.699232370782048,7.049898096378611,4.703198167568237
2021-05-25,6.684901498470274,6.653708243425792,7.001658864993775,6.690129315367755,6.657663949770647,7.001723957424378,6.692037368693043,6.648569927605439,7.000301803606768,6.692037368693043,6.648569927605439,7.000301803606768,4.692762743218052
2021-05-26,6.71884839793237,6.700369210705279,7.0621473684920995,6.724102910215702,6.70435265753365,7.062213023267112,6.726352228293469,6.695194861025742,7.060778583224504,6.726352228293469,6.695194861025742,7.060778583224504,4.702075948838054
2021-05-27,6.782471843654789,6.768310488781335,7.133731866919094,6.787775983329869,6.772334327483616,7.133798187194823,6.790561784904743,6.763083671555753,7.132349207145386,6.790561784904743,6.763083671555753,7.132349207145386,4.7045440234841145
2021-05-28,6.779080923824631,6.761350724869569,7.130045636742262,6.784382203242101,6.765370425911918,7.130111922748158,6.787387583556112,6.756129282310781,7.128663691433617,6.787387583556112,6.756129282310781,7.128663691433617,4.712958647559629
2021-06-01,6.833276397996091,6.8793277591174515,7.254455931741584,6.838620074702852,6.883417598868298,7.2545233743546005,6.8423128306060566,6.874015208977848,7.253049873231947,6.8423128306060566,6.874015208977848,7.253049873231947,4.708808894600812
2021-06-02,6.82272792611536,6.8789613650732155,7.25406955831374,6.828063364578711,6.883050986998574,7.254136997334752,6.832238751151135,6.873649097880842,7.252663574690992,6.832238751151135,6.873649097880842,7.252663574690992,4.716213485157328
2021-06-03,6.808260854954301,6.858629107481306,7.2326285873558085,6.813584976241663,6.862706641644861,7.232695827046213,6.817858720562878,6.853332541843168,7.2312267594216415,6.817858720562878,6.853332541843168,7.2312267594216415,4.698709659265843
2021-06-04,6.8545367237148564,6.908581321647809,7.285304684360133,6.859897034308758,6.912688552979211,7.285372413765226,6.864133203490307,6.903246180490138,7.283892646745854,6.864133203490307,6.903246180490138,7.283892646745854,4.741684294134601
2021-06-07,6.812571814837934,6.871939514721063,7.2466648080644935,6.817899321929597,6.876024962075345,7.246732178245649,6.8229342867232745,6.866632670141679,7.245260259630296,6.8229342867232745,6.866632670141679,7.245260259630296,4.737082867384349
2021-06-08,6.820072299214348,6.876962604224892,7.251961805492537,6.825405674375851,6.881051037863857,7.252029224918371,6.830552506478225,6.871651880572467,7.2505562303944,6.830552506478225,6.871651880572467,7.2505562303944,4.738093267521685
2021-06-09,6.7821225384986255,6.812037438784733,7.183496285598906,6.787426237933657,6.816087273663507,7.18356306852028,6.792723827480524,6.806776853490125,7.182103980486523,6.792723827480524,6.806776853490125,7.182103980486523,4.731023766125373
2021-06-10,6.775243288306222,6.766202629208889,7.135162114317847,6.780541603454969,6.770225214764366,7.135228447890181,6.786364252954106,6.760977439774536,7.133779177333615,6.786364252954106,6.760977439774536,7.133779177333615,4.753016833555926
2021-06-11,6.790945687689881,6.792920818321791,7.163337240185139,6.796256299214892,6.796959288149066,7.163403835693602,6.802081526933756,6.78767499580754,7.1619488422985516,6.802081526933756,6.78767499580754,7.1619488422985516,4.760870164957181
2021-06-14,6.735956897737545,6.709980378808188,7.075874077434495,6.741224522049748,6.713969539586912,7.0759398598228165,6.74765271136268,6.704798606919078,7.0745026316564354,6.74765271136268,6.704798606919078,7.0745026316564354,4.771529959729736
2021-06-15,6.7389864154782115,6.728954294274382,7.095882636180611,6.744256431242845,6.732954735264838,7.095948604582811,6.750808927944208,6.723757869808626,7.094507312344079,6.750808927944208,6.723757869808626,7.094507312344079,4.762777680165656
2021-06-16,6.680038427787187,6.677799947120908,7.041938854151901,6.685262338694102,6.681769976261582,7.042004321054106,6.690654295209874,6.672643026520011,7.040573985698168,6.690654295209874,6.672643026520011,7.040573985698168,4.736185752313212
2021-06-17,6.559197122853166,6.505994714716831,6.860765121636227,6.56432657258985,6.509862603663944,6.860828904217782,6.570803344707692,6.500970470438876,6.859435368271857,6.570803344707692,6.500970470438876,6.859435368271857,4.734615159356628
2021-06-18,6.417856525158316,6.335884644055083,6.681378987645802,6.422875454389743,6.339651400601855,6.681441102525501,6.42952935740056,6.330991767014057,6.680084002898483,6.42952935740056,6.330991767014057,6.680084002898483,4.67074327926722
2021-06-21,6.557318060557848,6.515098101646149,6.870364914177118,6.5624460880642035,6.518971402661858,6.870428786005213,6.569766151407029,6.510066827291826,6.869033300181142,6.569766151407029,6.510066827291826,6.869033300181142,4.737608598079901
2021-06-22,6.553230245226815,6.509520630724097,6.864483305038642,6.558355078775634,6.51339061586897,6.864547122187091,6.565716673980213,6.504493663563001,6.863152831016037,6.565716673980213,6.504493663563001,6.863152831016037,4.762937525760676
2021-06-23,6.5633726953971,6.512112763213069,6.867216785920631,6.568505473926059,6.515984289410624,6.867280628481474,6.576147532880338,6.507083794281699,6.865885782094813,6.576147532880338,6.507083794281699,6.865885782094813,4.757197015836731
2021-06-24,6.605726755462383,6.571739995363641,6.930095477431551,6.610892663662364,6.575646970638901,6.930159904557701,6.618330379670513,6.56666497939518,6.92875228645895,6.618330379670513,6.56666497939518,6.92875228645895,4.785337906163864
2021-06-25,6.662839937395586,6.6226871726511884,6.983820792668828,6.668050491758642,6.626624436611354,6.98388571926395,6.675233183308273,6.617572812804475,6.982467188656657,6.675233183308273,6.617572812804475,6.982467188656657,4.802336165368344
2021-06-28,6.658058652845602,6.576383283639839,6.934991963157704,6.663265459083606,6.580293019403568,6.935056435805088,6.669512588759532,6.571304681899243,6.933647823148332,6.669512588759532,6.571304681899243,6.933647823148332,4.812017822417237
2021-06-29,6.6509892318056885,6.565279991307659,6.923283210828774,6.656190509275833,6.569183126035948,6.923347574623219,6.6623413190118566,6.560209964067261,6.921941340209553,6.6623413190118566,6.560209964067261,6.921941340209553,4.814606881114575
2021-06-30,6.645288316235799,6.5872231389847995,6.946422913340627,6.650485139783885,6.59113931916764,6.946487492258304,6.656594798285444,6.582136166182809,6.945076557784709,6.656594798285444,6.582136166182809,6.945076557784709,4.818658746977357
2021-07-01,6.666526493356699,6.60580577143882,6.96601885250122,6.671739927893111,6.6097329992111264,6.966083613596768,6.677869074250582,6.600704448227881,6.964668698860749,6.677869074250582,6.600704448227881,6.964668698860749,4.845338296612393
2021-07-02,6.691447752041712,6.6250220680299154,6.98628300935966,6.696680674286839,6.628960720112331,6.98634795884531,6.702832759349103,6.619905905063885,6.984928928120696,6.702832759349103,6.619905905063885,6.984928928120696,4.882374081036779
2021-07-06,6.631241850247856,6.551538183895965,6.908792065795236,6.636427689967282,6.5554331489611455,6.908856294869628,6.642524428947142,6.546478768744922,6.907453003849468,6.642524428947142,6.546478768744922,6.907453003849468,4.87348138664955
2021-07-07,6.652544024283489,6.568922730706212,6.927124587975341,6.65774652570745,6.572828031085115,6.927188987481977,6.66386280539842,6.563849890365992,6.9257819728204755,6.66386280539842,6.563849890365992,6.9257819728204755,4.890703649658062
2021-07-08,6.601146294349985,6.507394634604917,6.862241378836304,6.606308599240862,6.511263355820559,6.862305175142203,6.612377656093607,6.502369309241011,6.86091133934379,6.612377656093607,6.502369309241011,6.86091133934379,4.850854436113971
2021-07-09,6.70544886438332,6.622439420548495,6.9835595307005205,6.710692738759983,6.626376537217175,6.9836244548667645,6.7168576601954575,6.617325252027958,6.982205977326138,6.7168576601954575,6.617325252027958,6.982205977326138,4.902637076534064
2021-07-12,6.761569347158964,6.679059785234376,7.043267390950161,6.766857109227588,6.683030563363348,7.043332870203396,6.773073631615609,6.6739018917254604,7.041902264999449,6.773073631615609,6.6739018917254604,7.041902264999449,4.920196995031141
2021-07-13,6.712553370569704,6.630776691541795,6.992351431178256,6.717802796503117,6.6347187648143064,6.992416437080298,6.723974308639257,6.625656084576728,6.990996173757892,6.723974308639257,6.625656084576728,6.990996173757892,4.903423839485704
2021-07-14,6.655653761697838,6.564618687879375,6.922585846675476,6.660858689655571,6.568521429455143,6.922650203986725,6.666977901437635,6.559549171329519,6.921244111219362,6.666977901437635,6.559549171329519,6.921244111219362,4.910740808259629
2021-07-15,6.595099057474481,6.507224673170915,6.862062149444096,6.600256630930991,6.511093293342523,6.8621259440837505,6.606320152327216,6.5021994790594615,6.86073214468982,6.606320152327216,6.5021994790594615,6.86073214468982,4.893969119187541
2021-07-16,6.520995738014358,6.431385690004162,6.782087683834118,6.526095359610876,6.435209223024978,6.782150734973917,6.532090740712791,6.426419062429253,6.780773179729233,6.532090740712791,6.426419062429253,6.780773179729233,4.855582346190558
2021-07-19,6.41736155355421,6.316543834698688,6.660983528369386,6.422380128565258,6.320299092911073,6.6610454536383035,6.4282802622705715,6.311665893567541,6.659692496669592,6.4282802622705715,6.311665893567541,6.659692496669592,4.783875832235093
2021-07-20,6.544919209308543,6.459901639230729,6.812158601263767,6.550037539311367,6.4637421253124785,6.81222193196433,6.556054922599756,6.454912990258475,6.810838268814242,6.556054922599756,6.454912990258475,6.810838268814242,4.852430528345612
2021-07-21,6.627190132556626,6.553644291581944,6.911013019052651,6.632372800719563,6.557540508752451,6.911077268774613,6.6384658336564,6.5485832499925225,6.909673526641765,6.6384658336564,6.5485832499925225,6.909673526641765,4.8917169827420945
2021-07-22,6.60734986537726,6.525727148668379,6.881573560707585,6.612517017843671,6.529606768775217,6.881637536739278,6.618591802410054,6.520687666049059,6.880239774251951,6.618591802410054,6.520687666049059,6.880239774251951,4.901961032320259
2021-07-23,6.6548274911960705,6.567912833561665,6.926059621369992,6.66003177147268,6.57181753354506,6.926124010975936,6.6661502254541025,6.562840773112939,6.924717212626933,6.6661502254541025,6.562840773112939,6.924717212626933,4.95239195093108
2021-07-26,6.684211624819649,6.602900315484192,6.962954962696503,6.689438885781524,6.606825815929399,6.963019695307938,6.695584332007255,6.597801236007084,6.961605402899095,6.695584332007255,6.597801236007084,6.961605402899095,4.964550481466126
2021-07-27,6.648703421224946,6.559306993203794,6.916984506501532,6.65390291310048,6.563206576915771,6.917048811738714,6.66001571648727,6.554241578601871,6.915643856697063,6.66001571648727,6.554241578601871,6.915643856697063,4.941923530930546
2021-07-28,6.702493629106023,6.620983505268832,6.982024224692942,6.70773518516432,6.624919756379074,6.982089134585881,6.713897464530488,6.6158704610765975,6.98067096889154,6.713897464530488,6.6158704610765975,6.98067096889154,4.939897231380818
2021-07-29,6.803866890453335,6.733693759692165,7.100880543565928,6.809187723952477,6.737697018349512,7.100946558432251,6.815443198386169,6.728493675181626,7.099504251035081,6.815443198386169,6.728493675181626,7.099504251035081,4.960384963918811
2021-07-30,6.811319168451942,6.745234002766788,7.113050073461561,6.816645828694859,6.7492441222318345,7.113116201464541,6.82290817233238,6.740025006321521,7.1116714222326625,6.82290817233238,6.740025006321521,7.1116714222326625,4.936294839599449
2021-08-02,6.841045327933468,6.774671751424223,7.1440930558346585,6.84639523494371,6.778699371970603,7.1441594724354145,6.852684908885552,6.7694400217234385,7.142708387855512,6.852684908885552,6.7694400217234385,7.142708387855512,4.925938238191763
2021-08-03,6.902000883941957,6.835035900993133,7.20774884870255,6.907398460064267,6.839099408723127,7.207815857093102,6.913744176694596,6.82975755517193,7.206351842958849,6.913744176694596,6.82975755517193,7.206351842958849,4.966012922013235
2021-08-04,6.9118236512726705,6.844763365315651,7.218006749434458,6.917228909099937,6.848832656135454,7.2180738531897966,6.923583656806769,6.839477507475285,7.216607755504635,6.923583656806769,6.839477507475285,7.216607755504635,4.941586608678657
2021-08-05,6.938240386558355,6.870923798659664,7.245593705238081,6.943666303081847,6.875008642159022,7.2456610654614995,6.950045338400233,6.865617738465423,7.244189364405012,6.950045338400233,6.865617738465423,7.244189364405012,4.97288005008741
2021-08-06,6.958513642035633,6.8910003578121835,7.26676503457908,6.963955412865945,6.895097137057673,7.266832591626325,6.970353087465403,6.885678793526429,7.265356590319365,6.970353087465403,6.885678793526429,7.265356590319365,4.981097433497509
2021-08-09,6.950076761334116,6.882645333891305,7.257954413110678,6.955511934265271,6.886737145978643,7.258021888248081,6.961901851975809,6.877330221759751,7.256547676525447,6.961901851975809,6.877330221759751,7.256547676525447,4.977044467779714
2021-08-10,6.9212294323661645,6.85407788910838,7.227829192083736,6.926642045802377,6.858152717520082,7.227896387155529,6.933005441207536,6.848784838141533,7.226428294368267,6.933005441207536,6.848784838141533,7.226428294368267,4.983236284876758
2021-08-11,6.932292399255669,6.865033520255456,7.239382231296839,6.937713664270884,6.869114861916319,7.239449533773952,6.944087230995078,6.859732008819531,7.237979094371532,6.944087230995078,6.859732008819531,7.237979094371532,4.99561955245251
2021-08-12,6.94709515845174,6.879692659284879,7.254840729831856,6.952527999678104,6.8837827159730836,7.254908176022232,6.9589151760956005,6.874379827351686,7.253434596740659,6.9589151760956005,6.874379827351686,7.253434596740659,5.010591512107262
2021-08-13,6.9614126347828655,6.893871223788187,7.269792448221533,6.966856672714312,6.897969709796632,7.269860033413781,6.973257012654849,6.8885474424806565,7.268383417188564,6.973257012654849,6.8885474424806565,7.268383417188564,5.019709310153535
2021-08-16,6.975352033798031,6.907675379178632,7.284349341054873,6.9808069727665165,6.911782071916778,7.284417061578413,6.987220128624878,6.902340937633617,7.2829374886052145,6.987220128624878,6.902340937633617,7.2829374886052145,5.031528718726666
2021-08-17,6.928470276766648,6.861248480979203,7.2353907946927185,6.933888552764992,6.865327572390531,7.235458060062581,6.940258605420346,6.8559498925339595,7.233988431387577,6.940258605420346,6.8559498925339595,7.233988431387577,4.99854663325675
2021-08-18,6.847216788022058,6.780783334424045,7.150537902060604,6.85257152130314,6.7848145883770545,7.150604378577263,6.858866869300604,6.7755468850628136,7.149151984941486,6.858866869300604,6.7755468850628136,7.149151984941486,4.943836178795743
2021-08-19,6.876580298567883,6.809861952658773,7.18120217071101,6.881957995013713,6.813910494185935,7.1812689323046515,6.8882803398951715,6.804603047379933,7.17981031024393,6.8882803398951715,6.804603047379933,7.17981031024393,4.951491536294907
2021-08-20,6.937580659007001,6.870270471954234,7.244904752776513,6.943006059603337,6.874354927043324,7.244972106594939,6.949384488366586,6.864964916290522,7.243500545476199,6.949384488366586,6.864964916290522,7.243500545476199,4.990891275757586
2021-08-23,6.998606389366069,6.930704115024173,7.308633828610184,7.0040795139529655,6.934824498611566,7.308701774899698,7.010514049923172,6.925351889573795,7.307217269341614,7.010514049923172,6.925351889573795,7.307217269341614,5.034793088401135
2021-08-24,6.997358239795334,6.929468075320726,7.307330387943812,7.002830388291032,6.93358772406825,7.307398322115609,7.009263776709446,6.924116804400082,7.305914081308087,7.009263776709446,6.924116804400082,7.305914081308087,5.042786834625539
2021-08-25,7.040920850686031,6.972608030586691,7.352822755124524,7.046427066477911,6.976753326535522,7.352891112225918,7.052900506468187,6.9672234449028325,7.351397631159065,7.052900506468187,6.9672234449028325,7.351397631159065,5.0533678064555945
2021-08-26,6.9760367969135455,6.908353498546757,7.285064438117373,6.981492271387763,6.912460594434694,7.285132165288969,6.987906056819022,6.903018533325117,7.283652447067617,6.987906056819022,6.903018533325117,7.283652447067617,5.023537538830624
2021-08-27,7.052814127346027,6.98438591562589,7.3652428855468255,7.058329644044586,6.988538213663312,7.365311358114638,7.064814018742747,6.978992234488668,7.363815354311925,7.064814018742747,6.978992234488668,7.363815354311925,5.068451218084856
2021-08-30,7.086162127170457,7.017410364602216,7.400068150188604,7.091703723026439,7.021582296055707,7.400136946516994,7.098218757957861,7.011991180385745,7.3986338691215785,7.098218757957861,7.011991180385745,7.3986338691215785,5.090740513131871
2021-08-31,7.05502486985437,6.986575208943359,7.367551560529229,7.060542115421294,6.990728808540926,7.3676200545601365,7.067028522681567,6.981179837127785,7.366123581826988,7.067028522681567,6.981179837127785,7.366123581826988,5.083197707462228
2021-09-01,7.062098290059956,6.993580001204781,7.374938322748403,7.067621066543896,6.997737764363106,7.375006883657598,7.0741139778230195,6.988179220158803,7.373508911842987,7.0741139778230195,6.988179220158803,7.373508911842987,5.085900051225762
2021-09-02,7.115411073211215,7.0463755298966575,7.430612779372911,7.12097554252588,7.050564681337588,7.430681859381877,7.1275174691210825,7.040933977409611,7.429172578067094,7.1275174691210825,7.040933977409611,7.429172578067094,5.101546955239308
2021-09-03,7.108832372154926,7.039860657085262,7.423742652033766,7.114391696724581,7.044045935360019,7.423811668174981,7.120927574845084,7.034424135698372,7.422303782296421,7.120927574845084,7.034424135698372,7.422303782296421,5.100308151877894
2021-09-07,7.049108190627364,6.9807159348911405,7.361372781643081,7.05462080903929,6.984866050923757,7.361441217903569,7.061101776617874,6.975325087929125,7.359946000420034,7.061101776617874,6.975325087929125,7.359946000420034,5.082071455930337
2021-09-08,7.042559105469678,6.974230390925905,7.354533582795953,7.048066601229122,6.97837664992918,7.354601952793222,7.054541548606933,6.96884455272815,7.353108126397597,7.054541548606933,6.96884455272815,7.353108126397597,5.0758803720699674
2021-09-09,7.012598927946671,6.944560894725092,7.323246215732802,7.018082993947872,6.9486895148927825,7.323314294906442,7.024530395846635,6.93919796874415,7.32182682346421,7.024530395846635,6.93919796874415,7.32182682346421,5.054155669262247
2021-09-10,6.959837707383508,6.892311577043567,7.268147754666545,6.965280512544272,6.896409134450055,7.268215321731815,6.971679405597549,6.886989000502014,7.266739041615902,6.971679405597549,6.886989000502014,7.266739041615902,5.014305722481482
2021-09-13,6.937709498678426,6.870398061407322,7.245039299431313,6.9431350007078,6.874482593172909,7.245106656199969,6.949513547264671,6.865092407014439,7.243635066527717,6.949513547264671,6.865092407014439,7.243635066527717,5.027138830756984
2021-09-14,6.897676813940815,6.830753784320917,7.203233229298049,6.90307100816508,6.834814745865971,7.203300194846907,6.909412749570243,6.825478745458199,7.20183709853111,6.909412749570243,6.825478745458199,7.20183709853111,5.000009440422198
2021-09-15,6.959803099610169,6.892277304431276,7.268111612432584,6.965245879973039,6.896374844220002,7.268179184855482,6.9716447389902445,6.886954753691921,7.266702907976955,6.9716447389902445,6.886954753691921,7.266702907976955,5.041773501541508
2021-09-16,6.95126034749728,6.883817436266863,7.259190429559124,6.956696447254201,6.887909946673273,7.2592579192651305,6.963087451958049,6.87850141862173,7.257783454268648,6.963087451958049,6.87850141862173,7.257783454268648,5.033780488553778
2021-09-17,6.851929768248451,6.785450587763959,7.155459659242753,6.857288188495381,6.789484617999363,7.155526184708367,6.863587868374939,6.7802105337508305,7.154072789080325,6.863587868374939,6.7802105337508305,7.154072789080325,4.984744919334357
2021-09-20,6.725930361305701,6.660673659766505,7.023878674301374,6.731190244749958,6.664633506966532,7.023943972962258,6.737374081840459,6.65552996495413,7.022517306176138,6.737374081840459,6.65552996495413,7.022517306176138,4.901628876106756
2021-09-21,6.722552742376166,6.657328811378368,7.020351432113685,6.727809984359079,6.661286669954572,7.020416697832391,6.733990716116992,6.652187699637509,7.018990747596462,6.733990716116992,6.652187699637509,7.018990747596462,4.896999586362877
2021-09-22,6.801909072978751,6.735915206096005,7.103223124500815,6.807228375562001,6.739919787038953,7.103289164469662,6.813482066239804,6.730713405688815,7.1018463788592525,6.813482066239804,6.730713405688815,7.1018463788592525,4.944768122608919
2021-09-23,6.912354971187621,6.845289529482628,7.218561604307357,6.91776064728354,6.849359136471587,7.218628720155056,6.924115880786493,6.840003264503205,7.217162504771879,6.924115880786493,6.840003264503205,7.217162504771879,5.004846969381609
2021-09-24,6.910225000810153,6.843180224496398,7.216337279246513,6.915629011676581,6.847248578054224,7.216404375602511,6.92198228641711,6.837895588285847,7.214938611161202,6.92198228641711,6.837895588285847,7.214938611161202,5.013091849166999
2021-09-27,6.8924251365247455,6.825553058528953,7.197748907296904,6.897815229317156,6.8296109349242355,7.1978158357787665,6.904152136895801,6.820282034293455,7.196353843388036,6.904152136895801,6.820282034293455,7.196353843388036,4.998749373197227
2021-09-28,6.716678340652498,6.651511403477542,7.014216800915766,6.721930992853075,6.655465808623346,7.014282020102717,6.728106319581872,6.646374782994897,7.012857308344779,6.728106319581872,6.646374782994897,7.012857308344779,4.89801548577527
2021-09-29,6.70508417381301,6.6400297263927825,7.002109030811577,6.710327758375549,6.643977304764966,7.0021741358172065,6.716492426029282,6.6349019728063805,7.000751884516308,6.716492426029282,6.6349019728063805,7.000751884516308,4.90625889908731
2021-09-30,6.628469286045186,6.564158175847801,6.922100221846511,6.633652955677961,6.568060648023181,6.922164583684747,6.639747183161131,6.559089013871955,6.920758583039059,6.639747183161131,6.559089013871955,6.920758583039059,4.8462937039991525
2021-10-01,6.711397247160769,6.646386167316029,7.00881208690767,6.716645765751858,6.6503375250362335,7.008877254994711,6.722816241415218,6.641253504888711,7.007453641639822,6.722816241415218,6.641253504888711,7.007453641639822,4.90388797830061
2021-10-04,6.627549399790934,6.563100426520945,6.920984793690464,6.632732343682945,6.567002269851436,6.921049145157425,6.6388257332486695,6.558032081390539,6.919643371074869,6.6388257332486695,6.558032081390539,6.919643371074869,4.840647781606206
2021-10-05,6.710855521228611,6.645551627498597,7.007932039824611,6.716103616530269,6.649502489074691,7.007997199728956,6.722273593689517,6.640419609543486,7.006573765127152,6.722273593689517,6.640419609543486,7.006573765127152,4.891013442153004
2021-10-06,6.716036579826931,6.649496658829495,7.012092192812892,6.721288725863441,6.653449865774879,7.012157391398429,6.7274634677435285,6.644361594329454,7.010733111796178,6.7274634677435285,6.644361594329454,7.010733111796178,4.91134206233265
2021-10-07,6.783469705478563,6.716260941867462,7.082497116955179,6.788774586515842,6.720253840994217,7.08256297016723,6.795011326303072,6.711074318743169,7.081124390083097,6.795011326303072,6.711074318743169,7.081124390083097,4.953802331674311
2021-10-08,6.782347330857289,6.714503395277752,7.080643731751377,6.787651333076937,6.718495249521602,7.080709567730612,6.793887042285254,6.709318129416356,7.079271364101704,6.793887042285254,6.709318129416356,7.079271364101704,4.94476812260892
2021-10-11,6.777777990924055,6.71066811138401,7.076599310702932,6.7830784206040144,6.71465768550476,7.0766651090770525,6.789309927736829,6.705485807315239,7.075227726941393,6.789309927736829,6.705485807315239,7.075227726941393,4.908968941835925
2021-10-12,6.8007687492001185,6.734067894121306,7.1012750782481096,6.806087157373522,6.738071379698575,7.101341106058054,6.812339803481607,6.728867519603026,7.0998987118387795,6.812339803481607,6.728867519603026,7.0998987118387795,4.896886301296681
2021-10-13,6.8242513858784015,6.758073300348969,7.126589493794253,6.82958815889915,6.762091057433316,7.126655756978182,6.835862394137402,6.752854387689284,7.12520822095462,6.835862394137402,6.752854387689284,7.12520822095462,4.914503412254363
2021-10-14,6.987333773427056,6.919742246758808,7.297074210924748,6.992798083454308,6.923856118005563,7.297142059279281,6.999222255115575,6.914398485481241,7.295659894802694,6.999222255115575,6.914398485481241,7.295659894802694,4.997167781690529
2021-10-15,7.0220132881250565,6.953159505760652,7.3323137054270715,7.027504717105749,6.957293243975865,7.33238188143919,7.033960775033705,6.947789938051533,7.330892559199722,7.033960775033705,6.947789938051533,7.330892559199722,5.035226431275714
2021-10-18,7.068345383963656,6.999744002929105,7.381438444585677,7.073873048448451,7.00390543619662,7.381507077360688,7.080371701291524,6.994338460407163,7.380007777020244,7.080371701291524,6.994338460407163,7.380007777020244,5.05013239962977
2021-10-19,7.097752528658338,7.028364828017878,7.4116199567292105,7.103303193603872,7.032543276715331,7.4116888701325765,7.10982887954657,7.0229371831037675,7.410183439394681,7.10982887954657,7.0229371831037675,7.410183439394681,5.089094030179489
2021-10-20,7.111621059557407,7.0416837113964315,7.425665115776208,7.117182573449767,7.045870078332659,7.425734159771768,7.123721006055808,7.036245780993249,7.424225876214344,7.123721006055808,7.036245780993249,7.424225876214344,5.109082795160546
2021-10-21,7.115747701240841,7.044855320815708,7.429009672332685,7.121312441240723,7.049043573312457,7.429078747426005,7.127854669185079,7.039414941141585,7.427569784530154,7.127854669185079,7.039414941141585,7.427569784530154,5.122408271862913
2021-10-22,7.178930375682891,7.108452535098773,7.496074828184261,7.184544528612415,7.112678596915853,7.496144526850856,7.191144844237705,7.1029630425648165,7.49462194183897,7.191144844237705,7.1029630425648165,7.49462194183897,5.11710000495853
2021-10-25,7.204617576216012,7.132902943194494,7.521858511448683,7.210251817128211,7.137143541077694,7.521928449852526,7.216875749870085,7.127394568867063,7.520400627719801,7.216875749870085,7.127394568867063,7.520400627719801,5.144541754116615
2021-10-26,7.19683610010564,7.121760851393221,7.510108843926471,7.202464253848085,7.125994825166814,7.51017867308165,7.209081034508212,7.116261081530609,7.508653237513637,7.209081034508212,7.116261081530609,7.508653237513637,5.149173243570517
2021-10-27,7.129912375926923,7.05707214336488,7.441892675424999,7.135488192824576,7.0612676589117855,7.441961870304762,7.142043444186869,7.051622329266619,7.440450290643755,7.142043444186869,7.051622329266619,7.440450290643755,5.126360417537976
2021-10-28,7.218337185783323,7.145612975562346,7.535261618978435,7.223982156025462,7.149861129714962,7.535331682004664,7.230618702394573,7.140094785930185,7.533801137464398,7.230618702394573,7.140094785930185,7.533801137464398,5.175824563593588
2021-10-29,7.214815856720153,7.142109445265775,7.5315670419750385,7.220458074111155,7.146355516526856,7.53163707064901,7.2270913818091715,7.136593961229988,7.5301072765424975,7.2270913818091715,7.136593961229988,7.5301072765424975,5.186327079099481
2021-11-01,7.234100936541879,7.16120018208883,7.551698792316508,7.239758235483806,7.1654576030260255,7.551769008175932,7.246409273900246,7.155669955258217,7.5502351249558455,7.246409273900246,7.155669955258217,7.5502351249558455,5.1952487363353494
2021-11-02,7.269818626346574,7.196557931306999,7.588984591523422,7.275503857667453,7.200836372857777,7.589055154067017,7.2821877349576,7.1910003995039755,7.587513697443471,7.2821877349576,7.1910003995039755,7.587513697443471,5.216253400728799
2021-11-03,7.314161407528358,7.240453853614259,7.635274148447756,7.319881316326268,7.244758391826761,7.635345141392658,7.326605962406306,7.234862423246592,7.633794282543654,7.326605962406306,7.234862423246592,7.633794282543654,5.248100069208393
2021-11-04,7.38740805470031,7.312962366789073,7.711736534284203,7.393185244725449,7.317310012197892,7.711808238178028,7.399977233833804,7.30731494182346,7.710241848469833,7.399977233833804,7.30731494182346,7.710241848469833,5.272831408999525
2021-11-05,7.400596345508569,7.326017754233347,7.725503829023811,7.40638384920009,7.3303731612293905,7.725575660926242,7.41318796363398,7.32036024726303,7.72400647483766,7.41318796363398,7.32036024726303,7.72400647483766,5.291126397262698
2021-11-08,7.462744232041607,7.387539353152255,7.790380186679517,7.468580337373583,7.391931335489955,7.79045262180373,7.475441590626029,7.381834336213169,7.788870258182633,7.475441590626029,7.381834336213169,7.788870258182633,5.295642401940381
2021-11-09,7.465855582120099,7.3906193489864425,7.793628133983035,7.471694120627622,7.395013162419269,7.793700599306733,7.478558234457918,7.384911953524878,7.792117575970252,7.478558234457918,7.384911953524878,7.792117575970252,5.27813930928557
2021-11-10,7.364951393188505,7.290732009496834,7.688293960686491,7.37071102138412,7.295066438686839,7.688365446610758,7.377482363819207,7.285101751893567,7.686803818502736,7.377482363819207,7.285101751893567,7.686803818502736,5.235677206852224
2021-11-11,7.430033281203088,7.35515804286146,7.756233130934833,7.435843805522414,7.359530774114858,7.756305248558981,7.44267498429946,7.349478032343982,7.754729820807183,7.44267498429946,7.349478032343982,7.754729820807183,5.237370250333433
2021-11-12,7.4797786174990755,7.404402076704203,7.80816243069511,7.4856280442668,7.408804084136927,7.808235031159015,7.492504958947401,7.398684037550424,7.806649055650517,7.492504958947401,7.398684037550424,7.806649055650517,5.276896473122448
2021-11-15,7.475018296563859,7.399689727312467,7.803193117967398,7.480864000607941,7.404088933195945,7.803265672226525,7.487736538645516,7.393975327263918,7.80168070607309,7.487736538645516,7.393975327263918,7.80168070607309,5.278702801669854
2021-11-16,7.536639828799892,7.460690276204478,7.867520012857254,7.542533722858486,7.465125747659011,7.8675931652292475,7.549462915784039,7.454928768567315,7.865995133148875,7.549462915784039,7.454928768567315,7.865995133148875,5.299595280852119
2021-11-17,7.458326927020781,7.383166562974599,7.785768949252269,7.46415957787856,7.387555945635152,7.785841341501097,7.471016769857097,7.377464922916614,7.784259914503652,7.471016769857097,7.377464922916614,7.784259914503652,5.286721844559525
2021-11-18,7.457864373749939,7.3827086710269425,7.7852860885612944,7.463696662876226,7.387097781465142,7.785358476320473,7.470553429582901,7.377007384575374,7.783777147400551,7.470553429582901,7.377007384575374,7.783777147400551,5.304677344242447
2021-11-19,7.4005556591753905,7.325977477911642,7.725461356443482,7.406343131048894,7.33033286096292,7.725533187951002,7.413147208075736,7.320320002044657,7.72396401048935,7.413147208075736,7.320320002044657,7.72396401048935,5.295191094767284
2021-11-22,7.419153694285388,7.344388093630791,7.744875898832597,7.424955710418818,7.348754422017883,7.744947910856954,7.431776886494604,7.338716400191551,7.743374789959313,7.431776886494604,7.338716400191551,7.743374789959313,5.280284759794892
2021-11-23,7.479765100979027,7.404388696395208,7.808148320760921,7.4856145171763995,7.408790695873174,7.808220921093632,7.4924914194299,7.398670667574353,7.80663494845111,7.4924914194299,7.398670667574353,7.80663494845111,5.287286436798821
2021-11-24,7.514572858167888,7.438845682730559,7.844484238690761,7.520449495147724,7.443268167307576,7.844557176875626,7.527358399682128,7.43310104455017,7.842963823767287,7.527358399682128,7.43310104455017,7.842963823767287,5.301402709254538
2021-11-26,7.295834293807862,7.222311429107928,7.616142421677036,7.301539870215061,7.226605181427564,7.616213236734726,7.308247666331504,7.216734009202225,7.614666263876871,7.308247666331504,7.216734009202225,7.614666263876871,5.183165362559433
2021-11-29,7.417041996491619,7.342297676209482,7.74267149142678,7.422842361209648,7.346662761817895,7.742743482954509,7.429661595788727,7.336627597092173,7.741170809810893,7.429661595788727,7.336627597092173,7.741170809810893,5.246744314597414
2021-11-30,7.227551824623364,7.1547170680329435,7.544862155531973,7.23320400194973,7.15897063467968,7.5449323078242,7.2398490191072264,7.149191847778097,7.543399813245626,7.2398490191072264,7.149191847778097,7.543399813245626,5.144655039182812
2021-12-01,7.153028821072371,7.080945060802105,7.467067377597224,7.158622719019884,7.085154769089883,7.467136806551916,7.165199219665947,7.075476810876723,7.465620113464869,7.165199219665947,7.075476810876723,7.465620113464869,5.087511705436116
2021-12-02,7.282119605592017,7.208734948960618,7.60182561916832,7.287814456673179,7.213020629897054,7.60189630110807,7.294509643493872,7.203168013472732,7.60035223624532,7.294509643493872,7.203168013472732,7.60035223624532,5.165434966535556
2021-12-03,7.174307926226366,7.102009728414597,7.48928069672321,7.179918465116565,7.106231959904442,7.489350332217826,7.1865145297896005,7.096525211329096,7.487829127213869,7.1865145297896005,7.096525211329096,7.487829127213869,5.120487925012638
2021-12-06,7.2274510159290255,7.154617275225711,7.544756921045757,7.233103114419758,7.158870782544405,7.544827072359511,7.239748038893657,7.149092132035721,7.543294599155916,7.239748038893657,7.149092132035721,7.543294599155916,5.181131730642961
2021-12-07,7.44437484992927,7.369355086208556,7.771204335812876,7.450196589815295,7.373736257777549,7.771276592639613,7.4570409542425535,7.363664112044197,7.769698123972044,7.4570409542425535,7.363664112044197,7.769698123972044,5.288302702829553
2021-12-08,7.452105001374643,7.3770073380120325,7.779273863159332,7.457932786487017,7.381393058938146,7.77934619501671,7.464784258021942,7.371310454406914,7.777766087285808,7.464784258021942,7.371310454406914,7.777766087285808,5.3023071566924225
2021-12-09,7.3561909045037535,7.282059803549645,7.679148861329835,7.361943681716251,7.2863890770073345,7.67922026222277,7.3687069697507575,7.276436243045296,7.6776604916457245,7.3687069697507575,7.276436243045296,7.6776604916457245,5.266507242682753
2021-12-10,7.478137024592382,7.402777026746308,7.80644876713419,7.483985167581801,7.407178068066988,7.806521351664414,7.4908605729805195,7.397060242535085,7.80493572423121,7.4908605729805195,7.397060242535085,7.80493572423121,5.316082840712876
2021-12-13,7.362709626328657,7.288512833764316,7.685953773808165,7.368467501390687,7.292845943627252,7.686025237973324,7.37523678274346,7.282884289916405,7.68446408519853,7.37523678274346,7.282884289916405,7.68446408519853,5.268992181772324
2021-12-14,7.282656990791933,7.209266918727869,7.602386597125472,7.288352262125554,7.213552915926827,7.602457284281207,7.295047943018648,7.203699572427074,7.600913105473938,7.295047943018648,7.203699572427074,7.600913105473938,5.2327413272078935
2021-12-15,7.428524065683695,7.353664036274171,7.754657656509588,7.434333409748079,7.3580358793224105,7.754729759484941,7.441163200951122,7.34798517950119,7.753154651739785,7.441163200951122,7.34798517950119,7.753154651739785,5.3145027156795255
2021-12-16,7.307795909061941,7.234152502668692,7.62862918627443,7.313510839835895,7.238453294651122,7.628700117434328,7.320229633471351,7.228565938510483,7.627150608294342,7.320229633471351,7.228565938510483,7.627150608294342,5.267636060543005
2021-12-17,7.235550405247944,7.162635043953883,7.553211896871323,7.241208837720882,7.1668933179339716,7.553282126799626,7.247861208780058,7.157103709053199,7.551747936241314,7.247861208780058,7.157103709053199,7.551747936241314,5.211574617509399
2021-12-20,7.131262817733017,7.059398401660293,7.444345784053917,7.136839693967844,7.063595300196153,7.444415001742738,7.14339618293234,7.053946791112315,7.442902923812097,7.14339618293234,7.053946791112315,7.442902923812097,5.156156956275924
2021-12-21,7.305360488582618,7.231741624837021,7.626086843825269,7.3110735147796495,7.236040983523145,7.626157751346412,7.317790069287492,7.226156922475847,7.624608758601019,7.317790069287492,7.226156922475847,7.624608758601019,5.247724285412761
2021-12-22,7.389902445472203,7.31543162064751,7.7143404359915335,7.395681586190922,7.319780734057889,7.714412164096493,7.4024758686442285,7.309782288804055,7.712845245489931,7.4024758686442285,7.309782288804055,7.712845245489931,5.300195068451788
2021-12-23,7.451176541280433,7.376088234359203,7.778304640994248,7.457003600307235,7.380473408866973,7.778376963839776,7.463854218215179,7.370392060530596,7.77679705297499,7.463854218215179,7.370392060530596,7.77679705297499,5.333173854356669
2021-12-27,7.63513902708685,7.558196861044219,7.9703436094966635,7.641109950677533,7.562690301353862,7.9704177179246924,7.648129703847898,7.552360054083207,7.968798800558258,7.648129703847898,7.552360054083207,7.968798800558258,5.408649571436932
2021-12-28,7.616061649435895,7.539311733299083,7.9504286800491695,7.622017653905412,7.543793946169719,7.9505026033077515,7.629019867318902,7.5334895103515755,7.948887731014744,7.629019867318902,7.5334895103515755,7.948887731014744,5.404229620763596
2021-12-29,7.639959474077726,7.562968730578751,7.975375687986963,7.645934167412556,7.567465007823091,7.975449843203367,7.652958352505893,7.557128238548162,7.973829903733037,7.652958352505893,7.557128238548162,7.973829903733037,5.411142209511584
2021-12-30,7.580268027964879,7.503878817606537,7.9130636155572,7.586196040674445,7.508339965176204,7.9131371913946005,7.593165345402591,7.498083957678645,7.911529908605229,7.593165345402591,7.498083957678645,7.911529908605229,5.396184547971984
2021-12-31,7.596764857838,7.520209402723831,7.930284703750843,7.602705771597608,7.5246802590257245,7.930358439710296,7.609690243524857,7.514401931524408,7.92874765901417,7.609690243524857,7.514401931524408,7.92874765901417,5.382585207371726
2022-01-03,7.587419654606654,7.510958374618331,7.920529219195793,7.5933532601176195,7.515423731071073,7.920602864448538,7.600329140057246,7.505158047512432,7.918994065263391,7.600329140057246,7.505158047512432,7.918994065263391,5.413749599125782
2022-01-04,7.638425238637953,7.561449956206228,7.973774095194813,7.644398732151465,7.565945330520661,7.973848235519571,7.651421506667462,7.5556106370470255,7.972228621360986,7.651421506667462,7.5556106370470255,7.972228621360986,5.411935571593296
2022-01-05,7.455660434133778,7.38052694133876,7.782985389651548,7.461490999708599,7.38491475471202,7.783057756018779,7.46834574011136,7.374827339724894,7.781476894411382,7.46834574011136,7.374827339724894,7.781476894411382,5.308015037584357
2022-01-06,7.477703736388519,7.402348104950552,7.805996456330883,7.483551540532669,7.406748891271987,7.8060690366555106,7.4904265475658525,7.396631651973588,7.804483501094607,7.4904265475658525,7.396631651973588,7.804483501094607,5.303028294961703
2022-01-07,7.395879377456524,7.321348320841484,7.7205797724956415,7.401663192327747,7.3257009518023635,7.720651558614088,7.408462969977289,7.315694419834576,7.7190833726882335,7.408462969977289,7.315694419834576,7.7190833726882335,5.282062858730335
2022-01-10,7.351837617937148,7.277750386688186,7.6746044529512405,7.357586990739935,7.282077098144937,7.674675811590167,7.364346276359153,7.272130154124985,7.673116964062616,7.364346276359153,7.272130154124985,7.673116964062616,5.275489758562598
2022-01-11,7.470957260980162,7.395669616310902,7.798953791231156,7.476799789164172,7.400066432189305,7.799026306072932,7.483668593482255,7.389958320787454,7.797442201001527,7.483668593482255,7.389958320787454,7.797442201001527,5.3235416907832995
2022-01-12,7.5249225754659514,7.449091102036929,7.855288338371734,7.530807306256645,7.453519677640803,7.855361377013352,7.537725726329741,7.4433385518458035,7.853765829401805,7.537725726329741,7.4433385518458035,7.853765829401805,5.337932926991919
2022-01-13,7.418819928523613,7.344057691352063,7.744527479793077,7.424621683641511,7.348423823310963,7.744599488577826,7.43144255285278,7.338386253065521,7.743026438450235,7.43144255285278,7.338386253065521,7.743026438450235,5.26438452251034
2022-01-14,7.403387313618426,7.328780596708431,7.7284173286679945,7.409176999936518,7.333137646248052,7.728489187660209,7.415983680388811,7.323120956136874,7.726919409788459,7.415983680388811,7.323120956136874,7.726919409788459,5.266537305386404
2022-01-18,7.244157319399512,7.171155222996189,7.562196679330697,7.249822482755356,7.175418562326738,7.562266992799703,7.256482767018559,7.165617308399151,7.5607309772736,7.256482767018559,7.165617308399151,7.5607309772736,5.173268500546601
2022-01-19,7.104198967369495,7.032607283890251,7.416093752751277,7.1097546788053565,7.036788254779512,7.416162707752099,7.116286285243323,7.027176362745523,7.414656368307318,7.116286285243323,7.027176362745523,7.414656368307318,5.119551581779418
2022-01-20,6.989006935072143,6.918576085003315,7.295844458635092,6.99447256264435,6.922689262952665,7.295912295555365,7.000898261432036,6.913233224292534,7.294430380863152,7.000898261432036,6.913233224292534,7.294430380863152,5.062888151436122
2022-01-21,6.871816612772189,6.802566733633296,7.173509143832754,6.877190593753871,6.806610942606933,7.173575843276612,6.883508547661787,6.797313460981949,7.172118777044561,6.883508547661787,6.797313460981949,7.172118777044561,4.963501219785053
2022-01-24,6.909993319750183,6.8403587195843585,7.213361918145598,6.915397156141111,6.844425396355034,7.213428988141417,6.921750209745168,6.835076262124687,7.211963827107988,6.921750209745168,6.835076262124687,7.211963827107988,4.984579941082618
2022-01-25,6.8348685884982725,6.765991048488837,7.13493899493168,6.840213674939988,6.770013512771113,7.135005335749456,6.8464976588036635,6.760766021359217,7.133556103794939,6.8464976588036635,6.760766021359217,7.133556103794939,4.9237220303433675
2022-01-26,6.77996160548132,6.7116373837794105,7.077621437300659,6.785263752901359,6.71562753414443,7.07768724517854,6.791497255239192,6.706454331191386,7.076249655430933,6.791497255239192,6.706454331191386,7.076249655430933,4.911369925326278
2022-01-27,6.708321037163891,6.640718764398774,7.002835641803836,6.713567159361874,6.644666752778747,7.002900754321765,6.719734795301625,6.635590478615436,7.001478354888282,6.719734795301625,6.635590478615436,7.001478354888282,4.887118122320209
2022-01-28,6.85074029564636,6.781702810477782,7.151507515713131,6.856097794272097,6.7857346155943805,7.1515740105853745,6.862396370596523,6.776465649961928,7.150121413272055,6.862396370596523,6.776465649961928,7.150121413272055,5.008491155653424
2022-01-31,7.041203438848144,6.9702465849899795,7.350332539183882,7.046709885760332,6.974390481682399,7.350400882735513,7.053183574056994,6.964863821807807,7.34890790055309,7.053183574056994,6.964863821807807,7.34890790055309,5.09869979723258
2022-02-01,7.123874417563767,7.05208445717687,7.4366330118484,7.129445515832705,7.056277007483439,7.4367021578237,7.135995211895942,7.046638494812296,7.435191646493129,7.135995211895942,7.046638494812296,7.435191646493129,5.133151288998012
2022-02-02,7.181908038453854,7.109533251454273,7.497214475755776,7.187524520875562,7.113759955770416,7.497284185018843,7.194127573098102,7.1040429243386205,7.495761368524429,7.194127573098102,7.1040429243386205,7.495761368524429,5.183015415659515
2022-02-03,7.092008938555224,7.0205400985786035,7.40336854658087,7.097555116997598,7.024713895378871,7.40343738326245,7.104075515912938,7.015118496300864,7.401933628531486,7.104075515912938,7.015118496300864,7.401933628531486,5.061188875443178
2022-02-04,7.120535850776182,7.0487795343817785,7.433147872368176,7.126104338178819,7.052970119871397,7.433216985938573,7.132650964760976,7.043336124239213,7.431707182501301,7.132650964760976,7.043336124239213,7.431707182501301,5.084987171566126
2022-02-07,7.15108770473809,7.0790235058267985,7.465041040668017,7.1566800846703735,7.083232071726681,7.465110450781786,7.163254800652467,7.073556739819559,7.4635941692795065,7.163254800652467,7.073556739819559,7.4635941692795065,5.0686682561404846
2022-02-08,7.236605276922742,7.163679285290289,7.554313080449285,7.242264534339164,7.1679381800846,7.554383320616419,7.248917875248234,7.158147143975692,7.552848906388298,7.248917875248234,7.158147143975692,7.552848906388298,5.110372925089167
2022-02-09,7.302292358941066,7.228704413891185,7.622884014460292,7.308002985762318,7.233001966918321,7.62295489220146,7.314716719429219,7.223122057011921,7.6214065500072,7.314716719429219,7.223122057011921,7.6214065500072,5.185168565153916
2022-02-10,7.203901031639392,7.13130461298026,7.520173024652944,7.2095347132871215,7.13554426063663,7.520242947385099,7.216157985885886,7.125797472961103,7.518715467604465,7.216157985885886,7.125797472961103,7.518715467604465,5.092013411998647
2022-02-11,7.1573965719831545,7.085268796245115,7.471626885346349,7.162993885651958,7.089481075046399,7.471696356695445,7.169574402011845,7.079797207321081,7.470178737491952,7.169574402011845,7.079797207321081,7.470178737491952,4.991605448278465
2022-02-14,7.087156226915741,7.015736289538457,7.398302786931011,7.092698610381978,7.019907230415601,7.398371576511048,7.099214547710203,7.010318396995534,7.396868850725219,7.099214547710203,7.010318396995534,7.396868850725219,4.97528579961615
2022-02-15,7.199580643474019,7.127027762990475,7.515662959010098,7.205210946439641,7.131264868007311,7.515732839807565,7.211830246869935,7.121523925762744,7.51420627610081,7.211830246869935,7.121523925762744,7.51420627610081,5.055522422423348
2022-02-16,7.227847108894608,7.15500937661359,7.5451704036327545,7.233499517142741,7.159263117041344,7.5452405587910825,7.240144805784848,7.149483930623851,7.543708001601879,7.240144805784848,7.149483930623851,7.543708001601879,5.061188875443178
2022-02-17,7.090911120028632,7.019453343181977,7.402222530660693,7.09645643994171,7.023626493892892,7.402291356686593,7.102975829521785,7.014032580149572,7.400787834731676,7.102975829521785,7.014032580149572,7.400787834731676,4.953074594274959
2022-02-18,7.088300417780196,7.0168689499614665,7.399497211068175,7.093843696040386,7.021040564219061,7.399566011753993,7.100360685338643,7.011450182723115,7.398063043359555,7.100360685338643,7.011450182723115,7.398063043359555,4.921003188754659
2022-02-22,7.003716653984437,6.933137568548713,7.311199976552207,7.009193785028598,6.937259403477807,7.311267956248422,7.015633007944087,6.9277834627526165,7.309782922579682,7.015633007944087,6.9277834627526165,7.309782922579682,4.868192550517045
2022-02-23,6.893618388875591,6.824148805043565,7.196268080667427,6.899009419545404,6.828205844822144,7.1963349917243775,6.9053474180244026,6.81887886566774,7.194873302750839,6.9053474180244026,6.81887886566774,7.194873302750839,4.781837434280242
2022-02-24,6.880035677277996,6.810702971536512,7.182089048930419,6.885416085831719,6.814752017602915,7.1821558281504245,6.891741596354381,6.805443415686818,7.180697019188319,6.891741596354381,6.805443415686818,7.180697019188319,4.85379948121674
2022-02-25,7.105079612107788,7.033479054040481,7.417013060328675,7.110636012236078,7.03766054320774,7.417082023877242,7.117168428339554,7.0280474596724725,7.415575497704879,7.117168428339554,7.0280474596724725,7.415575497704879,4.9608949300258685
2022-02-28,7.069279110743387,6.998039327785821,7.379640813896195,7.074807513731428,7.002199747603148,7.379709429956803,7.081307014824181,6.992635101696874,7.378210494746853,7.081307014824181,6.992635101696874,7.378210494746853,4.948201869955179
2022-03-01,6.903043800852946,6.83347923360139,7.206107295363331,6.908442202497213,6.8375418204336595,7.2061742979055134,6.914788866707823,6.828202088815153,7.204710610413929,6.914788866707823,6.828202088815153,7.204710610413929,4.872838704704438
2022-03-02,7.092680267877765,7.021204662663207,7.404069349193212,7.098226971321199,7.025378854554937,7.404138192390871,7.10474798745728,7.015782547176781,7.402634295314538,7.10474798745728,7.015782547176781,7.402634295314538,4.962480554334277
2022-03-03,7.102145630314336,7.030574639084453,7.413950268288496,7.107699735974766,7.03475440154156,7.414019203359156,7.114229454572942,7.025145287646833,7.412513299293877,7.114229454572942,7.025145287646833,7.412513299293877,4.937775611063424
2022-03-04,7.081755515222663,7.010390002847251,7.3926649684476855,7.087293675159146,7.014557765291687,7.392733705607165,7.093804647068552,7.0049762389667505,7.39123212496171,7.093804647068552,7.0049762389667505,7.39123212496171,4.897657299659825
2022-03-07,6.91361283130455,6.84394175596021,7.217140336676615,6.919019498269597,6.848010562889756,7.2172074418042556,6.925375879655592,6.8386565315057055,7.215741513307382,6.925375879655592,6.8386565315057055,7.215741513307382,4.7532793322853735
2022-03-08,6.881198331698265,6.811853909451144,7.183302747226648,6.886579649485033,6.815903639764189,7.183369537731647,6.892906228953136,6.806593464791253,7.1819104822460105,6.892906228953136,6.806593464791253,7.1819104822460105,4.717240383119847
2022-03-09,7.036367432344279,6.965459312741519,7.345284218073182,7.041870097344281,6.969600363342142,7.345352514685415,7.048339339412546,6.960080246523648,7.343860557906053,7.048339339412546,6.960080246523648,7.343860557906053,4.843714177378586
2022-03-10,7.0547010773670324,6.983608202731719,7.364422762889129,7.060218079865433,6.987760043069015,7.3644912374519675,7.066704177902177,6.978215121058922,7.3629953932965915,7.066704177902177,6.978215121058922,7.3629953932965915,4.821842460617647
2022-03-11,7.03230921215882,6.961441988766364,7.341047830339265,7.037808703500484,6.965580651018837,7.341116087561473,7.044274214437736,6.956066024921317,7.33962499126718,7.044274214437736,6.956066024921317,7.33962499126718,4.760532142850287
2022-03-14,6.996083147630016,6.92558098790728,7.303231337294405,7.001554309027389,6.929698330356926,7.3032992428980394,7.00798651369079,6.92023271767002,7.301815827800484,7.00798651369079,6.92023271767002,7.301815827800484,4.72574042926793
2022-03-15,7.1020414088706705,7.030471467919453,7.413841471223433,7.10759543302659,7.034651169040043,7.413910405282496,7.114125055803483,7.025042196155621,7.41240452331582,7.114125055803483,7.025042196155621,7.41240452331582,4.82966059665853
2022-03-16,7.183644224955071,7.111251941751481,7.499026885842319,7.189262065130305,7.115479667849988,7.499096611957218,7.195866713604162,7.105760287379647,7.497573427330349,7.195866713604162,7.105760287379647,7.497573427330349,4.936755312230983
2022-03-17,7.283305410842953,7.209908804406297,7.603063484683324,7.28900118926185,7.214195183214125,7.6031341781327795,7.295697466312884,7.204340962410182,7.6015898618377085,7.295697466312884,7.204340962410182,7.6015898618377085,4.998518770263129
2022-03-18,7.310372771943974,7.236703397534819,7.6313191808549465,7.316089717907347,7.241005706055389,7.631390137026479,7.322810880712685,7.231114863451614,7.629840081501147,7.322810880712685,7.231114863451614,7.629840081501147,5.053266986412868
2022-03-21,7.4034543040157015,7.328846912018293,7.728487260136552,7.409244042722433,7.3332040009831765,7.728559119778996,7.4160507847657575,7.323187220234828,7.726989327702931,7.4160507847657575,7.323187220234828,7.726989327702931,5.05178878127726
2022-03-22,7.435813599431361,7.360880110650114,7.762267221773009,7.441628644144924,7.365256243742667,7.762339395502272,7.448465137351361,7.3551956812737815,7.7607627421201935,7.448465137351361,7.3551956812737815,7.7607627421201935,5.110901222113081
2022-03-23,7.410177453205372,7.335502309506332,7.735505574929443,7.4159724496303925,7.339863355186275,7.735577499828331,7.4227853729426725,7.329837478101459,7.734006282208743,7.4227853729426725,7.329837478101459,7.734006282208743,5.0450814987981065
2022-03-24,7.525168387458205,7.4493344368893375,7.855544942218058,7.53105331048176,7.453763157158752,7.855617983245591,7.537971956554611,7.443581698783209,7.854022383513277,7.537971956554611,7.443581698783209,7.854022383513277,5.121132806667781
2022-03-25,7.612664621739957,7.535948938728192,7.946882513058424,7.618617969624869,7.540429152376401,7.946956403344674,7.625617059808275,7.53012931269409,7.945342251340729,7.625617059808275,7.53012931269409,7.945342251340729,5.146142776395188
2022-03-28,7.568709926652082,7.492437191625391,7.9009980803246975,7.5746289005557355,7.496891537008725,7.901071543976496,7.581587578755928,7.486651167477167,7.899466711910138,7.581587578755928,7.486651167477167,7.899466711910138,5.182747051036684
2022-03-29,7.589856468341811,7.513370631665477,7.923073016068728,7.595791979519269,7.517837422234486,7.923146684973759,7.6027700998674765,7.507568441697444,7.921537369098598,7.6027700998674765,7.507568441697444,7.921537369098598,5.2468612658469835
2022-03-30,7.576498406359191,7.500147183894783,7.909128496711488,7.582423471103764,7.504606112962651,7.9092020359600745,7.589389310038676,7.494355205715807,7.9075955524627455,7.589389310038676,7.494355205715807,7.9075955524627455,5.214463570006571
2022-03-31,7.470436618676398,7.395154220715345,7.798410291231493,7.476278739701428,7.399550730184775,7.7984828010198,7.4831470653405505,7.389443323205424,7.7968988063428295,7.4831470653405505,7.389443323205424,7.7968988063428295,5.134206416572489
2022-04-01,7.522693846854731,7.448930641966227,7.855119128450023,7.528576834916341,7.453359122174631,7.85519216551833,7.535493205791647,7.443178215690164,7.853596652276302,7.535493205791647,7.443178215690164,7.853596652276302,5.1487567651394555
2022-04-04,7.482085876236622,7.405282048518163,7.809090387171085,7.487937108134163,7.40968457910487,7.809162996263155,7.494816144026095,7.399563329807378,7.8075768322703265,7.494816144026095,7.399563329807378,7.8075768322703265,5.192864617288513
2022-04-05,7.47217151206613,7.379805485874229,7.782224593385321,7.478014990329025,7.3841928703334085,7.7822969526786565,7.4848849109946665,7.374106441403335,7.7807162456024,7.4848849109946665,7.374106441403335,7.7807162456024,5.127271464105931
2022-04-06,7.546005328018652,7.415756174301903,7.820135664641398,7.5519065463684685,7.420164931884264,7.820208376432698,7.558844350344488,7.410029366962122,7.818619968949202,7.558844350344488,7.410029366962122,7.818619968949202,5.076002089357924
2022-04-07,7.608716952406159,7.46722016067488,7.874405970436319,7.614667213169236,7.471659514225448,7.874479186834102,7.621662674413506,7.461453610343559,7.872879756094289,7.621662674413506,7.461453610343559,7.872879756094289,5.101579950889661
2022-04-08,7.675468871878705,7.536319662998053,7.947273452838043,7.681471334464096,7.5408000970463664,7.947347346759259,7.688528167673682,7.530499750672651,7.945733115348548,7.688528167673682,7.530499750672651,7.945733115348548,5.087938082562287
2022-04-11,7.5942243676764205,7.449869365134279,7.856109039978014,7.600163294407887,7.454298403425067,7.856182086250539,7.607145431337031,7.444116213930561,7.8545863719400195,7.607145431337031,7.444116213930561,7.8545863719400195,5.000974746504063
2022-04-12,7.598617600104907,7.4470657093943275,7.853152501530951,7.604559962305121,7.45149308087755,7.853225520313517,7.611546138388824,7.441314723309836,7.851630406528104,7.611546138388824,7.441314723309836,7.851630406528104,4.982444022650069
2022-04-13,7.649273375023629,7.503154588048398,7.912299893926674,7.655255351715022,7.5076153050547525,7.91237346266298,7.662288100820979,7.497360287405768,7.91076633499894,7.662288100820979,7.497360287405768,7.91076633499894,5.039511466400963
2022-04-14,7.651011663756998,7.506520703169575,7.9158495625365495,7.656994999732117,7.510983421372465,7.915923164277751,7.66402934708888,7.500723803049248,7.914315315613407,7.66402934708888,7.500723803049248,7.914315315613407,4.97676033856839
2022-04-18,7.6424792848342085,7.525797073481891,7.936177068919048,7.6484559475741,7.5302712517222705,7.9362508596658445,7.655482450228257,7.519985287211535,7.934638882126422,7.655482450228257,7.519985287211535,7.934638882126422,4.978806802126665
2022-04-19,7.668676181600185,7.549597888573111,7.961275737020809,7.674673331277508,7.55408621668864,7.961349761135567,7.68172391923766,7.54376772215657,7.959732685613968,7.68172391923766,7.54376772215657,7.959732685613968,5.059177973863618
2022-04-20,7.7502357497616705,7.628563602593677,8.044547433390226,7.756296681758058,7.6330988767902594,8.044622231767026,7.763422255647636,7.622672455014863,8.042988242295165,7.763422255647636,7.622672455014863,8.042988242295165,5.055426735037343
2022-04-21,7.629769125227699,7.479292436019601,7.887136544198142,7.635735847341475,7.483738966685249,7.8872098789650735,7.642750664626015,7.473516562890521,7.88560786242119,7.642750664626015,7.473516562890521,7.88560786242119,4.979830033905802
2022-04-22,7.40930646592569,7.2525919712490206,7.648074154864651,7.415100779550946,7.256903725720644,7.648145266824293,7.421912903244647,7.246991167236975,7.6465918080682185,7.421912903244647,7.246991167236975,7.6465918080682185,4.843187713446363
2022-04-25,7.374094003666511,7.209784548251003,7.6029324528682665,7.379860779830469,7.214070853187031,7.603003145099382,7.386640529167476,7.204216802211531,7.6014588554191835,7.386640529167476,7.204216802211531,7.6014588554191835,4.871265912037834
2022-04-26,7.262674397678176,7.079234119482093,7.465263139037829,7.268354040445658,7.0834428105943665,7.465332551216672,7.2750313507301385,7.073767190828753,7.463816224602297,7.2750313507301385,7.073767190828753,7.463816224602297,4.730190076026582
2022-04-27,7.304191374839,7.130445378269112,7.519266936069255,7.309903485064459,7.134684515099957,7.519336850376577,7.316618966209875,7.124938901792757,7.517809554638516,7.316618966209875,7.124938901792757,7.517809554638516,4.743490622682019
2022-04-28,7.334459108230436,7.181723095435714,7.573340815440524,7.340194888263251,7.185992717495449,7.573411232527951,7.346938196934465,7.176177019813954,7.571872953431246,7.346938196934465,7.176177019813954,7.571872953431246,4.863308827647149
2022-04-29,7.092438652474587,6.936260994060621,7.314493721743853,7.097985165119523,6.9403846859043155,7.314561732065379,7.104505960031568,6.930904476203538,7.313076029378898,7.104505960031568,6.930904476203538,7.313076029378898,4.683581886817791
2022-05-02,7.056701345676991,6.944839515256078,7.324385897414568,7.0623063826354,6.948968307135355,7.324453999713759,7.068850235661514,6.939476372647988,7.322966287751923,7.068850235661514,6.939476372647988,7.322966287751923,4.711774103712132
2022-05-03,7.104628291365277,7.008902551590688,7.3924381810500455,7.110102612603573,7.013069429727193,7.392506916100848,7.116810487962209,7.0034899363923335,7.391005381519912,7.116810487962209,7.0034899363923335,7.391005381519912,4.733374156285202
2022-05-04,7.219529540956931,7.230144118504123,7.626359371642042,7.225129631453135,7.23444252745323,7.626430281697156,7.231951325996728,7.22456064981497,7.624881233596557,7.231951325996728,7.22456064981497,7.624881233596557,4.87751785454218
2022-05-05,7.054707933416925,7.049901717523563,7.436798813903525,7.060105106862032,7.054092970164762,7.436867961420455,7.066669293570596,7.04445744077662,7.435357416412563,7.066669293570596,7.04445744077662,7.435357416412563,4.704158340993387
2022-05-06,7.016201908305485,7.0666455586687125,7.453889412163739,7.021522483456583,7.070846765727892,7.453958718589423,7.0280597134649865,7.061188351513853,7.452444702179584,7.0280597134649865,7.061188351513853,7.452444702179584,4.67607830931023
2022-05-09,6.862726203946459,6.84301824263491,7.218941675334708,6.868041210188828,6.847086500524509,7.219008797211232,6.87438840213333,6.837733731362266,7.217542502830704,6.87438840213333,6.837733731362266,7.217542502830704,4.52636421203777
2022-05-10,6.869662701617515,6.87708511360989,7.25454866692035,6.875215886605359,6.881173624670195,7.2546161198714545,6.881386232249981,6.871774294243756,7.253142593082907,6.881386232249981,6.871774294243756,7.253142593082907,4.536822366724861
2022-05-11,6.861804112141785,6.858734295329695,7.2358077567739585,6.867390892194524,6.8628118966044935,7.235875035471674,6.87335559787646,6.853437647357324,7.234405315292525,6.87335559787646,6.853437647357324,7.234405315292525,4.464748867813855
2022-05-12,6.863374160828697,6.828239219026698,7.205028067416888,6.869040837007018,6.832298690606329,7.205095059924382,6.875070524980284,6.822966120834369,7.2036315916430285,6.875070524980284,6.822966120834369,7.2036315916430285,4.460087682274638
2022-05-13,6.953827309658565,6.961960493251566,7.346555675332529,6.959685083460992,6.966099463761287,7.346623983766796,6.965696683111039,6.95658412899213,7.345131768732038,6.965696683111039,6.95658412899213,7.345131768732038,4.566719358887203
2022-05-16,6.98601053570543,6.992819614270226,7.379387202190139,6.991945775455085,6.996976930904141,7.379455815892657,6.99794728240167,6.987419419097717,7.377956932195718,6.99794728240167,6.987419419097717,7.377956932195718,4.548189734888219
2022-05-17,7.085142764012789,7.125562573617664,7.519440421518158,7.091102391577448,7.129798807561531,7.519510337438551,7.097170723862536,7.1200598678803475,7.517983006462536,7.097170723862536,7.1200598678803475,7.517983006462536,4.641748168214413
2022-05-18,6.899370426166458,6.899339202733603,7.27996630154063,6.905039793768594,6.903440944121585,7.280033990825453,6.911150609105862,6.894011197678237,7.278555301267003,6.911150609105862,6.894011197678237,7.278555301267003,4.454632034798699
2022-05-19,6.890714224295503,6.845279252161314,7.2235827834495865,6.8964002592378435,6.849348854248679,7.223649948479234,6.902420617167107,6.839992994827209,7.222182711407789,6.902420617167107,6.839992994827209,7.222182711407789,4.427349031380626
2022-05-20,6.88766274904252,6.797107124944766,7.171716300190675,6.893183986784129,6.801148088114382,7.1717829829646345,6.899371357357028,6.791858068468574,7.17032628089075,6.899371357357028,6.791858068468574,7.17032628089075,4.429282209872704
2022-05-23,6.990642065830172,6.93292543348609,7.314618359827715,6.996124185105088,6.937047142298298,7.314686371308128,7.00250955237541,6.927571491510977,7.3132006433054535,7.00250955237541,6.927571491510977,7.3132006433054535,4.512154451906066
2022-05-24,7.053163435244743,6.9728213590907915,7.355526051082783,7.058799341924945,6.97696678651785,7.355594442923799,7.0653759503179945,6.967436607542904,7.354100405847508,7.0653759503179945,6.967436607542904,7.354100405847508,4.477710292507378
2022-05-25,7.065475492037102,7.043839202158412,7.4321906402640945,7.071139848565246,7.04802685056021,7.432259744934127,7.077691108629761,7.038399607180476,7.430750135927578,7.077691108629761,7.038399607180476,7.430750135927578,4.5172695109467425
2022-05-26,7.14801557669395,7.153712046023835,7.5495049408375365,7.153888080486402,7.157965015172715,7.549575136298484,7.16023992277352,7.148187601895798,7.548041698688323,7.16023992277352,7.148187601895798,7.548041698688323,4.607530945566457
2022-05-27,7.244246607460036,7.267620215637168,7.6685866429708085,7.250154705736469,7.271940904583553,7.668657945656009,7.256598114206523,7.262007806084374,7.667100320451805,7.256598114206523,7.262007806084374,7.667100320451805,4.7206407681974225
2022-05-31,7.17545513616609,7.216797608766531,7.614284177965523,7.181214066974924,7.2210880830526545,7.614354975745224,7.187682139049943,7.211224446900856,7.612808380329439,7.187682139049943,7.211224446900856,7.612808380329439,4.694153326571081
2022-06-01,7.117200197921481,7.122374881861414,7.514788074231494,7.123223711929695,7.12660922068277,7.514857946894261,7.129655969305941,7.116874637835066,7.513331560892039,7.129655969305941,7.116874637835066,7.513331560892039,4.656184131860173
2022-06-02,7.193579232753713,7.18632387990551,7.58237893123437,7.199627362530534,7.190596237191156,7.582449432358393,7.206130074169239,7.180774251271515,7.58090931746096,7.206130074169239,7.180774251271515,7.58090931746096,4.744854442896423
2022-06-03,7.150125704956715,7.150610362890745,7.532938742103803,7.156481146155173,7.154861488057167,7.533008783531874,7.162935261434908,7.145088313916819,7.531478710808869,7.162935261434908,7.145088313916819,7.531478710808869,4.6669854413108895
2022-06-06,7.171899352589025,7.186819495619836,7.572184553201206,7.178273883007397,7.191092147557146,7.5722549595376805,7.184746044780426,7.181269484204413,7.570716915298233,7.184746044780426,7.181269484204413,7.570716915298233,4.681195201442593
2022-06-07,7.218179292485537,7.249795149976514,7.6589506630218045,7.224607436862333,7.254105241708068,7.659021876111454,7.231117500255542,7.2441965057298745,7.657466208144737,7.231117500255542,7.2441965057298745,7.657466208144737,4.726097515528372
2022-06-08,7.154055391920073,7.172975804782862,7.558169505464781,7.160351649103523,7.17724022647565,7.558239781489037,7.166801918318075,7.167436484165501,7.556704583952979,7.166801918318075,7.167436484165501,7.556704583952979,4.67471448909583
2022-06-09,7.023472513246177,7.0202094363287975,7.401484899471805,7.029686086923514,7.024383036550459,7.4015537186391915,7.035997504078986,7.014788089324104,7.400050346510183,7.035997504078986,7.014788089324104,7.400050346510183,4.56353711172027
2022-06-10,6.898705281038141,6.897047509078648,7.232043180974083,6.904695883282731,6.901147888030656,7.23211042466869,6.910877032875966,6.891721273690359,7.230641469141287,6.910877032875966,6.891721273690359,7.230641469141287,4.431213921891435
2022-06-13,6.660287374504298,6.648466814189594,6.952168497088148,6.665620565122974,6.652419408885261,6.952233138501865,6.671589735173409,6.643332544855516,6.950821030459133,6.671589735173409,6.643332544855516,6.950821030459133,4.262969100764979
2022-06-14,6.573626498131201,6.606088148082507,6.942539996744573,6.578849698778457,6.6100155481449665,6.942604548632285,6.584748617210693,6.60098660561125,6.941194396307798,6.584748617210693,6.60098660561125,6.941194396307798,4.250123160847675
2022-06-15,6.594959509372794,6.590216035026673,6.924529047773554,6.600327551454411,6.594133998925075,6.92459343219507,6.606206895419386,6.585126749756244,6.923186938211994,6.606206895419386,6.585126749756244,6.923186938211994,4.310713806819103
2022-06-16,6.41325017002637,6.388367503261643,6.673590307049163,6.41832362168074,6.392165465747774,6.673652358236817,6.424015391087014,6.3834340951474875,6.67229683433799,6.424015391087014,6.3834340951474875,6.67229683433799,4.168046847224384
2022-06-17,6.436986848004011,6.385298910067024,6.683378136719533,6.4420142797947815,6.3890950482380005,6.68344027891464,6.447735925578007,6.380367871658451,6.682082766934971,6.447735925578007,6.380367871658451,6.682082766934971,4.177032662669264
2022-06-21,6.54213501113973,6.50600441634181,6.808636979529679,6.5474681934022145,6.509872315414411,6.808700286384227,6.553263846155728,6.500980163189633,6.807317332124293,6.553263846155728,6.500980163189633,6.807317332124293,4.282183567817859
2022-06-22,6.527486003280115,6.463079244917517,6.740569860827674,6.532813763017301,6.466921624454638,6.740632534792674,6.538566012545773,6.45808814059994,6.739263406165102,6.538566012545773,6.45808814059994,6.739263406165102,4.274418958054208
2022-06-23,6.555906661772333,6.434132636001838,6.6960325519375266,6.561455018182449,6.437957806429817,6.69609481179366,6.56718706970876,6.429163885595601,6.694734729479064,6.56718706970876,6.429163885595601,6.694734729479064,4.316319401194958
2022-06-24,6.728029647434095,6.593574331269702,6.8766342389949076,6.733360045379892,6.597494291736032,6.876698178089451,6.739253024902659,6.588482452157634,6.875301412386797,6.739253024902659,6.588482452157634,6.875301412386797,4.4535519771772965
2022-06-27,6.750812595605786,6.648092438769454,6.933749361538866,6.756337015062995,6.652044810917348,6.93381383169106,6.762252854092063,6.642958458101895,6.932405464899632,6.762252854092063,6.642958458101895,6.932405464899632,4.436541619567688
2022-06-28,6.670149517358631,6.613731685401863,6.90938418968927,6.675660406641835,6.617663629661324,6.909448433293567,6.68151774668569,6.608624239801827,6.908045015498289,6.68151774668569,6.608624239801827,6.908045015498289,4.3458901030371875
2022-06-29,6.6807974667179675,6.57872124738015,6.850368649161141,6.686208349202697,6.582632377507216,6.85043234403766,6.6920638059928255,6.5736408385248355,6.849040913339569,6.6920638059928255,6.5736408385248355,6.849040913339569,4.342351136228155
2022-06-30,6.666547801771524,6.559921175972604,6.84070252840254,6.671748661822102,6.563821129228184,6.840766133403258,6.677578588403375,6.554855285441166,6.839376666064782,6.677578588403375,6.554855285441166,6.839376666064782,4.307071820257316
2022-07-01,6.771712834182936,6.652189400607785,6.919665003867776,6.77700555416994,6.656144208167127,6.919729343063306,6.782895179020549,6.647052255805965,6.918323837053338,6.782895179020549,6.647052255805965,6.918323837053338,4.352625981746645
2022-07-05,6.6628378398661035,6.519430295644486,6.773675845147407,6.668125297457157,6.523306176761671,6.7737388269325685,6.6739666284182615,6.5143956743086315,6.772362973895664,6.6739666284182615,6.5143956743086315,6.772362973895664,4.36084629810344
2022-07-06,6.679291405048436,6.553194177445022,6.801082824560377,6.684578623771811,6.557090131762754,6.801146061176229,6.690403499315968,6.5481334821403525,6.799764641298406,6.690403499315968,6.5481334821403525,6.799764641298406,4.375574089945614
2022-07-07,6.7080270283992816,6.580933811589183,6.845446866794193,6.713401583647345,6.584846256388532,6.845510515907873,6.719288988310818,6.575851693424063,6.844120084910587,6.719288988310818,6.575851693424063,6.844120084910587,4.4411082175759065
2022-07-08,6.683179898760722,6.56051318029213,6.841085578967605,6.688387786588787,6.564413484658358,6.841149187529936,6.694227085913795,6.555446831826011,6.839759642387132,6.694227085913795,6.555446831826011,6.839759642387132,4.43745413260899
2022-07-11,6.664237501237831,6.549312915938908,6.816241345519472,6.669453190993135,6.553206561977517,6.816304723079581,6.675287894039108,6.544255217192513,6.814920224238787,6.675287894039108,6.544255217192513,6.814920224238787,4.386762548360417
2022-07-12,6.612299815361761,6.479865355163536,6.7322001273722725,6.6174312838220235,6.483717713769802,6.7322627235153085,6.623228672141222,6.474861287196558,6.7308952949282235,6.623228672141222,6.474861287196558,6.7308952949282235,4.347944998817218
2022-07-13,6.5796167957968,6.455075833933275,6.7144720905148505,6.584687283790456,6.458913454771273,6.714534521822215,6.590429849072676,6.450090909555808,6.713170694112099,6.590429849072676,6.450090909555808,6.713170694112099,4.325110542302782
2022-07-14,6.4989226032579746,6.374634065041918,6.636353609189001,6.503880343425699,6.378423862456334,6.63641531414903,6.509522294256215,6.369711261886765,6.635067353680309,6.509522294256215,6.369711261886765,6.635067353680309,4.314606560323539
2022-07-15,6.5953605503794055,6.448372398979518,6.714381781117771,6.60040209346502,6.4522060346922885,6.7144442115854375,6.606279824191023,6.443392651454985,6.713080402218752,6.606279824191023,6.443392651454985,6.713080402218752,4.3970381271155805
2022-07-18,6.524394993526963,6.37289487426409,6.652807262522882,6.529363307617253,6.3766836373528175,6.652869120469337,6.53516902695495,6.367973413876214,6.651517817973417,6.53516902695495,6.367973413876214,6.651517817973417,4.360731546563895
2022-07-19,6.644010464136435,6.495688540874794,6.793752129471194,6.649118497195445,6.499550306275359,6.793815297926083,6.655080772312174,6.490672253218382,6.792435367041729,6.655080772312174,6.490672253218382,6.792435367041729,4.478555347774634
2022-07-20,6.604132675173455,6.428847057434364,6.748496594739791,6.609240988469951,6.4326690856223845,6.748559342407734,6.615377795623132,6.423882388806392,6.7471886037206925,6.615377795623132,6.423882388806392,6.7471886037206925,4.507099151654355
2022-07-21,6.631219645174316,6.424403341484636,6.739763379633223,6.636346757744549,6.4282227280021,6.739826046099543,6.6425677928168625,6.419442104666311,6.738457081282523,6.6425677928168625,6.419442104666311,6.738457081282523,4.552994634815621
2022-07-22,6.6324442990675445,6.432750155415758,6.735356651954172,6.637586185765767,6.436574504900435,6.735419277446642,6.643846624633398,6.4277824733983095,6.7340512077137396,6.643846624633398,6.4277824733983095,6.7340512077137396,4.510751770147923
2022-07-25,6.675599020449718,6.485972207646885,6.8076999561509295,6.680756209441219,6.489828197962951,6.807763254293013,6.687044140318981,6.480963424673046,6.806380490359052,6.687044140318981,6.480963424673046,6.806380490359052,4.516231981052454
2022-07-26,6.694065841498754,6.508858471795957,6.8205195326841075,6.699274826898684,6.512728067946165,6.820582950022892,6.705534016702655,6.503832014637656,6.8191975822068285,6.705534016702655,6.503832014637656,6.8191975822068285,4.462801024588289
2022-07-27,6.741333961457739,6.592170907563159,6.9281254942342905,6.746634967107917,6.596090034140369,6.928189912095643,6.752959705532987,6.587080112635567,6.926782687610856,6.752959705532987,6.587080112635567,6.926782687610856,4.578682848466857
2022-07-28,6.755657945471234,6.652351255835964,6.983486947660164,6.761002576201041,6.656306160743268,6.983551880273515,6.767311508286517,6.647213987054117,6.982133410901081,6.767311508286517,6.647213987054117,6.982133410901081,4.636110311424886
2022-07-29,6.827130654079727,6.731299577760579,7.079005032757539,6.83264967608451,6.735301417990545,7.079070853500121,6.839080094309479,6.726101340862918,7.077632982719876,6.839080094309479,6.726101340862918,7.077632982719876,4.703699701453546
2022-08-01,6.790967308353817,6.694361007612253,7.0789484476989255,6.796628944483405,6.698340889118823,7.079014267914631,6.803104761301398,6.689191354392699,7.0775764086270625,6.803104761301398,6.689191354392699,7.0775764086270625,4.689770404349804
2022-08-02,6.76541394534299,6.659327163886156,7.041315716112189,6.770582784616235,6.663286216858822,7.041381186418087,6.7769638854055385,6.654184532768381,7.03995097100221,6.7769638854055385,6.654184532768381,7.03995097100221,4.658831116254791
2022-08-03,6.764247634602086,6.6712068799748,7.082567999206353,6.76936471299804,6.6751729943613975,7.082633853077038,6.775685872732389,6.666054970981903,7.081195258595029,6.775685872732389,6.666054970981903,7.081195258595029,4.731785232411762
2022-08-04,6.784137731903535,6.672592519264424,7.04495480759702,6.789328734234082,6.676559455628348,7.045020311739153,6.7958059249631955,6.667439494782649,7.043589357159495,6.7958059249631955,6.667439494782649,7.043589357159495,4.7285890537480135
2022-08-05,6.80572908971028,6.68735453478815,7.057094480365542,6.810641488973159,6.691330246534339,7.057160097382735,6.817346957897679,6.682190096278706,7.05572667702154,6.817346957897679,6.682190096278706,7.05572667702154,4.720597140615296
2022-08-08,6.840923578294596,6.722199272736528,7.099794662497779,6.846073398358284,6.72619570070782,7.099860676542396,6.852782945288086,6.717007954290876,7.098418583021277,6.852782945288086,6.717007954290876,7.098418583021277,4.715115829855753
2022-08-09,6.873409887306799,6.756298818875992,7.108108525602189,6.878688395943561,6.760315518111418,7.108174616949683,6.885615683001824,6.751081161899906,7.106730834736727,6.885615683001824,6.751081161899906,7.106730834736727,4.696392631374726
2022-08-10,6.9553169416573,6.837070075592426,7.216606037987497,6.960597289547576,6.841134793392018,7.216673138146841,6.967729624129453,6.831790064075369,7.21520731817508,6.967729624129453,6.831790064075369,7.21520731817508,4.7950364276562825
2022-08-11,6.965709673308558,6.8403399613005105,7.237608695070821,6.97102951971123,6.84440662466028,7.237675990513197,6.978206883580715,6.835057501186688,7.2362059045312135,6.978206883580715,6.835057501186688,7.2362059045312135,4.7950364276562825
2022-08-12,7.081311778722792,6.9866336163734175,7.3934183804788365,7.08678373043248,6.9907872535165305,7.393487124642887,7.094062633801678,6.981238227302963,7.391985390965491,7.094062633801678,6.981238227302963,7.391985390965491,4.87621086017005
2022-08-15,7.1169318337117,7.00841541738624,7.396313127524236,7.122387570645126,7.012582003905581,7.396381898603585,7.129687380774067,7.003003218249984,7.394879576951884,7.129687380774067,7.003003218249984,7.394879576951884,4.8963048446138835
2022-08-16,7.143880406469403,7.0318532650030505,7.398754876604749,7.1493305669242195,7.03603378801004,7.398823670387582,7.1567633194045195,7.026423021972358,7.397320852773623,7.1567633194045195,7.026423021972358,7.397320852773623,4.905895213696812
2022-08-17,7.126142734666142,7.010904459792696,7.362932175508609,7.131609919127069,7.0150725271243966,7.36300063621156,7.13926351670334,7.00549039340546,7.361505094820399,7.13926351670334,7.00549039340546,7.361505094820399,4.871073437410805
2022-08-18,7.1312198300256995,7.018685297229341,7.406630189456773,7.136641204090264,7.022857990840281,7.40669905646488,7.1443221962445564,7.013265189481896,7.405194639236419,7.1443221962445564,7.013265189481896,7.405194639236419,4.885230037883614
2022-08-19,7.108886675991871,6.994283750489008,7.3570178078519435,7.11432069735468,6.998441935461747,7.35708621356337,7.121836579321026,6.988882438651494,7.355591873484989,7.121836579321026,6.988882438651494,7.355591873484989,4.819581525332115
2022-08-22,6.9761833854456565,6.8885559088987955,7.271627869850517,6.981606140690818,6.892651237569791,7.271695481604515,6.9887492614363165,6.883236289526182,7.2702184857287016,6.9887492614363165,6.883236289526182,7.2702184857287016,4.7192263546524895
2022-08-23,6.933318403979917,6.855162055239882,7.2588990131948075,6.938558228682437,6.859237533650858,7.258966506595486,6.945544745844721,6.849868319936009,7.2574920961748335,6.945544745844721,6.849868319936009,7.2574920961748335,4.707809859631944
2022-08-24,6.948304861073885,6.872102249792764,7.284011836004932,6.953731415237826,6.876187800660297,7.284079562905155,6.960744454904907,6.866795510408616,7.282600051627229,6.960744454904907,6.866795510408616,7.282600051627229,4.722880073001068
2022-08-25,7.008750992954653,6.940885716785244,7.362547913334569,7.0142244948027415,6.945012160387736,7.362616370464664,7.021312979842095,6.935525886654154,7.361120907123947,7.021312979842095,6.935525886654154,7.361120907123947,4.789555116896741
2022-08-26,6.857898424138913,6.787685152970584,7.175573606814657,6.863445822876432,6.791720516574663,7.175640325454306,6.870399863806703,6.782443614602545,7.174182839893776,6.870399863806703,6.782443614602545,7.174182839893776,4.627433188619936
2022-08-29,6.82517530075625,6.744291932528017,7.125621910688041,6.830847053681614,6.748301498539786,7.125688164875723,6.837682719438143,6.739083885206661,7.124240825385704,6.837682719438143,6.739083885206661,7.124240825385704,4.596835955433534
2022-08-30,6.741343015557855,6.649595520639178,7.0051465993511925,6.746993639811679,6.653548788441704,7.005211733356995,6.753867068949645,6.644460550426765,7.003788864527811,6.753867068949645,6.644460550426765,7.003788864527811,4.546373507645713
2022-08-31,6.700733171713293,6.613357394948679,6.958265276838286,6.706109344841094,6.6172891179419135,6.95832997494045,6.712907157665998,6.608250375608326,6.956916628534669,6.712907157665998,6.608250375608326,6.956916628534669,4.5117790347287725
2022-09-01,6.750606179629166,6.631988134353997,6.96459463772959,6.755955487877779,6.635930933808292,6.964659394661849,6.762827296265847,6.626866726125712,6.963244762618022,6.762827296265847,6.626866726125712,6.963244762618022,4.525936735056592
2022-09-02,6.687932161241435,6.593742411631533,6.932380553828187,6.69317140944572,6.597662473818784,6.932445011245043,6.700005484647117,6.588650537674071,6.9310369224690955,6.700005484647117,6.588650537674071,6.9310369224690955,4.478213292866026
2022-09-06,6.662843449828569,6.566576878760924,6.907625022043587,6.66821122991557,6.5704807904518185,6.907689249284036,6.674979089035377,6.561505984634354,6.906286188794961,6.674979089035377,6.561505984634354,6.906286188794961,4.4613154870859395
2022-09-07,6.8273945042854285,6.7117724636224105,7.071149281007542,6.8328244116828465,6.715762696084376,7.071215028724092,6.839749482653338,6.70658944622758,7.069778753612787,6.839749482653338,6.70658944622758,7.069778753612787,4.541463388255535
2022-09-08,6.863520039377217,6.762945727326874,7.11651603786186,6.868835780962286,6.766966382767045,7.1165822074201674,6.875755619746743,6.757723195257426,7.1151367175539555,6.875755619746743,6.757723195257426,7.1151367175539555,4.5711477417822985
2022-09-09,6.925371371647675,6.826978472274946,7.188367822218636,6.930682676762584,6.831037195924314,7.188434659864033,6.937653329250505,6.821706492147071,7.186974575645519,6.937653329250505,6.821706492147071,7.186974575645519,4.642161713698783
2022-09-12,6.961781745667104,6.851479964968288,7.211478085761735,6.967141707821114,6.855553255038692,7.2115451383479225,6.9741637649281545,6.846189059819279,7.210080360126487,6.9741637649281545,6.846189059819279,7.210080360126487,4.692054069972251
2022-09-13,6.759508853823893,6.678838255751436,7.00849291057632,6.764840254917299,6.682808907936547,7.008558075805635,6.771650428955024,6.673680674155356,7.007134527459509,6.771650428955024,6.673680674155356,7.007134527459509,4.488032065173033
2022-09-14,6.7679436140535145,6.711795527592927,7.045219370892025,6.773227930187945,6.7157857728096255,7.0452848775997525,6.780096456145564,6.706612495131955,7.043853869453615,6.780096456145564,6.706612495131955,7.043853869453615,4.5051571743221865
2022-09-15,6.69083624576369,6.618366722055785,6.944552517513662,6.69590948705681,6.6223014229328685,6.944617088217086,6.702601267229001,6.61325583822112,6.943206527281633,6.702601267229001,6.61325583822112,6.943206527281633,4.4540091502437935
2022-09-16,6.667427522486468,6.582793579581473,6.89486811664078,6.6722600863623125,6.58670713103783,6.894932225337103,6.678981392148942,6.577710169118764,6.893531756114041,6.678981392148942,6.577710169118764,6.893531756114041,4.420029496278344
2022-09-19,6.693433041666895,6.640151967485419,6.979107357185382,6.698293599583679,6.6440996198058855,6.979172249168008,6.7050130118009275,6.635024259857381,6.97775466951492,6.7050130118009275,6.635024259857381,6.97775466951492,4.45430721095194
2022-09-20,6.583806020595452,6.552664872061951,6.902379292586848,6.58869228927332,6.556560512147912,6.902443471152151,6.595266495979199,6.547604721350511,6.901041476325368,6.595266495979199,6.547604721350511,6.901041476325368,4.403177517790408
2022-09-21,6.485681014517585,6.457483281587041,6.804465486241877,6.490565614376434,6.461322334772326,6.804528754395437,6.497064592374983,6.452496635630118,6.803146647578263,6.497064592374983,6.452496635630118,6.803146647578263,4.326369876291082
2022-09-22,6.459068976772192,6.3987696320478715,6.709699192603886,6.463843455030156,6.402573779422338,6.709761579577126,6.470330063700762,6.393828322266923,6.70839872139861,6.470330063700762,6.393828322266923,6.70839872139861,4.290029933470711
2022-09-23,6.378264260711777,6.264324570368167,6.571134871398388,6.383090254697877,6.268048788293242,6.5711959699698355,6.389461992636586,6.25948708407792,6.569861256603879,6.389461992636586,6.25948708407792,6.569861256603879,4.218150375660086
2022-09-26,6.281503552243398,6.1647829578333315,6.468926732734234,6.286332541105482,6.168447996989683,6.468986880954185,6.292529317135307,6.160022339812825,6.467672927834669,6.292529317135307,6.160022339812825,6.467672927834669,4.17642114328281
2022-09-27,6.254203498112242,6.137317814704268,6.453640543252584,6.258769665113976,6.140966525412893,6.453700549342702,6.264936568862789,6.132578405535823,6.452389701120305,6.264936568862789,6.132578405535823,6.452389701120305,4.165760615273581
2022-09-28,6.458298006905114,6.259511950524744,6.577427157283231,6.459603635524311,6.263233307286143,6.577488314349777,6.465785617909456,6.254678182938256,6.5761523228921686,6.465785617909456,6.254678182938256,6.5761523228921686,4.247726576777373
2022-09-29,6.352949929399582,6.157707766073317,6.457057770861467,6.3546132930424815,6.16136859905299,6.457117808719467,6.360654297042638,6.152952617984491,6.4558062663888105,6.360654297042638,6.152952617984491,6.4558062663888105,4.15899650695216
2022-09-30,6.290790436558882,6.09535578260392,6.387729446288317,6.2922833923197,6.0989795467249355,6.387788839536015,6.298192177631482,6.090648785485009,6.386491379020577,6.298192177631482,6.090648785485009,6.386491379020577,4.094683218384759
2022-10-03,6.453853586622112,6.247224804255607,6.562799239173336,6.455415803074608,6.250938856809946,6.562860260223688,6.461444089699344,6.242400530407867,6.561527239945435,6.461444089699344,6.242400530407867,6.561527239945435,4.2027883340945476
2022-10-04,6.617555165376122,6.396196870581085,6.772265536229478,6.619172538131949,6.3999994889699705,6.772328504901586,6.625340565929325,6.3912575565001415,6.770952938323675,6.625340565929325,6.3912575565001415,6.770952938323675,4.333018499836283
2022-10-05,6.56393321816935,6.347326488077184,6.773466923454367,6.565648017512038,6.351100052563632,6.773529903296835,6.571753116135956,6.342424912912354,6.772154092695905,6.571753116135956,6.342424912912354,6.772154092695905,4.322930996288105
2022-10-06,6.450803142807018,6.25247650969066,6.74782064369364,6.452364968039659,6.256193684719987,6.747883385076168,6.458382014867119,6.247648179596889,6.746512783686864,6.458382014867119,6.247648179596889,6.746512783686864,4.2783355417505655
2022-10-07,6.318486195432999,6.126804049094795,6.61999937459241,6.320196229438066,6.130446510475083,6.620060927489984,6.326125697809095,6.12207276698971,6.6187162888549045,6.326125697809095,6.12207276698971,6.6187162888549045,4.15899650695216
2022-10-10,6.334682552956515,6.174227916158686,6.658212400822472,6.336213562139772,6.177898571614251,6.658274309025603,6.342273465164692,6.1694600123990595,6.656921908650907,6.342273465164692,6.1694600123990595,6.656921908650907,4.127241493056867
2022-10-11,6.3773856612695505,6.19924985277027,6.649478749075912,6.379138204628002,6.202935383942186,6.6495405760738295,6.385219289430836,6.194462626073835,6.64818994965808,6.385219289430836,6.194462626073835,6.64818994965808,4.101103072087545
2022-10-12,6.300944161549403,6.096617338213046,6.5696375491947965,6.302606492437391,6.100241853089908,6.5696986338273256,6.308615103770062,6.0919093669059325,6.568364224567402,6.308615103770062,6.0919093669059325,6.568364224567402,4.0875755886813785
2022-10-13,6.482737189584141,6.27561393990042,6.7338130230514786,6.484365099917764,6.279344870210176,6.733875634190926,6.490587443947634,6.270767741816333,6.732507877996472,6.490587443947634,6.270767741816333,6.732507877996472,4.195451567930414
2022-10-14,6.349142820321732,6.125216959133757,6.5330914746351345,6.350774725764245,6.128858476335335,6.533152219461558,6.356854170844926,6.120486901128248,6.5318252333540086,6.356854170844926,6.120486901128248,6.5318252333540086,4.099843004862573
2022-10-17,6.4831246201566,6.252455618233258,6.679488431348092,6.484663586257068,6.256172780410972,6.679550537376404,6.490840620210196,6.2476273033810275,6.678193815464734,6.490840620210196,6.2476273033810275,6.678193815464734,4.205195550096632
2022-10-18,6.566080312321637,6.332433306788841,6.762066497101193,6.567554471351291,6.336198016634929,6.762129370942309,6.573865827092377,6.327543231060837,6.760755875969071,6.573865827092377,6.327543231060837,6.760755875969071,4.254605803256677
2022-10-19,6.501749259995847,6.293893324505673,6.709474883040933,6.503145277452618,6.297635122142501,6.709537267884265,6.509378850593543,6.289033010538871,6.708174455195534,6.509378850593543,6.289033010538871,6.708174455195534,4.22445511120499
2022-10-20,6.391525347434419,6.153679987392603,6.577686508042401,6.393018198778291,6.1573384264688675,6.577747667514612,6.398735531712164,6.148927949815642,6.576411623369321,6.398735531712164,6.148927949815642,6.576411623369321,4.18903171422763
2022-10-21,6.500990712374589,6.266116013159765,6.740584359084843,6.502592358822085,6.269841296702694,6.7406470331846275,6.508330278922289,6.261277148631834,6.739277901612545,6.508330278922289,6.261277148631834,6.739277901612545,4.29083136115584
2022-10-24,6.588535454127545,6.36549081979931,6.874314022367953,6.590018209468107,6.3692751828032215,6.874377939888839,6.596000877933057,6.360575215077376,6.872981645463347,6.596000877933057,6.360575215077376,6.872981645463347,4.343335873081889
2022-10-25,6.654471824166848,6.4241731806533,6.953801055617565,6.656010653354429,6.427992431243801,6.953865712210559,6.661926704980463,6.419212260180964,6.952453272566615,6.661926704980463,6.419212260180964,6.952453272566615,4.412692730114211
2022-10-26,6.654227844993671,6.4214801223669955,7.006409812394118,6.65585035533625,6.425297771958136,7.006474958143954,6.66170749287614,6.416521281598556,7.005051832733348,6.66170749287614,6.416521281598556,7.005051832733348,4.379447046059845
2022-10-27,6.664010187636285,6.45272334954029,7.060441351733005,6.664925726164642,6.456559573590336,7.060506999869122,6.670986656667845,6.4477403819075825,7.0590728996998084,6.670986656667845,6.4477403819075825,7.0590728996998084,4.3560611955662525
2022-10-28,6.8407174179416375,6.629730263948896,7.2423483153653905,6.841476831485496,6.633671720595805,7.2424156548762,6.847794689878432,6.6246106064769865,7.24094460619404,6.847794689878432,6.6246106064769865,7.24094460619404,4.45969466741716
2022-10-31,6.818663558916528,6.615254232734684,7.233799942474795,6.819413711313199,6.6191870834255475,7.233867202502697,6.825706675618365,6.610145754820431,7.232397890145871,6.825706675618365,6.610145754820431,7.232397890145871,4.42748138060036
2022-11-01,6.839843099924064,6.635801961345559,7.260186145558103,6.840506955133923,6.639661002879071,7.260253653025353,6.846840917689079,6.630612561723237,7.258778980401767,6.846840917689079,6.630612561723237,7.258778980401767,4.408107067952458
2022-11-02,6.725191565358728,6.524570626529067,7.142476325211753,6.725880726951628,6.528400346006571,7.142542752072843,6.7321184474635105,6.519513112892123,7.141091980730625,6.7321184474635105,6.519513112892123,7.141091980730625,4.297481084556052
2022-11-03,6.683194271537093,6.483826164903052,7.178778780088713,6.683725343784828,6.487482698307382,7.1788455703154135,6.689856809310403,6.478586128873401,7.177387412318639,6.689856809310403,6.478586128873401,7.177387412318639,4.253230251255485
2022-11-04,6.730519554413429,6.52973967495645,7.260526244946451,6.730994451128126,6.533363924761313,7.2605937793856965,6.737209265503578,6.524443159091782,7.259119024632789,6.737209265503578,6.524443159091782,7.259119024632789,4.314447447965196
2022-11-07,6.781738304227808,6.579430504922959,7.339012965965708,6.7822779015939,6.58314162813681,7.339081245961769,6.788649639746623,6.574259007851242,7.337590541050703,6.788649639746623,6.574259007851242,7.337590541050703,4.355716940947618
2022-11-08,6.838658196606169,6.634652405186738,7.406180996705199,6.839187120558375,6.638379920319108,7.406249889812861,6.845589378336132,6.629400546918905,7.404745547468381,6.845589378336132,6.629400546918905,7.404745547468381,4.379218642835766
2022-11-09,6.77749613515591,6.575314885100046,7.334975232551459,6.7775148409724775,6.578518417010816,7.335043467828636,6.783877173431061,6.569637259590578,7.333553586868564,6.783877173431061,6.569637259590578,7.333553586868564,4.2889968029964685
2022-11-10,7.039437678650248,6.829442382278588,7.620249916829521,7.039457891698791,6.832770487842696,7.620320794567269,7.046135138167269,6.823612921694727,7.618772975005959,7.046135138167269,6.823612921694727,7.618772975005959,4.524695731985156
2022-11-11,6.9833470352454725,6.775024993446572,7.559642587193479,6.983084833195278,6.778052613770822,7.559712882191133,6.989654560136463,6.7689160425519805,7.558177382683519,6.989654560136463,6.7689160425519805,7.558177382683519,4.56848792574588
2022-11-14,6.926387044076493,6.719764190589627,7.5032141084203365,6.92615181461651,6.722791220761065,7.503283895299763,6.9325516505670555,6.713616485565975,7.501759849276165,6.9325516505670555,6.713616485565975,7.501759849276165,4.529625282147205
2022-11-15,6.970661853654709,6.762718226807299,7.543689147809763,6.9703387301250235,6.765680752438129,7.543759312950095,6.9768288433076,6.7564953714511145,7.54222704483954,6.9768288433076,6.7564953714511145,7.54222704483954,4.568257689430115
2022-11-16,6.986113595751396,6.777709023966453,7.542500156907779,6.9858005038824365,6.780688548925404,7.542570303778318,6.9922777280991495,6.771456368908908,7.541038280906877,6.9922777280991495,6.771456368908908,7.541038280906877,4.5334084167688165
2022-11-17,6.955696775879826,6.748199576159982,7.510303335726547,6.9554360605132555,6.7512156440903075,7.510373167654833,6.961911890949547,6.74204950760281,7.508847691783976,6.961911890949547,6.74204950760281,7.508847691783976,4.519536312125678
2022-11-18,7.04875397286821,6.838480759700536,7.570100246073593,7.048791984659483,6.841830520006226,7.570170619876685,7.055354738259546,6.832541359922053,7.568633005472221,7.055354738259546,6.832541359922053,7.568633005472221,4.540057406932355
2022-11-21,7.108228028924796,6.89618062972151,7.620533229531666,7.108291503558408,6.89958305763456,7.620604080093763,7.114881093341615,6.890187828199276,7.619056217877225,7.114881093341615,6.890187828199276,7.619056217877225,4.52354894982638
2022-11-22,7.172607270250438,6.958639357153923,7.732136562178616,7.172628176504534,6.962030724337797,7.732208479302431,7.179224076798641,6.9524988121257,7.730637936458924,7.179224076798641,6.9524988121257,7.730637936458924,4.584421891917455
2022-11-23,7.18597883428083,6.971612030579738,7.725527996958334,7.186077662606045,6.975085316484647,7.725599842861535,7.1926982837701114,6.9655474935655555,7.724030646945294,7.1926982837701114,6.9655474935655555,7.724030646945294,4.6133117835074975
2022-11-25,7.229312186109925,7.013652693919279,7.74843110682899,7.22948164404217,7.017214902025794,7.748503169236169,7.236128532597081,7.00760618265922,7.746929319964366,7.236128532597081,7.00760618265922,7.746929319964366,4.612279752888266
2022-11-28,7.156507786726186,6.943020141510209,7.625089496404862,7.156661404339416,6.9465327568359845,7.625160419032173,7.163235362114426,6.937015033006913,7.623611618471097,7.163235362114426,6.937015033006913,7.623611618471097,4.538681488312827
2022-11-29,7.166198365137559,6.952421637756442,7.65131576287488,7.166336033589999,6.9559233267124165,7.651386937274428,7.172927959873842,6.946401531281363,7.649832805197901,7.172927959873842,6.946401531281363,7.649832805197901,4.530886449227188
2022-11-30,7.306373646879967,7.08841531420916,7.804095167225625,7.306583949901815,7.092053386484044,7.804167782327105,7.313317868587261,7.082357821699829,7.802582608453948,7.313317868587261,7.082357821699829,7.802582608453948,4.673612067755859
2022-12-01,7.233528224122005,7.03765001388046,7.770402761290561,7.233866636047129,7.041262968285959,7.770475065743193,7.240478126206586,7.031645930482584,7.768895319647571,7.240478126206586,7.031645930482584,7.768895319647571,4.670172821134545
2022-12-02,7.236490118822859,7.043325080590917,7.811607349898208,7.237048062436725,7.046939140793788,7.811680037169473,7.243534810512625,7.0373095545242705,7.810089448347691,7.243534810512625,7.0373095545242705,7.810089448347691,4.664784264814315
2022-12-05,7.130432598699215,6.939251289303501,7.685100399236769,7.130909800496169,6.94280343100319,7.6851719120843764,7.137226117259976,6.933328337254346,7.683607361359646,7.137226117259976,6.933328337254346,7.683607361359646,4.58086862699327
2022-12-06,7.103734795430769,6.90504178637853,7.59400917671236,7.104160834262197,6.908575295332555,7.594079842336481,7.110453744069008,6.8991585086525085,7.592534662807534,7.110453744069008,6.8991585086525085,7.592534662807534,4.514836631661055
2022-12-07,7.093527354206409,6.88787334217767,7.603276350187681,7.093918230248798,6.891400356644066,7.603347100645964,7.100300032806958,6.882002234651048,7.60179966958056,7.100300032806958,6.882002234651048,7.60179966958056,4.507155244259948
2022-12-08,7.129642098703669,6.915967802261945,7.634336678074065,7.1301092031012105,6.919507160728653,7.6344077192164645,7.136613249142712,6.910076696951442,7.632854992861243,7.136613249142712,6.910076696951442,7.632854992861243,4.542464622934439
2022-12-09,7.075009035403118,6.85007315756743,7.553159796290846,7.075347478587446,6.853574564184732,7.553230081825373,7.082007190543899,6.844236695492356,7.551693167366735,7.082007190543899,6.844236695492356,7.551693167366735,4.508531896116152
2022-12-12,7.154502372960764,6.926390357969996,7.664532958070023,7.154997028779051,6.929935131015638,7.664604280141424,7.161769197388686,6.920482551591323,7.663043973524247,7.161769197388686,6.920482551591323,7.663043973524247,4.573531860829137
2022-12-13,7.150934773780945,6.9277377112398595,7.683037796357082,7.15159918425294,6.931287723351563,7.68310929154844,7.158476917128036,6.921823134412217,7.681545035366357,7.158476917128036,6.921823134412217,7.681545035366357,4.608153096884694
2022-12-14,7.1136680547317495,6.906183884306325,7.636851643395982,7.114380239117238,6.909723333111929,7.636922708764457,7.12122338056147,6.90029228351782,7.635369278936164,7.12122338056147,6.90029228351782,7.635369278936164,4.578689814215265
2022-12-15,7.001003647927791,6.802470316430566,7.513865696409073,7.00169995272975,6.805958232487043,7.5139356183703105,7.008526249549404,6.796673634366463,7.512408705105919,7.008526249549404,6.796673634366463,7.512408705105919,4.466687912199332
2022-12-16,6.944935895888029,6.75563633205398,7.471027365642794,6.945686962202181,6.759099586413918,7.4710968870739904,6.952390723894638,6.749885992698793,7.46957875748511,6.952390723894638,6.749885992698793,7.46957875748511,4.413953897194193
2022-12-19,6.914041963905993,6.725957612549219,7.430229927696621,6.914840063178844,6.729406972475425,7.430299071627274,6.921585848142027,6.720231016043593,7.428790705214895,6.921585848142027,6.720231016043593,7.428790705214895,4.37652436467565
2022-12-20,6.940011085162972,6.765342641652477,7.482321296156383,6.9409113455590665,6.768815156575763,7.482390924147209,6.94766984310995,6.759588713675544,7.480872180221993,6.94766984310995,6.759588713675544,7.480872180221993,4.382514175068895
2022-12-21,7.030451076315073,6.858872771550431,7.604798091376955,7.031430131565084,6.862393603317836,7.604868860337626,7.038313832924646,6.853027182691556,7.603325680374028,7.038313832924646,6.853027182691556,7.603325680374028,4.448043903279141
2022-12-22,6.97876259645116,6.799072989588666,7.491318224211275,6.979535599327201,6.80256095927919,7.4913879387981215,6.986464913687185,6.793285534231419,7.489868187360821,6.986464913687185,6.793285534231419,7.489868187360821,4.384586668529111
2022-12-23,7.02779129106816,6.845661747233285,7.549378158914907,7.028630805328428,6.849178344271365,7.549448413866123,7.035611528403539,6.839824599304296,7.547917523422163,7.035611528403539,6.839824599304296,7.547917523422163,4.409807810418748
2022-12-27,7.0555699437594654,6.869124508754524,7.562917100501811,7.0564646007370975,6.872654511219272,7.562987484685633,7.063476789794047,6.863262824893405,7.561455715698724,7.063476789794047,6.863262824893405,7.561455715698724,4.392417636211796
2022-12-28,6.991137961178281,6.804641695619687,7.471259449995108,6.991918626892472,6.808134393951389,7.471328980136669,6.998892327229665,6.79884487947596,7.46981505897629,6.998892327229665,6.79884487947596,7.46981505897629,4.33782889903874
2022-12-29,7.053251259335599,6.8551975413546185,7.537924990932707,7.054049882128724,6.858716842821466,7.537995141142068,7.0611946120194276,6.849355920707086,7.536468065117627,7.0611946120194276,6.849355920707086,7.536468065117627,4.415911639114864
2022-12-30,7.015988637102447,6.82129729594882,7.517560442487925,7.016890713224512,6.824802980757156,7.517630401897574,7.024016535961844,6.815481134690029,7.516108366916098,7.024016535961844,6.815481134690029,7.516108366916098,4.40427993913038
2023-01-03,6.986444206918998,6.773060000277405,7.457216730156888,6.9873378129014885,6.776560320892694,7.457286127473252,6.994434245559942,6.767283460461847,7.455776136038196,6.994434245559942,6.767283460461847,7.455776136038196,4.38573821672627
2023-01-04,7.027643908704173,6.794162623904094,7.470007305720099,7.028530712854383,6.797677735131849,7.470076822152344,7.035689840778974,6.788367988308609,7.468564269675905,7.035689840778974,6.788367988308609,7.468564269675905,4.419597619877116
2023-01-05,6.93585015992564,6.713484674898037,7.413718416774697,6.936740655758007,6.716957536102764,7.4137874085015945,6.943866304214733,6.7077593669068145,7.412285962829729,6.943866304214733,6.7077593669068145,7.412285962829729,4.36915423624283
2023-01-06,7.078958140715463,6.89304096417679,7.610695189023832,7.079876307545257,6.896600697289716,7.610766014592824,7.086810685598409,6.887162640353484,7.609224935714542,7.086810685598409,6.887162640353484,7.609224935714542,4.4693488280907605
2023-01-09,7.024447354904552,6.861135376530742,7.578016683124231,7.025369327359742,6.864672791712873,7.578087203415681,7.032065874149754,6.855284524952585,7.576552355130304,7.032065874149754,6.855284524952585,7.576552355130304,4.466814395525667
2023-01-10,7.064784152535012,6.885400723954323,7.633842737848086,7.06570385610185,6.888956533510662,7.633913781511319,7.072588173583879,6.8795283033980255,7.632368903525582,7.072588173583879,6.8795283033980255,7.632368903525582,4.498138999493082
2023-01-11,7.106329461713242,6.924563275962174,7.69215146084496,7.107254639561211,6.928137577305412,7.69222304744661,7.11399734520666,6.918657456765467,7.690666467677989,7.11399734520666,6.918657456765467,7.690666467677989,4.55503156629713
2023-01-12,7.0840684840899915,6.9335966814987895,7.724107109733534,7.085011374740091,6.937169089208624,7.7241789919077775,7.091534754806973,6.927684309323977,7.722615344092463,7.091534754806973,6.927684309323977,7.722615344092463,4.571615180162232
2023-01-13,7.119022150176947,6.970356154671923,7.77085678736404,7.119971309931555,6.973958246705796,7.77092909936709,7.126564121543659,6.964412190507771,7.769354256208266,7.126564121543659,6.964412190507771,7.769354256208266,4.589351442079505
2023-01-17,7.091851234515323,6.924477055239345,7.715407879973813,7.09278721675521,6.928058949315862,7.715479673689549,7.099352780902789,6.918572018837489,7.713915304946365,7.099352780902789,6.918572018837489,7.713915304946365,4.58094341713406
2023-01-18,6.97699417725357,6.801443778068537,7.583785698067124,6.977915892112415,6.804966289688513,7.583856264468137,6.984286098668965,6.795643809274349,7.58231774371047,6.984286098668965,6.795643809274349,7.58231774371047,4.50861988451708
2023-01-19,6.934848187839563,6.765973763209135,7.506974239501058,6.935774948704386,6.769465389135878,7.507044092933296,6.941901091204236,6.760205917006012,7.50552173472382,6.941901091204236,6.760205917006012,7.50552173472382,4.4757980112605225
2023-01-20,6.9782174076197245,6.80377427436578,7.584175437881203,6.97916178186776,6.807294987982464,7.584246008885826,6.98518666285273,6.797973716360587,7.582707732272699,6.98518666285273,6.797973716360587,7.582707732272699,4.559178752927585
2023-01-23,6.986843317763547,6.818647412329512,7.646989934046498,6.987783120338701,6.822176642284426,7.647061090118217,6.993941050704264,6.81283373778414,7.645510265022218,6.993941050704264,6.81283373778414,7.645510265022218,4.613881508403511
2023-01-24,7.012814424537119,6.846219589338762,7.667332271006652,7.01375350244866,6.849768046555077,7.66740361591963,7.019913861713398,6.840381274551433,7.66584851759283,7.019913861713398,6.840381274551433,7.66584851759283,4.608929227904555
2023-01-25,7.041982179473761,6.864681239886804,7.700065079728367,7.0429333663143705,6.868236698032582,7.700136727405152,7.049237873547299,6.858827100568288,7.698574390236231,7.049237873547299,6.858827100568288,7.698574390236231,4.610657100127799
2023-01-26,7.0677746659730705,6.907756839594721,7.762517385382179,7.06873729720548,6.911330003088838,7.762589609697475,7.075029832665617,6.901866652320368,7.761013123407088,7.075029832665617,6.901866652320368,7.761013123407088,4.661329986841175
2023-01-27,7.030829486760253,6.860462018980274,7.7082259953234775,7.0317608175251705,6.863989971935933,7.708297714000556,7.038186225866951,6.854613136075432,7.70673209002111,7.038186225866951,6.854613136075432,7.70673209002111,4.672040008325926
2023-01-30,7.005405040429501,6.830864196794611,7.661068280433815,7.00634315526952,6.834381560682271,7.6611395644667954,7.012691609253964,6.825040113113896,7.65958488237193,7.012691609253964,6.825040113113896,7.65958488237193,4.6134210357719825
2023-01-31,7.0808428486389925,6.902676093636783,7.761356611335931,7.081782462011823,6.906239464228309,7.761428827458627,7.088295886455603,6.89678944548374,7.759853442845171,7.088295886455603,6.89678944548374,7.759853442845171,4.681253127139872
2023-02-01,7.100886700772799,6.932550945137646,7.816641211370747,7.10175057337484,6.936130052188566,7.816713940433207,7.108277837690288,6.926638810908073,7.812834958328323,7.108277837690288,6.926638810908073,7.812834958328323,4.7310047019718535
2023-02-02,7.051001929669251,6.850297477238029,7.7433164587676115,7.051533825759494,6.853834477346478,7.743388504055441,7.057976992000204,6.844455486071986,7.7375447059743285,7.057976992000204,6.844455486071986,7.7375447059743285,4.799873956615693
2023-02-03,6.987917271433346,6.799852929603881,7.695544062165706,6.988241379874355,6.8033637368472695,7.695615663024669,6.994604150622671,6.794053957248597,7.689861829340822,6.994604150622671,6.794053957248597,7.689861829340822,4.748855715428671
2023-02-06,7.001356454801003,6.827257848635391,7.682842101193863,7.00169015737055,6.830782746817898,7.682913585049485,7.008070504637232,6.821435506292008,7.678618044544697,7.008070504637232,6.821435506292008,7.678618044544697,4.719833841237236
2023-02-07,7.027828894439122,6.862049527163188,7.734969271818137,7.028242172990435,6.865592307078146,7.7350412426830975,7.034650988026578,6.856197516490033,7.729977566699067,7.034650988026578,6.856197516490033,7.729977566699067,4.781562470527346
2023-02-08,6.971981227010575,6.826095312318054,7.6900769566890865,6.9725281581761385,6.829619419073118,7.690148509143205,6.978907965618039,6.820273964882911,7.68685702130729,6.978907965618039,6.820273964882911,7.68685702130729,4.729276829748608
2023-02-09,6.871497032035036,6.77662529931979,7.647759002193978,6.87198614172074,6.780123762934557,7.647830159371743,6.878257780330583,6.770846139819458,7.6457156029036835,6.878257780330583,6.770846139819458,7.6457156029036835,4.688278267717381
2023-02-10,6.946751832378223,6.811788732131482,7.671680481508333,6.947169833417105,6.815305419310947,7.671751865000458,6.953498983318524,6.805979584072344,7.668480622709166,6.953498983318524,6.805979584072344,7.668480622709166,4.699219625372908
2023-02-13,6.995966269048039,6.884780602492695,7.777483483550947,6.9962335401008815,6.888334908001575,7.777555849420528,7.002584805950673,6.878909208421556,7.775468382878539,7.002584805950673,6.878909208421556,7.775468382878539,4.754382486862026
2023-02-14,6.943067125861768,6.855236626149891,7.752746684965637,6.943168753763456,6.858775761482135,7.752818820628889,6.949451710790152,6.849390425627052,7.752071599196404,6.949451710790152,6.849390425627052,7.752071599196404,4.752195975098939
2023-02-15,6.945101213528516,6.893475608572963,7.791430298805991,6.9452705091888465,6.897034598176424,7.791502792107551,6.951573255553031,6.887596795661313,7.79107212625964,6.951573255553031,6.887596795661313,7.79107212625964,4.7676280407668825
2023-02-16,6.891705607999522,6.81750542895345,7.71139153099001,6.89181936474051,6.821025097973244,7.7114632754043635,6.89806497444812,6.811691407143361,7.712448817220398,6.89806497444812,6.811691407143361,7.712448817220398,4.701983194398754
2023-02-17,6.928805330610005,6.813493142469024,7.667395850474995,6.929165772965942,6.817010937501941,7.667467187013706,6.935471480284617,6.807682536996294,7.667999213374869,6.935471480284617,6.807682536996294,7.667999213374869,4.690236009638052
2023-02-21,6.852818588060377,6.703431599833712,7.497820945015776,6.853155053316198,6.706892412747419,7.497890706994231,6.859391532201487,6.697714856748352,7.497838943277552,6.859391532201487,6.697714856748352,7.497838943277552,4.596145979722912
2023-02-22,6.860520063555065,6.7205943752552395,7.516460559398296,6.860754387887859,6.724064080539569,7.516530493317624,6.866980480978117,6.714862994849599,7.517849011916758,6.866980480978117,6.714862994849599,7.517849011916758,4.589811548092694
2023-02-23,6.851035157740528,6.744812809159991,7.5460466224125,6.8511991887236015,6.748295167922451,7.546116832557685,6.8574052995550145,6.739060770230581,7.546441045784106,6.8574052995550145,6.739060770230581,7.546441045784106,4.614226862877157
2023-02-24,6.811915369984852,6.70358924831579,7.51300680083348,6.812054248478131,6.707050392680979,7.513076704543427,6.818213233768616,6.697872363056707,7.513474213783502,6.818213233768616,6.697872363056707,7.513474213783502,4.564935760676704
2023-02-27,6.805852680519079,6.738243476937079,7.5587903156533125,6.805925590253372,6.741722500393211,7.558860643868327,6.812064867587866,6.732497040045295,7.559733437290236,6.812064867587866,6.732497040045295,7.559733437290236,4.5804836777392035
2023-02-28,6.7600687374245885,6.73376442455988,7.588325899861114,6.760156024936354,6.737241168389864,7.588396501773932,6.766261846020866,6.728021806158286,7.589665377971763,6.766261846020866,6.728021806158286,7.589665377971763,4.563554342782117
2023-03-01,6.752798231209907,6.787891171232213,7.655836179101706,6.753046938612588,6.791395866166876,7.655907409131312,6.759145237021682,6.782102392707259,7.657187573826892,6.759145237021682,6.782102392707259,7.657187573826892,4.546048683798946
2023-03-02,6.7994174345955045,6.822938886117227,7.683898671684071,6.799842463706425,6.826461698703289,7.683970162807576,6.805931948325665,6.817120217327044,7.685255020299224,6.805931948325665,6.817120217327044,7.685255020299224,4.5814046230022605
2023-03-03,6.877051271700792,6.929168129073695,7.8240004522649365,6.877627505473693,6.932745793573563,7.824073246897766,6.883774202265344,6.923258867259359,7.825381532030692,6.883774202265344,6.923258867259359,7.825381532030692,4.654880437053074
2023-03-06,6.875307673788365,6.917966239486754,7.796830120936216,6.87570421145247,6.921538118112713,7.796902662775828,6.8818421455026195,6.912066531132512,7.798206404378108,6.8818421455026195,6.912066531132512,7.798206404378108,4.658104478710449
2023-03-07,6.776996973075952,6.817692057444289,7.672644203506818,6.777221060544147,6.821212186378713,7.672715589918507,6.783269066563389,6.811877862835317,7.673998567395835,6.783269066563389,6.811877862835317,7.673998567395835,4.5867022579748635
2023-03-08,6.753389164068027,6.798873161024468,7.664861273237653,6.753577514463281,6.802383602432842,7.664932587236907,6.759658517304312,6.793075014547087,7.666214260339345,6.759658517304312,6.793075014547087,7.666214260339345,4.59418823780224
2023-03-09,6.642446419555244,6.639518868016528,7.4808012171844425,6.642536429660243,6.642947043167207,7.480870818685837,6.648631157868922,6.633856616607387,7.48212171349548,6.648631157868922,6.633856616607387,7.48212171349548,4.50942607824059
2023-03-10,6.545644200791339,6.5255895766790015,7.334455086867054,6.545629784675543,6.528958980274921,7.33452332676153,6.551673276582344,6.520024483114745,7.33574975196397,6.551673276582344,6.520024483114745,7.33574975196397,4.444358289135222
2023-03-13,6.539767060552315,6.434732441819989,7.2071972411692204,6.539814093186831,6.438055011360602,7.207264297054586,6.546018501945745,6.429244828527921,7.208469441340718,6.546018501945745,6.429244828527921,7.208469441340718,4.438022757649993
2023-03-14,6.646171076098765,6.587075446963499,7.360759435310833,6.646286346420421,6.590476662814168,7.360827919941525,6.652601600297139,6.58145791464921,7.362058739526831,6.652601600297139,6.58145791464921,7.362058739526831,4.511383453542924
2023-03-15,6.555830212866052,6.411115140387074,7.157067910258479,6.556077573744879,6.414425560137049,7.157134499739814,6.562469833969428,6.405647666808904,7.158331257499697,6.562469833969428,6.405647666808904,7.158331257499697,4.483168139693339
2023-03-16,6.614250075322276,6.525448282324804,7.298421763799087,6.614123154454984,6.528817699330852,7.29848966843916,6.620521535055826,6.519883304406069,7.299710059352869,6.620521535055826,6.519883304406069,7.299710059352869,4.56182537070386
2023-03-17,6.472002870606285,6.399242746658821,7.14897672927598,6.471745321033522,6.402547055403501,7.149043243476963,6.477967909099223,6.39378539766062,7.150238643419316,6.477967909099223,6.39378539766062,7.150238643419316,4.508486802060672
2023-03-20,6.608274896353943,6.502493671500012,7.266251204680611,6.607904150033605,6.505851268683029,7.2663188100052905,6.614273653167703,6.496948269832959,7.267533820247656,6.614273653167703,6.496948269832959,7.267533820247656,4.551837587343402
2023-03-21,6.655859483366479,6.615323676258264,7.41488143088385,6.6554772274890786,6.618739482603415,7.414950419066593,6.661769002326557,6.609682054836161,7.41619028541142,6.661769002326557,6.609682054836161,7.41619028541142,4.611605541766144
2023-03-22,6.538111585133472,6.483621956164124,7.258414852549488,6.5375797344072755,6.486969801907425,7.258482384964529,6.5437961631238535,6.478092650871975,7.259696088075002,6.5437961631238535,6.478092650871975,7.259696088075002,4.532994504666108
2023-03-23,6.475697944826298,6.461044999840221,7.24507393003051,6.4752186739741395,6.464381242110771,7.24514133832158,6.481406232236471,6.455534947930701,7.24635280331654,6.481406232236471,6.455534947930701,7.24635280331654,4.545248355968827
2023-03-24,6.572564173083644,6.4774724044344145,7.234417426819062,6.571983156672287,6.480817125685213,7.234484735961754,6.57829388831604,6.471948342499666,7.2356944224239745,6.57829388831604,6.471948342499666,7.2356944224239745,4.575075324028763
2023-03-27,6.620952777580116,6.532569680908284,7.282415595887606,6.6204068226026225,6.535942831210553,7.282483351606031,6.626764092420963,6.5269986339476445,7.283701065690021,6.626764092420963,6.5269986339476445,7.283701065690021,4.583630362927428
2023-03-28,6.641815899967074,6.562576906521336,7.304533032819737,6.641105377353781,6.565965546384034,7.304600994319069,6.647384444348934,6.556980269572657,7.30582241056707,6.647384444348934,6.556980269572657,7.30582241056707,4.573341219293787
2023-03-29,6.716551756012411,6.63591936016393,7.398238491477666,6.715910221124926,6.639345871653979,7.398307324814237,6.722249607855,6.63026017435313,7.399544407618023,6.722249607855,6.63026017435313,7.399544407618023,4.639813523248986
2023-03-30,6.7290145161806745,6.664521114275544,7.447951174222789,6.728457427861283,6.667962395004294,7.448020470087026,6.734752612127294,6.658837534604417,7.449265864730113,6.734752612127294,6.658837534604417,7.449265864730113,4.666981408509177
2023-03-31,6.803948334927638,6.772981657180959,7.583297697232756,6.803509722105974,6.776478940431675,7.583368252363255,6.809962234058124,6.767205581331362,7.584636281950338,6.809962234058124,6.767205581331362,7.584636281950338,4.7327604371887215
2023-04-03,6.822351987711401,6.796574880479073,7.599214170085342,6.8218746930144745,6.800084346309167,7.599284873302966,6.828361782457614,6.790778667216481,7.60055556433885,6.828361782457614,6.790778667216481,7.60055556433885,4.750794759814142
2023-04-04,6.802852386098353,6.736689577355307,7.509848032762935,6.802292419523322,6.740168120905628,7.509917904516508,6.808716774488523,6.730944442053181,7.511173652329696,6.808716774488523,6.730944442053181,7.511173652329696,4.724436734460834
2023-04-05,6.873037414100208,6.728020145219903,7.4342202229621845,6.872243897860478,6.731494211978049,7.434289391073312,6.87871149888102,6.7222823773921885,7.435532492897365,6.87871149888102,6.7222823773921885,7.435532492897365,4.712067031763559
2023-04-06,6.906528083783216,6.753626516120005,7.438088571168238,6.90562101291462,6.757113804851855,7.43815777527053,6.912126250839972,6.747866925232865,7.4394015239345554,6.912126250839972,6.747866925232865,7.4394015239345554,4.730448175335974
2023-04-10,6.903846362064862,6.776608128950346,7.489665999753337,6.9030623306765175,6.780107284560902,7.489735683732895,6.909568765002388,6.7708289560416235,7.490988056838176,6.909568765002388,6.7708289560416235,7.490988056838176,4.735302568738898
2023-04-11,6.938895257665538,6.802613616944002,7.512398085074754,6.938117462121212,6.8061262007390795,7.5124679805540096,6.944639688525857,6.796812280167765,7.513724154770363,6.944639688525857,6.796812280167765,7.513724154770363,4.736575467605672
2023-04-12,6.933920591153132,6.805960440384027,7.504347072013777,6.932984050180544,6.809474752304553,7.504416892586266,6.939504303844393,6.800156230503091,7.505671720564725,6.939504303844393,6.800156230503091,7.505671720564725,4.717269345968489
2023-04-13,6.987036709563338,6.868684001117862,7.578972317223192,6.9861178267768205,6.872230700806721,7.57904283211024,6.992680900071229,6.862826314480233,7.580310138435529,6.992680900071229,6.862826314480233,7.580310138435529,4.779928085980088
2023-04-14,6.968946352653098,6.846470526483104,7.557205815784426,6.968001176943501,6.850005756068844,7.557276128155579,6.9745438186030615,6.840631790163255,7.558539794828442,6.9745438186030615,6.840631790163255,7.558539794828442,4.768250925321792
2023-04-17,7.020295787666291,6.897266242850065,7.603804306840316,7.019281823579362,6.900827701132321,7.6038750527646135,7.0259416779362684,6.891384195549492,7.6051465113332695,7.0259416779362684,6.891384195549492,7.6051465113332695,4.785361003119119
2023-04-18,7.018311930413019,6.931238426234543,7.653172021426135,7.017151402991451,6.934817426318794,7.6532432266684935,7.02383173753173,6.925327403930529,7.654522940184429,7.02383173753173,6.925327403930529,7.654522940184429,4.788482391642077
2023-04-19,7.0552943019292655,6.924363285603378,7.6330617426049425,7.054242271305293,6.927938735767234,7.633132760740914,7.060930988837507,6.9184581403211265,7.634409111547184,7.060930988837507,6.9184581403211265,7.634409111547184,4.7876725317351925
2023-04-20,7.048325885886593,6.93216880998632,7.657008842617899,7.047267233586608,6.935748290666022,7.657080083558087,7.053912539759924,6.926256998301899,7.65836043864226,7.053912539759924,6.926256998301899,7.65836043864226,4.7615465757893345
2023-04-21,7.064186752842843,6.928920781465878,7.635543398489341,7.063157323600289,6.93249858488735,7.6356144397146695,7.069756916386628,6.923011745588319,7.636891205487264,7.069756916386628,6.923011745588319,7.636891205487264,4.765245754811726
2023-04-24,7.070489382453446,6.947638310543476,7.648629255535943,7.069402303434808,6.951225779007689,7.648700418512305,7.076006764218242,6.941713324450759,7.649979372416579,7.076006764218242,6.941713324450759,7.649979372416579,4.770216366227543
2023-04-25,7.023524679500766,6.876240028724165,7.52457614107629,7.0223098905266985,6.879790630259237,7.524646149860355,7.028871083238948,6.8703759225077645,7.525904360411846,7.028871083238948,6.8703759225077645,7.525904360411846,4.694494281624678
2023-04-26,6.9426753965344155,6.798060851519264,7.478896827333551,6.941346572316149,6.801571084407527,7.4789664111165,6.947860696271852,6.792263425844169,7.480216983471046,6.947860696271852,6.792263425844169,7.480216983471046,4.674611102724737
2023-04-27,7.050504591906456,6.843951698156874,7.542174730082995,7.049144188993109,6.8474856270227455,7.542244902604629,7.055805532658773,6.838115048860822,7.543506055877408,7.055805532658773,6.838115048860822,7.543506055877408,4.767673501440693
2023-04-28,7.0563499959810505,6.869674636033762,7.606401741806314,7.054865483537438,6.873221846989944,7.606472511897165,7.061575301928956,6.863816053619071,7.607744404791984,7.061575301928956,6.863816053619071,7.607744404791984,4.808365570542017
2023-05-01,7.095800957838552,6.90700302450977,7.6475592127465255,7.094306290308762,6.910569510275254,7.647630365656201,7.101028432029035,6.9011126077722205,7.648909140613472,7.101028432029035,6.9011126077722205,7.648909140613472,4.803510810520757
2023-05-02,7.050865452237582,6.870131682677572,7.607604159849035,7.049386412407431,6.873679129633412,7.607674940913861,7.056190030522197,6.86427271048506,7.608947034827981,7.056190030522197,6.86427271048506,7.608947034827981,4.749523327420716
2023-05-03,7.0172556005191735,6.8523429080834175,7.582261828612511,7.015800937647178,6.855881169664479,7.582332372911418,7.022536786463437,6.846499106479559,7.583600229056823,7.022536786463437,6.846499106479559,7.583600229056823,4.716922158403156
2023-05-04,6.990868606985379,6.819710358304777,7.53886962728634,6.989422388757388,6.823231769810072,7.538939767606214,6.996215341648282,6.813894386327701,7.540200367941006,6.996215341648282,6.813894386327701,7.540200367941006,4.683512595952059
2023-05-05,7.077398074867731,6.938913291724144,7.684393808945339,7.0759296678107795,6.9424962546090665,7.684465303267048,7.08280045258196,6.932995661335433,7.68575023721466,7.08280045258196,6.932995661335433,7.68575023721466,4.770216366227543
2023-05-08,7.092036566199474,6.969415256230401,7.7277921672815735,7.090568923090381,6.973013969046493,7.727864065242574,7.097487858508156,6.963471613215793,7.7291562559536535,7.097487858508156,6.963471613215793,7.7291562559536535,4.771487798620968
2023-05-09,7.06458467266219,6.951040698197551,7.694921168325784,7.06312719107554,6.954629923164942,7.694992760629048,7.0700996790379955,6.945112725337442,7.696279454899766,7.0700996790379955,6.945112725337442,7.696279454899766,4.750563790261703
2023-05-10,7.0358583237837875,6.92734352058344,7.672073512300219,7.034403723614434,6.930920509325316,7.6721448919004915,7.041265663584614,6.9214357571036205,7.673427765710445,7.041265663584614,6.9214357571036205,7.673427765710445,4.772759964251066
2023-05-11,7.035802826449958,6.925270840051537,7.674420389905344,7.034350537878353,6.9288467585483895,7.674491791239334,7.041245589299772,6.919364844190953,7.67577505745922,7.041245589299772,6.919364844190953,7.67577505745922,4.764436994759852
2023-05-12,7.027430213971007,6.896254121515949,7.645192474454889,7.025980623081941,6.899815057000162,7.6452636035431505,7.0329064000899235,6.890372871636465,7.646541982402,7.0329064000899235,6.890372871636465,7.646541982402,4.758193117858925
2023-05-15,7.004141864520165,6.908288609595542,7.697440367035635,7.002695650458255,6.911855759183076,7.697511982054893,7.009445037259763,6.902397096487275,7.698799097430018,7.009445037259763,6.902397096487275,7.698799097430018,4.774609553762262
2023-05-16,6.924607210519391,6.874861603584114,7.666829015703129,6.923175547413829,6.878411492872109,7.666900345921501,6.92982461066906,6.868998597628882,7.668182342667562,6.92982461066906,6.868998597628882,7.668182342667562,4.742702393257028
2023-05-17,6.910247868157133,6.898641549526649,7.722395498706494,6.908818724988183,6.902203717778241,7.7224673458185835,6.91544737746252,6.8927582636045335,7.723758634010674,6.91544737746252,6.8927582636045335,7.723758634010674,4.800274303839916
2023-05-18,6.933232826638274,6.9698499069444635,7.825256969492981,6.931795813539725,6.9734488441958975,7.825329773290598,6.938394358150806,6.963905893250567,7.826638261241494,6.938394358150806,6.963905893250567,7.826638261241494,4.846516241329841
2023-05-19,6.949149641427041,6.9637502083358465,7.802919019780477,6.94770719816518,6.967345995959549,7.802991616477989,6.9543095108533866,6.957811396575198,7.80429636936409,6.9543095108533866,6.957811396575198,7.80429636936409,4.839464337613714
2023-05-22,6.920617732951902,6.94246109447149,7.785326335350211,6.919182633193136,6.946045889292485,7.7853987684416985,6.92578393132479,6.936540438450866,7.7867005796086355,6.92578393132479,6.936540438450866,7.7867005796086355,4.841429778519467
2023-05-23,6.811830739986816,6.7860847991616104,7.610760955579442,6.8104178177623975,6.789588847842883,7.610831764712528,6.816948857952974,6.780297503665685,7.612104386233863,6.816948857952974,6.780297503665685,7.612104386233863,4.787094741235758
2023-05-24,6.73679730847243,6.731083724023268,7.521051116772581,6.735400349633125,6.734559372463384,7.5211210913559965,6.741913975064839,6.72534333443609,7.522378712204788,6.741913975064839,6.72534333443609,7.522378712204788,4.752413746391236
2023-05-25,6.6981779207361605,6.785525475440415,7.623791752328218,6.696790214781347,6.7890292353104496,7.6238626827944795,6.703255434907177,6.779738656944726,7.625137483258903,6.703255434907177,6.779738656944726,7.625137483258903,4.793569221070785
2023-05-26,6.687863904009776,6.853503590187417,7.727117448755619,6.686474136822949,6.857042451095883,7.727189340769301,6.6929764225688135,6.847658798728969,7.728481418722133,6.6929764225688135,6.847658798728969,7.728481418722133,4.855648337491264
2023-05-30,6.670151074270986,6.84179622608899,7.724013196122302,6.668764490015378,6.8453290418071955,7.724085059263031,6.675295473433127,6.8359614188819595,7.725376618144732,6.675295473433127,6.8359614188819595,7.725376618144732,4.857499026857472
2023-05-31,6.650393154367245,6.77161163625279,7.629771892608892,6.649011212742553,6.775108211601661,7.629842879284689,6.655596326271225,6.765836683730261,7.631118679819296,6.655596326271225,6.765836683730261,7.631118679819296,4.830562111149718
2023-06-01,6.64679931189065,6.807363182338982,7.690159030043313,6.645418368650592,6.8108782182446745,7.690230578555322,6.652014443687365,6.801557740207748,7.691516476631941,6.652014443687365,6.801557740207748,7.691516476631941,4.876457960929321
2023-06-02,6.75338819647855,6.906161371542249,7.803809986336148,6.751985142640603,6.9097274227194045,7.803882592245901,6.758693740683184,6.900271672586112,7.805187494291819,6.758693740683184,6.900271672586112,7.805187494291819,4.946976998090581
2023-06-05,6.760622339629923,6.893569212958399,7.781642741488725,6.759217655494133,6.897128761920261,7.781715141156529,6.765922544833752,6.887690252634586,7.783016336540804,6.765922544833752,6.887690252634586,7.783016336540804,4.9374969811271505
2023-06-06,6.771008617639898,6.924849385407818,7.831668188540876,6.769601635357341,6.928425086112638,7.831741053640706,6.776307992985366,6.918943748762038,7.833050613952922,6.776307992985366,6.918943748762038,7.833050613952922,4.948248430484006
2023-06-07,6.789555705433322,6.89883183254735,7.805615905494573,6.788145082228241,6.902394099256568,7.805688528206426,6.794889471823302,6.89294838459439,7.806993732226331,6.794889471823302,6.89294838459439,7.806993732226331,4.931138719305015
2023-06-08,6.808013093340972,6.950037156707276,7.87468992325615,6.806598735341267,6.95362586365118,7.874763188626129,6.813367999069443,6.944110039881392,7.876079942751336,6.813367999069443,6.944110039881392,7.876079942751336,4.96096458750994
2023-06-09,6.8057414759791826,6.969530896541468,7.896053761188161,6.804327510669502,6.973129669037876,7.896127225325266,6.811088528170387,6.963587154866251,7.89744755177167,6.811088528170387,6.963587154866251,7.89744755177167,4.969866447355599
2023-06-12,6.850689213280084,7.065083576144127,8.024071459183055,6.849265870720652,7.068731687934038,8.024146114384711,6.856065531061101,7.059058345311089,8.02548784711296,6.856065531061101,7.059058345311089,8.02548784711296,5.014952803846655
2023-06-13,6.863143310808775,7.0670725740438565,8.047902650803696,6.861717523358172,7.070721712774418,8.047977527728504,6.868544226218648,7.061045646843096,8.049323245352689,6.868544226218648,7.061045646843096,8.049323245352689,5.0480159119690935
2023-06-14,6.8631798148112235,7.063346209716254,8.043690911121221,6.861753921505853,7.066993424198553,8.043765748860402,6.8685712243736115,7.057322460291919,8.045110762225034,6.8685712243736115,7.057322460291919,8.045110762225034,5.054027352844234
2023-06-15,6.9419873917677775,7.1348059799805466,8.114795751054206,6.940545167400282,7.138490093220523,8.114871250346091,6.947437966411935,7.128721288301085,8.116228153396822,6.947437966411935,7.128721288301085,8.116228153396822,5.116685359619158
2023-06-16,6.935153952731894,7.10297291068471,8.064394599717915,6.933713157568915,7.106640586581413,8.064469630082256,6.940601792393257,7.0969153667168134,8.065818105382233,6.940601792393257,7.0969153667168134,8.065818105382233,5.0992566904868
2023-06-20,6.912246003948737,7.077339589674649,8.039114012004942,6.91080999454621,7.080994029431256,8.039188807161086,6.917674960736822,7.0713039060566745,8.040533055206597,6.917674960736822,7.0713039060566745,8.040533055206597,5.072801144655796
2023-06-21,6.894442592502454,7.030294683664053,7.979453502200934,6.893010482656327,7.033924831520172,7.979527742281339,6.8998716180742266,7.024299120923592,7.980862014286756,6.8998716180742266,7.024299120923592,7.980862014286756,5.046809004403018
2023-06-22,6.889199679350736,7.031950509383228,7.983187185063419,6.88776869694953,7.035581511997851,7.983261459881656,6.894624980978599,7.025953534232819,7.984596356209092,6.894624980978599,7.025953534232819,7.984596356209092,5.065026636197041
2023-06-23,6.8156852985408705,6.960590751859579,7.902033684676732,6.814269555638503,6.964184907225638,7.90210720445048,6.821051480617077,6.954654633509704,7.903428530820565,6.821051480617077,6.954654633509704,7.903428530820565,5.026734817349394
2023-06-26,6.8010404236036335,6.953718502976927,7.889884216834798,6.799627746207265,6.957309109878707,7.889957623571046,6.8063970048749125,6.947788245497074,7.891276918386613,6.8063970048749125,6.947788245497074,7.891276918386613,5.006196858099205
2023-06-27,6.8772857305537975,7.064177911565843,8.046929655921593,6.8758573211192315,7.067825555087213,8.047004523793749,6.882709915715181,7.0581534523447385,8.048350078720098,6.882709915715181,7.0581534523447385,8.048350078720098,5.061081456270386
2023-06-28,6.845716714545647,7.04701922762617,8.02885165960795,6.844295051117169,7.0506580112807775,8.02892635928414,6.85112828838105,7.04100940182938,8.030268891326228,6.85112828838105,7.04100940182938,8.030268891326228,5.063634586370677
2023-06-29,6.887384247772868,7.089885059028541,8.069162601870147,6.885953852152949,7.093545976822455,8.06923767659553,6.892820549460776,7.083838676511047,8.07058694916963,6.892820549460776,7.083838676511047,8.07058694916963,5.083591822174734
2023-06-30,6.963526462033386,7.166213597026173,8.17033404016722,6.962080177944469,7.169913927576028,8.17041005618209,6.9690181134576425,7.160102120045932,8.171776245982143,6.9690181134576425,7.160102120045932,8.171776245982143,5.143581947309822
2023-07-03,6.951017624605401,7.1398151903884,8.144092296866143,6.9495739435024175,7.143501889914113,8.144168068730318,6.956499893733698,7.133881704088295,8.145529870557754,6.956499893733698,7.133881704088295,8.145529870557754,5.149499900508974
2023-07-05,6.9296963617759,7.077696797641533,8.075443552610958,6.928257108737125,7.0813514218483515,8.07551868577371,6.935161833135872,7.072206443967873,8.076869008607298,6.935161833135872,7.072206443967873,8.076869008607298,5.141841610063112
2023-07-06,6.88219182930682,7.026656867324523,7.992770458616998,6.8807624409929815,7.030285136663341,7.992844822597106,6.887619595035411,7.021007249437656,7.994181321376843,6.887619595035411,7.021007249437656,7.994181321376843,5.101577384561305
2023-07-07,6.879184015933699,7.042397623467436,8.018399633278454,6.877755250613264,7.046034020669043,8.018474235709979,6.884609244455412,7.036827483922976,8.019815020032611,6.884609244455412,7.036827483922976,8.019815020032611,5.088697715756979
2023-07-10,6.938946004694564,7.114809451813741,8.117649015532304,6.937504830473961,7.11848323943038,8.117724541370691,6.9444187094162455,7.1092137279125325,8.11908192152564,6.9444187094162455,7.1092137279125325,8.11908192152564,5.101577384561305
2023-07-11,6.98815750878607,7.157455738309067,8.168865447683352,6.9867061136678785,7.161151546669942,8.168941450034577,6.993669060257529,7.152038457375297,8.170307394266203,6.993669060257529,7.152038457375297,8.170307394266203,5.134067101604356
2023-07-12,7.023508829385257,7.214064867952227,8.23712090961169,7.022050093427269,7.217789906880818,8.237197547005275,7.029048418237607,7.208230302551574,8.238574904468653,7.029048418237607,7.208230302551574,8.238574904468653,5.175375456130521
2023-07-13,7.056769301550628,7.279157643358388,8.313480911588481,7.055303658035067,7.2829162934516685,8.3135582594283,7.062335219548738,7.272891637667244,8.314948385311586,7.062335219548738,7.272891637667244,8.314948385311586,5.216451741249235
2023-07-14,7.057223806808057,7.287215697646272,8.29865041166405,7.05575807119665,7.290978508579032,8.298727621522302,7.062790305569948,7.28084886279119,8.300115267546426,7.062790305569948,7.28084886279119,8.300115267546426,5.213203136163267
2023-07-17,7.107077214607086,7.35884068266733,8.409502693723555,7.1056011277051345,7.362640477722405,8.40958093494095,7.112683289741705,7.3526528085121425,8.410987116958378,7.112683289741705,7.3526528085121425,8.410987116958378,5.2313038167077215
2023-07-18,7.123555545698058,7.367262293846477,8.44084714219376,7.122076039614117,7.371066437466482,8.440925675036938,7.1291749176911745,7.361065106252634,8.442337098267956,7.1291749176911745,7.361065106252634,8.442337098267956,5.270175992383163
2023-07-19,7.110607366209746,7.323836005019148,8.388750732554888,7.109130547970602,7.3276177251345995,8.388828780697999,7.116216409569393,7.317574476219947,8.39023149270826,7.116216409569393,7.317574476219947,8.39023149270826,5.281895680768575
2023-07-20,7.11684120219825,7.267678648619104,8.284464412747496,7.115363080757538,7.2714313714434935,8.284541490620557,7.122454223179395,7.261238120961303,8.285926764554759,7.122454223179395,7.261238120961303,8.285926764554759,5.246852467006896
2023-07-21,7.140911290864814,7.302431915763133,8.3016264156421,7.139428166399064,7.306202583709361,8.301703653188811,7.146542897456461,7.29569991416444,8.303091796840846,7.146542897456461,7.29569991416444,8.303091796840846,5.246852467006896
2023-07-24,7.172560826850453,7.3283156786562875,8.301541883738151,7.171071128725438,7.332099711886326,8.301619120498387,7.17821731949153,7.321533786321153,8.303007250015549,7.17821731949153,7.321533786321153,8.303007250015549,5.270292210396057
2023-07-25,7.202750689276788,7.365185348611161,8.351342761062558,7.201254726391559,7.368988419784215,8.351420461165443,7.208431495396381,7.3582321977724225,8.352816918059466,7.208431495396381,7.3582321977724225,8.352816918059466,5.284680880276317
2023-07-26,7.184838648751757,7.3408439146764906,8.342393937377588,7.183346405620665,7.344634416959378,8.342471554221465,7.190505276236586,7.3341004885297565,8.343866514751742,7.190505276236586,7.3341004885297565,8.343866514751742,5.285492939893224
2023-07-27,7.1125518503747545,7.356555887361458,8.363717095094799,7.111074623151531,7.360354502644571,8.363794910327318,7.118161747462405,7.349821157487525,8.365193436376511,7.118161747462405,7.349821157487525,8.365193436376511,5.250450092749882
2023-07-28,7.128901393806567,7.379751401107259,8.395594889802137,7.127420773449388,7.38356199357567,8.395673001622642,7.134524484279091,7.3730426789832695,8.397076858068091,7.134524484279091,7.3730426789832695,8.397076858068091,5.301852916572632
2023-07-31,7.153172055569803,7.406795494098656,8.436717248167954,7.151686393939308,7.4106200509964175,8.43679574258699,7.158814263694305,7.400095945013758,8.438206475244144,7.158814263694305,7.400095945013758,8.438206475244144,5.311948119105892
2023-08-01,7.156226181749278,7.41766522620724,8.440856706261828,7.154739890376507,7.4214953931982,8.440935239212308,7.161871156855299,7.410937066317767,8.442346664211787,7.161871156855299,7.410937066317767,8.442346664211787,5.296747389608725
2023-08-02,7.122661313995707,7.3007521486297255,8.30335479192585,7.121181996755404,7.30452194762936,8.30343204560956,7.12828004136577,7.294136967775094,8.30482047878991,7.12828004136577,7.294136967775094,8.30482047878991,5.223065536052403
2023-08-03,7.090044237057365,7.310941427139346,8.31748800696692,7.088571695190992,7.314716495874851,8.31756539219765,7.0956373243033015,7.304378362347504,8.318956189130649,7.0956373243033015,7.304378362347504,8.318956189130649,5.208096509344348
2023-08-04,7.1304110350445455,7.346303803236425,8.35813847727706,7.128930097159371,7.350097129002984,8.358216240659054,7.136035062278915,7.33968976074169,8.359613834372398,7.136035062278915,7.33968976074169,8.359613834372398,5.1845420144156416
2023-08-07,7.251330832911073,7.460199772679396,8.47782642819948,7.249824784215613,7.46405191228901,8.477905305278199,7.257050514451053,7.453502893989758,8.479322913641024,7.257050514451053,7.453502893989758,8.479322913641024,5.2297959154868
2023-08-08,7.235211029593545,7.4360467169783355,8.440699521618432,7.233708330417916,7.4398863856704125,8.440778052723786,7.240918109736442,7.429376813786543,8.442189447904541,7.240918109736442,7.429376813786543,8.442189447904541,5.207053113556665
2023-08-09,7.201873747867725,7.389598525936696,8.382175196236657,7.20037796612896,7.3934142049092415,8.382253182826613,7.207553974721928,7.38292815038879,8.38365479185457,7.207553974721928,7.38292815038879,8.38365479185457,5.17224270243911
2023-08-10,7.18251160136307,7.36458078430635,8.353431890053852,7.181019840665685,7.368383546655425,8.353509609195568,7.188176536916289,7.357943840000552,8.354906411741265,7.188176536916289,7.357943840000552,8.354906411741265,5.1740981578437015
2023-08-11,7.176412334737703,7.342263313104088,8.324407916713515,7.174921831975069,7.346054556679916,8.324485365783016,7.182071735853383,7.3356831742657596,8.325877314798033,7.182071735853383,7.3356831742657596,8.325877314798033,5.171081622165184
2023-08-14,7.2328949260292115,7.426728670400795,8.419316676687759,7.231392691188407,7.430563528800241,8.419395008713282,7.238598801379422,7.420075589687251,8.420802827139541,7.238598801379422,7.420075589687251,8.420802827139541,5.199626525899917
2023-08-15,7.164549256789609,7.348529145505457,8.316385941226846,7.163061214963791,7.35232362216055,8.316463315650717,7.170199057585211,7.341926369011886,8.317853923191768,7.170199057585211,7.341926369011886,8.317853923191768,5.139057143792046
2023-08-16,7.128068912757695,7.2757678806199175,8.225283308489066,7.126588449905003,7.27952478694606,8.225359835285547,7.133690112242491,7.269234718330512,8.226735209082316,7.133690112242491,7.269234718330512,8.226735209082316,5.101345681772193
2023-08-17,7.0228069142264875,7.156763747176866,8.088219772782987,7.021348317153974,7.160459213601873,8.088295024452432,7.02834538939701,7.15040244466764,8.089647480297344,7.02834538939701,7.15040244466764,8.089647480297344,5.06247350609675
2023-08-18,7.046640456350929,7.194057616401394,8.130369791248237,7.045176916009773,7.197772334394317,8.130445435080668,7.052198268748485,7.187623139642285,8.13180493900547,7.052198268748485,7.187623139642285,8.13180493900547,5.0649107848024855
2023-08-21,7.074211605112795,7.239867911839425,8.176108313071914,7.072742342961166,7.243606283484714,8.176184382493098,7.079791555791964,7.233385783999922,8.177551534901061,7.079791555791964,7.233385783999922,8.177551534901061,5.097864640660438
2023-08-22,7.063194137214848,7.219518460622666,8.145861870031384,7.061727155508427,7.223246320544976,8.145937658004211,7.068764757799757,7.213024712104316,8.14729975244594,7.068764757799757,7.213024712104316,8.14729975244594,5.084055960989636
2023-08-23,7.148493047927288,7.313540622663709,8.259112934770313,7.1470083482705995,7.317317032429281,8.25918977626781,7.154130781328797,7.306967382714951,8.260570806402601,7.154130781328797,7.306967382714951,8.260570806402601,5.140681263025861
2023-08-24,7.048220075267806,7.168805270309177,8.091416370583731,7.046756201897121,7.172506949935051,8.091491651826171,7.053778729939029,7.162400046382452,8.092844640634642,7.053778729939029,7.162400046382452,8.092844640634642,5.069436321556936
2023-08-25,7.0933765104804145,7.228747307532186,8.155867154056645,7.091903258177293,7.232479931126972,8.15594303498484,7.098970758289899,7.222232718446012,8.157306801217445,7.098970758289899,7.222232718446012,8.157306801217445,5.105174643685955
2023-08-28,7.140630112759166,7.288282494649601,8.224431948286902,7.139147048296978,7.2920458568121855,8.224508467077863,7.14626179159768,7.281692976446567,8.225883697734709,7.14626179159768,7.281692976446567,8.225883697734709,5.137548509334449
2023-08-29,7.235333278455433,7.405419444179232,8.366988003591135,7.233830545414096,7.409243292255082,8.36706584869227,7.241039700588273,7.39873366540486,8.368464916474819,7.241039700588273,7.39873366540486,8.368464916474819,5.2118107197185655
2023-08-30,7.249780395357282,7.44171339554192,8.406217811364229,7.248274659284584,7.445555984880724,8.40629602144669,7.255498013490165,7.434999147865922,8.407701648897016,7.255498013490165,7.434999147865922,8.407701648897016,5.233276956598556
2023-08-31,7.267390269324238,7.4732046983725455,8.443253701099763,7.26588087185149,7.477063549211991,8.443332255773178,7.27312148042661,7.466467215854285,8.444744076238514,7.27312148042661,7.466467215854285,8.444744076238514,5.225618666152694
2023-09-01,7.296939323994043,7.526921810697743,8.503943488916079,7.295423789299935,7.530808398810869,8.504022608237511,7.30269383800644,7.520135899410323,8.50544457681488,7.30269383800644,7.520135899410323,8.50544457681488,5.235365581265609
2023-09-05,7.21904150630414,7.464870374079765,8.433837551365967,7.217542151196368,7.468724921422171,8.433916018433042,7.224734587648537,7.458140405388101,8.4353262643972,7.224734587648537,7.458140405388101,8.4353262643972,5.212739363966704
2023-09-06,7.1940286900785075,7.435004689540578,8.400095192940233,7.1925345282991415,7.438843815490622,8.400173346073835,7.199702047860298,7.428301646316046,8.401577949882272,7.199702047860298,7.428301646316046,8.401577949882272,5.1776961502050245
2023-09-07,7.193840556956845,7.386619165895567,8.345429053300789,7.192346433629904,7.390433307581689,8.345506697829427,7.19951376666784,7.379959744735847,8.346902160757175,7.19951376666784,7.379959744735847,8.346902160757175,5.161800312340517
2023-09-08,7.195343566776478,7.365542678171445,8.321616761229942,7.193849131521686,7.369345936839419,8.321694184212847,7.20101796139649,7.358902258561035,8.32308566541951,7.20101796139649,7.358902258561035,8.32308566541951,5.169574087562598
2023-09-11,7.237336355810219,7.39662512914179,8.356733826771016,7.235833199035356,7.400444437489502,8.356811576477448,7.243043866897922,7.389956687086059,8.35820892970852,7.243043866897922,7.389956687086059,8.35820892970852,5.203572072444908
2023-09-12,7.191381734140869,7.3268048974014235,8.27785067638951,7.1898881207929595,7.3305881534970245,8.277927692179809,7.197053005304642,7.3201994019141,8.279311855134948,7.197053005304642,7.3201994019141,8.279311855134948,5.175027901946851
2023-09-13,7.157968662878366,7.2960348022283465,8.243086511558076,7.156481989497596,7.2998021699317,8.24316320390818,7.163613583853971,7.289457047581355,8.244541553848443,7.163613583853971,7.289457047581355,8.244541553848443,5.181060973303886
2023-09-14,7.235856359351397,7.3693651825957875,8.325935440555737,7.234353508611006,7.3731704150454265,8.326012903718942,7.241562704770831,7.3627213167989325,8.327405107064257,7.241562704770831,7.3627213167989325,8.327405107064257,5.2257345175472505
2023-09-15,7.10555907609866,7.220623419121341,8.15788645813763,7.104083287869825,7.224351847535495,8.157962357800152,7.11116266596582,7.214113651756363,8.159326461197157,7.11116266596582,7.214113651756363,8.159326461197157,5.162773317407458
2023-09-18,7.155108813554828,7.272026368291095,8.215961696049886,7.153622734701909,7.2757813390417105,8.216038136035072,7.16075147853434,7.2654702584953395,8.217411950357784,7.16075147853434,7.2654702584953395,8.217411950357784,5.165801218254428
2023-09-19,7.141214441336137,7.247438117697425,8.188181801585898,7.139731248768764,7.251180392102192,8.188257983111416,7.146846148328853,7.240904175487761,8.189627152278964,7.146846148328853,7.240904175487761,8.189627152278964,5.155087163967968
2023-09-20,7.103859271333279,7.175479079822973,8.106882220297384,7.10238383635876,7.179184197585455,8.106957645424684,7.109461520282406,7.16901001242663,8.108313220258015,7.109461520282406,7.16901001242663,8.108313220258015,5.107695511372571
2023-09-21,6.978301738917768,7.021603646326126,7.933033198917906,6.976852381265776,7.025229309240295,7.933107006581893,6.983804971035931,7.01527330563205,7.9344335116259055,6.983804971035931,7.01527330563205,7.9344335116259055,5.023273940246184
2023-09-22,6.9903729007609865,7.040263203748061,7.9541148343905625,6.988921035800251,7.043898501678496,7.954188838194693,6.9958856526330155,7.033916040492982,7.955518868358933,6.9958856526330155,7.033916040492982,7.955518868358933,5.011977696040243
2023-09-25,7.025814021060472,7.075863895310531,7.994336624496484,7.024354794788139,7.0795175759514715,7.994411002517676,7.031354722825878,7.069484636181363,7.995747758281837,7.031354722825878,7.069484636181363,7.995747758281837,5.0330545842461225
2023-09-26,6.944619579700941,6.9780740302925395,7.883853281263159,6.943177216232736,6.981677216330703,7.8839266313651075,6.950096250850324,6.971782933810137,7.885244912895214,6.950096250850324,6.971782933810137,7.885244912895214,4.959112798288723
2023-09-27,6.9811915563231635,7.035393760676142,7.948613319993636,6.979741596424189,7.039026544229513,7.9486872726125615,6.986697069408869,7.029050987477124,7.950016382852932,6.986697069408869,7.029050987477124,7.950016382852932,4.961092903927964
2023-09-28,7.031095487454346,7.090622148648174,8.011010552502494,7.029635163016026,7.094283449834862,8.011085085655226,7.036640355636888,7.084229584186439,8.012424629514314,7.036640355636888,7.084229584186439,8.012424629514314,4.989853745863309
2023-09-29,6.966119325749696,7.04980884378866,7.964899533037945,6.9646724971020415,7.053449070689004,7.964973637181175,6.97161295188609,7.04345307464287,7.96630547068555,6.97161295188609,7.04345307464287,7.96630547068555,4.977743242330438
2023-10-02,6.932024448836529,7.018734221273267,7.929791312113593,6.930584701526764,7.0223584025361605,7.929865089615586,6.937491187046064,7.012406467515039,7.931191052574487,6.937491187046064,7.012406467515039,7.931191052574487,4.975763869927871
2023-10-03,6.819680964836394,6.894262296986743,7.789162481801468,6.818264550714654,6.897822206145645,7.78923495091546,6.825059106645106,6.888046761138734,7.790537398927674,6.825059106645106,6.888046761138734,7.790537398927674,4.909158483516268
2023-10-04,6.877570709595779,6.961719945155754,7.865376376717865,6.876142272059421,6.965314686627268,7.865449554913668,6.882994504457499,6.955443592731243,7.866764746868015,6.882994504457499,6.955443592731243,7.866764746868015,4.944907437577066
2023-10-05,6.882988429108223,6.9633934928136885,7.867267156915537,6.881558866338154,6.966989098435329,7.867340352702853,6.888416496495882,6.957115631598967,7.868655860819936,6.888416496495882,6.957115631598967,7.868655860819936,4.943042816714044
2023-10-06,6.938687512060088,7.030176407200649,7.942718735164253,6.937246380865044,7.033806496730552,7.942792632940909,6.944159504899433,7.023838337717004,7.944120757530987,6.944159504899433,7.023838337717004,7.944120757530987,5.001731446752057
2023-10-09,7.006639607726126,7.093338977141092,8.014080035161395,7.0051843632158075,7.097001681184563,8.0141545968721,7.012165188997038,7.086943963317239,8.015494653988114,7.012165188997038,7.086943963317239,8.015494653988114,5.033753725415172
2023-10-10,7.05471124751838,7.149612469504968,8.077658030392621,7.05324601876537,7.153304230830021,8.07773318362276,7.060274739081153,7.143166722202461,8.079083871796183,7.060274739081153,7.143166722202461,8.079083871796183,5.059953738265144
2023-10-11,7.123530018189733,7.216854631053912,8.153628467746188,7.122050496117287,7.220581113423285,8.153704327793047,7.129147781661952,7.210348261447292,8.155067719199371,7.129147781661952,7.210348261447292,8.155067719199371,5.080680139340656
2023-10-12,7.101927690777229,7.198958718507392,8.133409601016114,7.1004526554016865,7.202675960174826,8.133485272949892,7.107528418206146,7.192468482996224,8.134845283502004,7.107528418206146,7.192468482996224,8.134845283502004,5.049706022503608
2023-10-13,7.07721021450865,7.162079399871495,8.091743213417447,7.075740312831112,7.165777598598796,8.091818497693861,7.082791449223286,7.15562241298319,8.093171541090797,7.082791449223286,7.15562241298319,8.093171541090797,5.02455453809804
2023-10-16,7.165089369981469,7.252274155195282,8.193645574244414,7.163601216236426,7.2560189267278705,8.193721806603993,7.170739908020205,7.245735853046421,8.195091889384509,7.170739908020205,7.245735853046421,8.195091889384509,5.077419802467897
2023-10-17,7.20224532379983,7.284019786211565,8.229511903000315,7.200749452946212,7.287780949862373,8.229588469054443,7.207925163794143,7.277452863726096,8.230964549145801,7.207925163794143,7.277452863726096,8.230964549145801,5.077186633205437
2023-10-18,7.121565097021711,7.193960649129274,8.127762764153161,7.120085983053542,7.19767531000239,8.127838383549678,7.127181310916356,7.187474919637466,8.12919744987814,7.127181310916356,7.187474919637466,8.12919744987814,5.009533451586102
2023-10-19,7.022649273832818,7.100943478942025,8.022671628803911,7.021190704193824,7.104610109632676,8.02274627044942,7.028187480658367,7.094541609264491,8.024087764190245,7.028187480658367,7.094541609264491,8.024087764190245,4.9655172540213455
2023-10-20,6.903249758331526,6.983462325359425,7.889940996520847,6.90181598738328,6.987068293688156,7.890014403261918,6.908693804223511,6.977166371048917,7.891333702736211,6.908693804223511,6.977166371048917,7.891333702736211,4.904500597542087
2023-10-23,6.891140821154917,6.967149303866291,7.871510485828692,6.889709565173357,6.970746848831924,7.8715837210952575,6.896575317687978,6.960868056592666,7.872899938751438,6.896575317687978,6.960868056592666,7.872899938751438,4.895999818157328
2023-10-24,6.9359950337257334,7.019556942511746,7.930720825544864,6.934554461745334,7.023181548593532,7.9307946116949,6.941464903220838,7.013228447027553,7.9321207300803875,6.941464903220838,7.013228447027553,7.9321207300803875,4.93291278543875
2023-10-25,6.8260729687238,6.914478961878381,7.812003342925934,6.824655227013895,6.918049310078824,7.81207602454762,6.831456151399312,6.908245199656042,7.813382291845188,6.831456151399312,6.908245199656042,7.813382291845188,4.862115118341214
2023-10-26,6.800057804642055,6.878474283451179,7.771325126998891,6.79864546615348,6.882026040339168,7.771397430157005,6.8054204712197714,6.872272981318088,7.772696895534392,6.8054204712197714,6.872272981318088,7.772696895534392,4.803893193446463
2023-10-27,6.760790285011041,6.8540886601850595,7.743774161622535,6.759386102192648,6.857627825355491,7.743846208450901,6.7661219844086,6.8479093429589915,7.745141066953009,6.7661219844086,6.8479093429589915,7.745141066953009,4.782117530689873
2023-10-30,6.841795869298067,6.93309216929772,7.833032611997996,6.840374862019071,6.936672128581222,7.833105489272617,6.847191451378972,6.926841626301315,7.834415272934077,6.847191451378972,6.926841626301315,7.834415272934077,4.839292026995231
2023-10-31,6.882982540615422,6.980216523192726,7.8862738774918455,6.881552979067841,6.983820815524756,7.886347250114631,6.888410603359296,6.9739234951416,7.887665936399522,6.888410603359296,6.9739234951416,7.887665936399522,4.869685053767809
2023-11-01,7.029144035880372,7.134193556641935,8.06023768686502,7.0276841173106765,7.13787735628425,8.060312678019086,7.034687364609987,7.127761710290902,8.061660453287324,7.034687364609987,7.127761710290902,8.061660453287324,4.921618007706157
2023-11-02,7.124657232630519,7.230003055158563,8.168483604861512,7.123177476440637,7.233736326825089,8.168559603118176,7.130275885047461,7.223484831564113,8.16992547849423,7.130275885047461,7.223484831564113,8.16992547849423,5.015937540700388
2023-11-03,7.177700388840186,7.286020123255358,8.231771891028224,7.176209615848217,7.289782319796683,8.231848478108915,7.183360872189935,7.2794513973620605,8.233224936099303,7.183360872189935,7.2794513973620605,8.233224936099303,5.061699941405248
2023-11-06,7.174357844141774,7.283313885831287,8.228714374197216,7.172867765379867,7.287074684984614,8.228790932831263,7.180015691491475,7.276747599751707,8.230166879565566,7.180015691491475,7.276747599751707,8.230166879565566,5.0733444730315345
2023-11-07,7.17274476043981,7.28278193951497,8.228113379324826,7.171255016707441,7.286542463993432,8.228189932367314,7.1784013356782665,7.276216133012646,8.229565778607556,7.1784013356782665,7.276216133012646,8.229565778607556,5.08778336962399
2023-11-08,7.1893963606584075,7.2997463806246135,8.2472798662561,7.187903158470749,7.303515664832062,8.247356597620497,7.195066067694053,7.29316527979676,8.248735648743532,7.195066067694053,7.29316527979676,8.248735648743532,5.091509678403335
2023-11-09,7.152278676934119,7.261636270163058,8.204222925600652,7.1507931839064165,7.26538587590087,8.204299256370202,7.157919112194774,7.255089527580879,8.205671107819729,7.157919112194774,7.255089527580879,8.205671107819729,5.051802346155742
2023-11-10,7.285995873897723,7.39993747115344,8.36047612275754,7.28448260846731,7.403758489856249,8.360553907281686,7.291741761312428,7.3932660428492,8.361951886272719,7.291741761312428,7.3932660428492,8.361951886272719,5.130634820731448
2023-11-13,7.274236183602346,7.387069547422705,8.345937895979318,7.27272536060164,7.390883921667039,8.346015545242144,7.2799727970814505,7.3804097202206265,8.347411093254928,7.2799727970814505,7.3804097202206265,8.347411093254928,5.125744132113142
2023-11-14,7.381700836212895,7.4971736378799605,8.470333895658264,7.380167693333537,7.50104486527887,8.470412702281449,7.387522198545239,7.490414546116749,8.47182905090314,7.387522198545239,7.490414546116749,8.47182905090314,5.22518752298814
2023-11-15,7.323518655955474,7.4365088119610085,8.40179455589171,7.32199759722817,7.440348714577062,8.40187272483591,7.3292941346140985,7.429804412691928,8.403277612799663,7.3292941346140985,7.429804412691928,8.403277612799663,5.236249131458271
2023-11-16,7.326403909326131,7.439909809862759,8.405637015623562,7.324882251345924,7.443751468612109,8.405715220317388,7.33218166335539,7.433202344417274,8.407120750789762,7.33218166335539,7.433202344417274,8.407120750789762,5.242653953809231
2023-11-17,7.358343056061681,7.472970434593999,8.442989029035358,7.356814764478129,7.476829164469411,8.443067581246305,7.3641459979642905,7.466233163276714,8.444479357455076,7.3641459979642905,7.466233163276714,8.444479357455076,5.249174994173086
2023-11-20,7.405549833339225,7.520971428559633,8.497220725652081,7.4040117371407135,7.5248549441438985,8.497299782426005,7.411390003485185,7.514190881851032,8.49872062687101,7.411390003485185,7.514190881851032,8.49872062687101,5.289581100971391
2023-11-21,7.405339248712875,7.519474441343764,8.495529424080528,7.403801196251747,7.523357183946342,8.495608465118854,7.411179252787423,7.512695244246956,8.497029026756515,7.411179252787423,7.512695244246956,8.497029026756515,5.278052420739663
2023-11-22,7.433298692780706,7.5496521357761335,8.529624292412217,7.431754833280865,7.553550460879953,8.52970365066371,7.439160746252575,7.542845731919056,8.531129913401275,7.439160746252575,7.542845731919056,8.531129913401275,5.298430167776492
2023-11-24,7.458495487957537,7.574961672520423,8.55821909857829,7.45694639520753,7.57887306641214,8.558298722871257,7.464377412144512,7.568132450800295,8.559729767027688,7.464377412144512,7.568132450800295,8.559729767027688,5.30169050464925
2023-11-27,7.456752660232815,7.57364177277199,8.556727871068027,7.455203929459538,7.5775524851225935,8.556807481486853,7.462633209989715,7.5668137410100975,8.558238276290892,7.462633209989715,7.5668137410100975,8.558238276290892,5.2921422966751015
2023-11-28,7.412390569484785,7.5284697206128754,8.505692323137463,7.410851052499096,7.532357108002043,8.505771458729765,7.418236134377112,7.521682413804203,8.507193719734682,7.418236134377112,7.521682413804203,8.507193719734682,5.297382372568763
2023-11-29,7.396823809096756,7.513962228321299,8.489301705868382,7.395287525250477,7.517842124647252,8.489380688965017,7.40265709771909,7.507188000771075,8.490800209248203,7.40265709771909,7.507188000771075,8.490800209248203,5.293655697171082
2023-11-30,7.445524033682685,7.561683909665218,8.543217834074731,7.443977635039794,7.565588447474651,8.543297318798345,7.451395728311869,7.5548666585385265,8.544725854550675,7.451395728311869,7.5548666585385265,8.544725854550675,5.3144990494961615
2023-12-01,7.481083892308375,7.604746711828296,8.591870343729969,7.479530108626449,7.608673485470545,8.591950281108701,7.486983631416746,7.597890637346903,8.593386952185547,7.486983631416746,7.597890637346903,8.593386952185547,5.345939504858134
2023-12-04,7.457727993200727,7.576886128416577,8.560393355811115,7.456179060104956,7.580798516016957,8.560473000333017,7.463609312668334,7.570055171699417,8.561904408053188,7.463609312668334,7.570055171699417,8.561904408053188,5.317876704236826
2023-12-05,7.451024105020984,7.572766955564655,8.5557394994227,7.449476564801659,7.576677216196183,8.55581910064587,7.4569001387778195,7.5659397124959495,8.557249730181478,7.4569001387778195,7.5659397124959495,8.557249730181478,5.316828542410759
2023-12-06,7.397886404435333,7.5185316545997365,8.494464260206781,7.396349900046674,7.522413910386609,8.494543291334988,7.403720531376073,7.511753307474187,8.495963674863571,7.403720531376073,7.511753307474187,8.495963674863571,5.295403000166199
2023-12-07,7.471132634922149,7.6061254106234095,8.593428002615866,7.46958091913428,7.610052896168145,8.593507954486803,7.477024528585587,7.599268093173382,8.594944886024225,7.477024528585587,7.599268093173382,8.594944886024225,5.335808740346167
2023-12-08,7.50115262910316,7.640503209421058,8.632268164052515,7.4995946796745505,7.644448446225541,8.632348477286062,7.507068200126676,7.633614898598339,8.633791903397345,7.507068200126676,7.633614898598339,8.633791903397345,5.358748416323381
2023-12-11,7.6113901636463375,7.7696463241015445,8.77817452216887,7.609809318414573,7.773658245017678,8.778256192891687,7.617392670252212,7.762641584047642,8.779724016420094,7.617392670252212,7.762641584047642,8.779724016420094,5.379591402030123
2023-12-12,7.694264809116893,7.861933395445898,8.882440789204423,7.692666751020909,7.865992969551941,8.882523430003808,7.700332671931782,7.854845453799781,8.884008688191274,7.700332671931782,7.854845453799781,8.884008688191274,5.4041610631345485
2023-12-13,7.754775510430139,7.9179987384329475,8.94578361651677,7.753164885031534,7.922087262340928,8.945866846647625,7.760891094265938,7.91086025096566,8.947362696569403,7.760891094265938,7.91086025096566,8.947362696569403,5.478685405629767
2023-12-14,7.707084989616804,7.897882297375618,8.923055988642849,7.705484267152666,7.9019604339934615,8.923139007319513,7.713162959033673,7.890761945925665,8.924631056889993,7.713162959033673,7.890761945925665,8.924631056889993,5.496269154318763
2023-12-15,7.715514597415413,7.909958015212179,8.936699178336179,7.713912122103816,7.914042387226454,8.936782323946883,7.721599210111547,7.902826776874859,8.938276654833915,7.721599210111547,7.902826776874859,8.938276654833915,5.487219180664873
2023-12-18,7.7467597364063385,7.938623610520959,8.969085671608308,7.745150773978928,7.942722784251631,8.969169118537732,7.752868994774261,7.931466528659333,8.970668864862418,7.752868994774261,7.931466528659333,8.970668864862418,5.518085145092446
2023-12-19,7.794917657503446,7.985750857954045,9.022330206231949,7.793298693186811,7.9898743662273475,9.022414148539951,7.80106489480214,7.978551288429023,9.02392279803471,7.80106489480214,7.978551288429023,9.02392279803471,5.5516398884050755
2023-12-20,7.671390414469709,7.85819160607828,8.878213302041686,7.6697971060118215,7.862249248080545,8.87829590350921,7.67744023531684,7.851107037849789,8.879780454806527,7.67744023531684,7.851107037849789,8.879780454806527,5.474709063144449
2023-12-21,7.745266159616489,7.944873052041116,8.976146313243932,7.743657507408888,7.948975452722424,8.97622982586443,7.7513742401432095,7.937710335983092,8.977730752819086,7.7513742401432095,7.937710335983092,8.977730752819086,5.5266200199825635
2023-12-22,7.776415260650073,7.971224759315754,9.005918567445043,7.774800138854352,7.975340766918301,9.006002357061801,7.782547905843894,7.96403828582377,9.00750826231976,7.782547905843894,7.96403828582377,9.00750826231976,5.537726355889832
2023-12-26,7.8127690561213905,8.014545774321528,9.054862806903994,7.8111463842879,8.018684151087221,9.054947051890078,7.818930371687563,8.007320244682543,9.056461141253521,7.818930371687563,8.007320244682543,9.056461141253521,5.561110739910076
2023-12-27,7.832190988830151,8.03398440302263,9.076824639925995,7.830564282627018,8.038132817084465,9.076909089241438,7.838367619781176,8.026741348449384,9.078426850905444,7.838367619781176,8.026741348449384,9.078426850905444,5.571164881189569
2023-12-28,7.854755449491524,8.053835502335135,9.099252483736791,7.853124056708586,8.05799416667571,9.099337141717282,7.860949875129726,8.04657455096393,9.10085865360484,7.860949875129726,8.04657455096393,9.10085865360484,5.573269270445122
2023-12-29,7.839128455897051,8.036922015855538,9.080143565530864,7.837500308650113,8.04107194677797,9.080228045725056,7.84531055751689,8.029676312871617,9.081746362356052,7.84531055751689,8.029676312871617,9.081746362356052,5.557134764043095
2024-01-02,7.766929714105421,7.895272562351222,8.920107500572076,7.765316560396369,7.899349351410876,8.920190491816479,7.773054584310737,7.888154563713057,8.921682048361884,7.773054584310737,7.888154563713057,8.921682048361884,5.526035263734723
2024-01-03,7.638152970950635,7.751683348613622,8.757879887485014,7.63656656367533,7.755685994199315,8.757961369389816,7.644176224727219,7.744694803115898,8.759425799394636,7.644176224727219,7.744694803115898,8.759425799394636,5.480906012898214
2024-01-04,7.634317785703037,7.739510089584733,8.744126495399756,7.632732172412762,7.7435064494077945,8.744207849345212,7.6403383465711725,7.732532518912831,8.745669979606223,7.6403383465711725,7.732532518912831,8.745669979606223,5.463251140251801
2024-01-05,7.651648412326838,7.764905857322257,8.77281872565391,7.650059198665958,7.7689153304593,8.772900346547258,7.657682411352643,7.757905391045582,8.774367274517695,7.657682411352643,7.757905391045582,8.774367274517695,5.4707341871324795
2024-01-08,7.735480527389677,7.862537184932369,8.883122952750334,7.733873904112536,7.866597070810091,8.883205599896458,7.74158063642934,7.855448698938643,8.88469097215043,7.74158063642934,7.855448698938643,8.88469097215043,5.548833791652115
2024-01-09,7.7107266579759814,7.871283277980628,8.893004320313564,7.709125178432284,7.87534767997558,8.893087059394341,7.716807186517065,7.864186906929368,8.894574083939888,7.716807186517065,7.864186906929368,8.894574083939888,5.540416234629903
2024-01-10,7.725315681552068,7.890401072497117,8.914603673713232,7.723711174066807,7.894475346122836,8.914686613750918,7.731407604782593,7.883287465760293,8.916177249985779,7.731407604782593,7.883287465760293,8.916177249985779,5.57174963743741
2024-01-11,7.7337432746079795,7.916849646082559,8.944485367822685,7.732137017465407,7.920937576647235,8.944568585874842,7.7398418621618434,7.90971219458176,8.946064218712763,7.7398418621618434,7.90971219458176,8.946064218712763,5.569294394433152
2024-01-12,7.748372732979994,7.91528417142117,8.942716688887446,7.746763439046181,7.919371293640102,8.942799890484098,7.754483013023249,7.908148131277158,8.944295227576184,7.754483013023249,7.908148131277158,8.944295227576184,5.573152319195554
2024-01-16,7.735909804469461,7.905156233739711,8.93127410825907,7.734303099100048,7.9092381263145475,8.931357203395793,7.742010518872558,7.898029324458003,8.932850627141427,7.742010518872558,7.898029324458003,8.932850627141427,5.5526917164145155
2024-01-17,7.715457444727979,7.879834328645701,8.902665328286743,7.713854986378832,7.8839031460461415,8.902748157251983,7.721542138310519,7.872730248377754,8.904236797242149,7.721542138310519,7.872730248377754,8.904236797242149,5.52182611860528
2024-01-18,7.78745146397672,7.969923088092692,9.004447934588688,7.78583405435873,7.974038423566577,9.004531710522913,7.793592667151874,7.962737788124983,9.006037369872166,7.793592667151874,7.962737788124983,9.006037369872166,5.570930978690432
2024-01-19,7.936743514843687,8.157661028456944,9.216554938718057,7.935095098201634,8.161873303963654,9.216640688061709,7.943002879761916,8.15030647297674,9.218181814426387,7.943002879761916,8.15030647297674,9.218181814426387,5.640379123688718
2024-01-22,7.949883746523519,8.169790241674535,9.230258567686382,7.948232599112248,8.174008780200458,9.230344444526393,7.95615322252289,8.162424751078095,9.231887862313846,7.95615322252289,8.162424751078095,9.231887862313846,5.65230485157964
2024-01-23,7.906892647540296,8.117010715250467,9.1706280678127,7.9052504288822405,8.121202000632916,9.170713389860138,7.913127759619442,8.109692808140759,9.172246836662108,7.913127759619442,8.109692808140759,9.172246836662108,5.66878911187536
2024-01-24,7.929760162775952,8.176820564329931,9.238201451653287,7.928113195303925,8.181042733020899,9.238287402392611,7.936013547321355,8.169448735532157,9.239832148332283,7.936013547321355,8.169448735532157,9.239832148332283,5.674986428247462
2024-01-25,7.965170354709315,8.210241650458258,9.275960715655414,7.963516032408522,8.214481076402501,9.27604701770085,7.971452065673883,8.202839690813997,9.277598077474451,7.971452065673883,8.202839690813997,9.277598077474451,5.705852026056698
2024-01-26,7.974422476894462,8.208451585826039,9.273938294158718,7.9727662249453575,8.212690087455655,9.274024577387872,7.980710564765394,8.201051240018097,9.27557529898662,7.980710564765394,8.201051240018097,9.27557529898662,5.69860361491183
2024-01-29,8.027503501161403,8.272621336204077,9.346437510257537,8.025836226407538,8.276892972413183,9.346524468007729,8.033833769926407,8.265163138030408,9.348087312406602,8.033833769926407,8.265163138030408,9.348087312406602,5.743732499130002
2024-01-30,8.00971590574944,8.232204552309936,9.300774481614008,8.008052322931954,8.236455318979568,9.30086101452273,8.016032351307208,8.22478279196795,9.30241622347671,8.016032351307208,8.22478279196795,9.30241622347671,5.739290184738097
2024-01-31,7.9116182961660675,8.125377210210997,9.180080564083294,7.909975087506897,8.129572815702076,9.180165974075235,7.917857577707869,8.118051760271165,9.181701001455991,7.917857577707869,8.118051760271165,9.181701001455991,5.645640830064276
2024-02-01,7.979871303661401,8.21635018964599,9.28286216325135,7.978213918898442,8.220592768118001,9.282948529995634,7.9861646704483045,8.208942720898074,9.284500743377228,7.9861646704483045,8.208942720898074,9.284500743377228,5.719531289454467
2024-02-02,8.067461385622877,8.313664211176931,9.392807899333345,8.065785806921403,8.317957040587789,9.392895288396188,8.073823705629525,8.306169011153935,9.394465886610298,8.073823705629525,8.306169011153935,9.394465886610298,5.7797435853019
2024-02-05,8.03125812235863,8.284748423310356,9.360138735317,8.029590061741654,8.289026319978271,9.360225820970172,8.037591905563737,8.27727929023667,9.36179095603651,8.037591905563737,8.27727929023667,9.36179095603651,5.758698226273021
2024-02-06,7.99304715384394,8.232192663876383,9.300761047600691,7.991387030118842,8.236443422464784,9.300847580954194,7.999350842085723,8.224770911993776,9.302402787192532,7.999350842085723,8.224770911993776,9.302402787192532,5.775416755686214
2024-02-07,8.07352975615661,8.311611137927907,9.390488324135623,8.071852915423063,8.315902902707219,9.390575692940413,8.079896821284787,8.304117783612941,9.39214590220211,8.079896821284787,8.304117783612941,9.39214590220211,5.823587105629832
2024-02-08,8.114451044703474,8.37539082235516,9.462546840428974,8.112765704140191,8.379715518787275,9.462634880098353,8.120850385379615,8.367839965580078,9.464217138103995,8.120850385379615,8.367839965580078,9.464217138103995,5.82615893326532
2024-02-09,8.156462956790422,8.442800593083225,9.538706644472953,8.154768888751622,8.447160098097003,9.538795392430233,8.162895453403358,8.435188964047866,9.54039038557273,8.162895453403358,8.435188964047866,9.54039038557273,5.859830627827517
2024-02-12,8.128995540845722,8.41251492022403,9.504489784592165,8.127307178929959,8.41685878928509,9.504578213525482,8.135406393386129,8.404930597976135,9.50616748572617,8.135406393386129,8.404930597976135,9.50616748572617,5.857258433573691
2024-02-13,8.013216903573769,8.274198185949304,9.348219039006052,8.011552587734991,8.278470634933699,9.348306013754867,8.019536418801358,8.266738564484543,9.349869155699352,8.019536418801358,8.266738564484543,9.349869155699352,5.77658663480023
2024-02-14,8.072608771028507,8.34983321203083,9.433671763123192,8.07093211923724,8.3541447142219,9.433759533368672,8.078975126034486,8.342305399841608,9.435336963728727,8.078975126034486,8.342305399841608,9.435336963728727,5.829081981267849
2024-02-15,8.094907129408986,8.373325737316843,9.46021370459509,8.093225847310157,8.377649371210984,9.460301721446971,8.101291062650477,8.365776746725043,9.461883590236937,8.101291062650477,8.365776746725043,9.461883590236937,5.869300746095843
2024-02-16,8.01546094588732,8.315216849098519,9.394562071229386,8.013796163086594,8.31951047697795,9.394649477565675,8.02178229615558,8.307720245514213,9.396220368314967,8.02178229615558,8.307720245514213,9.396220368314967,5.840071732543887
2024-02-20,7.935122947683799,8.215016484079753,9.281355332576386,7.93347485232562,8.219258369622752,9.281441686550615,7.941380990456561,8.207610212784472,9.282993646941788,7.941380990456561,8.207610212784472,9.282993646941788,5.807920404226076
2024-02-21,7.928359955044543,8.20220846043061,9.266884782368722,7.926713263835006,8.206443733442539,9.266971001418703,7.934612689602651,8.194813737394286,9.26852054238901,7.934612689602651,8.194813737394286,9.26852054238901,5.813181010746621
2024-02-22,8.116302751476878,8.406016509815027,9.497147855199966,8.114617023608846,8.410357021917996,9.497236216250549,8.122703741407205,8.39843804453559,9.498824260435956,8.122703741407205,8.39843804453559,9.498824260435956,5.933487551336908
2024-02-23,8.107036494969394,8.391410095922497,9.48064547608558,8.10535269214536,8.395743065993553,9.480733683568337,8.113430145861265,8.383844799212708,9.482318968370642,8.113430145861265,8.383844799212708,9.482318968370642,5.937579378598446
2024-02-26,8.11750590123343,8.417349007636588,9.509951351973774,8.115819923935932,8.421695371160851,9.510039832206852,8.123907878759615,8.40976032528016,9.511630017251273,8.123907878759615,8.40976032528016,9.511630017251273,5.915832678690495
2024-02-27,8.118588716856628,8.413475167747588,9.505574672834614,8.116902515991228,8.4178195303242,9.505663112540917,8.124991552828675,8.40588997709354,9.507252565589283,8.124991552828675,8.40588997709354,9.507252565589283,5.926823896439881
2024-02-28,8.180019331030964,8.4649070657827,9.56368261771298,8.178320371466393,8.469277985991857,9.56377159794415,8.18647058683973,8.457275507003713,9.565370767471345,8.18647058683973,8.457275507003713,9.565370767471345,5.918989629192161
2024-02-29,8.254356552069236,8.548439168615431,9.658057490893928,8.25264215318291,8.552853222309878,9.65814734888173,8.26086641025408,8.540732302460993,9.659762299340402,8.26086641025408,8.540732302460993,9.659762299340402,5.94026852410184
2024-03-01,8.350068667371213,8.661287961704906,9.785554465454432,8.348334388312137,8.665760285728213,9.785645509688713,8.356653971473547,8.653479356410836,9.787281779287662,8.356653971473547,8.653479356410836,9.787281779287662,5.996037405702356
2024-03-04,8.375008772444263,8.687744945694936,9.81544566205629,8.373269313234983,8.692230931474075,9.815536984055434,8.381613738859818,8.67991248858371,9.817178251550787,8.381613738859818,8.67991248858371,9.817178251550787,5.9896072866861285
2024-03-05,8.3161163188671,8.600451740175501,9.716821482495968,8.314389094740175,8.604892651131149,9.716911887106766,8.322674951647645,8.592697982140846,9.718536663557039,8.322674951647645,8.592697982140846,9.718536663557039,5.9297465778240745
2024-03-06,8.370821544168063,8.659604915769219,9.783652954299145,8.369082958666512,8.664076371017437,9.783743980645522,8.377423344310817,8.651797828140923,9.785379932118778,8.377423344310817,8.651797828140923,9.785379932118778,5.959793883504671
2024-03-07,8.432964422052821,8.737700058155541,9.871885128925515,8.43121292718145,8.742211838809784,9.871976975921083,8.439615145687574,8.729822564070316,9.873627680718403,8.439615145687574,8.729822564070316,9.873627680718403,6.01895361810599
2024-03-08,8.345694647676885,8.64136319301143,9.763043390286583,8.343961277896533,8.645825229410386,9.76313422459589,8.352276528766957,8.633572551708054,9.764766729640439,8.352276528766957,8.633572551708054,9.764766729640439,5.98282594730286
2024-03-11,8.29899493152889,8.589142199035367,9.70404392221428,8.297271263315453,8.593577270466712,9.70413420777018,8.305540058874648,8.581398637420014,9.705756847500416,8.305540058874648,8.581398637420014,9.705756847500416,5.977681925413545
2024-03-12,8.36481040504002,8.66605243504373,9.790937385117081,8.363073067313227,8.670527219788275,9.791028479047899,8.371407441822127,8.65823953493941,9.792665648408097,8.371407441822127,8.65823953493941,9.792665648408097,6.041986048522517
2024-03-13,8.334023439584048,8.634090234106642,9.75482637516746,8.33229249731362,8.638548515245832,9.75491713289261,8.340596233614331,8.626306149969007,9.756548263832597,8.340596233614331,8.626306149969007,9.756548263832597,6.032513730544168
2024-03-14,8.288607205959032,8.587368871421049,9.70204041052619,8.286885697471066,8.591803027501154,9.702130677215957,8.295144215994393,8.579626908911509,9.70375298173959,8.295144215994393,8.579626908911509,9.70375298173959,6.0205902023632705
2024-03-15,8.280054749468434,8.572289527951671,9.685003713606593,8.278335021299776,8.576715897538538,9.685093821897663,8.286585149957737,8.564561160086866,9.686713277762458,8.286585149957737,8.564561160086866,9.686713277762458,5.979249585423433
2024-03-18,8.28244952039605,8.585141466937916,9.699523880812343,8.280729296356569,8.589574472792147,9.699614124150482,8.288981860878119,8.577401512451907,9.701236007931529,8.288981860878119,8.577401512451907,9.701236007931529,6.014785167611978
2024-03-19,8.312443578199892,8.616469696216376,9.734918627508213,8.31071712456075,8.62091887858528,9.73500920020098,8.31899957508196,8.608701497619087,9.736637002473183,8.31899957508196,8.608701497619087,9.736637002473183,6.0482101280332365
2024-03-20,8.406349502436205,8.733149097594445,9.866743437500297,8.404603546045063,8.737658528659834,9.866835236421768,8.41297959838626,8.725275706813509,9.868485081259726,8.41297959838626,8.725275706813509,9.868485081259726,6.104150587015564
2024-03-21,8.458325899422235,8.777227350718432,9.91654320710139,8.456569142318697,8.781759541691601,9.916635469528972,8.464996808133249,8.769314220808006,9.918293641671767,8.464996808133249,8.769314220808006,9.918293641671767,6.124323761020236
2024-03-22,8.435505471067728,8.747633158640772,9.883107581847606,8.43375345422447,8.75215006841139,9.883199533198523,8.442158401234892,8.739746709436162,9.884852114483595,8.442158401234892,8.739746709436162,9.884852114483595,6.112712958280973
2024-03-25,8.432727304092216,8.742141663631246,9.87690327096469,8.430975864964141,8.74665573787451,9.87699516455642,8.439378067269073,8.734260165352328,9.878646708371756,8.439378067269073,8.734260165352328,9.878646708371756,6.095825051195991
2024-03-26,8.436326369731786,8.744518630848829,9.879588777102345,8.434574181610884,8.749033932431317,9.879680695698497,8.442979920971656,8.736634989579755,9.881332688580745,8.442979920971656,8.736634989579755,9.881332688580745,6.0845654688237705
2024-03-27,8.511248008512961,8.818459980154586,9.963127981119065,8.509480259477359,8.823013462101038,9.96322067684096,8.517960647796782,8.8105096770692,9.964886638442746,8.517960647796782,8.8105096770692,9.964886638442746,6.135700661260361
2024-03-28,8.527342257733546,8.83135547537779,9.977697358167111,8.525571167634647,8.8359156158983,9.977790189523404,8.534067645081779,8.823393546197483,9.979458587381245,8.534067645081779,8.823393546197483,9.979458587381245,6.134526382726295
2024-04-01,8.510454308306263,8.812067764391974,9.955906032533711,8.508686725757498,8.816617945549773,9.955998661146,8.517166376381246,8.80412322409261,9.957663415217134,8.517166376381246,8.80412322409261,9.957663415217134,6.123853023075264
2024-04-02,8.446115231607866,8.739510519204696,9.87393059448919,8.444361011991935,8.74402323485284,9.874022460411368,8.452776556414966,8.7316313930594,9.875673507146999,8.452776556414966,8.7316313930594,9.875673507146999,6.08491815566416
2024-04-03,8.484497312844438,8.778371842550223,9.917836258162293,8.482735121445291,8.782904624551236,9.917928532577749,8.491188909025157,8.770457680887992,9.919586920898576,8.491188909025157,8.770457680887992,9.919586920898576,6.091602707806406
2024-04-04,8.329687435213142,8.618875959199665,9.737637232272972,8.327957397119519,8.623326384234915,9.73772783013728,8.336256935157936,8.611105591424037,9.73935608688987,8.336256935157936,8.611105591424037,9.73935608688987,6.017248109601314
2024-04-05,8.444008651520951,8.736060502190274,9.870032752787948,8.442254869432043,8.74057143639474,9.870124582445053,8.45066831489986,8.728184486415886,9.871774977411992,8.45066831489986,8.728184486415886,9.871774977411992,6.080108489698375
2024-04-08,8.441942525049821,8.737627709510438,9.871803389286693,8.440189172085944,8.742139452954849,9.871895235417599,8.44860055890568,8.729750280816626,9.873545926457473,8.44860055890568,8.729750280816626,9.873545926457473,6.08350960801262
2024-04-09,8.39300915457733,8.693616162057884,9.822078983789654,8.391265964851295,8.698105179790318,9.82217036729037,8.399628595415514,8.685778412077596,9.823812743777435,8.399628595415514,8.685778412077596,9.823812743777435,6.090546846995258
2024-04-10,8.314372582363712,8.611201595687605,9.728966708619682,8.31264572509509,8.615648058004325,9.729057225814428,8.320930003713078,8.60343814675235,9.730684032745225,8.320930003713078,8.60343814675235,9.730684032745225,6.029562819548009
2024-04-11,8.328094450300584,8.625295758568452,9.74489034481957,8.32636474306258,8.629749498518082,9.744981010166008,8.334662693882033,8.617519603007693,9.746610479731235,8.334662693882033,8.617519603007693,9.746610479731235,6.075066387706803
2024-04-12,8.209159973153028,8.497836380362994,9.600886278315858,8.207454968063564,8.502224305650664,9.600975603864914,8.2156344148905,8.490175136102712,9.60258099411931,8.2156344148905,8.490175136102712,9.60258099411931,5.991211608529735
2024-04-15,8.113348500156166,8.398649488700983,9.488824569367546,8.111663394672766,8.4029861980496,9.488912852307264,8.11974737681731,8.39107766661482,9.490499504419136,8.11974737681731,8.39107766661482,9.490499504419136,5.916152736498873
2024-04-16,8.097838425435876,8.38592592718693,9.474449443549185,8.096156541324259,8.390256066623536,9.474537592744374,8.104225069532978,8.378365576057403,9.47612184115244,8.104225069532978,8.378365576057403,9.47612184115244,5.905363525453286
2024-04-17,8.027532256637862,8.307352860584981,9.385677308711772,8.02586497479689,8.311642428194778,9.38576463198116,8.03386345131076,8.299863347187387,9.387334036559604,8.03386345131076,8.299863347187387,9.387334036559604,5.870414165985931
2024-04-18,8.055914000678985,8.335522955862915,9.417503984245059,8.054240824079205,8.33982706932508,9.417591603626201,8.062267579609081,8.32800804565005,9.419166330029448,8.062267579609081,8.32800804565005,9.419166330029448,5.858334091775047
2024-04-19,8.063856754864682,8.340945688949445,9.423630607699677,8.062181928591112,8.345252602482896,9.423718284082224,8.070216598126237,8.333425889858885,9.425294034934808,8.070216598126237,8.333425889858885,9.425294034934808,5.807200732430142
2024-04-22,8.137376596836276,8.414087369978256,9.506266343471808,8.135686500826798,8.418432050799451,9.5063547886878,8.143794424098019,8.40650162983413,9.507944357286062,8.143794424098019,8.40650162983413,9.507944357286062,5.860679715896481
2024-04-23,8.23467346392242,8.517701371033258,9.623329816624707,8.232963159797288,8.52209955376659,9.62341935098588,8.241168027768605,8.510022217444186,9.625028494085235,8.241168027768605,8.510022217444186,9.625028494085235,5.930226481227476
2024-04-24,8.24041019411866,8.528832483388731,9.635905787623985,8.238698698500826,8.53323641376031,9.635995438990555,8.246909282438185,8.521143294519286,9.637606684952157,8.246909282438185,8.521143294519286,9.637606684952157,5.927412318871095
2024-04-25,8.21715836032808,8.512090265528586,9.616990369330749,8.215451694010149,8.51648555092304,9.617079844710428,8.223639110273897,8.504416170644802,9.618687927773594,8.223639110273897,8.504416170644802,9.618687927773594,5.904894253981666
2024-04-26,8.287335316611994,8.590066128425786,9.705087781262511,8.2856140748603,8.594501677276174,9.705178076290446,8.293871414074019,8.582321734220466,9.706800890360986,8.293871414074019,8.582321734220466,9.706800890360986,5.960836546055681
2024-04-29,8.348339144702631,8.652183890071754,9.775268653043547,8.346605232734065,8.656651513921583,9.775359601026294,8.354923354971806,8.644383493453164,9.776994150230898,8.354923354971806,8.644383493453164,9.776994150230898,5.981946429911907
2024-04-30,8.223438262494772,8.518132610058474,9.623817032035141,8.221730291869973,8.522531015465503,9.623906570929309,8.229923965305451,8.51045306768485,9.625515795497279,8.229923965305451,8.51045306768485,9.625515795497279,5.887185121821346
2024-05-01,8.168238358106619,8.447002308830205,9.543453760559348,8.166541852250225,8.451363985660006,9.54354255171971,8.174680525577964,8.439386894244127,9.545138338532132,8.174680525577964,8.439386894244127,9.545138338532132,5.868068541864498
2024-05-02,8.235443348714405,8.519653556492049,9.625535402715771,8.233732884687944,8.52405274715414,9.625624957632983,8.241938519757063,8.511972642824752,9.62723446953009,8.241938519757063,8.511972642824752,9.62723446953009,5.922954973127364
2024-05-03,8.32105649083558,8.61150079779459,9.729304748250339,8.319328245349933,8.615947414614432,9.729395268587355,8.327619183683458,8.60373707911938,9.731022132043021,8.327619183683458,8.60373707911938,9.731022132043021,5.996372128244226
2024-05-06,8.46012022894624,8.759514169144664,9.89653079051471,8.458363100556374,8.764037213809472,9.89662286671628,8.466792599285256,8.7516170086398,9.898277692490858,8.466792599285256,8.7516170086398,9.898277692490858,6.058294698634718
2024-05-07,8.364170392343143,8.655209046968736,9.778686486175841,8.36243319229677,8.659678232813178,9.778777465982863,8.370767088480555,8.647405922955631,9.780412586689588,8.370767088480555,8.647405922955631,9.780412586689588,6.064981083868652
2024-05-08,8.386692288715329,8.677606530907287,9.803991244682562,8.384950410973788,8.682087282009137,9.80408245987173,8.3933067475357,8.669783214504985,9.805721811861899,8.3933067475357,8.669783214504985,9.805721811861899,6.065566573353167
2024-05-09,8.440314257075695,8.729962280852439,9.863142960304765,8.438561242295865,8.734470066231449,9.863234725845654,8.44697100674081,8.722091762976495,9.86488396875343,8.44697100674081,8.722091762976495,9.86488396875343,6.100515199583849
2024-05-10,8.446725226638396,8.734752603795267,9.868555084509703,8.444970880329425,8.73926286271299,9.868646900398042,8.45338703253937,8.726877767206894,9.870297048282563,8.45338703253937,8.726877767206894,9.870297048282563,6.108374030260161
2024-05-13,8.389559802075649,8.675298604297485,9.801383740771957,8.387817328764662,8.679778163606464,9.801474931729068,8.396176522460944,8.66747736854839,9.803113847708067,8.396176522460944,8.66747736854839,9.803113847708067,6.109194522098824
2024-05-14,8.446468063454077,8.740844044398202,9.875437216090605,8.444713770556728,8.745357448636751,9.875529096025103,8.453129666534313,8.73296371602181,9.877180394687644,8.453129666534313,8.73296371602181,9.877180394687644,6.137224693688121
2024-05-15,8.52203529259071,8.81673611382136,9.961180350608812,8.520265304724486,8.821288705523145,9.961273028291052,8.528756494414788,8.80878736476454,9.962938664295436,8.528756494414788,8.80878736476454,9.962938664295436,6.213221742043888
2024-05-16,8.489180537822353,8.773130812168299,9.911914922861458,8.487417373738863,8.777660887709997,9.912007142262441,8.495875827592544,8.765221375394097,9.913664540451432,8.495875827592544,8.765221375394097,9.913664540451432,6.200437027388897
2024-05-17,8.523297457805754,8.808951482982813,9.95238524629867,8.52152720779357,8.813500054803963,9.95247784223395,8.530019655080656,8.801009751992174,9.954142007575205,8.530019655080656,8.801009751992174,9.954142007575205,6.209351718876358
2024-05-20,8.53013177380759,8.819122494891644,9.963876492481777,8.52836010433914,8.82367631873181,9.963969195280766,8.536859361205368,8.811171594314201,9.965635282110467,8.536859361205368,8.811171594314201,9.965635282110467,6.21650517587189
2024-05-21,8.526042080868052,8.813743149527921,9.957798888535702,8.524271260810174,8.818294195606084,9.957891534823645,8.532766442786142,8.805797098633818,9.959556605396552,8.532766442786142,8.805797098633818,9.959556605396552,6.231752099279545
2024-05-22,8.526797075585993,8.82945147771622,9.975546214483746,8.525026098719156,8.83401063486174,9.975639025909913,8.53352203295724,8.82149126489855,9.977307064059053,8.53352203295724,8.82149126489855,9.977307064059053,6.213807598146739
2024-05-23,8.429900287503541,8.733566420268788,9.867214929881433,8.428149435657698,8.738076066507894,9.867306733367778,8.436548823826705,8.72569265293522,9.868956657153355,8.436548823826705,8.72569265293522,9.868956657153355,6.168420981237514
2024-05-24,8.514738383785307,8.82481047742381,9.970302795694787,8.512969911453764,8.829367238275086,9.970395558292031,8.521453830646598,8.81685444881269,9.972062719680286,8.521453830646598,8.81685444881269,9.972062719680286,6.209233667771778
2024-05-28,8.468301649077244,8.769670087649809,9.908004983724286,8.46654282144373,8.77419837616182,9.908097166768405,8.474980471980157,8.761763770852628,9.909753911163348,8.474980471980157,8.761763770852628,9.909753911163348,6.213572962410928
2024-05-29,8.357027619880094,8.652015113939877,9.775077968911752,8.355291903354988,8.656482650401628,9.775168915207352,8.36361868261981,8.644214869283864,9.776803432516642,8.36361868261981,8.644214869283864,9.776803432516642,6.170062698151514
2024-05-30,8.396804356687316,8.694661343206459,9.823259833050109,8.395060378715375,8.699150900451109,9.823351227601073,8.403426790744659,8.686822650795532,9.824993801533449,8.403426790744659,8.686822650795532,9.824993801533449,6.1291319605126695
2024-05-31,8.463941055444195,8.762518676735738,9.899925293981415,8.462183133486095,8.767043272727811,9.900017401791995,8.470616439212108,8.75461880744872,9.901672795167457,8.470616439212108,8.75461880744872,9.901672795167457,6.1849576679554525
2024-06-03,8.414778584239007,8.711914849738164,9.842752907211432,8.41303087303407,8.716413316042958,9.842844483096446,8.42141519499722,8.704060602450193,9.844490316521957,8.42141519499722,8.704060602450193,9.844490316521957,6.190000136565362
2024-06-04,8.371201721483397,8.664919887052218,9.789657828393565,8.369463061365197,8.66939408713543,9.789748910287836,8.377803963790917,8.657108008183199,9.791385865541125,8.377803963790917,8.657108008183199,9.791385865541125,6.196919691061757
2024-06-05,8.459205085767904,8.774593128258378,9.913567052983572,8.45744814784503,8.779123958989226,9.913659287715571,8.465876735848244,8.76668237322124,9.915316962166576,8.465876735848244,8.76668237322124,9.915316962166576,6.270570382059417
2024-06-06,8.429378936394336,8.750805800007791,9.886692043490076,8.4276281929668,8.7553243479631,9.886784028179957,8.436027064203182,8.74291649049229,9.888437208787689,8.436027064203182,8.74291649049229,9.888437208787689,6.2704545306648605
2024-06-07,8.42177682245949,8.74541670176467,9.88060342080326,8.420027658005313,8.749932467016375,9.880695348845268,8.428418954535017,8.737532250803344,9.882347511357878,8.428418954535017,8.737532250803344,9.882347511357878,6.262831068961033
2024-06-10,8.44680442954565,8.766276576882056,9.904170983158611,8.445050066925987,8.770803113295665,9.904263130470616,8.453466301332979,8.75837331965134,9.905919233779287,8.453466301332979,8.75837331965134,9.905919233779287,6.282180451562005
2024-06-11,8.370469525814784,8.686405684891046,9.81393256050349,8.368731017577426,8.690890979336322,9.814023868247187,8.37707119353795,8.678574435450537,9.81566488254431,8.37707119353795,8.678574435450537,9.81566488254431,6.297310057101755
2024-06-12,8.422574594644665,8.74366246908079,9.878621482372157,8.420825264382662,8.748177328520542,9.878713391974433,8.429217356983123,8.73577959965206,9.880365223081737,8.429217356983123,8.73577959965206,9.880365223081737,6.349030372404524
2024-06-13,8.443437710865137,8.761893420439195,9.899218877156102,8.441684047758892,8.766417693575224,9.899310978394261,8.450096926734236,8.753994114853462,9.900966253647846,8.450096926734236,8.753994114853462,9.900966253647846,6.361814353822841
2024-06-14,8.411798432041529,8.728296845584167,9.861261345370009,8.410051340342926,8.7328037708624,9.861353093455488,8.418432694346228,8.720427829069378,9.863002021727171,8.418432694346228,8.720427829069378,9.863002021727171,6.365685110227045
2024-06-17,8.521093509988363,8.842128697303405,9.9898689831589,8.519323718157574,8.846694400560786,9.989961927795624,8.527813971999267,8.834157055415426,9.991632360899446,8.527813971999267,8.834157055415426,9.991632360899446,6.416348098245317
2024-06-18,8.546907883889208,8.864109297359862,10.014702744603944,8.545132730642894,8.868686350474354,10.01479592029124,8.553648705153478,8.856117838810293,10.01647050591571,8.553648705153478,8.856117838810293,10.01647050591571,6.432650149227446
2024-06-20,8.531979685747297,8.859947103468736,10.010000282891582,8.530207632821734,8.864522007401412,10.010093414827693,8.53870873391092,8.851959397354843,10.011767214140777,8.53870873391092,8.851959397354843,10.011767214140777,6.415177119276286
2024-06-21,8.479505524048465,8.811704772726825,9.955495923132503,8.47774436920974,8.816254766349536,9.955588547966077,8.486193188084382,8.803760559599484,9.957253233457246,8.486193188084382,8.803760559599484,9.957253233457246,6.406575519848797
2024-06-24,8.503280510051319,8.822401444068781,9.967581061103253,8.501514417110284,8.826956961002546,9.967673798375614,8.50998692389712,8.814447587332275,9.969340504655502,8.50998692389712,8.814447587332275,9.969340504655502,6.385750865058915
2024-06-25,8.461715814444426,8.78751124564274,9.928161988727744,8.45995835427073,8.792048746745921,9.928254359249413,8.468389447580366,8.779588844246545,9.929914474159231,8.468389447580366,8.779588844246545,9.929914474159231,6.410342156645235
2024-06-26,8.391435763424813,8.722701416840712,9.854939609737642,8.3896929002002,8.72720545287495,9.85503129900639,8.398053969314995,8.714837444897844,9.8566791702035,8.398053969314995,8.714837444897844,9.8566791702035,6.4183425019997085
2024-06-27,8.424948387622111,8.761020357582343,9.898232487582662,8.423198564141636,8.765544179905442,9.89832457964356,8.431593024719259,8.753121839108477,9.899979689960267,8.431593024719259,8.753121839108477,9.899979689960267,6.4284597016332
2024-06-28,8.38646429363819,8.71961193476063,9.85144910170927,8.384722463058885,8.7241143755163,9.851540758502717,8.39307857806444,8.711750748147585,9.853188046042508,8.39307857806444,8.711750748147585,9.853188046042508,6.403163769602773
2024-07-01,8.381579001349767,8.706730061067573,9.836895114218622,8.379838185423658,8.71122585016563,9.836986635603377,8.388189432815947,8.698880488138002,9.838631489531425,8.388189432815947,8.698880488138002,9.838631489531425,6.416341499115246
2024-07-02,8.456694026008039,8.785762339423343,9.92618606815548,8.45493760903209,8.790298937464932,9.9262784202934,8.463363699619672,8.777841514757656,9.927938204804178,8.463363699619672,8.777841514757656,9.927938204804178,6.459521073634502
2024-07-03,8.46414418850021,8.790688798279755,9.93175199918988,8.462386224159287,8.795227940137433,9.931844403112606,8.470819737948416,8.782763532153519,9.933505118317818,8.470819737948416,8.782763532153519,9.933505118317818,6.4883475402522075
2024-07-05,8.497854441200081,8.833826508150315,9.980489139825691,8.49608947539237,8.8383879245065,9.980581997193386,8.504556577442258,8.82586235112046,9.98225086186815,8.504556577442258,8.82586235112046,9.98225086186815,6.525762408037262
2024-07-08,8.55464557580942,8.896827311545385,10.05166767536798,8.552868814740638,8.901421258865904,10.051761194972903,8.561392502407053,8.888806355993307,10.053441961603763,8.561392502407053,8.888806355993307,10.053441961603763,6.53329274868344
2024-07-09,8.569282250938366,8.905125131113486,10.061042581928263,8.567502449898598,8.909723363078927,10.06113618875628,8.576040721272317,8.897096694642693,10.062818522990709,8.576040721272317,8.897096694642693,10.062818522990709,6.539646244467191
2024-07-10,8.640503344806865,8.98257943394904,10.148550733415027,8.638708751468938,8.987217660057842,10.148645154409211,8.647317986198717,8.974481168369666,10.150342121119136,8.647317986198717,8.974481168369666,10.150342121119136,6.604358780403808
2024-07-11,8.589335884571588,8.927862532915714,10.086731380722943,8.587551918482998,8.932472505518847,10.086825226556703,8.596110170919475,8.91981359748694,10.088511856284896,8.596110170919475,8.91981359748694,10.088511856284896,6.547411220849179
2024-07-12,8.647586560284829,8.994124399357322,10.161594277090094,8.645790495795245,8.998768586800546,10.161688819439966,8.654406788107435,8.986015725387277,10.163387967196227,8.654406788107435,8.986015725387277,10.163387967196227,6.588709310061903
2024-07-15,8.72556341344115,9.075250746837959,10.253251117898229,8.723751153513005,9.079936824513911,10.253346513013216,8.732445140492446,9.067068933218861,10.255060986958574,8.732445140492446,9.067068933218861,10.255060986958574,6.606829787996566
2024-07-16,8.804024503346133,9.159203434146557,10.348101167666535,8.802195947405746,9.163932861458216,10.3481974452559,8.810968111536763,9.150945932785097,10.34992777933549,8.810968111536763,9.150945932785097,10.34992777933549,6.646008823220248
2024-07-17,8.6230854619106,8.939552113625318,10.099938311288499,8.621294486188628,8.944168122236128,10.100032279998082,8.629886366067717,8.931492639427606,10.101721118092975,8.629886366067717,8.931492639427606,10.101721118092975,6.552823973979665
2024-07-18,8.568220751009557,8.867886248427158,10.018969957580564,8.566441170439196,8.872465251800271,10.019063172969535,8.574978384154042,8.859891384758484,10.020738472126267,8.574978384154042,8.859891384758484,10.020738472126267,6.502466012417948
2024-07-19,8.482533919973966,8.775165905230667,9.91421417847853,8.480772136169708,8.77969703171944,9.91430641923131,8.489223973140554,8.767254633805104,9.915964201889926,8.489223973140554,8.767254633805104,9.915964201889926,6.459285704662017
2024-07-22,8.588381784241385,8.890439274673003,10.044450448204778,8.586598016315929,8.89502992348003,10.044543900661417,8.595155318104402,8.882424078270562,10.046223460480135,8.595155318104402,8.882424078270562,10.046223460480135,6.525881192378516
2024-07-23,8.575621740215407,8.877502075146584,10.02983395338749,8.573840622493167,8.882086043728062,10.029927269853877,8.582385210414209,8.86949854230675,10.03160438560883,8.582385210414209,8.86949854230675,10.03160438560883,6.51564520840377
2024-07-24,8.380863044613772,8.650551192398831,9.773424025204276,8.379122377389205,8.655017973092631,9.773514956061035,8.387472911415399,8.64275226766021,9.775149196816036,8.387472911415399,8.64275226766021,9.775149196816036,6.367983073964641
2024-07-25,8.313512755390223,8.578746004217676,9.692298263886238,8.311786076515352,8.583175707733254,9.692388439957881,8.320069503982252,8.571011815615055,9.694009115454168,8.320069503982252,8.571011815615055,9.694009115454168,6.334805580920995
2024-07-26,8.451592133436558,8.703763960133118,9.833544002654833,8.449836776101433,8.708258217661434,9.833635492861214,8.458257783258938,8.695917061298806,9.835279786440804,8.458257783258938,8.695917061298806,9.835279786440804,6.40575136182676
2024-07-29,8.431249285295298,8.693116390798984,9.821514340310115,8.429498153077398,8.697605150370457,9.82160571859385,8.437898891004325,8.685279091305805,9.82324800066095,8.437898891004325,8.685279091305805,9.82324800066095,6.409517998623198
2024-07-30,8.392573957155504,8.643056351405985,9.764956326742595,8.390830857627845,8.647519262079218,9.765047178816824,8.399193060186489,8.63526418365886,9.766680003664986,8.399193060186489,8.63526418365886,9.766680003664986,6.377043679550309
2024-07-31,8.510255627650013,8.793111809544776,9.934489526080846,8.508488086172816,8.797652202543528,9.93458195547322,8.516967544530882,8.785184358947042,9.936243128427733,8.516967544530882,8.785184358947042,9.936243128427733,6.480699148501448
2024-08-01,8.414433853034216,8.676808596170797,9.803089734955801,8.41268621134337,8.681288935083217,9.803180941819045,8.421070192850287,8.668985999008155,9.804820143057883,8.421070192850287,8.668985999008155,9.804820143057883,6.388927246332451
2024-08-02,8.197484391099142,8.455889496215693,9.553494536787975,8.195781801837486,8.460255761799301,9.553583421445087,8.203949612430009,8.448266069186325,9.55518088719347,8.203949612430009,8.448266069186325,9.55518088719347,6.269976460353146
2024-08-05,7.975175790923116,8.235184563620448,9.304141305677936,7.9735193737529615,8.23943686646226,9.30422787038015,7.98146567987343,8.227760113641267,9.305783641098047,7.98146567987343,8.227760113641267,9.305783641098047,6.087370099103383
2024-08-06,8.059025847555267,8.335385789453154,9.417349013039843,8.057352014930695,8.339689831992366,9.417436631014052,8.06538186750055,8.327871002823555,9.419011331499929,8.06538186750055,8.327871002823555,9.419011331499929,6.1434935006359765
2024-08-07,7.9960477311510285,8.261394313432026,9.333753175812657,7.994386979142928,8.265660149885957,9.333840016020439,8.00235408183025,8.253946233991362,9.335400738219505,8.00235408183025,8.253946233991362,9.335400738219505,6.102430413777402
2024-08-08,8.190934785049585,8.45774696264443,9.555593109077401,8.189233556437399,8.462114187345557,9.555682013259402,8.197394841431755,8.450121861011842,9.557279829915752,8.197394841431755,8.450121861011842,9.557279829915752,6.243502216986944
2024-08-09,8.21202495011129,8.486045448917569,9.58756484122111,8.21031934262809,8.490427285766446,9.587654042864571,8.218501642835966,8.478394834718237,9.589257205601019,8.218501642835966,8.478394834718237,9.589257205601019,6.271033787637644
2024-08-12,8.199024413807479,8.466852406601426,9.56588047259334,8.197321506329281,8.47122433297073,9.565969472487833,8.205490852909438,8.459219095934458,9.567569009322154,8.205490852909438,8.459219095934458,9.567569009322154,6.274328953252437
2024-08-13,8.301769158410105,8.587685803229196,9.70239848114366,8.300044912662557,8.592120122880871,9.702488751186612,8.30831663343503,8.579943554929786,9.704111115567635,8.30831663343503,8.579943554929786,9.704111115567635,6.377513684258605
2024-08-14,8.357064883017479,8.644072837285789,9.766104756166108,8.35532915238506,8.648536272829562,9.7661956189252,8.363655968575065,8.63627975312343,9.76782863580536,8.363655968575065,8.63627975312343,9.76782863580536,6.397633698604381
2024-08-15,8.461759405274561,8.750177931139099,9.885982674971295,8.46000193268845,8.754696154889334,9.886074653061293,8.468433066989395,8.742289187680248,9.887727715053588,8.468433066989395,8.742289187680248,9.887727715053588,6.50729144297223
2024-08-16,8.48969236976007,8.77201310207097,9.910652130065383,8.487929095926798,8.776542600584836,9.910744337677263,8.496388062391373,8.764104673062498,9.912401524716095,8.496388062391373,8.764104673062498,9.912401524716095,6.521880653082941
2024-08-19,8.537883669920594,8.825035388991143,9.970556901603207,8.536110387099168,8.829592265983248,9.97064966656246,8.544617370585629,8.817079157615405,9.972316870440714,8.544617370585629,8.817079157615405,9.972316870440714,6.584238032821358
2024-08-20,8.49484062990172,8.78194232184632,9.9218701984804,8.493076287321342,8.786476947391543,9.92196251046395,8.501540383906194,8.774024941126447,9.923621573306447,8.501540383906194,8.774024941126447,9.923621573306447,6.573532044138316
2024-08-21,8.523002231633958,8.820020113270965,9.964890624954883,8.5212320406633,8.82457440058569,9.964983337195727,8.529724197544208,8.812068403428828,9.966649593600485,8.529724197544208,8.812068403428828,9.966649593600485,6.5961215996035
2024-08-22,8.488386085144075,8.789427888713899,9.930327419001811,8.486623082669887,8.793966379490925,9.93041980967041,8.49508074762371,8.781503759363641,9.932080286667698,8.49508074762371,8.781503759363641,9.932080286667698,6.544352157443546
2024-08-23,8.585099124966206,8.924259627090931,10.082660804690812,8.583316035626401,8.928867739305078,10.082754612652392,8.59187006362513,8.91621393987036,10.084440561728515,8.59187006362513,8.91621393987036,10.084440561728515,6.613889390697773
2024-08-26,8.561881555328572,8.888490321080791,10.042248513387158,8.56010328733808,8.893079963530184,10.042341945357247,8.568634181004839,8.880476881762037,10.044021136984467,8.568634181004839,8.880476881762037,10.044021136984467,6.598121869251288
2024-08-27,8.587560074785467,8.915594268748201,10.072870651493606,8.585776472987067,8.920197906535863,10.072964368368682,8.59433295178145,8.907556393801787,10.07464868040672,8.59433295178145,8.907556393801787,10.07464868040672,6.607181741600281
2024-08-28,8.573107796000217,8.898675793434077,10.053756096891561,8.57132719423366,8.903270695232873,10.053849635926934,8.579869271510152,8.890653171378807,10.055530751768423,8.579869271510152,8.890653171378807,10.055530751768423,6.568825397925286
2024-08-29,8.679636261331353,9.005187627945713,10.174093552763658,8.677833534514527,9.009837527974735,10.174188211405417,8.686481755148813,8.997068979895953,10.175889449199481,8.686481755148813,8.997068979895953,10.175889449199481,6.569414186974836
2024-08-30,8.758522650666114,9.079629897436538,10.258198698083376,8.75670354135883,9.084318236321625,10.25829413923011,8.76543036464527,9.071444135783931,10.260009440473773,8.76543036464527,9.071444135783931,10.260009440473773,6.632125720026991
2024-09-03,8.644736573841241,8.950676421664369,10.112506594746337,8.642941097436406,8.955298174399838,10.112600680389846,8.651554546467343,8.942606918320621,10.114291620061522,8.651554546467343,8.942606918320621,10.114291620061522,6.495642511925898
2024-09-04,8.659587332157413,8.966995792355545,10.130944278778484,8.657788771310857,8.971625971727459,10.131038535964167,8.666417017351366,8.958911576244834,10.132732558651027,8.666417017351366,8.958911576244834,10.132732558651027,6.482346731308845
2024-09-05,8.602450143946452,8.91169324634509,10.06846326227303,8.600663450260035,8.916294869808906,10.068556938142242,8.609234765906628,8.903658888374583,10.070240513208766,8.609234765906628,8.903658888374583,10.070240513208766,6.466580676335709
2024-09-06,8.465295920399653,8.772536479817393,9.911243444136288,8.463537713084115,8.777066248581514,9.911335657249692,8.47197237090385,8.764627578956484,9.912992943163752,8.47197237090385,8.764627578956484,9.912992943163752,6.35774635675322
2024-09-09,8.57921986022901,8.87749123717884,10.029821708612332,8.577437991377442,8.882075200164053,10.029915024964803,8.585986160816745,8.86948771411,10.03159213867227,8.585986160816745,8.86948771411,10.03159213867227,6.428929706341495
2024-09-10,8.588825364389493,8.893116440912443,10.047475120305092,8.587041500514024,8.89770847209549,10.047568600902954,8.595599240692673,8.885098830904493,10.049248666485301,8.595599240692673,8.885098830904493,10.049248666485301,6.456932748173838
2024-09-11,8.63250633331427,8.938601085978505,10.09886383681337,8.630713397080335,8.943216603518653,10.09895779552617,8.639314660135156,8.930542469181999,10.100646453955266,8.639314660135156,8.930542469181999,10.100646453955266,6.523174082576598
2024-09-12,8.7093575673003,9.029351631643623,10.201394131539931,8.707548669379607,9.034014008947537,10.20148904418326,8.716226505523863,9.021211198479595,10.203194846981189,8.716226505523863,9.021211198479595,10.203194846981189,6.578120639246765
2024-09-13,8.76316381893772,9.100471856533973,10.281746018854586,8.761343745678785,9.105170957329882,10.28184167908299,8.770075193335888,9.092267304764206,10.283560917738063,8.770075193335888,9.092267304764206,10.283560917738063,6.612475710389512
2024-09-16,8.802727538801301,9.148971492215942,10.336541082665585,8.800899248319679,9.153695636183263,10.336637252701205,8.80967011650528,9.140723215485751,10.338365653787605,8.80967011650528,9.140723215485751,10.338365653787605,6.622242422892636
2024-09-17,8.816386649523956,9.174587650924776,10.365482311425476,8.814555522100942,9.179325021998743,10.36557875072709,8.823339999961393,9.166316279886557,10.367311991154892,8.823339999961393,9.166316279886557,10.367311991154892,6.624948066221204
2024-09-18,8.784517226353179,9.147376713464292,10.33473929586384,8.782692718078922,9.15210003395496,10.334835449135838,8.7914454418599,9.13912987451063,10.336563548940575,8.7914454418599,9.13912987451063,10.336563548940575,6.605299523057074
2024-09-19,8.85814460252237,9.23575755536446,10.43459229070582,8.856304802143427,9.240526512003568,10.434689372999044,8.865130886824,9.227431036455268,10.436434169494035,8.865130886824,9.227431036455268,10.436434169494035,6.718015597593881
2024-09-20,8.854662063664449,9.226179342877412,10.423770791594679,8.852822986594575,9.230943353730561,10.42386777320587,8.861645601340506,9.217861459228176,10.425610760208627,8.861645601340506,9.217861459228176,10.425610760208627,6.706402595144596
2024-09-23,8.900610370483145,9.26874522881846,10.471861883486707,8.898761750138004,9.273531218904298,10.471959312532102,8.907630146891922,9.260388969794812,10.473710340976847,8.907630146891922,9.260388969794812,10.473710340976847,6.723160719338207
2024-09-24,8.883140394643638,9.2463919963139,10.446607120554026,8.881295402740976,9.251166444130908,10.4467043146319,8.89014639274743,9.2380558898995,10.448451120159197,8.89014639274743,9.2380558898995,10.448451120159197,6.742397916727994
2024-09-25,8.83821823343701,9.199376318804346,10.393488638053524,8.836382571683371,9.20412648970351,10.393585337922909,8.845188802113567,9.191082599484396,10.39532326136459,8.845188802113567,9.191082599484396,10.39532326136459,6.727526410497637
2024-09-26,8.862726940560474,9.222385924710125,10.419484974028927,8.860886188448676,9.22714797680173,10.419581915765347,8.869716838882631,9.214071461025945,10.421324186124917,8.869716838882631,9.214071461025945,10.421324186124917,6.754200094239278
2024-09-27,8.87925061186836,9.250064998725263,10.450756891963204,8.877406427857663,9.254841343126188,10.45085412465009,8.886253542159462,9.241725580906916,10.452601624071926,8.886253542159462,9.241725580906916,10.452601624071926,6.744403319032503
2024-09-30,8.91946977776498,9.285831832934491,10.491166390617247,8.917617240398139,9.290626645823837,10.491263999269641,8.92650442830225,9.277460169442783,10.493018255673412,8.92650442830225,9.277460169442783,10.493018255673412,6.771430422851209
2024-10-01,8.85617531895667,9.223623786258157,10.420883513995737,8.854975168659776,9.22838647697018,10.420980474165905,8.86173570513721,9.21530821254899,10.422722973002118,8.86173570513721,9.21530821254899,10.422722973002118,6.7107690195407
2024-10-02,8.895672059028218,9.260348518942141,10.462375249829291,8.894374891060137,9.265130172781854,10.462472595832335,8.899911888961041,9.251999835741888,10.46422203281428,8.899911888961041,9.251999835741888,10.46422203281428,6.71360151281394
2024-10-03,8.858944654957025,9.218506533066638,10.415102023460692,8.857673828506277,9.223266582166408,10.415198922840176,8.862313293587235,9.210195565118507,10.41694046188007,8.862313293587235,9.210195565118507,10.41694046188007,6.701327130884338
2024-10-04,8.925521231894937,9.295894176749135,10.502534864669721,8.924098651254416,9.300694187264149,10.502632561110945,8.927771319428569,9.287513421721053,10.504388736301497,8.927771319428569,9.287513421721053,10.504388736301497,6.762224636404007
2024-10-07,8.809192229831323,9.134170866941494,10.319819284320912,8.808648860334534,9.138887370350343,10.319915280727997,8.8185006682715,9.125935913867554,10.321640903618503,8.8185006682715,9.125935913867554,10.321640903618503,6.701091028675179
2024-10-08,8.879644272642638,9.206741053120371,10.401809343287464,8.87848813620485,9.2114950288852,10.401906100921453,8.888092338150674,9.19844067246286,10.403645435178532,8.888092338150674,9.19844067246286,10.403645435178532,6.7644668741543486
2024-10-09,8.94711426801589,9.262998255589947,10.465368934087142,8.946121103346135,9.267781280177273,10.465466283363707,8.955069615400369,9.254647156440171,10.467216245303696,8.955069615400369,9.254647156440171,10.467216245303696,6.811320697649067
2024-10-10,8.924848360349918,9.22879592854534,10.426727020740325,8.923699300482289,9.233561291863428,10.426824016571105,8.933115354825706,9.220475671274427,10.428567511067858,8.933115354825706,9.220475671274427,10.428567511067858,6.799400469033205
2024-10-11,8.996629340226868,9.302183541095596,10.509640611168845,8.995466224633137,9.306986799073464,10.509738374693528,9.003857560330857,9.293797116947362,10.511495737090902,9.003857560330857,9.293797116947362,10.511495737090902,6.840117101563123
2024-10-14,9.055634120371938,9.35913348771387,10.573982866312262,9.054387560405951,9.36396615164327,10.574081234335376,9.063483835847071,9.350695726667832,10.575849349759185,9.063483835847071,9.350695726667832,10.575849349759185,6.896057927163788
2024-10-15,9.090389096199731,9.372886157668027,10.589520680808137,9.089229407360492,9.377725920877982,10.589619212974895,9.097897070159151,9.36443601943839,10.59138990709935,9.097897070159151,9.36443601943839,10.59138990709935,6.842478856891393
2024-10-16,9.158483251744247,9.452297345784126,10.67923972845895,9.157372420171145,9.457178113701133,10.679339094290835,9.165942754927784,9.44377561303175,10.681124791642846,9.165942754927784,9.44377561303175,10.681124791642846,6.872218203168737
2024-10-17,9.16514079774027,9.44353770604745,10.669343056119885,9.163973214817577,9.448413951219935,10.669442326336203,9.172443713502748,9.435023866671855,10.671226372347515,9.172443713502748,9.435023866671855,10.671226372347515,6.872809191928312
2024-10-18,9.159983520932478,9.437493341158081,10.662514110574897,9.1587249755892,9.442366465009528,10.662613319827756,9.16770555205008,9.428984953927126,10.664396221401542,9.16770555205008,9.428984953927126,10.664396221401542,6.89924457375077
2024-10-21,9.07270402380971,9.346311925178213,10.55949701770165,9.071428811272272,9.35113796757813,10.55959526078155,9.080106054184268,9.337885734271012,10.561360944237144,9.080106054184268,9.337885734271012,10.561360944237144,6.8879146006578065
2024-10-22,9.059701675709952,9.32064505085428,10.530498489769544,9.05833055132203,9.325457839401523,10.530596468466495,9.067173381077978,9.312242005943565,10.532357297628208,9.067173381077978,9.312242005943565,10.532357297628208,6.884256482889182
2024-10-23,9.038318507055369,9.287601088581752,10.493165301087384,9.037020097740227,9.29239681393952,10.493262939009952,9.044878690534805,9.279227841768833,10.495017519072757,9.044878690534805,9.279227841768833,10.495017519072757,6.821351375354982
2024-10-24,9.01326715124253,9.26468102913836,10.467270135131177,9.011651338054946,9.26946491965888,10.467367530991996,9.0211081074328,9.256328444707604,10.469117782180412,9.0211081074328,9.256328444707604,10.469117782180412,6.83610483048076
2024-10-25,8.928867677596365,9.19433033140978,10.387787663035207,8.927137411290186,9.199077896533316,10.387884312190554,8.935746816642533,9.186041163874938,10.38962128004878,8.935746816642533,9.186041163874938,10.38962128004878,6.833743808389164
2024-10-28,8.983908929259158,9.254409454163635,10.455665273741408,8.982427273502754,9.259188042214895,10.455762548640475,8.989766576290005,9.246066115785895,10.457510872232413,8.989766576290005,9.246066115785895,10.457510872232413,6.854869823452228
2024-10-29,8.919276059074194,9.19181254695899,10.384943063203545,8.917204125507812,9.19655881446851,10.385039662003406,8.923787542996648,9.183525623025131,10.386776177900314,8.923787542996648,9.183525623025131,10.386776177900314,6.865962961099359
2024-10-30,8.919442917331798,9.173982882952805,10.364799042155415,8.917369006628409,9.178719941488481,10.36489547763587,8.92376626107921,9.165712059937764,10.36662860129744,8.92376626107921,9.165712059937764,10.36662860129744,6.845192565823383
2024-10-31,8.808752086856535,9.066297183144123,10.243135348417626,8.806924326499052,9.070978636618024,10.243230658709408,8.813034992463377,9.05812345186703,10.244943431953603,8.813034992463377,9.05812345186703,10.244943431953603,6.711004388513189
2024-11-01,8.7699068150732,9.040032939952896,10.213461911467903,8.76808873621772,9.044700831679368,10.213556945654386,8.77417733019922,9.031882887236268,10.215264757149356,8.77417733019922,9.031882887236268,10.215264757149356,6.739329321245599
2024-11-04,8.788118142841205,9.057114469767379,10.232760685632627,8.786293139183293,9.061791181675394,10.23285589939028,8.79239926047562,9.048949017176724,10.234566937868289,8.79239926047562,9.048949017176724,10.234566937868289,6.7248127015656545
2024-11-05,8.917108119579735,9.191228663086477,10.384283386307542,8.91525077774773,9.195974625907354,10.384380009953118,8.921444894017295,9.182942299681354,10.386116384816791,8.921444894017295,9.182942299681354,10.386116384816791,6.806127182284235
2024-11-06,9.211613801152577,9.53427533212612,10.77185875371661,9.209698231145076,9.539198429778123,10.771958983672178,9.21606576243707,9.52567969457836,10.773760165716155,9.21606576243707,9.52567969457836,10.773760165716155,6.975366272341189
2024-11-07,9.217466611216203,9.531758525599109,10.769015256599632,9.215549548678775,9.536680323678375,10.769115460097037,9.221942749497275,9.523165157081342,10.770916166674702,9.221942749497275,9.523165157081342,10.770916166674702,7.029300229163998
2024-11-08,9.410725939966735,9.729253931244706,10.992146280197618,9.408764122388948,9.734277707621635,10.992248559883832,9.415282832478647,9.720482510503237,10.994086576604746,9.415282832478647,9.720482510503237,10.994086576604746,7.059749348542169
2024-11-11,9.55964126181688,9.894685598354041,11.179051576029497,9.557648664085278,9.899794796666413,11.179155594831489,9.56425368639965,9.885765032491433,11.181024864325993,9.56425368639965,9.885765032491433,11.181024864325993,7.066476795029869
2024-11-12,9.494604736838243,9.820993291496638,11.095793741212338,9.492627848086135,9.826064438209889,11.095896985317104,9.499183991562473,9.812139163023108,11.097752333118006,9.499183991562473,9.812139163023108,11.097752333118006,7.044525888708095
2024-11-13,9.483115209397393,9.806350284795654,11.079250019280872,9.481138828100844,9.811413870477844,11.079353109449668,9.487688245924296,9.797509357742664,11.081205690944813,9.487688245924296,9.797509357742664,11.081205690944813,7.047947904267559
2024-11-14,9.435701056311062,9.756906982928092,11.023388798004815,9.433741344800971,9.76194503817458,11.023491368396305,9.44026605887433,9.74811063154417,11.0253346092353,9.44026605887433,9.74811063154417,11.0253346092353,7.0026287451323785
2024-11-15,9.397616610169951,9.719114506703955,10.9806907216793,9.395662794516833,9.724133047509705,10.980792894773872,9.402134562182237,9.710352227173042,10.982628995990062,9.402134562182237,9.710352227173042,10.982628995990062,6.912934835698656
2024-11-18,9.464156210511264,9.778781617245064,11.048102838972111,9.462191450550476,9.783830967630104,11.048205639322727,9.468709845517418,9.76996554475791,11.050053012641346,9.468709845517418,9.76996554475791,11.050053012641346,6.941259035194391
2024-11-19,9.450638052631367,9.767329164875738,11.035163816864122,9.448675316489119,9.772372601697409,11.035266496819768,9.455194679556373,9.75852341736098,11.037111706581026,9.455194679556373,9.75852341736098,11.037111706581026,6.966632690312305
2024-11-20,9.471037619515702,9.785234951093777,11.055393838894746,9.46907197173728,9.790287633708234,11.055496707086634,9.4756107963205,9.776413060595626,11.057345299546578,9.4756107963205,9.776413060595626,11.057345299546578,6.968992979167227
2024-11-21,9.619982065946411,9.951840720461135,11.243625639704222,9.617982238090429,9.95697943126792,11.243730259354745,9.62463022029212,9.942868626328522,11.245610326395582,9.62463022029212,9.942868626328522,11.245610326395582,7.006404914005584
2024-11-22,9.679997923562212,10.0187576750441,11.31922865701669,9.67798563345043,10.023930938943858,11.319333980137918,9.684675313475934,10.009725251849513,11.321226688896434,9.684675313475934,10.009725251849513,11.321226688896434,7.028120451354872
2024-11-25,9.673050522236709,10.003473064988652,11.301960049294806,9.671042283314186,10.008638436560439,11.30206521173515,9.677718914255037,9.994454421652891,11.30395503297844,9.677718914255037,9.994454421652891,11.30395503297844,7.051960175349924
2024-11-26,9.72798643499962,10.055246664206926,11.360454048945897,9.725966689556689,10.060438769481681,11.360559755661013,9.7326793952428,10.04618134431968,11.362459357792103,9.7326793952428,10.04618134431968,11.362459357792103,7.088782587902056
2024-11-27,9.67940793996921,10.000772056446937,11.298908440075394,9.67739639395269,10.005936033331833,11.299013574121133,9.684070770514804,9.991755848208719,11.30090288509931,9.684070770514804,9.991755848208719,11.30090288509931,7.0673031527619266
2024-11-29,9.699683884544111,10.016937532358419,11.317172253227332,9.697671887558629,10.022109856413259,11.317277557214139,9.704367420468367,10.007906750115687,11.319169922117647,9.704367420468367,10.007906750115687,11.319169922117647,7.111204965405475
2024-12-02,9.641380488521163,9.951245363548969,11.242953003311575,9.639380661156846,9.95638376693855,11.243057616703352,9.646036029914821,9.942273806161104,11.244937571271436,9.646036029914821,9.942273806161104,11.244937571271436,7.123951551753398
2024-12-03,9.622244456767545,9.933016859817823,11.222358373867438,9.620248625662004,9.938145850776905,11.222462795630376,9.626890820105075,9.924061736359716,11.224339306533109,9.626890820105075,9.924061736359716,11.224339306533109,7.127255516208283
2024-12-04,9.60860332364884,9.920656185793607,11.208393239648906,9.606610468330409,9.925778794221964,11.20849753146911,9.613243409446593,9.911712206116237,11.210371707236416,9.613243409446593,9.911712206116237,11.210371707236416,7.171512948638919
2024-12-05,9.624128760862558,9.93715957192214,11.227038824986218,9.622132714456782,9.942290702003024,11.227143290299802,9.628776391110195,9.928200713596887,11.229020583829259,9.628776391110195,9.928200713596887,11.229020583829259,7.159711504364311
2024-12-06,9.586577680449244,9.914039311139721,11.200917470733092,9.584589503523418,9.919158502893087,11.201021692992786,9.59120733574655,9.90510129691376,11.20289461872321,9.59120733574655,9.90510129691376,11.20289461872321,7.173283715207616
2024-12-09,9.466108492313314,9.755144124096566,11.021397113721065,9.464145265029828,9.760181269077105,11.021499665580336,9.470679883017976,9.746349362020174,11.023342573386188,9.470679883017976,9.746349362020174,11.023342573386188,7.136343251550905
2024-12-10,9.41415487017498,9.708654438720353,10.968872899039548,9.412202416460755,9.713667578388172,10.96897496217168,9.418701166583975,9.699901589476482,10.970809087308309,9.418701166583975,9.699901589476482,10.970809087308309,7.114155509783296
2024-12-11,9.414886535436631,9.732424836290766,10.995728780187159,9.41293390460018,9.73745024998932,10.995831093207805,9.419433114920098,9.72365055681599,10.997669708965041,9.419433114920098,9.72365055681599,10.997669708965041,7.169152659783997
2024-12-12,9.387564772476091,9.699898606969668,10.95898052865961,9.385617818602594,9.704907225495267,10.959082499745248,9.39209818658405,9.691153651556585,10.96091497076068,9.39209818658405,9.691153651556585,10.96091497076068,7.132212929363959
2024-12-13,9.384789876716352,9.705916532571889,10.965779602770578,9.382843513680166,9.710928258500449,10.965881637120217,9.389322003875964,9.697166151690642,10.967715245021164,9.389322003875964,9.697166151690642,10.967715245021164,7.13079778258235
2024-12-16,9.377936864037654,9.708478633300043,10.968674273439827,9.375992074523746,9.713491682189355,10.96877633472379,9.382465980490737,9.69972594255376,10.970610426647871,9.382465980490737,9.69972594255376,10.970610426647871,7.161244702250499
2024-12-17,9.338774919751199,9.64377597453288,10.895572975548697,9.336838188038046,9.648755613698185,10.895674356639946,9.343285000964224,9.63508161654748,10.89749622516339,9.343285000964224,9.63508161654748,10.89749622516339,7.13174072494564
2024-12-18,9.082260134711108,9.34601299753581,10.559159287190974,9.08037650177223,9.350838884458616,10.559257538021251,9.086646175154348,9.337587088125288,10.56102315420156,9.086646175154348,9.337587088125288,10.56102315420156,6.919189344531362
2024-12-19,9.11540064287632,9.38784049518156,10.606416145312457,9.113510167882081,9.392687980059982,10.60651483585819,9.119802743626726,9.379376876139549,10.608288353943477,9.119802743626726,9.379376876139549,10.608288353943477,6.917064424648926
2024-12-20,9.243534926990908,9.519277451767861,10.754914094243652,9.24161784131443,9.524192805147015,10.755014166532607,9.247998837022552,9.510695335577422,10.756812515229333,9.247998837022552,9.510695335577422,10.756812515229333,7.000146738989504
2024-12-23,9.245060346123113,9.52090620750735,10.756754268368995,9.24314298469304,9.525822401907272,10.756854357780396,9.24952507274308,9.512322622910188,10.758653014175977,9.24952507274308,9.512322622910188,10.758653014175977,7.042065146428778
2024-12-24,9.332842150680314,9.624571907420352,10.873876151067867,9.330906585789506,9.629541630415375,10.873977330274574,9.337349287378249,9.615894862885067,10.875795570832636,9.337349287378249,9.615894862885067,10.875795570832636,7.120337428185236
2024-12-26,9.337251551534388,9.626469545123916,10.876020109008712,9.335315046636719,9.631440247979013,10.876121308164512,9.341760792016041,9.617790789771046,10.877939907217671,9.341760792016041,9.617790789771046,10.877939907217671,7.120812565550252
2024-12-27,9.266153185641485,9.547262648798485,10.786531871065456,9.264231381488814,9.552192452553049,10.786632237551398,9.270627987005355,9.53865530251955,10.788435873113945,9.270627987005355,9.53865530251955,10.788435873113945,7.045853780325447
2024-12-30,9.173569513862677,9.45263916904359,10.679625921405032,9.171666849276317,9.457520113224167,10.679725293152849,9.177999468694885,9.44411713067817,10.68151105277761,9.177999468694885,9.44411713067817,10.68151105277761,6.9654492463198086
2024-12-31,9.169202320370928,9.447751733453615,10.674104078998646,9.16730053618016,9.452630153968592,10.67420339936684,9.173630111539952,9.43923410136171,10.675988235674316,9.173630111539952,9.43923410136171,10.675988235674316,6.940108586852243
2025-01-02,9.119908555624738,9.414615061185218,10.649261149158248,9.118016820377244,9.419476370718602,10.649360238267526,9.124230166310522,9.406127304529992,10.651140920221659,9.124230166310522,9.406127304529992,10.651140920221659,6.923057167988867
2025-01-03,9.149474411112047,9.457064655062535,10.717891076962793,9.147576541689428,9.46194788382306,10.717990804590062,9.153940899163903,9.44853862877772,10.719782962056165,9.153940899163903,9.44853862877772,10.719782962056165,7.009618690349516
2025-01-06,9.105870840463787,9.387995499092032,10.660324477050585,9.10398203439495,9.392843062560765,10.660423669132618,9.110308115836295,9.37953174246795,10.662206201104336,9.110308115836295,9.37953174246795,10.662206201104336,7.049998034009206
2025-01-07,9.083167736398307,9.34413033890928,10.614804434295328,9.081283502908244,9.348955252609672,10.614903202865227,9.0876269803473,9.33570612895516,10.616678123484515,9.0876269803473,9.33570612895516,10.616678123484515,6.970304006341069
2025-01-08,9.163335367830891,9.42361748676512,10.706051783478516,9.16143428417721,9.428483444154134,10.706151400970084,9.167697645393112,9.415121614623645,10.707941578851393,9.167697645393112,9.415121614623645,10.707941578851393,6.980489396985281
2025-01-10,9.030335686595754,9.216990364834684,10.434691822885721,9.028462556523172,9.221749629486064,10.434788915519732,9.034849949248681,9.208680777721195,10.436533719103519,9.034849949248681,9.208680777721195,10.436533719103519,6.873914179596645
2025-01-13,9.083907132383269,9.269629481196974,10.47398057362726,9.08202288157909,9.274415927100085,10.47407803175784,9.088518334610562,9.261272437066554,10.475829404637375,9.088518334610562,9.261272437066554,10.475829404637375,6.88457250789585
2025-01-14,9.124380211875053,9.335214978502183,10.575322645824501,9.12248767737454,9.340035290822378,10.575421046747723,9.129166165296699,9.326798805365165,10.577189364659239,9.129166165296699,9.326798805365165,10.577189364659239,6.894044459255862
2025-01-15,9.217955708179288,9.487564062678576,10.782416196168063,9.216043825691768,9.492463042143898,10.782516524014829,9.22284913973759,9.479010539300756,10.78431947028699,9.22284913973759,9.479010539300756,10.78431947028699,7.019448461206639
2025-01-16,9.305625528174541,9.556591341242342,10.821391333490544,9.303695622245945,9.56152596469901,10.821492023941214,9.310665870744467,9.5479755872219,10.823301487150768,9.310665870744467,9.5479755872219,10.823301487150768,7.005948107557425
2025-01-17,9.3630340619634,9.62159202685554,10.886583014432887,9.36109241614222,9.626560213842355,10.886684311522103,9.368206676014553,9.612917672210436,10.888504675689315,9.368206676014553,9.612917672210436,10.888504675689315,7.0762875017334546
2025-01-21,9.442004015841107,9.690616421853662,10.97506590591437,9.440045771115633,9.6956202492617,10.97516802643518,9.44706682506197,9.68187983839608,10.977003186359697,9.44706682506197,9.68187983839608,10.977003186359697,7.141060163077373
2025-01-22,9.388771216634618,9.644920355298698,10.961156419669722,9.386823929380176,9.649900586412063,10.961258410867545,9.393727414179947,9.636224968789007,10.963091245288247,9.393727414179947,9.636224968789007,10.963091245288247,7.181202671291229
2025-01-23,9.468332878269313,9.712070255936888,11.031231872628611,9.466369156409774,9.717085159638552,11.031334516033658,9.473305290087257,9.703314331940826,11.033179068440605,9.473305290087257,9.703314331940826,11.033179068440605,7.220398570958423
2025-01-24,9.50063332565865,9.732802889014428,11.046025547939784,9.498663031613027,9.737828498789954,11.046128328934019,9.505764030719044,9.724028273063647,11.047975354816582,9.505764030719044,9.724028273063647,11.047975354816582,7.199320216279196
2025-01-27,9.57581780015452,9.708852588915823,10.925537053951135,9.573831902517052,9.71386583242175,10.925638713687384,9.580922338231396,9.700099565806353,10.927465592031252,9.580922338231396,9.700099565806353,10.927465592031252,7.097483907517264
2025-01-28,9.563883202119609,9.747930615175662,11.005902864500476,9.561899851013935,9.752964036154015,11.006005272138442,9.5689347503759,9.73914235970905,11.007845588961096,9.5689347503759,9.73914235970905,11.007845588961096,7.158467934964514
2025-01-29,9.531602334854849,9.726784375881179,10.999549232538373,9.52962577466799,9.731806878044182,10.99965158096204,9.536758491915668,9.718015186939116,11.00149083507788,9.536758491915668,9.718015186939116,11.00149083507788,7.126377098672341
2025-01-30,9.644538826794966,9.833668704901095,11.11637036364434,9.64253876766324,9.83874639536117,11.116473799166632,9.649746494101977,9.824803149488698,11.118332587481714,9.649746494101977,9.824803149488698,11.118332587481714,7.164624190082849
2025-01-31,9.640377451070236,9.829212964563371,11.111754018063928,9.638378129985067,9.834288353906523,11.111857410558805,9.645630832302354,9.820351425415334,11.113715426731673,9.645630832302354,9.820351425415334,11.113715426731673,7.12649514977692
2025-02-03,9.654985977841838,9.818244383428405,11.082522221190835,9.652983630907213,9.823314108240131,11.082625341690093,9.660339000244075,9.809392734066972,11.084478469962162,9.660339000244075,9.809392734066972,11.084478469962162,7.078537071850542
2025-02-04,9.671089503806915,9.8384691802471,11.107858970186182,9.669083822223138,9.843549349111118,11.107962326438471,9.676405178029759,9.829599296905648,11.109819691313449,9.676405178029759,9.829599296905648,11.109819691313449,7.126021478885251
2025-02-05,9.752054426644454,9.944176701559655,11.220752429287073,9.750031964417147,9.94931145279519,11.220856835988856,9.757485669515873,9.935211517600527,11.222733077980127,9.757485669515873,9.935211517600527,11.222733077980127,7.154914670040328
2025-02-06,9.664200177294134,9.880569165284331,11.15384392345706,9.662195929188458,9.88567107207122,11.153947707589506,9.669623323165462,9.87166132697479,11.155812761690392,9.669623323165462,9.87166132697479,11.155812761690392,7.179783125089575
2025-02-07,9.576852979823556,9.77222603915735,11.041205688114701,9.574866839071193,9.77727200171475,11.041308424172454,9.582345302713687,9.763415878185077,11.043154643833468,9.582345302713687,9.763415878185077,11.043154643833468,7.114062388725645
2025-02-10,9.610394212391741,9.792553339816159,11.052793859167314,9.608401120236689,9.797609798548883,11.052896703050521,9.61590646830817,9.78372485308851,11.05474486039025,9.61590646830817,9.78372485308851,11.05474486039025,7.162375353202437
2025-02-11,9.638288137826354,9.786181024356054,11.03922296075922,9.636289268006356,9.7912341926368,11.03932567836812,9.643903849478871,9.777358282073415,11.041171566493764,9.643903849478871,9.777358282073415,11.041171566493764,7.16782256845662
2025-02-12,9.621170168905483,9.726321113641736,10.974682328289951,9.61917485040826,9.731343374005267,10.974784445362069,9.626970018325316,9.717552338736862,10.976619541533648,9.626970018325316,9.717552338736862,10.976619541533648,7.14473147910614
2025-02-13,9.673967215473107,9.777532441538405,11.035861095553582,9.671960951117685,9.782581147116737,11.035963781881046,9.679801223959396,9.768717497432798,11.037809107863222,9.679801223959396,9.768717497432798,11.037809107863222,7.2201617355125896
2025-02-14,9.642117830881492,9.749938268838072,11.012355946530876,9.640118169998422,9.75497272552873,11.012458414147956,9.647881781222072,9.74114820214843,11.014299809792314,9.647881781222072,9.74114820214843,11.014299809792314,7.219806848962175
2025-02-18,9.677675727594618,9.768745283239397,11.035952071217137,9.675668690578135,9.773789451815682,11.036054758391112,9.6835032144617,9.759938261786782,11.03790009958549,9.6835032144617,9.759938261786782,11.03790009958549,7.2410032547459835
2025-02-19,9.685628258933372,9.715260175402284,10.964583147451199,9.683619570165973,9.72027672699799,10.964685170552599,9.691588969607261,9.706501373995694,10.96651857802217,9.691588969607261,9.706501373995694,10.96651857802217,7.258055406846033
2025-02-20,9.638347767216677,9.616440152782339,10.834427145475935,9.63634888112501,9.621405677526127,10.834527957503571,9.644293737771347,9.607770442291116,10.83633960135632,9.644293737771347,9.607770442291116,10.83633960135632,7.227859254120532
2025-02-21,9.552426289916351,9.480267751994456,10.668789923808447,9.550445221276092,9.485162962649868,10.668889194617156,9.558412516893378,9.471720807772023,10.670673141975168,9.558412516893378,9.471720807772023,10.670673141975168,7.104233351105196
2025-02-24,9.562855899183829,9.452566986700651,10.635593034526236,9.560872664892997,9.457447894137358,10.63569199644499,9.568918175476124,9.444045016153234,10.637470392892041,9.568918175476124,9.444045016153234,10.637470392892041,7.071905679367189
2025-02-25,9.585052696016195,9.445697351295602,10.614270528653561,9.583064857227786,9.450574711150733,10.61436929217096,9.591141527616703,9.43718157377923,10.61614412324384,9.591141527616703,9.43718157377923,10.61614412324384,7.036735982279175
2025-02-26,9.566346582182751,9.515850735963271,10.702498432078917,9.564362623711608,9.520764319515612,10.702598016538088,9.572287932520588,9.507271711861,10.704387600355783,9.572287932520588,9.507271711861,10.704387600355783,7.0402885139666855
2025-02-27,9.49673370827938,9.412812550663537,10.58103626890023,9.494764189340083,9.417672929846521,10.581134723179947,9.502813731779623,9.404326420715893,10.582903997093084,9.502813731779623,9.404326420715893,10.582903997093084,6.927911928010129
2025-02-28,9.621670485534702,9.522380995009962,10.714501503361042,9.619675054444636,9.527297950346638,10.714601199506225,9.627882498973968,9.513796083702394,10.716392790378839,9.627882498973968,9.513796083702394,10.716392790378839,7.036025475941673
2025-03-03,9.590403593083028,9.50620324593192,10.696222454619907,9.588414649499247,9.511111847871128,10.696321980782322,9.596495692888073,9.49763291976628,10.69811051525436,9.596495692888073,9.49763291976628,10.69811051525436,6.912754459476751
2025-03-04,9.40602008335977,9.317481686950346,10.483876812846676,9.404069385589686,9.322292841044566,10.483974363175362,9.411900766998933,9.309081502876774,10.485727390952462,9.411900766998933,9.309081502876774,10.485727390952462,6.830929646032783
2025-03-05,9.447226348084076,9.347255330249553,10.51602995523709,9.445267106282495,9.35208186012629,10.516127806515543,9.453390255940752,9.338828305094198,10.517886211948861,9.453390255940752,9.338828305094198,10.517886211948861,6.904347167767981
2025-03-06,9.335744779903997,9.183197987588613,10.331127210184984,9.333808653709028,9.187939805622658,10.331223341386169,9.341638445815917,9.174918868793515,10.3329508291918,9.341638445815917,9.174918868793515,10.3329508291918,6.781787390877236
2025-03-07,9.423702413676413,9.296195208958585,10.458767814901151,9.421748043400378,9.300995373272784,10.4588651331176,9.429204938170477,9.287814216908405,10.460613963466958,9.429204938170477,9.287814216908405,10.460613963466958,6.819799113315259
2025-03-10,9.317601703578543,9.191049779501693,10.340475947144588,9.315669336517962,9.195795651133123,10.340572164658333,9.322860592468096,9.182763581392553,10.342301215197956,9.322860592468096,9.182763581392553,10.342301215197956,6.638148526070588
2025-03-11,9.184341253397477,9.102369100073679,10.240675004196554,9.182436529146868,9.107069180774051,10.240770293107786,9.18991120085574,9.094162852130852,10.242482655771227,9.18991120085574,9.094162852130852,10.242482655771227,6.582966600427936
2025-03-12,9.13924097040721,9.109106226872653,10.24836279952928,9.137345602443045,9.113809786187117,10.24845815983287,9.144954935834726,9.100893904957696,10.250171807885064,9.144954935834726,9.100893904957696,10.250171807885064,6.617900195306792
2025-03-13,9.075203500674197,9.067566165930605,10.202097135589241,9.073321416788504,9.072248275031939,10.202192064776646,9.080946530808088,9.059391294011679,10.20389797621672,9.080946530808088,9.059391294011679,10.20389797621672,6.529679358351956
2025-03-14,9.183454257602781,9.215445623754114,10.368567918849427,9.18154972379563,9.220204091449435,10.368664396909248,9.189305631937003,9.207137430894964,10.370398144151695,9.189305631937003,9.207137430894964,10.370398144151695,6.664556044899419
2025-03-17,9.273538057915001,9.305994539252486,10.470416431071902,9.27161484019623,9.31079976263521,10.470513856858126,9.279419599406689,9.29760471197268,10.47226463440594,9.279419599406689,9.29760471197268,10.47226463440594,6.715949336645402
2025-03-18,9.21534353320829,9.24201146059812,10.398983653500292,9.213432385647671,9.24678364501877,10.399080413883212,9.22129708520513,9.233679316750328,10.400819246500246,9.22129708520513,9.233679316750328,10.400819246500246,6.643360372352287
2025-03-19,9.293432809358759,9.34479741827952,10.514324242935265,9.291505469584822,9.349622677475958,10.514422076949486,9.299692036840874,9.3363726079767,10.51618019616749,9.299692036840874,9.3363726079767,10.51618019616749,6.71571103472622
2025-03-20,9.286213629082217,9.350574348018242,10.521627428311,9.284287786967978,9.355402589026914,10.521725329224342,9.292535011854865,9.34214432870076,10.523484668863166,9.292535011854865,9.34214432870076,10.523484668863166,6.696291261404505
2025-03-21,9.266858517710768,9.310110542988728,10.476124815776654,9.264936691043113,9.314917890159057,10.47622229326254,9.273343980479066,9.301717003824306,10.477974024303107,9.273343980479066,9.301717003824306,10.477974024303107,6.698500503504499
2025-03-24,9.367203471706697,9.405788684829767,10.583027624991441,9.365260833060114,9.410645437230375,10.583126098175429,9.373753084601486,9.397308887716674,10.5848957053361,9.373753084601486,9.397308887716674,10.5848957053361,6.818460223147791
2025-03-25,9.359396623174515,9.394206341749845,10.57000063272036,9.357455603470832,9.399057113510027,10.570098984683924,9.365923635100167,9.385736986703302,10.571866413572963,9.365923635100167,9.385736986703302,10.571866413572963,6.834850262530849
2025-03-26,9.355950322607514,9.372792048659353,10.545908979703448,9.354010016993614,9.377631762978035,10.546007107494697,9.36235825418384,9.364341999684767,10.547770507972215,9.36235825418384,9.364341999684767,10.547770507972215,6.75325495216597
2025-03-27,9.402306351223409,9.385500271585343,10.560486654687715,9.40035643300175,9.390346547494659,10.560584917755078,9.40879745900301,9.377038765216932,10.562350755528772,9.40879745900301,9.377038765216932,10.562350755528772,6.735319983109933
2025-03-28,9.305606961386202,9.294490870493144,10.458195371598281,9.303677098583893,9.299290152831801,10.45829268272029,9.311839637853598,9.2861114136198,10.46004141608099,9.311839637853598,9.2861114136198,10.46004141608099,6.599682196894433
2025-03-31,9.406039232618244,9.397902608268103,10.57489119788313,9.404088541023345,9.402755287576325,10.57498959439081,9.412343787044252,9.389429920103591,10.57675784034958,9.412343787044252,9.389429920103591,10.57675784034958,6.643984356762209
2025-04-01,9.411150752655999,9.40912679939853,10.587521101057918,9.409199001596816,9.413985274404189,10.587619615083439,9.417541814818012,9.400643992053675,10.589389972910295,9.417541814818012,9.400643992053675,10.589389972910295,6.662750082970351
2025-04-02,9.443123961995502,9.4244681091236,10.604783748686646,9.441165580156605,9.429334505732553,10.604882423336443,9.449514205642474,9.41597147080616,10.606655667680648,9.449514205642474,9.41597147080616,10.606655667680648,6.704914857932225
2025-04-03,9.244681200399745,9.35246807222746,10.52376646343085,9.242763973652577,9.357297291063478,10.52386438423668,9.250808322317615,9.344036345612755,10.525624081539638,9.250808322317615,9.344036345612755,10.525624081539638,6.374491282686697
2025-04-04,8.700267826384545,8.75879109953285,9.85573768566816,8.698463503809318,8.763313768696964,9.855829390646562,8.70594436522163,8.750894602965717,9.857477385695141,8.70594436522163,8.750894602965717,9.857477385695141,6.001309010773023
2025-04-07,8.588122483002394,8.614783962117452,9.693695166888846,8.586341416735381,8.619232272088338,9.693785364105358,8.59364182278784,8.607017295324008,9.695406263742399,8.59364182278784,8.607017295324008,9.695406263742399,5.990619519915156
2025-04-08,8.478220845168154,8.54630821395094,9.616643550508247,8.476462569933812,8.55072116594249,9.61673303078027,8.483665205277468,8.538603281534328,9.618341046482458,8.483665205277468,8.538603281534328,9.618341046482458,5.896790155637768
2025-04-09,8.958930642061297,8.924488599035623,10.0421870565588,8.95707267232926,8.929096827378286,10.042280496398265,8.964715468983988,8.916442717727932,10.043959667970595,8.964715468983988,8.916442717727932,10.043959667970595,6.5160668194915585
2025-04-10,8.806910567706957,8.81962877345651,9.924194639234475,8.805084124544754,8.824182856621565,9.92428698118635,8.812716214069521,8.811677428625748,9.925946423041259,8.812716214069521,8.811677428625748,9.925946423041259,6.230538592583402
2025-04-11,8.986193448105917,8.977791226156093,10.102165277855157,8.98432982323571,8.982426977720317,10.102259275775777,8.992123271841143,8.96969728981349,10.10394847641086,8.992123271841143,8.96969728981349,10.10394847641086,6.341709004210556
2025-04-14,9.097659099597088,9.099097135852844,10.238663478589308,9.095772358670919,9.103795524656725,10.238758746588836,9.10367351028355,9.090893836050306,10.240470771325585,9.10367351028355,9.090893836050306,10.240470771325585,6.403233427086844
2025-04-15,9.027966793888567,9.060832038882856,10.195606080146163,9.0260945057574,9.06551066920955,10.195700947508223,9.033856277434325,9.052663237015413,10.197405772542453,9.033856277434325,9.052663237015413,10.197405772542453,6.385298458030807
2025-04-16,8.944775444113189,8.97601067170795,10.100161727664666,8.942920408770247,8.980645503869187,10.100255706942793,8.950740620894502,8.967918340625927,10.10194457256076,8.950740620894502,8.967918340625927,10.10194457256076,6.243365834965508
2025-04-17,8.999899952561737,9.00077611372073,10.128028781162564,8.998033484904816,9.005423733708467,10.1281230197361,9.005971291958998,8.992661455330564,10.129816545052574,9.005971291958998,8.992661455330564,10.129816545052574,6.2522739273229
2025-04-21,8.831342239789741,8.808280359931116,9.911424956114539,8.829510728730687,8.812828583255547,9.911517179247959,8.83719837822641,8.800339246273516,9.913174485861932,8.83719837822641,8.800339246273516,9.913174485861932,6.103452912319868
2025-04-22,9.050281345961851,9.032141157514317,10.163321967244553,9.048404429862439,9.036804973083703,10.163416534211656,9.056347013448669,9.023998221938655,10.165115960963192,9.056347013448669,9.023998221938655,10.165115960963192,6.2622510787515795
2025-04-23,9.084144741718562,8.987552223263835,10.113148737324765,9.082260802000727,8.992193014994005,10.11324283744351,9.09007240889722,8.97944948688487,10.114933874641963,9.09007240889722,8.97944948688487,10.114933874641963,6.3592868870061565
2025-04-24,9.159001774267217,9.013016848456216,10.141802539351549,9.157102309603495,9.0176707890415,10.141896906086185,9.16483025167944,9.00489115441984,10.143592734536737,9.16483025167944,9.00489115441984,10.143592734536737,6.493144374576191
2025-04-25,9.096032073299273,8.931864644180267,10.050486873882583,9.094145667485828,8.936476681200585,10.050580390949603,9.101807606418607,8.92381211299196,10.052260950348833,9.101807606418607,8.92381211299196,10.052260950348833,6.540059056714885
2025-04-28,9.133165588065983,8.975297102378272,10.099358791271516,9.13127148072863,8.979931566082499,10.099452763078533,9.138917893976926,8.96720541461537,10.101141494436114,9.138917893976926,8.96720541461537,10.101141494436114,6.542553527881224
2025-04-29,9.20401421872557,9.069823520760126,10.205723650685387,9.202105418357311,9.07450679390766,10.205818612188704,9.20974037135036,9.061646612613522,10.207525128999515,9.20974037135036,9.061646612613522,10.207525128999515,6.583766561639716
2025-04-30,9.243734495975616,9.12131463327612,10.263663484200531,9.24181745763956,9.126024494255713,10.263758984818356,9.249496806476591,9.113091303267343,10.265475189849552,9.249496806476591,9.113091303267343,10.265475189849552,6.586379083910634
2025-05-01,9.113505819610898,9.031476502542139,10.20376775578173,9.11183894185064,9.036139972926524,10.20386269908597,9.119363457009213,9.023334166008105,10.205568888848191,9.119363457009213,9.023334166008105,10.205568888848191,6.633056930603494
2025-05-02,9.221649867721784,9.151918685332527,10.371540411866258,9.219818478115139,9.156644346627324,10.37163691624977,9.227450727595393,9.14366776397633,10.373371159569759,9.227450727595393,9.14366776397633,10.373371159569759,6.731518884189796
2025-05-05,9.185408629867354,9.1129673378935,10.340355204902497,9.183450996770162,9.117672886164668,10.340451419116077,9.19106583781846,9.104751533152461,10.342180447903344,9.19106583781846,9.104751533152461,10.342180447903344,6.6929176394655485
2025-05-06,9.132207670019959,9.060114123540652,10.33207151218175,9.130230048570079,9.064792380482169,10.332167649317805,9.137734389668008,9.051945968642615,10.333895292974397,9.137734389668008,9.051945968642615,10.333895292974397,6.636976813864883
2025-05-07,9.154547972970073,9.078514180512853,10.37460221383276,9.152706835410465,9.083201938203386,10.374698746705512,9.160190280240995,9.070329437041128,10.376433501994736,9.160190280240995,9.070329437041128,10.376433501994736,6.664888201112926
2025-05-08,9.114043484647935,9.071139792907958,10.41944943330128,9.112263939796085,9.075823742960246,10.4195463834653,9.119766932983206,9.062961697916815,10.421288637736133,9.119766932983206,9.062961697916815,10.421288637736133,6.711328479123278
2025-05-09,9.102442032965458,9.058977964711081,10.430107803379068,9.10070771002518,9.063655635036953,10.430204852716345,9.108183740094503,9.050810834216366,10.431948889191784,9.108183740094503,9.050810834216366,10.431948889191784,6.702776006552974
2025-05-12,9.192805163265616,9.082215218957725,10.413122040771535,9.191428100259149,9.086904888269013,10.413218932060877,9.198890518494979,9.074027138928239,10.414960128317393,9.198890518494979,9.074027138928239,10.414960128317393,6.924286072655177
2025-05-13,9.144559635364063,9.053573413186278,10.434060973672027,9.143260172728299,9.058248293018426,10.434158059792487,9.150655420659598,9.045411155228225,10.43590275728441,9.150655420659598,9.045411155228225,10.43590275728441,6.970012911381329
2025-05-14,9.047691226694601,8.970905628939146,10.394811665657377,9.04636480707212,8.975537822387373,10.394908386573622,9.053636535801092,8.962817900208396,10.396646521120454,9.053636535801092,8.962817900208396,10.396646521120454,6.978921003738722
2025-05-15,9.22200359362757,9.147351533915126,10.594882007841738,9.220387338259474,9.152074836655816,10.594980590358503,9.227859922518544,9.139104730193683,10.596752179015398,9.227859922518544,9.139104730193683,10.596752179015398,7.01300844349531
2025-05-16,9.332981622491523,9.259627840227207,10.691178922957965,9.331159400559658,9.264409117811583,10.691278401491529,9.3387230590387,9.25127981369588,10.693066092123168,9.3387230590387,9.25127981369588,10.693066092123168,7.0574286544676665
2025-05-19,9.387074561095131,9.32109051298613,10.757927562606143,9.385252459846024,9.325903527587869,10.758027662217778,9.392821733415335,9.312687074746194,10.759826514005603,9.392821733415335,9.312687074746194,10.759826514005603,7.065148903412515
2025-05-20,9.364536824185093,9.294779528529325,10.732323112719723,9.362705825343859,9.299578957224035,10.732422974088863,9.370256616208945,9.286399810985145,10.734217544512068,9.370256616208945,9.286399810985145,10.734217544512068,7.04139496810837
2025-05-21,9.236396474135434,9.181248292038548,10.622037062301192,9.234651393093316,9.18598909787793,10.622135897488407,9.242007036168607,9.17297092868923,10.623912026789212,9.242007036168607,9.17297092868923,10.623912026789212,6.922741876218874
2025-05-22,9.189762106954271,9.132715142732408,10.552184022337027,9.188093718269846,9.137430887818631,10.552282207560564,9.195400520185444,9.124481534479106,10.554046656613004,9.195400520185444,9.124481534479106,10.554046656613004,6.925473916067721
2025-05-23,9.184453107571764,9.152589670941722,10.574157235536484,9.182818847999739,9.15731567832044,10.574255625214837,9.190132656533656,9.144338144795311,10.576023748446492,9.190132656533656,9.144338144795311,10.576023748446492,6.878201414431915
2025-05-27,9.29020695348626,9.255249319717963,10.67973977716355,9.288579886723841,9.260028336203376,10.679839149258948,9.296028938331443,9.246905240666289,10.681624927131114,9.296028938331443,9.246905240666289,10.681624927131114,7.0212045630418505
2025-05-28,9.19988084728456,9.179672785978374,10.625081999548335,9.198211172947252,9.184412777940912,10.62518086306787,9.205617176319892,9.171396843028539,10.62695750151793,9.205617176319892,9.171396843028539,10.62695750151793,6.980583984516281
2025-05-29,9.261459835537744,9.223302324505136,10.67498481655152,9.259765250693217,9.228064845048609,10.675084144403295,9.26725610429317,9.214987047278582,10.676869127190223,9.26725610429317,9.214987047278582,10.676869127190223,7.008138285503888
2025-05-30,9.292898884556466,9.280789735022852,10.753761617431703,9.291169430060124,9.285581939772452,10.753861678280343,9.298680383517093,9.272422629963733,10.755659833473228,9.298680383517093,9.272422629963733,10.755659833473228,7.000300718691133
2025-06-02,9.285753874144246,9.317605149513971,10.797679105208827,9.283999685308416,9.322416364406036,10.797779574697838,9.29160180258349,9.309204617573133,10.799585073410272,9.29160180258349,9.309204617573133,10.799585073410272,7.039732720567486
2025-06-03,9.269816423253879,9.304772740291165,10.83124066855707,9.268188643879686,9.309577329773063,10.831341450327404,9.275691980162142,9.296383446537002,10.83315256092721,9.275691980162142,9.296383446537002,10.83315256092721,7.079876695254689
2025-06-04,9.213916800130066,9.25578500396233,10.790905795309346,9.212302202658025,9.260564297790776,10.791006201774579,9.21982524389748,9.24743993219275,10.792810567910037,9.21982524389748,9.24743993219275,10.792810567910037,7.077976879031296
2025-06-05,9.200249944986417,9.25133171616281,10.808647874185237,9.198586522403723,9.256108710687844,10.808748445735725,9.206120682580217,9.242990671211032,10.810555778555063,9.206120682580217,9.242990671211032,10.810555778555063,7.0437706549334544
2025-06-06,9.238274112307655,9.275303977829934,10.836607444947273,9.236577916754712,9.280093350884536,10.83670827665406,9.244140704644716,9.26694162279866,10.838520284641836,9.244140704644716,9.26694162279866,10.838520284641836,7.116102253153853
2025-06-09,9.19457246505486,9.208194426402017,10.756906285086028,9.192854780635496,9.212949146892958,10.757006375195044,9.200369988223647,9.199892288594382,10.758805056213188,9.200369988223647,9.199892288594382,10.758805056213188,7.122515874344906
2025-06-10,9.2352897453544,9.2114010995481,10.717710816430802,9.233528467103351,9.21615747556219,10.717810541836565,9.241017699709614,9.20309587757928,10.71960266891219,9.241017699709614,9.20309587757928,10.71960266891219,7.162898884187967
2025-06-11,9.203524495698337,9.208210605136271,10.735268331535794,9.201727635214514,9.212965333128317,10.735368220309477,9.209273698270437,9.199908283378498,10.737163283207773,9.209273698270437,9.199908283378498,10.737163283207773,7.142470177202265
2025-06-12,9.28627421633971,9.283377162238217,10.781909623716233,9.284406451679608,9.288170702687786,10.782009946474519,9.292014662328093,9.275007199462806,10.78381280834447,9.292014662328093,9.275007199462806,10.78381280834447,7.17085596857865
2025-06-13,9.230273751465923,9.21823682069903,10.642787694647781,9.228275384413461,9.222996722851658,10.642886722914053,9.236043623346948,9.209926822207178,10.644666321964179,9.236043623346948,9.209926822207178,10.644666321964179,7.090684603835474
2025-06-16,9.273921508752872,9.246857768973433,10.709940202440851,9.27189143757398,9.251632448194337,10.710039855543114,9.27967134053752,9.238522986672614,10.711830683280885,9.27967134053752,9.238522986672614,10.711830683280885,7.1581482437744715
2025-06-17,9.206048729193183,9.18725262156637,10.649415289659167,9.204000011340092,9.191996522630932,10.649514379593453,9.2118415210468,9.178971984928479,10.65129508685524,9.2118415210468,9.178971984928479,10.65129508685524,7.0969809071586205
2025-06-18,9.192860531166355,9.192376180654161,10.661841289649658,9.190838430433198,9.197122726708459,10.661940495204567,9.198671907163131,9.184091182080204,10.663723280239386,9.198671907163131,9.184091182080204,10.663723280239386,7.095911848087332
2025-06-20,9.186110266319847,9.230880955907045,10.71352954310644,9.184167227965402,9.235647384765038,10.713629229606601,9.192009759620495,9.22256116294431,10.715420657524216,9.192009759620495,9.22256116294431,10.715420657524216,7.079246844951371
2025-06-23,9.268927877076436,9.286597778632563,10.82620411591694,9.267153407841452,9.291392976557965,10.82630485082359,9.275061870073595,9.278228310112029,10.828115119252585,9.275061870073595,9.278228310112029,10.828115119252585,7.149171227169685
2025-06-24,9.313100096575077,9.347245474223568,10.912686734782874,9.311251068285726,9.352071988207102,10.912788274386964,9.319214171893929,9.338820960184966,10.91461300372513,9.319214171893929,9.338820960184966,10.91461300372513,7.228149615843598
2025-06-25,9.183744094174992,9.225878481944122,10.779263507608453,9.181831227934458,9.230642327896813,10.779363805745483,9.189618797048224,9.21756284488613,10.781166225153614,9.189618797048224,9.21756284488613,10.781166225153614,7.232200015233032
2025-06-26,9.19879316211996,9.255387091755207,10.852791796501107,9.196828138422608,9.260166173747692,10.852892778799026,9.204727112652634,9.247045345367907,10.854707493000278,9.204727112652634,9.247045345367907,10.854707493000278,7.28878315616048
2025-06-27,9.20215782939208,9.288557713467112,10.95345860543307,9.200182622495408,9.293353924275165,10.953560524408452,9.208107906203391,9.280185732841808,10.955392071282017,9.208107906203391,9.280185732841808,10.955392071282017,7.324996249036178
2025-06-30,9.278733437197248,9.375928551270299,11.075220514192896,9.27669495051993,9.380769876171913,11.07532356612995,9.284723583839225,9.367478063177515,11.077175473024175,9.284723583839225,9.367478063177515,11.077175473024175,7.360018565552637
2025-07-01,9.364311331688485,9.380612565493397,11.058297710965238,9.362252125515344,9.385456305751172,11.05840060544017,9.370279321288981,9.372157708973303,11.060249682643022,9.370279321288981,9.372157708973303,11.060249682643022,7.357637012834157
2025-07-02,9.328961063113802,9.373835057665618,11.079127320917765,9.326757058865086,9.378675293213393,11.079230409206605,9.334663821465952,9.365386070491743,11.081082969364784,9.334663821465952,9.365386070491743,11.081082969364784,7.390991949153011
2025-07-03,9.367579727908343,9.425860644123155,11.165182509487975,9.365408557171754,9.430727746132458,11.165286398497116,9.37337877883453,9.417364885363657,11.167153348093121,9.37337877883453,9.417364885363657,11.167153348093121,7.449243203514739
2025-07-07,9.299551043802726,9.394563522741915,11.135407863728208,9.297288385075886,9.39941446562557,11.135511475692303,9.305260987710524,9.386096022783992,11.137373446617978,9.305260987710524,9.386096022783992,11.137373446617978,7.393729854895254
2025-07-08,9.294033964182729,9.350453182973142,11.0805852750276,9.291797043441424,9.355281351278077,11.080688376882309,9.299749877270814,9.342025517786405,11.08254118082753,9.299749877270814,9.342025517786405,11.08254118082753,7.389680921979169
2025-07-09,9.317721802912,9.389794394100557,11.13483609943385,9.31553307563506,9.394642883980456,11.13493970607783,9.323424364548949,9.381331532237713,11.136801581397801,9.323424364548949,9.381331532237713,11.136801581397801,7.43399408039706
2025-07-10,9.32038066276299,9.354049169851741,11.11859719471047,9.318220647740512,9.358879204957903,11.118700650255827,9.32591942822348,9.345618560053886,11.120559810240282,9.32591942822348,9.345618560053886,11.120559810240282,7.454959516628428
2025-07-11,9.24956242496175,9.313257134057137,11.07201922510105,9.247331052506022,9.31806610565964,11.072122247250974,9.254952455966981,9.304863264510619,11.073973618852081,9.254952455966981,9.304863264510619,11.073973618852081,7.428753637885059
2025-07-14,9.287450968638735,9.385820115865155,11.174172683301988,9.285194351500188,9.390666554640333,11.17427665596226,9.292945891164475,9.377360826833657,11.17614510882087,9.292945891164475,9.377360826833657,11.17614510882087,7.442928569274728
2025-07-15,9.171612453515873,9.291114197741594,11.069224026679484,9.169345514430852,9.295911736895388,11.06932702282084,9.177008255908921,9.282740358067844,11.071177927031956,9.177008255908921,9.282740358067844,11.071177927031956,7.411122962048901
2025-07-16,9.223649076474048,9.323402056693636,11.138271342192505,9.221334946320605,9.32821626831202,11.13837498080049,9.228994216725088,9.314999125393088,11.140237430533382,9.228994216725088,9.314999125393088,11.140237430533382,7.435899762513846
2025-07-17,9.237654274901537,9.336284217318257,11.16687422394867,9.235349074705802,9.341105079560894,11.166978128698748,9.243023596868042,9.327869634298146,11.16884536116927,9.243023596868042,9.327869634298146,11.16884536116927,7.481405163764327
2025-07-18,9.295084689961447,9.41507970997091,11.222531073204145,9.292716115230984,9.419941257746538,11.222635495826179,9.30049185633822,9.406594091524205,11.224512034775314,9.30049185633822,9.406594091524205,11.224512034775314,7.4759256860964705
2025-07-21,9.292312407424447,9.420361850482484,11.21908065236555,9.289998390376919,9.425226127073321,11.219185042882348,9.297742486323862,9.41187152168191,11.22106100488061,9.297742486323862,9.41187152168191,11.22106100488061,7.490101350722815
2025-07-22,9.409184263152943,9.481767802439682,11.252598716272256,9.406752738882325,9.486663784347986,11.252703418665579,9.414593878621258,9.473222046190063,11.254584985277631,9.414593878621258,9.473222046190063,11.254584985277631,7.491173342740801
2025-07-23,9.423727611569698,9.47390867377578,11.267837763368687,9.421309000732137,9.478800597954246,11.267942607557227,9.429169690113126,9.465369997179852,11.269826722316862,9.429169690113126,9.465369997179852,11.269826722316862,7.554904074770385
2025-07-24,9.438833978525897,9.485622130000948,11.302606424057554,9.436382551003355,9.490520107876671,11.302711591759097,9.444233537050334,9.477073136338078,11.304601520246987,9.444233537050334,9.477073136338078,11.304601520246987,7.557405878303468
2025-07-25,9.467523572355649,9.535042437091601,11.3742020579172,9.4650869364941,9.539965933978976,11.374307891796793,9.472992407153296,9.526448926402361,11.376209791915205,9.472992407153296,9.526448926402361,11.376209791915205,7.589331003107225
2025-07-28,9.372486721521543,9.485723299886791,11.367174997140078,9.370015257618228,9.490621331670338,11.367280765634776,9.377880372395781,9.47717429053684,11.369181490746127,9.377880372395781,9.47717429053684,11.369181490746127,7.587425320990437
2025-07-29,9.326097378799316,9.439808809029403,11.349055087931708,9.323598175825174,9.444683125960772,11.349160687825538,9.331465042848604,9.43130094017594,11.35105838307534,9.331465042848604,9.43130094017594,11.35105838307534,7.567412359199125
2025-07-30,9.32779523862009,9.478257568358227,11.368404524825582,9.325277808270208,9.483151738196742,11.368510304760703,9.333185560106974,9.46971503680566,11.370411235463518,9.333185560106974,9.46971503680566,11.370411235463518,7.557882482141834
2025-07-31,9.28495820358965,9.41139150326336,11.256812370238599,9.282440215492853,9.416251148617096,11.256917111838835,9.290288946153073,9.402909340254519,11.258799383023298,9.290288946153073,9.402909340254519,11.258799383023298,7.529531152889146
2025-08-01,9.233883274414282,9.341032850397895,11.107657619156074,9.231386609249379,9.345856165584804,11.107760972911615,9.23912160218764,9.332614102242795,11.109618303670606,9.23912160218764,9.332614102242795,11.109618303670606,7.406118621746064
2025-08-04,9.339681656759923,9.494295636911716,11.296870130452723,9.337284249364137,9.49919809239549,11.296975244779603,9.34510838622593,9.485738755879723,11.298864214091857,9.34510838622593,9.485738755879723,11.298864214091857,7.518690981894688
2025-08-05,9.377853912334565,9.568743441619825,11.394427280635703,9.37542014661373,9.573684338640614,11.394533302705522,9.383197917558652,9.5601194902393,11.396438584718632,9.383197917558652,9.5601194902393,11.396438584718632,7.480571473665526
2025-08-06,9.38241871215009,9.574409855656874,11.438736584461484,9.379880792448311,9.57935367967066,11.438843018817415,9.387723620625282,9.565780799968923,11.440755709866318,9.387723620625282,9.565780799968923,11.440755709866318,7.5378695203505215
2025-08-07,9.425539536634199,9.635004692237548,11.462118970263086,9.423209506890867,9.63997980488657,11.462225622185798,9.431028862547322,9.626321029462073,11.464142223044133,9.431028862547322,9.626321029462073,11.464142223044133,7.531556352583863
2025-08-08,9.44076299355998,9.651281124455178,11.49095888224842,9.438325521164911,9.656264639044366,11.491065802518722,9.446166367232086,9.642582785958302,11.492987225748935,9.446166367232086,9.642582785958302,11.492987225748935,7.590283477547281
2025-08-11,9.40498999787755,9.609380746431974,11.432961813652161,9.402672203888109,9.614342625127428,11.433068194275391,9.410503281690103,9.600720167984074,11.434979919714857,9.410503281690103,9.600720167984074,11.434979919714857,7.575274122822134
2025-08-12,9.401165493155668,9.632343463866123,11.502270987618923,9.398697936643819,9.637317202025843,11.502378013145302,9.406585320899122,9.623662189492979,11.504301327892358,9.406585320899122,9.623662189492979,11.504301327892358,7.655920624930328
2025-08-13,9.509351192720992,9.688657460956708,11.567686524393102,9.506753020136614,9.693660274733528,11.567794158593392,9.514728864825619,9.679925425145337,11.569728411586182,9.514728864825619,9.679925425145337,11.569728411586182,7.682127970147045
2025-08-14,9.473337329209112,9.674351901700575,11.548717835183453,9.470726880385806,9.679347328893575,11.548825292885208,9.478736386373862,9.66563275544388,11.550756374090474,9.478736386373862,9.66563275544388,11.550756374090474,7.682842142667919
2025-08-15,9.486389951983432,9.645274892756944,11.496156110949068,9.483648725977355,9.650255306800856,11.496263079578176,9.491669275809903,9.636581958877295,11.498185371846056,9.491669275809903,9.636581958877295,11.498185371846056,7.664854380571324
2025-08-18,9.477357432903302,9.639998628227499,11.537887976550989,9.474664630789105,9.64497631949727,11.537995333483845,9.482680465941574,9.63131045144063,11.539924603809583,9.482680465941574,9.63131045144063,11.539924603809583,7.663187733610393
2025-08-19,9.560103780203166,9.610020215239793,11.472122300979038,9.557574486159815,9.614982426759648,11.472229045980033,9.56572906457225,9.601359057362215,11.47414731951273,9.56572906457225,9.601359057362215,11.47414731951273,7.6216132141714175
2025-08-20,9.590709368804653,9.622643174398398,11.465465446374635,9.588349805016138,9.62761190515887,11.465572129435389,9.596552714308945,9.613970631023308,11.467489289863856,9.596552714308945,9.613970631023308,11.467489289863856,7.601361950460922
2025-08-21,9.58830125338158,9.605928570799898,11.443982268568618,9.586028314073802,9.610888675407548,11.444088751734212,9.594247133043835,9.597271101334837,11.446002319923117,9.594247133043835,9.597271101334837,11.446002319923117,7.570867370408938
2025-08-22,9.688361216515128,9.72970443522044,11.631574438376322,9.685789331624584,9.734728451705818,11.631682667036419,9.694060598915007,9.72093540860716,11.633627602838455,9.694060598915007,9.72093540860716,11.633627602838455,7.68713157721321
2025-08-25,9.63367209499237,9.673525516533912,11.572542851842686,9.631057652958061,9.678520526801593,11.572650531229806,9.63928737425765,9.664807117432945,11.574585596257537,9.63928737425765,9.664807117432945,11.574585596257537,7.65330003705599
2025-08-26,9.610224292987963,9.7049722874639,11.62081761097154,9.607615440462222,9.709983534129453,11.620925739542258,9.61582800895921,9.696225548309929,11.622868876676478,9.61582800895921,9.696225548309929,11.622868876676478,7.685343946201002
2025-08-27,9.612320483324947,9.714812132985596,11.648743200369653,9.609626044412693,9.719828457408079,11.648851588780444,9.617853254368528,9.706056523358324,11.650799395401052,9.617853254368528,9.706056523358324,11.650799395401052,7.702855104459231
2025-08-28,9.595703878972557,9.739365381618457,11.704954477611363,9.593096706068158,9.744394384409015,11.705063389052915,9.601318482083586,9.730587640153233,11.707020594859,9.601318482083586,9.730587640153233,11.707020594859,7.730133708457259
2025-08-29,9.582854337882946,9.666692103371997,11.646007754824481,9.580330058986823,9.67168357903903,11.646116117782721,9.588602326523109,9.65797985458976,11.648063467004654,9.588602326523109,9.65797985458976,11.648063467004654,7.684033652263833
2025-09-02,9.527381999111526,9.618587326069377,11.591479736414081,9.524991058965636,9.623553961724648,11.591587593038165,9.533104621849006,9.60991843093758,11.593525823308253,9.533104621849006,9.60991843093758,11.593525823308253,7.627093425075948
2025-09-03,9.50540905733924,9.594254803867017,11.515481515208588,9.503052204743053,9.599208870062538,11.515588660887044,9.511101417484495,9.58560782838364,11.517514185583295,9.511101417484495,9.58560782838364,11.517514185583295,7.668428176122391
2025-09-04,9.552704237834044,9.648036364407842,11.58736564428777,9.550216517255022,9.653018201531047,11.587473460711845,9.558436497168048,9.639340922747538,11.589411003469767,9.558436497168048,9.639340922747538,11.589411003469767,7.732516727649087
2025-09-05,9.614575822254336,9.638090325292914,11.564247192472498,9.612055503181795,9.643067029820921,11.56435479566654,9.620324434085681,9.629403852690585,11.566288472989418,9.620324434085681,9.629403852690585,11.566288472989418,7.710121479902621
2025-09-08,9.591789638380401,9.634701958318919,11.549752156593783,9.589257238949232,9.63967691321166,11.549859625644503,9.597522491141994,9.62601854135123,11.551790878331309,9.597522491141994,9.62601854135123,11.551790878331309,7.729062449675948
2025-09-09,9.605208278456297,9.642315735144768,11.503441242180145,9.602699572285708,9.647294621923741,11.50354828732695,9.610959307100774,9.633625457246172,11.50547179164609,9.610959307100774,9.633625457246172,11.50547179164609,7.7469306941946146
2025-09-10,9.603448362934277,9.688964629851217,11.620835028217503,9.600960486300204,9.693967603002058,11.62094316586797,9.609179481729122,9.68023230594245,11.622886299581303,9.609179481729122,9.68023230594245,11.622886299581303,7.769325208704407
2025-09-11,9.679269870293936,9.738612323660888,11.67557627976911,9.676753442510451,9.743640943463733,11.675684929217697,9.685046150794404,9.729835278529382,11.677637214914482,9.685046150794404,9.729835278529382,11.677637214914482,7.833891097306142
2025-09-12,9.638407867354324,9.727899076987528,11.654621516767392,9.635980985235227,9.732922164636745,11.654729968141416,9.64416490733909,9.719131686133663,11.65667875220913,9.64416490733909,9.719131686133663,11.65667875220913,7.831269042958457
2025-09-15,9.59073302747046,9.703221648498028,11.678395592289505,9.58823890820613,9.708231984539822,11.67850426293935,9.596459696312984,9.694476475839883,11.680457024398457,9.596459696312984,9.694476475839883,11.680457024398457,7.872962346738686
2025-09-16,9.571951007982555,9.675183122938105,11.674871742279459,9.569364939467084,9.680178979283854,11.674980384406618,9.577672928475472,9.666463222410517,11.676932554668541,9.577672928475472,9.666463222410517,11.676932554668541,7.8621229089809015
2025-09-17,9.557725312321496,9.654920832664445,11.650209541675101,9.55518288510729,9.659906227942873,11.650317954407647,9.563439579425715,9.646219201243602,11.65226599996772,9.563439579425715,9.646219201243602,11.65226599996772,7.8523547300044285
2025-09-18,9.550185412429334,9.686254610554936,11.714165691187773,9.547615391615665,9.69125619384293,11.714274699493664,9.555917933930017,9.677524754967155,11.716233439670393,9.555917933930017,9.677524754967155,11.716233439670393,7.889043693481818
2025-09-19,9.591485136669561,9.718098382207096,11.744485461617678,9.588892084689409,9.723116411363167,11.744594752208073,9.597246403093308,9.709339833993784,11.746558562441063,9.597246403093308,9.709339833993784,11.746558562441063,7.928117875861059
2025-09-22,9.549754114863763,9.69279834384842,11.71258918212197,9.547243844062026,9.697803306934235,11.71269817390824,9.555492142508236,9.684062590928232,11.714656651693485,9.555492142508236,9.684062590928232,11.714656651693485,7.965625864703763
2025-09-23,9.602758718197627,9.759671418045755,11.786020135778932,9.600287534510707,9.764710905715694,11.786129808822855,9.608516107338577,9.75087538374896,11.788100565908108,9.608516107338577,9.75087538374896,11.788100565908108,7.922265180725928
2025-09-24,9.55449840058572,9.714104521962094,11.753389221700711,9.552076423325996,9.719120477914194,11.753498586356836,9.560191085440662,9.705349549105877,11.755463889379278,9.560191085440662,9.705349549105877,11.755463889379278,7.897059436806454
2025-09-25,9.513359542450445,9.699540317089937,11.746359856477797,9.510963504736326,9.704548755441227,11.746469157552136,9.51902893288294,9.690798483212,11.748433283650296,9.51902893288294,9.690798483212,11.748433283650296,7.860626372928433
2025-09-26,9.598671081639528,9.76417713061855,11.838246039216774,9.596240144532105,9.769218947700313,11.838356195228181,9.604394570718869,9.75537704785409,11.840335686314504,9.604394570718869,9.75537704785409,11.840335686314504,7.905661036233942
2025-09-29,9.603397882627254,9.770339657853544,11.831543531154896,9.600892256757216,9.775384668289982,11.831653630914039,9.609140060517475,9.761534047539657,11.833631997599662,9.609140060517475,9.761534047539657,11.833631997599662,7.927878840705201
2025-09-30,9.639774204261053,9.765640653370689,11.772954753190959,9.637254286221754,9.770683238692241,11.773064307538213,9.645533890115196,9.756839279174168,11.775032877056402,9.645533890115196,9.756839279174168,11.775032877056402,7.957742103980521
2025-10-01,9.580756416159412,9.760689694487846,11.879112082234734,9.578266407303682,9.765729723175829,11.87922262443907,9.586483275146753,9.751892783549696,11.881208944648275,9.586483275146753,9.751892783549696,11.881208944648275,7.9848586626735045
2025-10-02,9.593130403341778,9.786375805837977,11.89061820206853,9.590619169074209,9.79142909743654,11.890728851344155,9.598862995570203,9.777555745966701,11.8927170955051,9.598862995570203,9.777555745966701,11.8927170955051,7.99405491704394
2025-10-03,9.630596306042161,9.80478510988514,11.912108730316879,9.628086324535126,9.809847907507068,11.91221957957465,9.63635260136902,9.795948458699657,11.91421141719193,9.63635260136902,9.795948458699657,11.91421141719193,7.99393686593936
2025-10-06,9.675658976261877,9.989802006905727,12.139014854408755,9.673053544665288,9.994960339307948,12.139127815162981,9.681431862419076,9.980798608349366,12.141157594018361,9.681431862419076,9.980798608349366,12.141157594018361,8.022604953435394
2025-10-07,9.678529105754366,9.968605073042939,12.094489669303469,9.67591342676265,9.97375246117903,12.094602215724326,9.684301888482747,9.959620779315381,12.096624549471507,9.684301888482747,9.959620779315381,12.096624549471507,7.992861207738004
2025-10-08,9.666975173711204,10.029227298754064,12.192297609622038,9.664326039615482,10.034405990590729,12.19241106620397,9.672736941606685,10.020188368194045,12.194449754531114,9.672736941606685,10.020188368194045,12.194449754531114,8.04052305804792
2025-10-09,9.614689799530382,9.971276416605424,12.163670813977577,9.612034740623285,9.976425185182068,12.163784004170152,9.620418524606116,9.962289716622886,12.165817905777349,9.620418524606116,9.962289716622886,12.165817905777349,8.017229595375303
2025-10-10,9.460716126206488,9.71802159368252,11.767154261708738,9.458132778443005,9.723039591180124,11.76726376207889,9.466355413874066,9.709263139701642,11.769231361690162,9.466355413874066,9.709263139701642,11.769231361690162,7.800541293644011
2025-10-13,9.536614293267244,9.857800561169752,12.029500569962744,9.534013450411674,9.862890734478553,12.02961251162138,9.542299353856277,9.848916132435805,12.031623978465332,9.542299353856277,9.848916132435805,12.031623978465332,7.920233381901144
2025-10-14,9.588315299780486,9.895892697873064,12.069576274994525,9.585687248938406,9.901002540431895,12.069688589581427,9.594029610868382,9.886973937348147,12.071706757530839,9.594029610868382,9.886973937348147,12.071706757530839,7.910557590745646
2025-10-15,9.63574927004228,9.956791283765973,12.202276064294349,9.633082426164975,9.961932569719767,12.202389613731732,9.641490000464291,9.947817641116588,12.204429970567938,9.641490000464291,9.947817641116588,12.204429970567938,7.945677427739801
2025-10-16,9.557524506060176,9.852558969636695,12.096582712631609,9.554858321593272,9.857646435286501,12.096695278529499,9.563218882081914,9.843679267790845,12.098717962256886,9.563218882081914,9.843679267790845,12.098717962256886,7.891565294405111
2025-10-17,9.600881815506515,9.873397236974025,12.126511890537234,9.598209585856772,9.878495463040526,12.126624734943931,9.606603575398267,9.864498752972864,12.128652423164121,9.606603575398267,9.864498752972864,12.128652423164121,7.936360189318089
2025-10-20,9.6823499129268,9.968127517274667,12.251245643929257,9.679627302254156,9.97327465842165,12.251359649057736,9.688117481959344,9.959143658384084,12.253408194154549,9.688117481959344,9.959143658384084,12.253408194154549,8.018902108229629
2025-10-21,9.631042719602485,9.916560297370012,12.173479967002356,9.628336480750898,9.92168081145245,12.173593248474955,9.636780865733307,9.90762291024988,12.175628790282076,9.636780865733307,9.90762291024988,12.175628790282076,8.018781857415025
2025-10-22,9.615084357171204,9.906234828223587,12.146238621673218,9.612404647636287,9.911350010815378,12.14635164964888,9.620814350596449,9.89730674742291,12.14838263639883,9.620814350596449,9.89730674742291,12.14838263639883,7.977093686291517
2025-10-23,9.644475992084157,10.002713444105273,12.321785355107796,9.641787256704657,10.007878444393285,12.32190001665025,9.650224689213129,9.993698412317528,12.323960356774576,9.650224689213129,9.993698412317528,12.323960356774576,8.024396983867648
2025-10-24,9.675007359200833,10.05838185725965,12.447058601356533,9.672256224720824,10.063575602942969,12.44717442864105,9.680768877353016,10.049316656888552,12.449255715851242,9.680768877353016,10.049316656888552,12.449255715851242,8.089976938790091
2025-10-27,9.684341857535369,10.100612221789039,12.453235797769347,9.681580484349764,10.105827773990258,12.453351682536361,9.690108219187877,10.091508957277444,12.455434002642777,9.690108219187877,10.091508957277444,12.455434002642777,8.185420156987853
2025-10-28,9.640157922628147,10.071756536166415,12.43126164559266,9.637404416634311,10.076957189133934,12.431377325877113,9.645898030938783,10.06267927949329,12.433455971659873,9.645898030938783,10.06267927949329,12.433455971659873,8.207160624384072
2025-10-29,9.59019009314432,10.07825900860975,12.434760021974165,9.587458968334111,10.083463020549937,12.434875734813042,9.59590289484017,10.069175890578348,12.436954965563428,9.59590289484017,10.069175890578348,12.436954965563428,8.211102504745693
2025-10-30,9.597692193667605,10.06271316047277,12.380754848768326,9.594993615492779,10.067909143719307,12.380870059056939,9.603411944806211,10.053644052252757,12.382940259539222,9.603411944806211,10.053644052252757,12.382940259539222,8.120795609452164
2025-10-31,9.563370392801854,10.029045073017434,12.357761943546075,9.560696793651475,10.034223670949883,12.357876939872039,9.569070772410848,10.020006308625003,12.359943295683774,9.569070772410848,10.020006308625003,12.359943295683774,8.147434097833434
2025-11-03,9.531108785937823,10.004832626058276,12.340561723294833,9.528444208435314,10.00999872263552,12.340676559562516,9.536887977691535,9.995815683851122,12.342740039305328,9.536887977691535,9.995815683851122,12.342740039305328,8.16272428220488
2025-11-04,9.498186364683498,9.902992246346672,12.129648003047892,9.495529072630722,9.908105756971555,12.129760876637938,9.503814196022583,9.894067088680401,12.131789089251184,9.503814196022583,9.894067088680401,12.131789089251184,8.065967103886578
2025-11-05,9.51181697065536,9.918822437780253,12.236834316370782,9.509158044439534,9.923944125507255,12.236948187393255,9.51759935441467,9.909883016287147,12.238994322755174,9.51759935441467,9.909883016287147,12.238994322755174,8.093918819151714
2025-11-06,9.455909319867626,9.83903236959529,12.107322469731043,9.453266369797841,9.844112857972256,12.107435135568732,9.46142256540236,9.830164860855868,12.109459615103468,9.46142256540236,9.830164860855868,12.109459615103468,8.007076467144767
2025-11-07,9.498487722848642,9.8821286014228,12.158717897757507,9.495833007206507,9.887231342182542,12.158831041860225,9.504043540336042,9.87322225096281,12.160864115284525,9.504043540336042,9.87322225096281,12.160864115284525,8.014959494631334
2025-11-10,9.560015893480394,9.975870223636269,12.309012407547288,9.557345364635133,9.981021369494314,12.309126950229823,9.565756786003101,9.966879388163258,12.311185154574689,9.565756786003101,9.966879388163258,12.311185154574689,8.140028407421907
2025-11-11,9.616369681676153,10.005199364699147,12.318061985904585,9.61368468210724,10.010365656427163,12.318176612798819,9.62236690347766,9.996182097835897,12.320236330334254,9.62236690347766,9.996182097835897,12.320236330334254,8.158662151028658
2025-11-12,9.67328046704726,10.075405205804511,12.398160058498771,9.670578336453255,10.080607747721372,12.398275430753218,9.679165296494231,10.066324663412146,12.400348541580946,9.679165296494231,10.066324663412146,12.400348541580946,8.163201619279922
2025-11-13,9.584738189152548,9.94719163622471,12.211133326692261,9.58206159785688,9.952327972930481,12.211246958551703,9.590600795325157,9.93822664654086,12.213288796421109,9.590600795325157,9.93822664654086,12.213288796421109,8.02774127633963
2025-11-14,9.563706606671506,9.933019455613383,12.19642207747229,9.561036439486465,9.938148474631742,12.196535572434806,9.569456304618305,9.924067239616392,12.198574950419044,9.569456304618305,9.924067239616392,12.198574950419044,8.026428049455763
2025-11-17,9.48986213165251,9.836739085186347,12.072913908605397,9.487213456961973,9.84181838884171,12.073026254250927,9.495776823895183,9.827873642368365,12.075044980289958,9.495776823895183,9.827873642368365,12.075044980289958,7.951649640452863
2025-11-18,9.466823774985409,9.823321289169854,12.03805714637718,9.464182617588277,9.828393664559188,12.038169167659792,9.472706247882892,9.814467940248214,12.040182065258888,9.472706247882892,9.814467940248214,12.040182065258888,7.884875976224483
2025-11-19,9.403967262337915,9.832493024727532,12.098290514831783,9.401343858400212,9.837570136097645,12.098403096621725,9.409797791838166,9.823631409829167,12.100426065912732,9.409797791838166,9.823631409829167,12.100426065912732,7.915336827389445
2025-11-20,9.292876740281576,9.672775327371836,11.8498769111955,9.290283810492877,9.677769967091033,11.84998718134909,9.298439016314301,9.664057659962568,11.85196861311122,9.298439016314301,9.664057659962568,11.85196861311122,7.794688598508882
2025-11-21,9.411904853387236,9.796173552394363,12.013234505709702,9.409278551051454,9.801231909930188,12.013346296002888,9.41747361760092,9.787344670964908,12.015355042979243,9.41747361760092,9.787344670964908,12.015355042979243,7.872333229672047
2025-11-24,9.54049535119409,9.958741815638863,12.22450286627814,9.537833701811753,9.96388411728395,12.22461662254909,9.546267585662385,9.949766418291965,12.226660695954834,9.546267585662385,9.949766418291965,12.226660695954834,7.988202221908813
2025-11-25,9.619861919050598,10.08618614629022,12.407699490401187,9.617177867851508,10.09139425491451,12.40781495142571,9.625687846454952,10.077095888074666,12.409889657352997,9.625687846454952,10.077095888074666,12.409889657352997,8.063338450408825
2025-11-26,9.694255416393673,10.182086166484606,12.525611263747999,9.691551449549678,10.187343794169655,12.525727822011715,9.700290906680388,10.172909477847924,12.527822244104375,9.700290906680388,10.172909477847924,12.527822244104375,8.119004312256587
2025-11-28,9.75116470035629,10.25328899671083,12.623289783746216,9.748445217272096,10.258583390572792,12.623407250966658,9.75731509119766,10.244048135638659,12.625518005998758,9.75731509119766,10.244048135638659,12.625518005998758,8.163321136857851
2025-12-01,9.645088272685902,10.140636219725554,12.507177573779062,9.642398917980968,10.14587244361421,12.507293960506322,9.651147850785241,10.13149688808174,12.509385300280144,9.651147850785241,10.13149688808174,12.509385300280144,8.126052183171005
2025-12-02,9.60922858094125,10.113267039191882,12.51778862923494,9.60654808472002,10.118489130972927,12.517905114704387,9.615280699308531,10.104152373230276,12.519998228765186,9.615280699308531,10.104152373230276,12.519998228765186,8.141103332386592
2025-12-03,9.60568520047412,10.142839143129082,12.611607715315467,9.60300198185927,10.148076504919263,12.611725073827312,9.611743039247655,10.133697825999628,12.613833875487101,9.611743039247655,10.133697825999628,12.613833875487101,8.169294082807586
2025-12-04,9.559657916148428,10.101890292812719,12.554849251555828,9.556984482041736,10.107106510345949,12.554966081896408,9.5657130274254,10.092785882221436,12.55706539290716,9.5657130274254,10.092785882221436,12.55706539290716,8.175266295520645
2025-12-05,9.536691373101736,10.074325514195623,12.535463129860831,9.534026841989693,10.079527498017823,12.53557977980202,9.542680353310105,10.065245947600445,12.537675849236715,9.542680353310105,10.065245947600445,12.537675849236715,8.190795515047947
2025-12-08,9.458704108201843,9.998905627204293,12.45532903146687,9.456059902772799,10.004068668260997,12.455444935712606,9.464638019387005,9.989894033697325,12.457527605831089,9.464638019387005,9.989894033697325,12.457527605831089,8.16618809225479
2025-12-09,9.400500015692325,9.955239788992762,12.43782341398002,9.397873329067457,9.96038028318275,12.437939155325575,9.406393012089078,9.94626754614729,12.440018898309305,9.406393012089078,9.94626754614729,12.440018898309305,8.1591394881037
2025-12-10,9.4463097013187,10.031886285446772,12.560639017524323,9.44367010072216,10.03706635747237,12.560755901742121,9.452235329122185,10.02284496365567,12.562856180866403,9.452235329122185,10.02284496365567,12.562856180866403,8.213253087911738
2025-12-11,9.49070754839116,10.062779665415288,12.558344489674136,9.488056792540014,10.067975689529105,12.558461352539982,9.496680002251997,10.053710499324344,12.560561247993583,9.496680002251997,10.053710499324344,12.560561247993583,8.232364901830202
2025-12-12,9.395017512528423,9.903942799504266,12.352883886983234,9.39239486475504,9.909056806975755,12.352998837915946,9.40089868118518,9.895016786489162,12.355064378062142,9.40089868118518,9.895016786489162,12.355064378062142,8.143850036968928
2025-12-15,9.452678599380988,9.927448267603612,12.34632935967906,9.450040346222389,9.932574413101237,12.346444249617992,9.458602390187187,9.91850106956493,12.348508693774022,9.458602390187187,9.91850106956493,12.348508693774022,8.13154632557235
2025-12-16,9.346544841599878,9.823501336175942,12.22507905982369,9.343933866871675,9.828573809139828,12.22519282145645,9.352405524996255,9.814647821780518,12.22723699120819,9.352405524996255,9.814647821780518,12.22723699120819,8.10932852110109
2025-12-17,9.327116704609889,9.757402948890732,12.128840579493582,9.324513563565525,9.76244129039035,12.128953445570023,9.332984815736825,9.748609005485964,12.130981523173041,9.332984815736825,9.748609005485964,12.130981523173041,8.020096550772246
2025-12-18,9.345574822159401,9.798470574908775,12.17816950098017,9.342966627601925,9.803530121932578,12.178282826091573,9.35147221090756,9.7896396202873,12.18031915204118,9.35147221090756,9.7896396202873,12.18031915204118,8.08065896713171
2025-12-19,9.401791427691156,9.909976222789231,12.33702143310158,9.399167484664313,9.915093347640287,12.337136236424698,9.40766818709797,9.901044773062111,12.33919912419146,9.40766818709797,9.901044773062111,12.33919912419146,8.15389757911835
2025-12-22,9.441923040804793,9.957093195988218,12.406503730864065,9.439285257765453,9.962234650984378,12.4066191807613,9.447841993134215,9.948119281836151,12.408693686744243,9.447841993134215,9.948119281836151,12.408693686744243,8.204695482684713
2025-12-23,9.463477563399088,9.983800558072144,12.431087494998275,9.460833089184453,9.988955803990144,12.431203173662059,9.469412651485321,9.974802574307057,12.433281790324925,9.469412651485321,9.974802574307057,12.433281790324925,8.242194672687324
2025-12-24,9.499330063309067,10.02202317102714,12.474790747729937,9.496675981452462,10.027198153579505,12.474906833078487,9.505282375070093,10.012990738851611,12.4769927574133,9.505282375070093,10.012990738851611,12.4769927574133,8.271187584030121
2025-12-26,9.4929648217884,10.020613230289324,12.469963436919144,9.490313448531253,10.025787484651726,12.470079477346703,9.49890236044579,10.011582068909842,12.472164594501232,9.49890236044579,10.011582068909842,12.472164594501232,8.270348761274597
2025-12-29,9.476707856673809,9.991211453271923,12.428842510662921,9.474060820830996,9.996370525081675,12.4289581684358,9.482665847428397,9.982206789099001,12.43103640971221,9.482665847428397,9.982206789099001,12.43103640971221,8.240876313146739
2025-12-30,9.473447014557431,9.975917356433348,12.418585784938283,9.470801357727831,9.981068530893063,12.41870134726624,9.479387897658786,9.966926475841577,12.420777873503551,9.479387897658786,9.966926475841577,12.420777873503551,8.230813373027154
2025-12-31,9.415824608557136,9.90576911960882,12.324503920051962,9.413195159878606,9.91088407252567,12.324618606892196,9.421715886719852,9.896841461040896,12.326679401590969,9.421715886719852,9.896841461040896,12.326679401590969,8.169831545289927
2026-01-02,9.501064502441118,10.020517711007917,12.501086558144628,9.498411429974352,10.025691924757357,12.50120288819135,9.507013170995515,10.011486643789048,12.503293209479335,9.507013170995515,10.011486643789048,12.503293209479335,8.184807171128051
2026-01-05,9.52571635371151,10.046854272464927,12.542772779090672,9.52305650321098,10.052042093888437,12.542889497052478,9.531679127992092,10.037799477296778,12.544986788742166,9.531679127992092,10.037799477296778,12.544986788742166,8.239318918450294
2026-01-06,9.608542367487741,10.130957016430813,12.673617104539556,9.605859278011614,10.136188280261162,12.673735040085642,9.614558289117916,10.121826437526114,12.67585421040785,9.614558289117916,10.121826437526114,12.67585421040785,8.288319658927682
2026-01-07,9.576581915652996,10.104906731685913,12.626916599178813,9.573907542660658,10.110124538244305,12.627034100148917,9.582579541806174,10.095799624970871,12.629145461625066,9.582579541806174,10.095799624970871,12.629145461625066,8.261603447458926
2026-01-08,9.578868843771007,10.067820046150336,12.562930981908103,9.576193874063279,10.07301869152564,12.563047887453976,9.584867606982902,10.058746355207592,12.565148549820309,9.584867606982902,10.058746355207592,12.565148549820309,8.260764624703402
2026-01-09,9.642229449949566,10.11284486048164,12.655617149099218,9.639536983045721,10.118066765434683,12.655734917145011,9.648272493761064,10.103730601093037,12.657851077673643,9.648272493761064,10.103730601093037,12.657851077673643,8.315395889603574
2026-01-12,9.692386831141237,10.127118991922604,12.70639452137087,9.68968050704561,10.132348271433903,12.706512761930318,9.69846382625494,10.117991872194267,12.708637413002688,9.69846382625494,10.117991872194267,12.708637413002688,8.328454834774792
2026-01-13,9.697787751538227,10.161361003868935,12.76952371665895,9.695080127933824,10.166607965972062,12.769642544673113,9.703871942517749,10.1522030255151,12.771777751651978,9.703871942517749,10.1522030255151,12.771777751651978,8.311802296662295
2026-01-14,9.692607513802653,10.147959152048834,12.759139356902534,9.689901254438627,10.153199190787554,12.759258088284051,9.698685869819796,10.138813249849791,12.761391558881991,9.698685869819796,10.138813249849791,12.761391558881991,8.270947815637589
2026-01-15,9.775178438082953,10.235181865897319,12.87090422341387,9.772449160526865,10.240466961552062,12.871023994833955,9.781310390272207,10.225957371241323,12.873176153765796,9.781310390272207,10.225957371241323,12.873176153765796,8.293471379802078
2026-01-16,9.716900654185071,10.1886866140968,12.818070613185663,9.71418775149417,10.193947699066705,12.818189892957577,9.722997672462846,10.179504021467078,12.820333217519728,9.722997672462846,10.179504021467078,12.820333217519728,8.286522495838707
2026-01-20,9.65736688602628,10.086320574552781,12.651785034863012,9.654670430169265,10.091528801359042,12.651902767248705,9.663424964288964,10.077230240254133,12.654018287005039,9.663424964288964,10.077230240254133,12.654018287005039,8.117835532997583
2026-01-21,9.768262711858274,10.274210782121814,12.94456556683598,9.765535040212038,10.279516028388134,12.944686023718685,9.77438871956364,10.264951110758371,12.946850499649814,9.77438871956364,10.264951110758371,12.946850499649814,8.211524115833486
2026-01-22,9.781306338788214,10.313257310212359,13.034886401530839,9.778574927288272,10.3185827302223,13.035007698902639,9.787440018510965,10.303962458502443,13.037187277486057,9.787440018510965,10.303962458502443,13.037187277486057,8.254414795103026
2026-01-23,9.739087362981381,10.26183416333476,12.954522335829946,9.736367738526724,10.26713302447835,12.954642885366312,9.745196273909272,10.25258565192593,12.956809026180416,9.745196273909272,10.25258565192593,12.956809026180416,8.257409333681311
2026-01-26,9.823781064360615,10.337403790580849,13.035921830679053,9.821037755203994,10.342741678758298,13.03604313768614,9.829941167985128,10.328087176411293,13.038222889404873,9.829941167985128,10.328087176411293,13.038222889404873,8.299341672617397
2026-01-27,9.940355268079614,10.466035911931177,13.216646599790614,9.937579405496791,10.471440224876096,13.216769588549182,9.946588395992775,10.456603371188974,13.218979559467693,9.946588395992775,10.456603371188974,13.218979559467693,8.332408446923207
2026-01-28,9.81859882229832,10.369534003267711,13.107339754817087,9.815856985442354,10.374888487757335,13.10746172641044,9.824752279324734,10.360188436715955,13.109653420003703,9.824752279324734,10.360188436715955,13.109653420003703,8.331569624167683
2026-01-29,9.887986030354533,10.43304083357116,13.141589024155254,9.88522473965898,10.438428104046556,13.14171131445843,9.894179236959483,10.423638024782312,13.143908734912031,9.894179236959483,10.423638024782312,13.143908734912031,8.315036603633114
2026-01-30,9.819487390646419,10.317325578714035,12.969178133544428,9.816745303886378,10.32265308927713,12.969298819461708,9.825639897564066,10.308027050447723,12.971467410888868,9.825639897564066,10.308027050447723,12.971467410888868,8.290236339594587
2026-02-02,9.864284396834737,10.375392448593121,13.049303728569345,9.861529805389893,10.380749941996784,13.049425160102949,9.870465105267835,10.365849798412892,13.051607149424463,9.870465105267835,10.365849798412892,13.051607149424463,8.331450106589754
2026-02-03,9.934278499366958,10.407884411933917,13.061504709949329,9.931504370482646,10.413258684940129,13.061626255020322,9.940502571719156,10.398694948680758,13.063810284482186,9.940502571719156,10.398694948680758,13.063810284482186,8.261004393095934
2026-02-04,9.970659215171201,10.398856155457523,12.980892729640951,9.967874934243284,10.404225763995056,12.981013524569516,9.976905604006395,10.388827554390428,12.983184074807975,9.976905604006395,10.388827554390428,12.983184074807975,8.220988734826753
2026-02-05,9.90159489449968,10.311245005247905,12.841896766911129,9.89882994396819,10.316569373646535,12.842016268399579,9.907796575397317,10.301209182645016,12.844163576960725,9.907796575397317,10.301209182645016,12.844163576960725,8.118315069782646
2026-02-06,10.125960782603148,10.63235539736204,13.315911140371771,10.12313317826429,10.637845573912735,13.316035052845935,10.132302870891241,10.62156228802257,13.318261621904242,10.132302870891241,10.62156228802257,13.318261621904242,8.27406260503048
2026-02-09,10.12679390101417,10.695046724857987,13.42887077496132,10.123966100766038,10.700569272489963,13.428995738592079,10.133134894741161,10.684301560927452,13.431241195762851,10.133134894741161,10.684301560927452,13.431241195762851,8.313958745721735
2026-02-10,10.178880737828106,10.694273226374047,13.404770222973964,10.176038394717189,10.69979537722379,13.40489496233475,10.18525445322428,10.684057133702105,13.40713638962407,10.18525445322428,10.684057133702105,13.40713638962407,8.292033502683564
2026-02-11,10.20000044920775,10.726518007257637,13.456520386808311,10.197152225432756,10.732056809549105,13.456645607735155,10.206387143668797,10.71623115458202,13.458895688229827,10.206387143668797,10.71623115458202,13.458895688229827,8.290117555253333
2026-02-12,10.135528363986586,10.642873736517444,13.29078162299784,10.132698132227155,10.648369346473249,13.290905301626898,10.141874715608582,10.632603118020551,13.293127668749246,10.141874715608582,10.632603118020551,13.293127668749246,8.162044571807709
2026-02-13,10.2872353492291,10.849938790071336,13.529588661328257,10.284362728080305,10.855541320869689,13.52971456219886,10.293677399805683,10.839398145865369,13.531976860525077,10.293677399805683,10.839398145865369,13.531976860525077,8.167794613808422
2026-02-17,10.304780315324539,10.856260580629524,13.558264774490985,10.301902788713814,10.861866374446214,13.55839094220988,10.311233374266525,10.845486151522886,13.56065803550248,10.311233374266525,10.845486151522886,13.56065803550248,8.18097307655757
2026-02-18,10.290146241578608,10.895297603523657,13.631980003443037,10.28727279579697,10.900923555259409,13.632106857125986,10.296590456812773,10.884268033174022,13.63438627642814,10.296590456812773,10.884268033174022,13.63438627642814,8.222186843552738
2026-02-19,10.30993319578062,10.915126899122752,13.657227678204935,10.307054213785698,10.920763091714779,13.657354766832517,10.31639025909912,10.9042342477618,13.659638407827865,10.31639025909912,10.9042342477618,13.659638407827865,8.2005013689071
2026-02-20,10.336601373033615,10.856057291068813,13.575204505562752,10.333714949161136,10.861662982418,13.575330830915922,10.34307508342479,10.845222366408413,13.577600756720747,10.34307508342479,10.845222366408413,13.577600756720747,8.259806284369953
2026-02-23,10.361711402263227,10.886786860553268,13.57485976081128,10.358817976843579,10.892408418536336,13.574986082956395,10.368200480951778,10.875639046343474,13.577255951116047,10.368200480951778,10.875639046343474,13.577255951116047,8.17546280294939
2026-02-24,10.467282894824919,11.045245608183004,13.766608504741276,10.464359978623566,11.050948988075113,13.766736611222514,10.473838702413692,11.033870325127932,13.769038541913654,10.473838702413692,11.033870325127932,13.769038541913654,8.234885769516824
2026-02-25,10.492368447853352,11.072914010011912,13.817145939222609,10.489438511708316,11.078631675875661,13.817274515984737,10.498940499359758,11.061253535371542,13.819584897099338,10.498940499359758,11.061253535371542,13.819584897099338,8.304374609150539
2026-02-26,10.444101895527762,10.997371259203822,13.698763206867538,10.441185439925265,11.003049920135421,13.69889068200792,10.45064367367646,10.98622059962692,13.701181268207542,10.45064367367646,10.98622059962692,13.701181268207542,8.258248156436835
2026-02-27,10.47444793157677,11.008949879574129,13.744058482631806,10.471522981546471,11.014634519736969,13.744186379271673,10.481009436542879,10.997603025915934,13.746484539347271,10.481009436542879,10.997603025915934,13.746484539347271,8.218592517374788
2026-03-02,10.37475244386696,10.867180295486893,13.577153311680837,10.371855347406564,10.872791730744014,13.577279655168805,10.380947431703005,10.85597938958525,13.57954990683578,10.380947431703005,10.85597938958525,13.57954990683578,8.223265434700794
2026-03-03,10.154557308597935,10.632861928452634,13.279365279988196,10.151721689402823,10.63835236982931,13.279488852381391,10.160900536446816,10.621902623169934,13.28170931056369,10.160900536446816,10.621902623169934,13.28170931056369,8.150782789725467
2026-03-04,10.18157246030773,10.669388726799827,13.320768984798477,10.178729304069314,10.674898029351711,13.320892942477773,10.188364322035216,10.65839184565862,13.323120323821923,10.188364322035216,10.65839184565862,13.323120323821923,8.208289075625995
2026-03-05,10.027051632994292,10.518997107177949,13.147055029157452,10.024251634842836,10.524428752701425,13.147177370325055,10.033379765727245,10.508154992546038,13.14937570475574,10.033379765727245,10.508154992546038,13.14937570475574,8.1625233753561
2026-03-06,9.956568996305826,10.412330730116485,13.001497697241469,9.953788680898425,10.417707296827162,13.001618683911513,9.963041434085028,10.401598768412217,13.003792679530678,9.963041434085028,10.401598768412217,13.003792679530678,8.055536078956447
2026-03-09,10.031901271401722,10.53235874997062,13.144775680060677,10.02909993319511,10.537797294994673,13.144898000017582,10.038926608039635,10.521503188987076,13.14709595331564,10.038926608039635,10.521503188987076,13.14709595331564,8.126102776501543
2026-03-10,10.01653575178434,10.512921710440944,13.110472696219873,10.013738709963704,10.518350218857453,13.110594696967107,10.022596566963426,10.502086355538445,13.112786914423161,10.022596566963426,10.502086355538445,13.112786914423161,8.11304309809365
2026-03-11,10.037180732724341,10.574219880236438,13.186687877936327,10.034377925563655,10.579680040903506,13.186810587911165,10.043862235288765,10.563321351069787,13.189015549396792,10.043862235288765,10.563321351069787,13.189015549396792,8.102859907159461
2026-03-12,9.95389702836958,10.425047212189888,12.975398723870068,9.951117481075395,10.430430345276303,12.97551946767364,9.960936392597858,10.414302865164174,12.977689099252975,9.960936392597858,10.414302865164174,12.977689099252975,7.979818393773629
2026-03-13,9.948568590037453,10.423469778124687,12.9718702215428,9.945790526938403,10.428852096679758,12.971990932511558,9.956118205275915,10.412727083812282,12.974159974085897,9.956118205275915,10.412727083812282,12.974159974085897,7.934651747866726
2026-03-16,9.995473370977644,10.484483187670541,13.04939102732578,9.992682211803087,10.48989701143485,13.049512459671751,10.003010611138793,10.47367758397535,13.05169446359059,10.003010611138793,10.47367758397535,13.05169446359059,8.015401636346011
2026-03-17,10.051311527961019,10.582372003801215,13.17817677278748,10.048504780026633,10.587836373953536,13.178299403561422,10.058282051611688,10.571465393405177,13.180502941895215,10.058282051611688,10.571465393405177,13.180502941895215,8.036486590155308
2026-03-18,9.913178165771388,10.454076775707783,13.006537338378841,9.910409984406591,10.459474898657733,13.006658371945745,9.920043973532103,10.443302595901121,13.00883321024919,9.920043973532103,10.443302595901121,13.00883321024919,7.924348306117934
2026-03-19,9.901141917861718,10.474437453917957,13.040725682495772,9.89837710280236,10.479846090411199,13.040847034205553,9.908254373157858,10.46364213735022,13.043027589181959,9.908254373157858,10.46364213735022,13.043027589181959,7.904820013768406
2026-03-20,9.764825895381966,10.31862854931991,12.853575510930611,9.762099138121304,10.323956731490519,12.85369512109672,9.77190043342786,10.3079936971028,12.855844382474297,9.77190043342786,10.3079936971028,12.855844382474297,7.791498285738537
2026-03-23,9.918629722229939,10.51459802897154,13.102628882388895,9.915860019010958,10.520027402986772,13.102750810144776,9.9259191618579,10.503761116564432,13.104941716027556,9.9259191618579,10.503761116564432,13.104941716027556,7.873309167685691
2026-03-24,10.055049319068765,10.663985334305405,13.280877805037855,10.052241517932144,10.6694918467525,13.281001391505994,10.062110039553247,10.65299459135624,13.283222102599371,10.062110039553247,10.65299459135624,13.283222102599371,7.846879651756628
2026-03-25,10.09823757522317,10.75885966465927,13.402931544182595,10.095417720752108,10.76441516692018,13.40305626643338,10.105334626357891,10.747771073203632,13.405297386275072,10.105334626357891,10.747771073203632,13.405297386275072,7.890608420545015
2026-03-26,10.030233859350977,10.654190457364951,13.263172223939923,10.02743298911714,10.659691912080355,13.263295645647098,10.037617837266362,10.643209904193407,13.265513396169576,10.037617837266362,10.643209904193407,13.265513396169576,7.749692063510447
2026-03-27,10.006231283088377,10.599097034169558,13.177183476756422,10.003437122469833,10.604570040561013,13.177306098287156,10.01352584587683,10.58817356184849,13.179509470530757,10.01352584587683,10.58817356184849,13.179509470530757,7.617545217101807
2026-03-30,9.97304952339059,10.504782788472097,13.059088535154988,9.970264618589258,10.510207094256087,13.05921005774204,9.980464120890392,10.493956531283326,13.061393683192492,9.980464120890392,10.493956531283326,13.061393683192492,7.59207624121622
2026-03-31,10.111318198025577,10.679934350971225,13.297153120752444,10.108494689978498,10.685449098939921,13.29727685867208,10.117383730006997,10.668927231551102,13.299500291180012,10.117383730006997,10.668927231551102,13.299500291180012,7.81276214929639
2026-04-01,10.147067559413234,10.762963149187584,13.398009516770486,10.14423406873254,10.768520770350184,13.398134192701242,10.153152769975994,10.751870457340784,13.400374489561772,10.153152769975994,10.751870457340784,13.400374489561772,7.871627122754598
2026-04-02,10.193039189167056,10.784398412065494,13.425765909119491,10.190192860574161,10.789967101654971,13.425890843559424,10.199152270227533,10.773283628276017,13.428135781583148,10.199152270227533,10.773283628276017,13.428135781583148,7.878715321686107
2026-04-06,10.179723893207017,10.766929589429614,13.400605131249094,10.176881282555431,10.772489258724493,13.400729830852256,10.185828326957138,10.755832809628552,13.402970561762725,10.185828326957138,10.755832809628552,13.402970561762725,7.915956412379327
2026-04-07,10.16443764176687,10.736999809933813,13.368305554163781,10.161599299843443,10.742544024527824,13.368429954219867,10.170533414781449,10.725933876826188,13.370665284207838,10.170533414781449,10.725933876826188,13.370665284207838,7.919440019819443
2026-04-08,10.337507957326592,10.994806742810741,13.688072717944209,10.334621287156933,11.00048407997018,13.688200093373746,10.343704609495687,10.983475104727304,13.690488892020534,10.343704609495687,10.983475104727304,13.690488892020534,8.121144630109193
2026-04-09,10.346061753169746,11.00225298446556,13.698585420392984,10.343172694022286,11.007934166606127,13.698712893904569,10.352262985536333,10.99091367202126,13.701003450374484,10.352262985536333,10.99091367202126,13.701003450374484,8.167996253893888
2026-04-10,10.178659852911663,10.87625664012773,13.54626851476039,10.175817539127115,10.881872762122685,13.546394571808662,10.184759563541059,10.865047183988391,13.548659659124306,10.184759563541059,10.865047183988391,13.548659659124306,8.162590833130146
2026-04-13,10.24036669498974,10.966857144105617,13.668555953036414,10.237507150342175,10.972520049060924,13.66868314999139,10.246503624934556,10.955554311871733,13.6709686849939,10.246503624934556,10.955554311871733,13.6709686849939,8.242358917702397
2026-04-14,10.169904715930262,10.935663348777968,13.636468823159712,10.167064847035382,10.941310146338438,13.636595722913372,10.176000187086903,10.924392665977226,13.638875892490718,10.176000187086903,10.924392665977226,13.638875892490718,8.342791078232835
2026-04-15,10.116337719088921,10.86807297000675,13.553997608441316,10.113512808115939,10.873684866238074,13.554123741097579,10.122403069508382,10.856871948249568,13.556390120542149,10.122403069508382,10.856871948249568,13.556390120542149,8.408623999807949
2026-04-16,10.311028586371185,11.122327981785304,13.874665766211756,10.308149308377043,11.128071166493099,13.874794883720787,10.31721156473481,11.110864915788639,13.8771148824026,10.31721156473481,11.110864915788639,13.8771148824026,8.429286609292786
2026-04-17,10.260445675536038,11.087839330424142,13.82821279054501,10.257580522624727,11.093564706387633,13.828341475058409,10.266597133829437,11.076411809655479,13.830653706335283,10.266597133829437,11.076411809655479,13.830653706335283,8.531160313125113
2026-04-20,10.295383955260895,11.117419023851983,13.867717279464163,10.292509046884486,11.12315967374403,13.867846332141053,10.301555492656432,11.10596101720155,13.870165168970528,10.301555492656432,11.10596101720155,13.870165168970528,8.51410082865832
2026-04-21,10.363584984829755,11.192729455517902,13.963960573380234,10.360691031555264,11.19850899310686,13.964090522168124,10.369799262214384,11.18119383126367,13.966425451914972,10.369799262214384,11.18119383126367,13.966425451914972,8.458359443433093
2026-04-22,10.362954300681137,11.248870850905883,14.030614983279918,10.360060522811088,11.254679377965749,14.030745551658633,10.369170838635837,11.23727736533663,14.033091626814718,10.369170838635837,11.23727736533663,14.033091626814718,8.544014685264171
2026-04-23,10.50353003323261,11.36759900838298,14.177016562819647,10.500597000548234,11.373468842548654,14.17714849325938,10.509829732935115,11.355883157360346,14.179519048415425,10.509829732935115,11.355883157360346,14.179519048415425,8.510857722847408
2026-04-24,10.444576870323084,11.385094787795275,14.200463317042553,10.441660298020247,11.390973656175094,14.20059546601062,10.45084401479184,11.373360905001492,14.202969941701499,10.45084401479184,11.373360905001492,14.202969941701499,8.576810895237125
2026-04-27,10.459824760984846,11.35341209300571,14.158838697559458,10.456903931027869,11.359274601539955,14.15897045873745,10.46610046692083,11.341710863521584,14.161337974358936,10.46610046692083,11.341710863521584,14.161337974358936,8.59158708069981
2026-04-28,10.437435043024019,11.261963876564867,14.040191057099971,10.434520465582953,11.267779164409424,14.04032171320554,10.443698573451664,11.25035689685817,14.042669389686502,10.443698573451664,11.25035689685817,14.042669389686502,8.549780858471722
2026-04-29,10.48455214119288,11.378537864137213,14.196221313637508,10.48162440689314,11.384413346748897,14.196353423937516,10.490845182260577,11.366810739141963,14.198727190260742,10.490845182260577,11.366810739141963,14.198727190260742,8.548459565984437
2026-04-30,10.634324641902412,11.58231260326536,14.438526118189726,10.631355083860223,11.588293308090192,14.43866048093141,10.640706818625434,11.5703754607903,14.441074763491017,10.640706818625434,11.5703754607903,14.441074763491017,8.633513553742501
2026-05-01,10.56864002019595,11.499194050672148,14.330742522402597,10.565688803944138,11.505131835993739,14.330875882126431,10.57498280575996,11.487342571851727,14.333272142067012,10.57498280575996,11.487342571851727,14.333272142067012,8.657420735511598
2026-05-04,10.552612472381433,11.48299741700526,14.310993531434754,10.549665731559484,11.488926840900548,14.311126707377465,10.558945625442878,11.471162633766696,14.313519665066549,10.558945625442878,11.471162633766696,14.313519665066549,8.625705316396722
2026-05-05,10.684580212973913,11.678706924173627,14.570556495168237,10.681596621795803,11.684737407693088,14.570692086564657,10.690992543542903,11.666670434176542,14.573128446075458,10.690992543542903,11.666670434176542,14.573128446075458,8.694902327834022
2026-05-06,10.706618462690363,11.761009640515164,14.685319998953934,10.703628717384598,11.767082624088376,14.685456658322174,10.7130439971864,11.748888328685407,14.687912207570445,10.7130439971864,11.748888328685407,14.687912207570445,8.815756596220094
2026-05-07,10.524441181639968,11.53327566558388,14.393125927691894,10.52150230759504,11.539231054187397,14.39325986794627,10.530757366766972,11.521389063837022,14.3956665590878,10.530757366766972,11.521389063837022,14.3956665590878,8.788726559454691
2026-05-08,10.662337987533942,11.80609705166059,14.735433174693926,10.659360607242391,11.812193324024017,14.735570300407803,10.668736901389506,11.793929273593866,14.738034229137831,10.668736901389506,11.793929273593866,14.738034229137831,8.861286927517504
2026-05-11,10.790537171199233,11.931485562138212,14.894762470699632,10.787523992343434,11.93764658012287,14.894901079107855,10.79701300660031,11.919188550154873,14.897391649472732,10.79701300660031,11.919188550154873,14.897391649472732,8.881469266980604
2026-05-12,10.786462845768298,11.90895921343217,14.876150271912104,10.783450804330037,11.915108599237689,14.876288707118018,10.792936228956146,11.8966854195763,14.878776165315728,10.792936228956146,11.8966854195763,14.878776165315728,8.868014374005204
2026-05-13,10.812604772482109,11.973636662917125,14.963620821114567,10.80958543097734,11.979819447906605,14.963760070308192,10.819093770935437,11.961296209957778,14.966262154557043,10.819093770935437,11.961296209957778,14.966262154557043,8.917629566815746
2026-05-14,10.806293785457964,11.92509326978494,14.893716082972876,10.803276207727086,11.931250989093636,14.893854681643573,10.812779081693439,11.912802850749998,14.896345077040754,10.812779081693439,11.912802850749998,14.896345077040754,8.98802761992573
2026-05-15,10.681798473433698,11.729690474101485,14.653769786062353,10.678815660506318,11.735747294464382,14.653906151829078,10.688208946885966,11.717601445244346,14.656356425529966,10.688208946885966,11.717601445244346,14.656356425529966,8.879907472864115
2026-05-18,10.749471767388487,11.744212162767127,14.65359419051539,10.746470057556817,11.7502764831064,14.653730554648048,10.755922814439733,11.732108169423805,14.656180798987403,10.755922814439733,11.732108169423805,14.656180798987403,8.873661029634826
2026-05-19,10.675314311784627,11.595361517565923,14.444013337332606,10.672333309957272,11.601348975670389,14.444147751137521,10.68172083918929,11.583410935470997,14.446562951221354,10.68172083918929,11.583410935470997,14.446562951221354,8.814554821310738
2026-05-20,10.692157751415055,11.668528369390815,14.54159086325258,10.689172046356935,11.674553608833554,14.541726185099202,10.69857442347154,11.656502380020076,14.54415770123338,10.69857442347154,11.656502380020076,14.54415770123338,8.90489544549129
2026-05-21,10.672581620369991,11.671414480591455,14.546891760772631,10.669601381543819,11.677441208968936,14.547027131948605,10.678986548604708,11.659385513645068,14.549459534451954,10.678986548604708,11.659385513645068,14.549459534451954,8.92255471755775
2026-05-22,10.764011931488712,11.803151630932549,14.712339203530297,10.76100616102758,11.809246384552742,14.712476114335166,10.770471695630611,11.790986893680616,14.714936181495718,10.770471695630611,11.790986893680616,14.714936181495718,8.957634226534813
2026-05-26,10.84581287686054,11.96208265693749,14.927094976569197,10.842784264258208,11.968259476291284,14.927233885858831,10.852321754342272,11.94975411942498,14.929729862579208,10.852321754342272,11.94975411942498,14.929729862579208,9.017100454066034
