strategy,support_size,vol_multiplier,rebalance_date,next_rebalance_date,target_vol_daily,target_vol_annualized,benchmark_vol_annualized,dense_realized_vol_daily,dense_realized_vol_annualized,sparse_realized_vol_daily,sparse_realized_vol_annualized,dense_expected_return_daily,sparse_expected_return_daily,dense_feasible,sparse_feasible,num_holdings
k=100|vol=0.80,100,0.8,2010-07-30,2010-08-31,0.010189710375007838,0.16175663750427272,0.2021957968803409,0.010189710375026738,0.16175663750457273,0.010189710375026738,0.16175663750457273,0.0004201783482425669,0.0004201783482425669,True,True,25
k=100|vol=0.80,100,0.8,2010-08-31,2010-09-30,0.010013829911548982,0.15896462170355122,0.19870577712943902,0.010013829919266097,0.1589646218260566,0.010013829919266097,0.1589646218260566,0.0004484152467299736,0.0004484152467299736,True,True,24
k=100|vol=0.80,100,0.8,2010-09-30,2010-10-29,0.009846828166272319,0.15631355118445636,0.19539193898057045,0.009846828313148644,0.15631355351604576,0.009846828313148644,0.15631355351604576,0.0013672934213737457,0.0013672934213737457,True,True,22
k=100|vol=0.80,100,0.8,2010-10-29,2010-11-30,0.009483775840464522,0.1505502741825102,0.18818784272813774,0.0094837758408994,0.1505502741894137,0.0094837758408994,0.1505502741894137,0.0016487859840148016,0.0016487859840148016,True,True,23
k=100|vol=0.80,100,0.8,2010-11-30,2010-12-31,0.009307479006322452,0.1477516487021027,0.18468956087762836,0.009307479006408584,0.14775164870347,0.009307479006408584,0.14775164870347,0.001559334284778285,0.001559334284778285,True,True,22
k=100|vol=0.80,100,0.8,2010-12-31,2011-01-31,0.008997727103154796,0.1428344896786392,0.178543112098299,0.008997727181197365,0.1428344909175266,0.008997727181197365,0.1428344909175266,0.0018250639935019494,0.0018250639935019494,True,True,24
k=100|vol=0.80,100,0.8,2011-01-31,2011-02-28,0.008766853243307681,0.13916948077435293,0.17396185096794115,0.008766854504548274,0.13916950079592666,0.008766854504548274,0.13916950079592666,0.0017068786759209644,0.0017068786759209644,True,True,22
k=100|vol=0.80,100,0.8,2011-02-28,2011-03-31,0.008603949662334283,0.13658346659672801,0.17072933324591,0.008603949737630486,0.1365834677920182,0.008603949737630486,0.1365834677920182,0.001925429127300984,0.001925429127300984,True,True,23
k=100|vol=0.80,100,0.8,2011-03-31,2011-04-29,0.008565187209269848,0.13596813173063618,0.16996016466329522,0.008565187610109644,0.13596813809377067,0.008565187610109644,0.13596813809377067,0.0016802964753529692,0.0016802964753529692,True,True,24
k=100|vol=0.80,100,0.8,2011-04-29,2011-05-31,0.008373216032913511,0.13292068378144783,0.1661508547268098,0.008373216132724935,0.13292068536590507,0.008373216132724935,0.13292068536590507,0.0020407441750424017,0.0020407441750424017,True,True,24
k=100|vol=0.80,100,0.8,2011-05-31,2011-06-30,0.008225428096306806,0.1305746230192275,0.1632182787740344,0.008225428096708533,0.13057462302560474,0.008225428096708533,0.13057462302560474,0.0017533708583412284,0.0017533708583412284,True,True,22
k=100|vol=0.80,100,0.8,2011-06-30,2011-07-29,0.0082239222432812,0.1305507183435269,0.16318839792940865,0.008223922362274622,0.13055072023248893,0.008223922362274622,0.13055072023248893,0.0015304165133162612,0.0015304165133162612,True,True,23
k=100|vol=0.80,100,0.8,2011-07-29,2011-08-31,0.00820132836049122,0.13019205157344513,0.16274006446680642,0.008201328388162595,0.13019205201271458,0.008201328388162595,0.13019205201271458,0.0011659312774824546,0.0011659312774824546,True,True,22
k=100|vol=0.80,100,0.8,2011-08-31,2011-09-30,0.009588783446618326,0.1522172182524293,0.1902715228155366,0.012556810447598803,0.1993331862271445,0.012556810447598803,0.1993331862271445,0.0006082987533825088,0.0006082987533825088,False,False,21
k=100|vol=0.80,100,0.8,2011-09-30,2011-10-31,0.009881408770872867,0.1568625012642122,0.19607812658026522,0.01277880443050587,0.20285723145509343,0.01277880443050587,0.20285723145509343,0.0002678995558624951,0.0002678995558624951,False,False,22
k=100|vol=0.80,100,0.8,2011-10-31,2011-11-30,0.010153828117880495,0.16118702433124096,0.20148378041405118,0.013027925844152553,0.20681191129571327,0.013027925844152553,0.20681191129571327,0.0008908285109914094,0.0008908285109914094,False,False,22
k=100|vol=0.80,100,0.8,2011-11-30,2011-12-30,0.010416485496110435,0.16535658094811687,0.20669572618514606,0.013169911139875114,0.20906585798957245,0.013169911139875114,0.20906585798957245,0.000883051677782879,0.000883051677782879,False,False,22
k=100|vol=0.80,100,0.8,2011-12-30,2012-01-31,0.010371221484605739,0.1646380370414213,0.2057975463017766,0.012417527411402278,0.19712213657338842,0.012417527411402278,0.19712213657338842,0.0008271767307766473,0.0008271767307766473,False,False,21
k=100|vol=0.80,100,0.8,2012-01-31,2012-02-29,0.010274207561329273,0.16309798875321993,0.2038724859415249,0.011316790943712154,0.1796484868582219,0.011316790943712154,0.1796484868582219,0.0009473716437035304,0.0009473716437035304,False,False,22
k=100|vol=0.80,100,0.8,2012-02-29,2012-03-30,0.01018057067050998,0.16161154919332502,0.20201443649165626,0.010260431165400695,0.16287929524768124,0.010260431165400695,0.16287929524768124,0.0008778959403019077,0.0008778959403019077,False,False,21
k=100|vol=0.80,100,0.8,2012-03-30,2012-04-30,0.010216102633889085,0.1621756016254948,0.20271950203186848,0.010216102681210591,0.1621756023767004,0.010216102681210591,0.1621756023767004,0.001532450565752097,0.001532450565752097,True,True,23
k=100|vol=0.80,100,0.8,2012-04-30,2012-05-31,0.010204620169308237,0.1619933231511806,0.20249165393897572,0.010204620208305188,0.161993323770238,0.010204620208305188,0.161993323770238,0.0016738233573923257,0.0016738233573923257,True,True,22
k=100|vol=0.80,100,0.8,2012-05-31,2012-06-29,0.00973046176955927,0.15446629190445188,0.19308286488056484,0.009730461781530277,0.15446629209448576,0.009730461781530277,0.15446629209448576,0.0011019723296222517,0.0011019723296222517,True,True,22
k=100|vol=0.80,100,0.8,2012-06-29,2012-07-31,0.0096476646834316,0.15315192890940424,0.1914399111367553,0.009647665452712577,0.15315194112136116,0.009647665452712577,0.15315194112136116,0.0013281729933763043,0.0013281729933763043,True,True,22
k=100|vol=0.80,100,0.8,2012-07-31,2012-08-31,0.00950815792896219,0.15093732783816538,0.1886716597977067,0.00950815793704717,0.15093732796651047,0.00950815793704717,0.15093732796651047,0.0013274613470681314,0.0013274613470681314,True,True,22
k=100|vol=0.80,100,0.8,2012-08-31,2012-09-28,0.009341344829724934,0.14828925198210707,0.18536156497763384,0.009341344866653648,0.14828925256833222,0.009341344866653648,0.14828925256833222,0.0013081734840234283,0.0013081734840234283,True,True,24
k=100|vol=0.80,100,0.8,2012-09-28,2012-10-31,0.009320877643516485,0.14796434547363824,0.1849554318420478,0.009320877644906595,0.14796434549570556,0.009320877644906595,0.14796434549570556,0.0015204509306073488,0.0015204509306073488,True,True,23
k=100|vol=0.80,100,0.8,2012-10-31,2012-11-30,0.009325367077892863,0.14803561303496168,0.18504451629370208,0.009325367078743365,0.148035613048463,0.009325367078743365,0.148035613048463,0.0014945723025455325,0.0014945723025455325,True,True,22
k=100|vol=0.80,100,0.8,2012-11-30,2012-12-31,0.009330922115183249,0.148123796518126,0.18515474564765746,0.009330922116717374,0.14812379654247945,0.009330922116717374,0.14812379654247945,0.001538713935114497,0.001538713935114497,True,True,21
k=100|vol=0.80,100,0.8,2012-12-31,2013-01-31,0.009348773411333536,0.14840717705928894,0.18550897132411115,0.009348773415918964,0.14840717713208035,0.009348773415918964,0.14840717713208035,0.00148894323117736,0.00148894323117736,True,True,22
k=100|vol=0.80,100,0.8,2013-01-31,2013-02-28,0.00935727513119864,0.14854213767816535,0.1856776720977067,0.009357275904060805,0.14854214994697187,0.009357275904060805,0.14854214994697187,0.0017720081126346742,0.0017720081126346742,True,True,23
k=100|vol=0.80,100,0.8,2013-02-28,2013-03-28,0.0093745318286764,0.14881607925802393,0.1860200990725299,0.00937453219915864,0.14881608513924716,0.00937453219915864,0.14881608513924716,0.0017204372427562032,0.0017204372427562032,True,True,21
k=100|vol=0.80,100,0.8,2013-03-28,2013-04-30,0.009252229729060337,0.14687459361559302,0.18359324201949126,0.009252229871609922,0.14687459587849752,0.009252229871609922,0.14687459587849752,0.002161837492661927,0.002161837492661927,True,True,21
k=100|vol=0.80,100,0.8,2013-04-30,2013-05-31,0.00931937808651792,0.1479405407442684,0.1849256759303355,0.009319378086842335,0.14794054074941834,0.009319378086842335,0.14794054074941834,0.002175642554273676,0.002175642554273676,True,True,21
k=100|vol=0.80,100,0.8,2013-05-31,2013-06-28,0.009325109244948263,0.14803152006385442,0.18503940007981803,0.00932510929345904,0.1480315208339391,0.00932510929345904,0.1480315208339391,0.0022174233003648667,0.0022174233003648667,True,True,23
k=100|vol=0.80,100,0.8,2013-06-28,2013-07-31,0.00933805674766286,0.14823705529754735,0.1852963191219342,0.009338056832064642,0.14823705663738412,0.009338056832064642,0.14823705663738412,0.0016980709948754647,0.0016980709948754647,True,True,23
k=100|vol=0.80,100,0.8,2013-07-31,2013-08-30,0.009224517218551616,0.14643467114952496,0.1830433389369062,0.009224517257596297,0.14643467176934008,0.009224517257596297,0.14643467176934008,0.001987312920063268,0.001987312920063268,True,True,21
k=100|vol=0.80,100,0.8,2013-08-30,2013-09-30,0.007916299929526993,0.12566736550395943,0.15708420687994928,0.00791630014063137,0.12566736885513752,0.00791630014063137,0.12566736885513752,0.0014610753687326668,0.0014610753687326668,True,True,23
k=100|vol=0.80,100,0.8,2013-09-30,2013-10-31,0.007478095447723509,0.11871108501048373,0.14838885626310466,0.007478095586335273,0.11871108721087725,0.007478095586335273,0.11871108721087725,0.0017568509567123488,0.0017568509567123488,True,True,27
k=100|vol=0.80,100,0.8,2013-10-31,2013-11-29,0.006930946564774342,0.11002536576402203,0.13753170720502753,0.00693094703377068,0.11002537320910807,0.00693094703377068,0.11002537320910807,0.0017988342652768313,0.0017988342652768313,True,True,26
k=100|vol=0.80,100,0.8,2013-11-29,2013-12-31,0.006371494664014356,0.10114434216454216,0.1264304277056777,0.006371494691762797,0.101144342605035,0.006371494691762797,0.101144342605035,0.001530636288113808,0.001530636288113808,True,True,26
k=100|vol=0.80,100,0.8,2013-12-31,2014-01-31,0.006005299980769908,0.09533118178474888,0.1191639772309361,0.006005300432749287,0.09533118895969908,0.006005300432749287,0.09533118895969908,0.0013552888732492622,0.0013552888732492622,True,True,27
k=100|vol=0.80,100,0.8,2014-01-31,2014-02-28,0.006073567488828566,0.09641489487844472,0.12051861859805589,0.006150996542672481,0.09764404300277689,0.006150996542672481,0.09764404300277689,0.0004606583392612964,0.0004606583392612964,False,False,25
k=100|vol=0.80,100,0.8,2014-02-28,2014-03-31,0.006137558365909456,0.09743071856004235,0.12178839820005292,0.00623340810527668,0.09895228600161854,0.00623340810527668,0.09895228600161854,0.000803410055858434,0.000803410055858434,False,False,22
k=100|vol=0.80,100,0.8,2014-03-31,2014-04-30,0.006109963162664546,0.09699265828905645,0.12124082286132055,0.006109963183543952,0.09699265862050675,0.006109963183543952,0.09699265862050675,0.001045769414262354,0.001045769414262354,True,True,27
k=100|vol=0.80,100,0.8,2014-04-30,2014-05-30,0.006081941306871658,0.09654782511884147,0.12068478139855182,0.006081941367424864,0.09654782608009382,0.006081941367424864,0.09654782608009382,0.00111984949351056,0.00111984949351056,True,True,24
k=100|vol=0.80,100,0.8,2014-05-30,2014-06-30,0.005996601090649419,0.09519309118510233,0.1189913639813779,0.005996601091499495,0.09519309119859687,0.005996601091499495,0.09519309119859687,0.0013541551930425437,0.0013541551930425437,True,True,23
k=100|vol=0.80,100,0.8,2014-06-30,2014-07-31,0.005684462399643457,0.09023804307932427,0.11279755384915534,0.005684462414438567,0.09023804331418937,0.005684462414438567,0.09023804331418937,0.001414241364136868,0.001414241364136868,True,True,24
k=100|vol=0.80,100,0.8,2014-07-31,2014-08-29,0.00554399102791395,0.08800812918380196,0.11001016147975246,0.005543991159513937,0.088008131272887,0.005543991159513937,0.088008131272887,0.0010179588304086282,0.0010179588304086282,True,True,23
k=100|vol=0.80,100,0.8,2014-08-29,2014-09-30,0.005523788711694252,0.08768742735605313,0.10960928419506641,0.005523788760340392,0.08768742812828666,0.005523788760340392,0.08768742812828666,0.001383656736964209,0.001383656736964209,True,True,23
k=100|vol=0.80,100,0.8,2014-09-30,2014-10-31,0.00549797151671528,0.08727759209127137,0.1090969901140892,0.005497971585712189,0.08727759318656333,0.005497971585712189,0.08727759318656333,0.000878641369201044,0.000878641369201044,True,True,24
k=100|vol=0.80,100,0.8,2014-10-31,2014-11-28,0.005699711291894213,0.0904801117393126,0.11310013967414075,0.005699711340700858,0.09048011251409406,0.005699711340700858,0.09048011251409406,0.0010065645942406885,0.0010065645942406885,True,True,21
k=100|vol=0.80,100,0.8,2014-11-28,2014-12-31,0.005506816399904261,0.08741800025903212,0.10927250032379014,0.005506816424023191,0.08741800064190827,0.005506816424023191,0.08741800064190827,0.0013578462518826701,0.0013578462518826701,True,True,25
k=100|vol=0.80,100,0.8,2014-12-31,2015-01-30,0.005618129586705507,0.08918504231854117,0.11148130289817645,0.0061006134160461935,0.09684423566281469,0.0061006134160461935,0.09684423566281469,0.0009796884111321251,0.0009796884111321251,False,False,28
k=100|vol=0.80,100,0.8,2015-01-30,2015-02-27,0.005773372351141652,0.09164944480378251,0.11456180600472812,0.006482833477049734,0.10291179102790653,0.006482833477049734,0.10291179102790653,0.0008426097811854123,0.0008426097811854123,False,False,26
k=100|vol=0.80,100,0.8,2015-02-27,2015-03-31,0.005711438231835208,0.09066627113965459,0.11333283892456822,0.006297711323265921,0.09997306794142277,0.006297711323265921,0.09997306794142277,0.0009308209483040389,0.0009308209483040389,False,False,25
k=100|vol=0.80,100,0.8,2015-03-31,2015-04-30,0.005844851517915844,0.09278414139902225,0.11598017674877781,0.0069096918646646185,0.1096879578599325,0.0069096918646646185,0.1096879578599325,0.0007525436569578865,0.0007525436569578865,False,False,27
k=100|vol=0.80,100,0.8,2015-04-30,2015-05-29,0.005727492919818665,0.09092113141034036,0.11365141426292545,0.006588921233123179,0.10459588194622182,0.006588921233123179,0.10459588194622182,0.0005646218047521965,0.0005646218047521965,False,False,28
k=100|vol=0.80,100,0.8,2015-05-29,2015-06-30,0.005745978342617907,0.09121457839998043,0.11401822299997552,0.00645620807023677,0.10248912579800835,0.00645620807023677,0.10248912579800835,0.0006577247707714354,0.0006577247707714354,False,False,30
k=100|vol=0.80,100,0.8,2015-06-30,2015-07-31,0.005583224371867865,0.08863093921102308,0.11078867401377884,0.006460086529601952,0.1025506944317104,0.006460086529601952,0.1025506944317104,0.00035635020886472604,0.00035635020886472604,False,False,27
k=100|vol=0.80,100,0.8,2015-07-31,2015-08-31,0.005657461948130144,0.08980942419938016,0.1122617802492252,0.006311606293708224,0.10019364375901234,0.006311606293708224,0.10019364375901234,0.0006477430057592943,0.0006477430057592943,False,False,28
k=100|vol=0.80,100,0.8,2015-08-31,2015-09-30,0.0061893869179900736,0.09825347131774959,0.12281683914718698,0.008246655818358374,0.13091160265992063,0.008246655818358374,0.13091160265992063,-3.164725686319654e-05,-3.164725686319654e-05,False,False,26
k=100|vol=0.80,100,0.8,2015-09-30,2015-10-30,0.006537042427101737,0.10377233143193565,0.12971541428991956,0.00887789570296089,0.1409322251736208,0.00887789570296089,0.1409322251736208,-1.610408573212506e-05,-1.610408573212506e-05,False,False,24
k=100|vol=0.80,100,0.8,2015-10-30,2015-11-30,0.00655478199627471,0.10405393836231834,0.13006742295289792,0.008477301402553677,0.13457298780057653,0.008477301402553677,0.13457298780057653,0.0004987471979587107,0.0004987471979587107,False,False,27
k=100|vol=0.80,100,0.8,2015-11-30,2015-12-31,0.006601673731304782,0.10479832157892177,0.13099790197365221,0.008168863213317118,0.12967668333924642,0.008168863213317118,0.12967668333924642,0.00038133481641054306,0.00038133481641054306,False,False,27
k=100|vol=0.80,100,0.8,2015-12-31,2016-01-29,0.006792890817048704,0.10783379871075137,0.1347922483884392,0.008341947546890193,0.13242431195410065,0.008341947546890193,0.13242431195410065,0.00025988789124796756,0.00025988789124796756,False,False,24
k=100|vol=0.80,100,0.8,2016-01-29,2016-02-29,0.007074597553662075,0.11230575451713468,0.14038219314641834,0.008871980288920094,0.14083832088689727,0.008871980288920094,0.14083832088689727,-0.00012661097675632487,-0.00012661097675632487,False,False,22
k=100|vol=0.80,100,0.8,2016-02-29,2016-03-31,0.007194396440550697,0.11420750288943259,0.14275937861179072,0.008830279371473244,0.14017633934485169,0.008830279371473244,0.14017633934485169,0.00030524618547758203,0.00030524618547758203,False,False,24
k=100|vol=0.80,100,0.8,2016-03-31,2016-04-29,0.007230596642138405,0.11478216327430146,0.14347770409287683,0.0082379211038164,0.13077294336521342,0.0082379211038164,0.13077294336521342,0.0008973803288109159,0.0008973803288109159,False,False,22
k=100|vol=0.80,100,0.8,2016-04-29,2016-05-31,0.00718555623533463,0.11406716898218966,0.14258396122773706,0.007916567490879716,0.12567161290875797,0.007916567490879716,0.12567161290875797,0.0008561437573017596,0.0008561437573017596,False,False,24
k=100|vol=0.80,100,0.8,2016-05-31,2016-06-30,0.007224304843132773,0.11468228406149283,0.14335285507686604,0.007557146196291316,0.11996597674046722,0.007557146196291316,0.11996597674046722,0.0008694335779843838,0.0008694335779843838,False,False,27
k=100|vol=0.80,100,0.8,2016-06-30,2016-07-29,0.007446669759264014,0.11821221767182682,0.14776527208978352,0.00789893512558506,0.12539170778718492,0.00789893512558506,0.12539170778718492,0.0009811019895767398,0.0009811019895767398,False,False,24
k=100|vol=0.80,100,0.8,2016-07-29,2016-08-31,0.007447028113730552,0.11821790637262485,0.14777238296578105,0.00744702813065408,0.11821790664127753,0.00744702813065408,0.11821790664127753,0.0012754862860611161,0.0012754862860611161,True,True,24
k=100|vol=0.80,100,0.8,2016-08-31,2016-09-30,0.007390125688919044,0.11731460838233804,0.14664326047792253,0.007390125790614915,0.11731460999670994,0.007390125790614915,0.11731460999670994,0.0013452793034988452,0.0013452793034988452,True,True,26
k=100|vol=0.80,100,0.8,2016-09-30,2016-10-31,0.007450304404084258,0.11826991586961731,0.14783739483702163,0.007450304441280892,0.11826991646009558,0.007450304441280892,0.11826991646009558,0.0009595841176532405,0.0009595841176532405,True,True,25
k=100|vol=0.80,100,0.8,2016-10-31,2016-11-30,0.007264160656981359,0.11531497549195349,0.14414371936494186,0.007264162151428388,0.11531499921556462,0.007264162151428388,0.11531499921556462,0.0007938192248364387,0.0007938192248364387,True,True,26
k=100|vol=0.80,100,0.8,2016-11-30,2016-12-30,0.007315816005420698,0.11613497872709477,0.14516872340886847,0.007315816030382174,0.11613497912334593,0.007315816030382174,0.11613497912334593,0.0012359177871695758,0.0012359177871695758,True,True,24
k=100|vol=0.80,100,0.8,2016-12-30,2017-01-31,0.007191774690476684,0.11416588389725897,0.1427073548715737,0.007191774773678131,0.11416588521804098,0.007191774773678131,0.11416588521804098,0.0014156322465625855,0.0014156322465625855,True,True,25
k=100|vol=0.80,100,0.8,2017-01-31,2017-02-28,0.007025261479431481,0.11152256861866444,0.13940321077333054,0.007025261603444871,0.11152257058731598,0.007025261603444871,0.11152257058731598,0.0014042604146986327,0.0014042604146986327,True,True,25
k=100|vol=0.80,100,0.8,2017-02-28,2017-03-31,0.006975310702112521,0.11072962461118244,0.13841203076397804,0.006975312938937682,0.11072966011968105,0.006975312938937682,0.11072966011968105,0.002049427746325399,0.002049427746325399,True,True,25
k=100|vol=0.80,100,0.8,2017-03-31,2017-04-28,0.006875272146038665,0.10914156176584595,0.13642695220730744,0.006875272146905864,0.10914156177961232,0.006875272146905864,0.10914156177961232,0.0018468683969713779,0.0018468683969713779,True,True,22
k=100|vol=0.80,100,0.8,2017-04-28,2017-05-31,0.006871079679239145,0.10907500841865742,0.13634376052332176,0.006871079679256425,0.10907500841893172,0.006871079679256425,0.10907500841893172,0.0018816101968226445,0.0018816101968226445,True,True,21
k=100|vol=0.80,100,0.8,2017-05-31,2017-06-30,0.0068260687200128005,0.10836048159234515,0.13545060199043144,0.006826068776742282,0.10836048249289776,0.006826068776742282,0.10836048249289776,0.002122681384804055,0.002122681384804055,True,True,22
k=100|vol=0.80,100,0.8,2017-06-30,2017-07-31,0.006764191918421829,0.10737821781874238,0.13422277227342796,0.0067641919186634345,0.10737821782257775,0.0067641919186634345,0.10737821782257775,0.0016145320156160812,0.0016145320156160812,True,True,23
k=100|vol=0.80,100,0.8,2017-07-31,2017-08-31,0.006685279390164666,0.10612552026816752,0.13265690033520938,0.006685279390475556,0.10612552027310274,0.006685279390475556,0.10612552027310274,0.0018841964864681144,0.0018841964864681144,True,True,22
k=100|vol=0.80,100,0.8,2017-08-31,2017-09-29,0.006079584626102992,0.09651041397144072,0.1206380174643009,0.0060795868831707645,0.09651044980128083,0.0060795868831707645,0.09651044980128083,0.0016421668964972133,0.0016421668964972133,True,True,23
k=100|vol=0.80,100,0.8,2017-09-29,2017-10-31,0.005764987554359915,0.09151634028131275,0.11439542535164093,0.005764989067472729,0.09151636430123403,0.005764989067472729,0.09151636430123403,0.0016585141121689237,0.0016585141121689237,True,True,24
k=100|vol=0.80,100,0.8,2017-10-31,2017-11-30,0.005616892619340023,0.08916540607036733,0.11145675758795914,0.005616892619467572,0.08916540607239211,0.005616892619467572,0.08916540607239211,0.0019135932567380777,0.0019135932567380777,True,True,24
k=100|vol=0.80,100,0.8,2017-11-30,2017-12-29,0.005521177754068943,0.08764597968869135,0.10955747461086418,0.005521177816244507,0.08764598067569783,0.005521177816244507,0.08764598067569783,0.0020234176821262886,0.0020234176821262886,True,True,22
k=100|vol=0.80,100,0.8,2017-12-29,2018-01-31,0.005240722801485242,0.08319389533773404,0.10399236917216755,0.005240722872585592,0.0831938964664171,0.005240722872585592,0.0831938964664171,0.001847480590084737,0.001847480590084737,True,True,22
k=100|vol=0.80,100,0.8,2018-01-31,2018-02-28,0.004761915927859202,0.07559307185587705,0.0944913398198463,0.004761915957509497,0.07559307232656089,0.004761915957509497,0.07559307232656089,0.0019621373469059502,0.0019621373469059502,True,True,25
k=100|vol=0.80,100,0.8,2018-02-28,2018-03-29,0.005138569161824744,0.08157225658136334,0.10196532072670417,0.006232049448306406,0.09893071799085619,0.006232049448306406,0.09893071799085619,0.0004906421084859325,0.0004906421084859325,False,False,27
k=100|vol=0.80,100,0.8,2018-03-29,2018-04-30,0.005395903154462629,0.08565730707178237,0.10707163383972797,0.006657790177708162,0.10568914254878595,0.006657790177708162,0.10568914254878595,0.00036011842581660836,0.00036011842581660836,False,False,24
k=100|vol=0.80,100,0.8,2018-04-30,2018-05-31,0.005571098468284161,0.0884384464591965,0.11054805807399562,0.006675362146376389,0.10596808890363763,0.006675362146376389,0.10596808890363763,0.0003882788293622729,0.0003882788293622729,False,False,27
k=100|vol=0.80,100,0.8,2018-05-31,2018-06-29,0.005560076049989861,0.08826347099327703,0.11032933874159627,0.0065031988850768,0.10323508185783437,0.0065031988850768,0.10323508185783437,0.00023816480627789736,0.00023816480627789736,False,False,25
k=100|vol=0.80,100,0.8,2018-06-29,2018-07-31,0.005311403360840881,0.08431591443322581,0.10539489304153225,0.005952628624525137,0.09449504992570795,0.005952628624525137,0.09449504992570795,0.00027977885325715444,0.00027977885325715444,False,False,26
k=100|vol=0.80,100,0.8,2018-07-31,2018-08-31,0.005308069217923588,0.08426298655525759,0.10532873319407197,0.0056811325088714885,0.09018518270207045,0.0056811325088714885,0.09018518270207045,0.0006499866117408287,0.0006499866117408287,False,False,28
k=100|vol=0.80,100,0.8,2018-08-31,2018-09-28,0.005327819540533498,0.08457651320689229,0.10572064150861535,0.005345749379136415,0.08486114057083735,0.005345749379136415,0.08486114057083735,0.0007913921798752398,0.0007913921798752398,False,False,29
k=100|vol=0.80,100,0.8,2018-09-28,2018-10-31,0.005178036020238444,0.08219877353571324,0.10274846691964154,0.005178036057838487,0.08219877413259541,0.005178036057838487,0.08219877413259541,0.0011070178269059422,0.0011070178269059422,True,True,29
k=100|vol=0.80,100,0.8,2018-10-31,2018-11-30,0.005649122922018876,0.08967704626377883,0.11209630782972353,0.006518211210672923,0.10347339513860279,0.006518211210672923,0.10347339513860279,0.00024542531783599707,0.00024542531783599707,False,False,28
k=100|vol=0.80,100,0.8,2018-11-30,2018-12-31,0.005858141457851875,0.09299511265508059,0.11624389081885073,0.006718355791222066,0.106650591856945,0.006718355791222066,0.106650591856945,0.0004042953473190784,0.0004042953473190784,False,False,29
k=100|vol=0.80,100,0.8,2018-12-31,2019-01-31,0.006515349748831983,0.10342797084009941,0.12928496355012425,0.008302147632104653,0.13179250789375604,0.008302147632104653,0.13179250789375604,-0.0004681835570458369,-0.0004681835570458369,False,False,24
k=100|vol=0.80,100,0.8,2019-01-31,2019-02-28,0.006756678021629724,0.10725893840500889,0.1340736730062611,0.008257238045476808,0.13107959030755612,0.008257238045476808,0.13107959030755612,0.0004325845133590101,0.0004325845133590101,False,False,23
k=100|vol=0.80,100,0.8,2019-02-28,2019-03-29,0.006786014629180781,0.10772464261235126,0.13465580326543908,0.00763519881389601,0.12120502363262506,0.00763519881389601,0.12120502363262506,0.0007865144355646056,0.0007865144355646056,False,False,26
k=100|vol=0.80,100,0.8,2019-03-29,2019-04-30,0.006832069143046394,0.10845573535499359,0.13556966919374197,0.007162268668162256,0.11369749031392277,0.007162268668162256,0.11369749031392277,0.0008286911775107206,0.0008286911775107206,False,False,25
k=100|vol=0.80,100,0.8,2019-04-30,2019-05-31,0.006825568532445995,0.10835254136088124,0.13544067670110155,0.006825568948845982,0.10835254797102611,0.006825568948845982,0.10835254797102611,0.00123218035290437,0.00123218035290437,True,True,27
k=100|vol=0.80,100,0.8,2019-05-31,2019-06-28,0.006967177702040616,0.11060051723756366,0.13825064654695457,0.0069671777058156895,0.11060051729749108,0.0069671777058156895,0.11060051729749108,0.0012214106339557662,0.0012214106339557662,True,True,21
k=100|vol=0.80,100,0.8,2019-06-28,2019-07-31,0.007033023483973055,0.11164578662081859,0.13955723327602323,0.007033023877663944,0.11164579287046772,0.007033023877663944,0.11164579287046772,0.0014266805748022473,0.0014266805748022473,True,True,27
k=100|vol=0.80,100,0.8,2019-07-31,2019-08-30,0.007051321092801445,0.11193625215610095,0.13992031519512618,0.007051321176491414,0.11193625348463802,0.007051321176491414,0.11193625348463802,0.0015041110492000753,0.0015041110492000753,True,True,22
k=100|vol=0.80,100,0.8,2019-08-30,2019-09-30,0.007380040281503874,0.1171545075029902,0.14644313437873774,0.007380040526670402,0.11715451139488817,0.007380040526670402,0.11715451139488817,0.0010047206522801173,0.0010047206522801173,True,True,25
k=100|vol=0.80,100,0.8,2019-09-30,2019-10-31,0.0074060856993939965,0.1175679656941703,0.14695995711771287,0.007406085699636272,0.11756796569801631,0.007406085699636272,0.11756796569801631,0.0012723588689178978,0.0012723588689178978,True,True,24
k=100|vol=0.80,100,0.8,2019-10-31,2019-11-29,0.007510546697518261,0.11922623263062462,0.14903279078828077,0.007510546701618686,0.11922623269571685,0.007510546701618686,0.11922623269571685,0.0014522458947561082,0.0014522458947561082,True,True,22
k=100|vol=0.80,100,0.8,2019-11-29,2019-12-31,0.007509901575013409,0.11921599162834656,0.1490199895354332,0.007509908199502797,0.11921609678885547,0.007509908199502797,0.11921609678885547,0.0016308558386214683,0.0016308558386214683,True,True,26
k=100|vol=0.80,100,0.8,2019-12-31,2020-01-31,0.00752529734092336,0.11946039183539314,0.14932548979424143,0.0075252974323931476,0.11946039328743101,0.0075252974323931476,0.11946039328743101,0.0018134344797207447,0.0018134344797207447,True,True,24
k=100|vol=0.80,100,0.8,2020-01-31,2020-02-28,0.007564431404302118,0.12008162583234294,0.15010203229042868,0.0075644345965522565,0.12008167650774289,0.0075644345965522565,0.12008167650774289,0.001696849267261248,0.001696849267261248,True,True,25
k=100|vol=0.80,100,0.8,2020-02-28,2020-03-31,0.007511202172387328,0.11923663797158986,0.14904579746448732,0.007815727730620529,0.12407083134127886,0.007815727730620529,0.12407083134127886,-0.00023959679602675605,-0.00023959679602675605,False,False,26
k=100|vol=0.80,100,0.8,2020-03-31,2020-04-30,0.011739332975497762,0.18635613366568193,0.23294516708210242,0.023248131817126642,0.36905265140979143,0.023248131817126642,0.36905265140979143,-0.0005029598137348335,-0.0005029598137348335,False,False,23
k=100|vol=0.80,100,0.8,2020-04-30,2020-05-29,0.012336981730956457,0.19584351353554771,0.24480439191943462,0.023148025180602168,0.36746350782080606,0.023148025180602168,0.36746350782080606,0.0005312556681039927,0.0005312556681039927,False,False,21
k=100|vol=0.80,100,0.8,2020-05-29,2020-06-30,0.012498991446859889,0.19841533804508793,0.2480191725563599,0.02138800392210566,0.33952403650779395,0.02138800392210566,0.33952403650779395,0.0010169250368892472,0.0010169250368892472,False,False,21
k=100|vol=0.80,100,0.8,2020-06-30,2020-07-31,0.012805387958098241,0.20327923187297486,0.25409903984121857,0.01994032929514705,0.3165429142541698,0.01994032929514705,0.3165429142541698,0.0007632920000221816,0.0007632920000221816,False,False,22
k=100|vol=0.80,100,0.8,2020-07-31,2020-08-31,0.012851088037770563,0.20400469814722766,0.2550058726840346,0.017972262552002422,0.2853008232585447,0.017972262552002422,0.2853008232585447,0.0012715313310553496,0.0012715313310553496,False,False,21
k=100|vol=0.80,100,0.8,2020-08-31,2020-09-30,0.012864240456577527,0.20421348632304084,0.25526685790380105,0.016134041347071068,0.25611996628070155,0.016134041347071068,0.25611996628070155,0.0012884294598075505,0.0012884294598075505,False,False,23
k=100|vol=0.80,100,0.8,2020-09-30,2020-10-30,0.013089624814491987,0.20779135208571464,0.2597391901071433,0.015441873274247338,0.24513213876379897,0.015441873274247338,0.24513213876379897,0.000950219202523261,0.000950219202523261,False,False,22
k=100|vol=0.80,100,0.8,2020-10-30,2020-11-30,0.013044144478736808,0.2070693741380031,0.2588367176725039,0.01440695495284824,0.22870331972968036,0.01440695495284824,0.22870331972968036,0.0005487203869102905,0.0005487203869102905,False,False,24
k=100|vol=0.80,100,0.8,2020-11-30,2020-12-31,0.01302171032224189,0.20671324294424875,0.2583915536803109,0.013542587241175554,0.21498190769128092,0.013542587241175554,0.21498190769128092,0.0010559987658377234,0.0010559987658377234,False,False,25
k=100|vol=0.80,100,0.8,2020-12-31,2021-01-29,0.012706153356550317,0.2017039314100845,0.2521299142626056,0.012706153418223298,0.20170393238911272,0.012706153418223298,0.20170393238911272,0.0015015190641945995,0.0015015190641945995,True,True,26
k=100|vol=0.80,100,0.8,2021-01-29,2021-02-26,0.012670409152482407,0.20113650976143072,0.25142063720178837,0.012670409227943455,0.2011365109593377,0.012670409227943455,0.2011365109593377,0.0016388740772150297,0.0016388740772150297,True,True,24
k=100|vol=0.80,100,0.8,2021-02-26,2021-03-31,0.012717352107480035,0.20188170606981204,0.252352132587265,0.012717352494436986,0.20188171221256318,0.012717352494436986,0.20188171221256318,0.0018049959469571494,0.0018049959469571494,True,True,24
k=100|vol=0.80,100,0.8,2021-03-31,2021-04-30,0.012773628383800471,0.2027750642609518,0.2534688303261897,0.012773628748724822,0.20277507005394627,0.012773628748724822,0.20277507005394627,0.002026912467885495,0.002026912467885495,True,True,26
k=100|vol=0.80,100,0.8,2021-04-30,2021-05-28,0.012806015798082866,0.20328919852374963,0.25411149815468703,0.012806017779809357,0.2032892299826824,0.012806017779809357,0.2032892299826824,0.0024825139827867933,0.0024825139827867933,True,True,25
k=100|vol=0.80,100,0.8,2021-05-28,2021-06-30,0.012788889610551614,0.20301732872506353,0.2537716609063294,0.012788890721730959,0.2030173463644888,0.012788890721730959,0.2030173463644888,0.0024097968444433907,0.0024097968444433907,True,True,23
k=100|vol=0.80,100,0.8,2021-06-30,2021-07-30,0.012757546320374362,0.2025197694185863,0.25314971177323287,0.012757546729124818,0.2025197759072986,0.012757546729124818,0.2025197759072986,0.002247437392074647,0.002247437392074647,True,True,21
k=100|vol=0.80,100,0.8,2021-07-30,2021-08-31,0.01278180585136104,0.20290487753406916,0.25363109691758645,0.01144189545976037,0.1816344594823499,0.01144189545976037,0.1816344594823499,0.002250512675829303,0.002250512675829303,True,True,20
k=100|vol=0.80,100,0.8,2021-08-31,2021-09-30,0.012586004502440637,0.19979662748038296,0.24974578435047867,0.011298636318969922,0.17936029112494004,0.011298636318969922,0.17936029112494004,0.002326441501213101,0.002326441501213101,True,True,21
k=100|vol=0.80,100,0.8,2021-09-30,2021-10-29,0.012625495268322873,0.20042352395403018,0.2505294049425377,0.012625495408964479,0.20042352618664644,0.012625495408964479,0.20042352618664644,0.0015776343101075267,0.0015776343101075267,True,True,21
k=100|vol=0.80,100,0.8,2021-10-29,2021-11-30,0.012614405576261938,0.20024748055017302,0.25030935068771626,0.011286546925975667,0.17916837796075288,0.011286546925975667,0.17916837796075288,0.002228641609894965,0.002228641609894965,True,True,20
k=100|vol=0.80,100,0.8,2021-11-30,2021-12-31,0.012668153453007439,0.20110070164237112,0.2513758770529639,0.0112878043887357,0.17918833956322872,0.0112878043887357,0.17918833956322872,0.0019684395506696915,0.0019684395506696915,True,True,20
k=100|vol=0.80,100,0.8,2021-12-31,2022-01-31,0.012762968652787808,0.20260584627713768,0.2532573078464221,0.011288449828417752,0.17919858560053872,0.011288449828417752,0.17919858560053872,0.002218764016537545,0.002218764016537545,True,True,20
k=100|vol=0.80,100,0.8,2022-01-31,2022-02-28,0.012850209377102592,0.20399074984154209,0.2549884373019276,0.011661155402322433,0.18511510316533508,0.011661155402322433,0.18511510316533508,0.0015920426219464053,0.0015920426219464053,True,True,20
k=100|vol=0.80,100,0.8,2022-02-28,2022-03-31,0.012788823557137051,0.20301628015961445,0.25377035019951805,0.011338970848074328,0.18000058192449497,0.011338970848074328,0.18000058192449497,0.0015794288876770407,0.0015794288876770407,True,True,20
k=100|vol=0.80,100,0.8,2022-03-31,2022-04-29,0.008997401951235473,0.14282932805193815,0.1785366600649227,0.00899740208648768,0.14282933019900038,0.00899740208648768,0.14282933019900038,0.0018984436177796088,0.0018984436177796088,True,True,22
k=100|vol=0.80,100,0.8,2022-04-29,2022-05-31,0.008560089163235796,0.13588720275876542,0.16985900344845678,0.008775533232429501,0.13930727132994744,0.008775533232429501,0.13930727132994744,0.00022598299141654118,0.00022598299141654118,False,False,27
k=100|vol=0.80,100,0.8,2022-05-31,2022-06-30,0.00884551663298233,0.14041822337253984,0.1755227792156748,0.009277034474989709,0.14726835674997257,0.009277034474989709,0.14726835674997257,0.0005271294767278932,0.0005271294767278932,False,False,25
k=100|vol=0.80,100,0.8,2022-06-30,2022-07-29,0.008885169826558476,0.14104769830589178,0.1763096228823647,0.010301294295029696,0.16352797732042204,0.010301294295029696,0.16352797732042204,-0.00022035473469807405,-0.00022035473469807405,False,False,23
k=100|vol=0.80,100,0.8,2022-07-29,2022-08-31,0.009001370864810378,0.142892332601704,0.17861541575213,0.010022627845447697,0.15910428457443432,0.010022627845447697,0.15910428457443432,0.00017171077501648146,0.00017171077501648146,False,False,22
k=100|vol=0.80,100,0.8,2022-08-31,2022-09-30,0.009183208126813867,0.14577890964778076,0.18222363705972594,0.009813128022728448,0.1557785779906708,0.009813128022728448,0.1557785779906708,-0.00011672919363705677,-0.00011672919363705677,False,False,22
k=100|vol=0.80,100,0.8,2022-09-30,2022-10-31,0.009196484717916755,0.14598966899768237,0.18248708624710297,0.010432883125698504,0.16561688524800278,0.010432883125698504,0.16561688524800278,-0.0007885540655332268,-0.0007885540655332268,False,False,23
k=100|vol=0.80,100,0.8,2022-10-31,2022-11-30,0.009405060260697784,0.14930070309229587,0.18662587886536983,0.011889515629865456,0.18874020939383684,0.011889515629865456,0.18874020939383684,0.00017639730292639944,0.00017639730292639944,False,False,23
k=100|vol=0.80,100,0.8,2022-11-30,2022-12-30,0.009653010503337776,0.1532367911695571,0.19154598896194636,0.011836316542292537,0.1878957000596759,0.011836316542292537,0.1878957000596759,0.0010771819117951133,0.0010771819117951133,False,False,23
k=100|vol=0.80,100,0.8,2022-12-30,2023-01-31,0.009791788249216303,0.1554398195881853,0.19429977448523164,0.011200434207699402,0.17780138093708028,0.011200434207699402,0.17780138093708028,0.0005273679235644792,0.0005273679235644792,False,False,24
k=100|vol=0.80,100,0.8,2023-01-31,2023-02-28,0.009805581640716415,0.155658782890058,0.1945734786125725,0.010640499286634525,0.16891268962797082,0.010640499286634525,0.16891268962797082,0.000500589635676005,0.000500589635676005,False,False,22
k=100|vol=0.80,100,0.8,2023-02-28,2023-03-31,0.00982354216732935,0.1559438974110595,0.19492987176382434,0.0100236480246376,0.15912047941700955,0.0100236480246376,0.15912047941700955,3.0231289798184177e-05,3.0231289798184177e-05,False,False,24
k=100|vol=0.80,100,0.8,2023-03-31,2023-04-28,0.009857210370997889,0.15647836357504286,0.19559795446880354,0.010308976090943509,0.16364992205008386,0.010308976090943509,0.16364992205008386,0.0002847022192635041,0.0002847022192635041,False,False,23
k=100|vol=0.80,100,0.8,2023-04-28,2023-05-31,0.009866454777415684,0.15662511397744225,0.1957813924718028,0.009866455111088399,0.15662511927433237,0.009866455111088399,0.15662511927433237,0.0008739103193300277,0.0008739103193300277,True,True,25
k=100|vol=0.80,100,0.8,2023-05-31,2023-06-30,0.009853059738274073,0.15641247432321817,0.1955155929040227,0.009853059812226892,0.1564124754971828,0.009853059812226892,0.1564124754971828,0.0008205773835906836,0.0008205773835906836,True,True,23
k=100|vol=0.80,100,0.8,2023-06-30,2023-07-31,0.009879873836765155,0.15683813494064494,0.19604766867580617,0.009879873837374197,0.15683813495031318,0.009879873837374197,0.15683813495031318,0.0014718700474662906,0.0014718700474662906,True,True,25
k=100|vol=0.80,100,0.8,2023-07-31,2023-08-31,0.00984889706233164,0.1563463938912248,0.19543299236403097,0.009848897159688157,0.15634639543671158,0.009848897159688157,0.15634639543671158,0.0018433312997863873,0.0018433312997863873,True,True,24
k=100|vol=0.80,100,0.8,2023-08-31,2023-09-29,0.009893742870216304,0.1570582990212644,0.19632287377658048,0.009893743175482653,0.15705830386721745,0.009893743175482653,0.15705830386721745,0.0018618922485981514,0.0018618922485981514,True,True,22
k=100|vol=0.80,100,0.8,2023-09-29,2023-10-31,0.009878839106888776,0.15682170911308277,0.19602713639135344,0.009878839128272796,0.15682170945254356,0.009878839128272796,0.15682170945254356,0.0011395590558342782,0.0011395590558342782,True,True,21
k=100|vol=0.80,100,0.8,2023-10-31,2023-11-30,0.009900940014448665,0.15717255014399653,0.19646568767999564,0.009900940017274696,0.1571725501888584,0.009900940017274696,0.1571725501888584,0.0008900749080221186,0.0008900749080221186,True,True,21
k=100|vol=0.80,100,0.8,2023-11-30,2023-12-29,0.00992867039897421,0.15761275635128524,0.19701594543910653,0.009928670414404291,0.1576127565962302,0.009928670414404291,0.1576127565962302,0.0016513103180733945,0.0016513103180733945,True,True,21
k=100|vol=0.80,100,0.8,2023-12-29,2024-01-31,0.009795076527845009,0.15549201939314358,0.19436502424142946,0.009795076945304503,0.15549202602010762,0.009795076945304503,0.15549202602010762,0.0021075647745675778,0.0021075647745675778,True,True,22
k=100|vol=0.80,100,0.8,2024-01-31,2024-02-29,0.00973672625074243,0.1545657374602728,0.193207171825341,0.009736726829325054,0.15456574664498723,0.009736726829325054,0.15456574664498723,0.00203301267126568,0.00203301267126568,True,True,23
k=100|vol=0.80,100,0.8,2024-02-29,2024-03-28,0.009515322257025635,0.15105105802036592,0.1888138225254574,0.009515322257179671,0.15105105802281119,0.009515322257179671,0.15105105802281119,0.002383586487321054,0.002383586487321054,True,True,22
k=100|vol=0.80,100,0.8,2024-03-28,2024-04-30,0.009273258202569868,0.14720841028373818,0.1840105128546727,0.0092732582098826,0.1472084103998242,0.0092732582098826,0.1472084103998242,0.0023711896511568113,0.0023711896511568113,True,True,21
k=100|vol=0.80,100,0.8,2024-04-30,2024-05-31,0.009129967956277529,0.14493374814179383,0.18116718517724228,0.00912996795803665,0.14493374816971902,0.00912996795803665,0.14493374816971902,0.001593760718072195,0.001593760718072195,True,True,21
k=100|vol=0.80,100,0.8,2024-05-31,2024-06-28,0.008486783549015883,0.13472351220918102,0.16840439026147627,0.008486783859189061,0.1347235171330276,0.008486783859189061,0.1347235171330276,0.0017654729693862422,0.0017654729693862422,True,True,22
k=100|vol=0.80,100,0.8,2024-06-28,2024-07-31,0.007974611948624127,0.1265930401098218,0.15824130013727725,0.007974612316906916,0.12659304595612986,0.007974612316906916,0.12659304595612986,0.001627836122494353,0.001627836122494353,True,True,21
k=100|vol=0.80,100,0.8,2024-07-31,2024-08-30,0.007840413712433183,0.12446270915375333,0.15557838644219166,0.007840413712507151,0.12446270915492755,0.007840413712507151,0.12446270915492755,0.001604040243722746,0.001604040243722746,True,True,22
k=100|vol=0.80,100,0.8,2024-08-30,2024-09-30,0.007813437751798344,0.12403447905445221,0.15504309881806527,0.007813437752769735,0.12403447906987257,0.007813437752769735,0.12403447906987257,0.001938893618016707,0.001938893618016707,True,True,21
k=100|vol=0.80,100,0.8,2024-09-30,2024-10-31,0.007576848628112818,0.1202787431494046,0.15034842893675573,0.007576851314254518,0.12027878579058215,0.007576851314254518,0.12027878579058215,0.0019388273868693867,0.0019388273868693867,True,True,21
k=100|vol=0.80,100,0.8,2024-10-31,2024-11-29,0.00703195195684553,0.11162877665500365,0.13953597081875455,0.007031952302001927,0.1116287821341916,0.007031952302001927,0.1116287821341916,0.0015936853198264041,0.0015936853198264041,True,True,22
k=100|vol=0.80,100,0.8,2024-11-29,2024-12-31,0.006639416197630074,0.1053974646574995,0.13174683082187436,0.006639416197714989,0.10539746465884747,0.006639416197714989,0.10539746465884747,0.002100490541631134,0.002100490541631134,True,True,24
k=100|vol=0.80,100,0.8,2024-12-31,2025-01-31,0.006466767081855328,0.10265674491100843,0.12832093113876053,0.006466767611050045,0.10265675331171412,0.006466767611050045,0.10265675331171412,0.0010097005709336394,0.0010097005709336394,True,True,27
k=100|vol=0.80,100,0.8,2025-01-31,2025-02-28,0.006404132239951027,0.10166244762048866,0.12707805952561083,0.006404132519741134,0.10166245206201892,0.006404132519741134,0.10166245206201892,0.0013635958037922671,0.0013635958037922671,True,True,26
k=100|vol=0.80,100,0.8,2025-02-28,2025-03-31,0.006315326420468626,0.10025269894053429,0.12531587367566785,0.006315326526922225,0.10025270063043279,0.006315326526922225,0.10025270063043279,0.0013653880833552525,0.0013653880833552525,True,True,27
k=100|vol=0.80,100,0.8,2025-03-31,2025-04-30,0.0064287816015702985,0.10205374410541522,0.12756718013176901,0.006428782362212953,0.10205375618024302,0.006428782362212953,0.10205375618024302,0.000931460808066702,0.000931460808066702,True,True,26
k=100|vol=0.80,100,0.8,2025-04-30,2025-05-30,0.008248469676456609,0.13094039676456956,0.16367549595571193,0.009987171143702274,0.15854142688366044,0.009987171143702274,0.15854142688366044,0.0003851962391678417,0.0003851962391678417,False,False,22
k=100|vol=0.80,100,0.8,2025-05-30,2025-06-30,0.008308118907503716,0.13188729895205084,0.16485912369006356,0.009669782848475809,0.15350304389438857,0.009669782848475809,0.15350304389438857,0.0006075164567834262,0.0006075164567834262,False,False,25
k=100|vol=0.80,100,0.8,2025-06-30,2025-07-31,0.008298273586151686,0.13173100932080092,0.16466376165100116,0.00902605527606968,0.14328418548241695,0.00902605527606968,0.14328418548241695,0.0005600864225990196,0.0005600864225990196,False,False,25
k=100|vol=0.80,100,0.8,2025-07-31,2025-08-29,0.008276294074345129,0.13138209538772838,0.16422761923466048,0.008438353947104406,0.1339547161126713,0.008438353947104406,0.1339547161126713,0.0005463441698980156,0.0005463441698980156,False,False,26
k=100|vol=0.80,100,0.8,2025-08-29,2025-09-30,0.00826983045292699,0.13127948857868077,0.16409936072335096,0.008269830593248798,0.13127949080622042,0.008269830593248798,0.13127949080622042,0.0012791818999656145,0.0012791818999656145,True,True,24
k=100|vol=0.80,100,0.8,2025-09-30,2025-10-31,0.008201013279256989,0.1301870498139138,0.16273381226739222,0.008201013300023294,0.13018705014356866,0.008201013300023294,0.13018705014356866,0.0013849980210370735,0.0013849980210370735,True,True,24
k=100|vol=0.80,100,0.8,2025-10-31,2025-11-28,0.008203519437844404,0.1302268338481241,0.16278354231015513,0.008203520148948734,0.13022684513655539,0.008203520148948734,0.13022684513655539,0.0015529959281200669,0.0015529959281200669,True,True,24
k=100|vol=0.80,100,0.8,2025-11-28,2025-12-31,0.0082311867515911,0.13066603883783784,0.16333254854729728,0.008231187521873164,0.13066605106568654,0.008231187521873164,0.13066605106568654,0.0017969494223961918,0.0017969494223961918,True,True,23
k=100|vol=0.80,100,0.8,2025-12-31,2026-01-30,0.008225002590823337,0.130567868329083,0.16320983541135373,0.008225002622107087,0.13056786882569713,0.008225002622107087,0.13056786882569713,0.0013911527790035746,0.0013911527790035746,True,True,24
k=100|vol=0.80,100,0.8,2026-01-30,2026-02-27,0.008235528524319,0.13073496234316098,0.16341870292895122,0.008235528802826091,0.13073496676432397,0.008235528802826091,0.13073496676432397,0.0018233575906950585,0.0018233575906950585,True,True,23
k=100|vol=0.80,100,0.8,2026-02-27,2026-03-31,0.00822131586299421,0.1305093433391583,0.1631366791739479,0.008221316781495161,0.13050935791990886,0.008221316781495161,0.13050935791990886,0.002369518132621418,0.002369518132621418,True,True,24
k=100|vol=0.80,100,0.8,2026-03-31,2026-04-30,0.008387499519815128,0.133147427106627,0.16643428388328374,0.00838749955867143,0.13314742772345167,0.00838749955867143,0.13314742772345167,0.001823872859681743,0.001823872859681743,True,True,24
k=100|vol=0.80,100,0.8,2026-04-30,2026-05-26,0.008399259471088227,0.13333411054562014,0.16666763818202518,0.008399259533786799,0.1333341115409291,0.008399259533786799,0.1333341115409291,0.002369712609763626,0.002369712609763626,True,True,22
k=100|vol=1.00,100,1.0,2010-07-30,2010-08-31,0.012737137968759799,0.2021957968803409,0.2021957968803409,0.012737137968841069,0.20219579688163103,0.012737137968841069,0.20219579688163103,0.0012623876468329227,0.0012623876468329227,True,True,22
k=100|vol=1.00,100,1.0,2010-08-31,2010-09-30,0.012517287389436228,0.19870577712943902,0.19870577712943902,0.012517287414264243,0.19870577752357152,0.012517287414264243,0.19870577752357152,0.0012034452911350853,0.0012034452911350853,True,True,21
k=100|vol=1.00,100,1.0,2010-09-30,2010-10-29,0.012308535207840398,0.19539193898057045,0.19539193898057045,0.012308535208879907,0.19539193899707213,0.012308535208879907,0.19539193899707213,0.0018694672588683175,0.0018694672588683175,True,True,21
k=100|vol=1.00,100,1.0,2010-10-29,2010-11-30,0.011854719800580652,0.18818784272813774,0.18818784272813774,0.011854719800890185,0.18818784273305142,0.011854719800890185,0.18818784273305142,0.0021020047603460745,0.0021020047603460745,True,True,22
k=100|vol=1.00,100,1.0,2010-11-30,2010-12-31,0.011634348757903066,0.18468956087762836,0.18468956087762836,0.011634348761699739,0.18468956093789868,0.011634348761699739,0.18468956093789868,0.0020297587437510204,0.0020297587437510204,True,True,21
k=100|vol=1.00,100,1.0,2010-12-31,2011-01-31,0.011247158878943495,0.178543112098299,0.178543112098299,0.011247159113644939,0.17854311582406893,0.011247159113644939,0.17854311582406893,0.0022648099894069826,0.0022648099894069826,True,True,22
k=100|vol=1.00,100,1.0,2011-01-31,2011-02-28,0.010958566554134599,0.17396185096794115,0.17396185096794115,0.010958566554482099,0.1739618509734575,0.010958566554482099,0.1739618509734575,0.002092096603473097,0.002092096603473097,True,True,21
k=100|vol=1.00,100,1.0,2011-02-28,2011-03-31,0.010754937077917852,0.17072933324591,0.17072933324591,0.010754937084420171,0.17072933334913112,0.010754937084420171,0.17072933334913112,0.00220412708913654,0.00220412708913654,True,True,21
k=100|vol=1.00,100,1.0,2011-03-31,2011-04-29,0.01070648401158731,0.16996016466329522,0.16996016466329522,0.010706484018941212,0.1699601647800348,0.010706484018941212,0.1699601647800348,0.0020069321222025375,0.0020069321222025375,True,True,22
k=100|vol=1.00,100,1.0,2011-04-29,2011-05-31,0.010466520041141888,0.1661508547268098,0.1661508547268098,0.010466520045729169,0.1661508547996306,0.010466520045729169,0.1661508547996306,0.0023447176634249552,0.0023447176634249552,True,True,21
k=100|vol=1.00,100,1.0,2011-05-31,2011-06-30,0.010281785120383507,0.1632182787740344,0.1632182787740344,0.010140327939539923,0.1609727156439759,0.010140327939539923,0.1609727156439759,0.0018961055780172124,0.0018961055780172124,True,True,20
k=100|vol=1.00,100,1.0,2011-06-30,2011-07-29,0.010279902804101501,0.16318839792940865,0.16318839792940865,0.00985597968359962,0.156458827018258,0.00985597968359962,0.156458827018258,0.0016843640171201968,0.0016843640171201968,True,True,20
k=100|vol=1.00,100,1.0,2011-07-29,2011-08-31,0.010251660450614025,0.16274006446680642,0.16274006446680642,0.009652419646518912,0.15322741160833814,0.009652419646518912,0.15322741160833814,0.001241821616985145,0.001241821616985145,True,True,20
k=100|vol=1.00,100,1.0,2011-08-31,2011-09-30,0.011985979308272908,0.1902715228155366,0.1902715228155366,0.012556810447598803,0.1993331862271445,0.012556810447598803,0.1993331862271445,0.0006082987533825088,0.0006082987533825088,False,False,21
k=100|vol=1.00,100,1.0,2011-09-30,2011-10-31,0.012351760963591082,0.19607812658026522,0.19607812658026522,0.01277880443050587,0.20285723145509343,0.01277880443050587,0.20285723145509343,0.0002678995558624951,0.0002678995558624951,False,False,22
k=100|vol=1.00,100,1.0,2011-10-31,2011-11-30,0.012692285147350619,0.20148378041405118,0.20148378041405118,0.013027925844152553,0.20681191129571327,0.013027925844152553,0.20681191129571327,0.0008908285109914094,0.0008908285109914094,False,False,22
k=100|vol=1.00,100,1.0,2011-11-30,2011-12-30,0.013020606870138042,0.20669572618514606,0.20669572618514606,0.013169911139875114,0.20906585798957245,0.013169911139875114,0.20906585798957245,0.000883051677782879,0.000883051677782879,False,False,22
k=100|vol=1.00,100,1.0,2011-12-30,2012-01-31,0.012964026855757172,0.2057975463017766,0.2057975463017766,0.012964026880280338,0.2057975466910698,0.012964026880280338,0.2057975466910698,0.0011502154320731281,0.0011502154320731281,True,True,21
k=100|vol=1.00,100,1.0,2012-01-31,2012-02-29,0.01284275945166159,0.2038724859415249,0.2038724859415249,0.012842759458631708,0.2038724860521721,0.012842759458631708,0.2038724860521721,0.0013638791621247768,0.0013638791621247768,True,True,21
k=100|vol=1.00,100,1.0,2012-02-29,2012-03-30,0.012725713338137476,0.20201443649165626,0.20201443649165626,0.012725713343309712,0.20201443657376295,0.012725713343309712,0.20201443657376295,0.0016933469257875333,0.0016933469257875333,True,True,23
k=100|vol=1.00,100,1.0,2012-03-30,2012-04-30,0.012770128292361356,0.20271950203186848,0.20271950203186848,0.012770128381322514,0.20271950344408307,0.012770128381322514,0.20271950344408307,0.0020775339135828312,0.0020775339135828312,True,True,24
k=100|vol=1.00,100,1.0,2012-04-30,2012-05-31,0.012755775211635295,0.20249165393897572,0.20249165393897572,0.012755775223948215,0.20249165413443726,0.012755775223948215,0.20249165413443726,0.002119672035231509,0.002119672035231509,True,True,21
k=100|vol=1.00,100,1.0,2012-05-31,2012-06-29,0.012163077211949085,0.19308286488056484,0.19308286488056484,0.012163077401515251,0.19308286788983442,0.012163077401515251,0.19308286788983442,0.0013738029361130002,0.0013738029361130002,True,True,21
k=100|vol=1.00,100,1.0,2012-06-29,2012-07-31,0.0120595808542895,0.1914399111367553,0.1914399111367553,0.012059580883394783,0.19143991159878734,0.012059580883394783,0.19143991159878734,0.0016736037221773065,0.0016736037221773065,True,True,21
k=100|vol=1.00,100,1.0,2012-07-31,2012-08-31,0.011885197411202735,0.1886716597977067,0.1886716597977067,0.011885197411953978,0.1886716598096323,0.011885197411953978,0.1886716598096323,0.0015052183591813411,0.0015052183591813411,True,True,21
k=100|vol=1.00,100,1.0,2012-08-31,2012-09-28,0.011676681037156167,0.18536156497763384,0.18536156497763384,0.01167668123342353,0.18536156809328164,0.01167668123342353,0.18536156809328164,0.001578431627401576,0.001578431627401576,True,True,21
k=100|vol=1.00,100,1.0,2012-09-28,2012-10-31,0.011651097054395607,0.1849554318420478,0.1849554318420478,0.011651097450180508,0.18495543812493834,0.011651097450180508,0.18495543812493834,0.0017034578282050172,0.0017034578282050172,True,True,21
k=100|vol=1.00,100,1.0,2012-10-31,2012-11-30,0.011656708847366078,0.18504451629370208,0.18504451629370208,0.01165670884991787,0.18504451633421054,0.01165670884991787,0.18504451633421054,0.0016626637905922195,0.0016626637905922195,True,True,21
k=100|vol=1.00,100,1.0,2012-11-30,2012-12-31,0.01166365264397906,0.18515474564765746,0.18515474564765746,0.011375723910530622,0.18058401870357124,0.011375723910530622,0.18058401870357124,0.0016718225950511263,0.0016718225950511263,True,True,20
k=100|vol=1.00,100,1.0,2012-12-31,2013-01-31,0.011685966764166918,0.18550897132411115,0.18550897132411115,0.011685966764280496,0.18550897132591412,0.011685966764280496,0.18550897132591412,0.0016780823550055963,0.0016780823550055963,True,True,21
k=100|vol=1.00,100,1.0,2013-01-31,2013-02-28,0.0116965939139983,0.1856776720977067,0.1856776720977067,0.011569781804874982,0.18366459227387538,0.011569781804874982,0.18366459227387538,0.001887193684710507,0.001887193684710507,True,True,20
k=100|vol=1.00,100,1.0,2013-02-28,2013-03-28,0.0117181647858455,0.1860200990725299,0.1860200990725299,0.010764421421181811,0.17087989252766125,0.010764421421181811,0.17087989252766125,0.001764176177995539,0.001764176177995539,True,True,21
k=100|vol=1.00,100,1.0,2013-03-28,2013-04-30,0.01156528716132542,0.18359324201949126,0.18359324201949126,0.009317888914901228,0.14791690087772483,0.009317888914901228,0.14791690087772483,0.00216282837172949,0.00216282837172949,True,True,20
k=100|vol=1.00,100,1.0,2013-04-30,2013-05-31,0.011649222608147398,0.1849256759303355,0.1849256759303355,0.01101806125791666,0.17490630011113786,0.01101806125791666,0.17490630011113786,0.0022435221280107938,0.0022435221280107938,True,True,20
k=100|vol=1.00,100,1.0,2013-05-31,2013-06-28,0.01165638655618533,0.18503940007981803,0.18503940007981803,0.011264021568709577,0.17881079899963914,0.011264021568709577,0.17881079899963914,0.0024443810415585568,0.0024443810415585568,True,True,21
k=100|vol=1.00,100,1.0,2013-06-28,2013-07-31,0.011672570934578574,0.1852963191219342,0.1852963191219342,0.010465467872220253,0.16613415206298654,0.010465467872220253,0.16613415206298654,0.0017812492070923588,0.0017812492070923588,True,True,21
k=100|vol=1.00,100,1.0,2013-07-31,2013-08-30,0.011530646523189518,0.1830433389369062,0.1830433389369062,0.010323474772811304,0.1638800814894464,0.010323474772811304,0.1638800814894464,0.002043867995020026,0.002043867995020026,True,True,21
k=100|vol=1.00,100,1.0,2013-08-30,2013-09-30,0.009895374911908743,0.15708420687994928,0.15708420687994928,0.009720998684064966,0.15431607007933226,0.009720998684064966,0.15431607007933226,0.0016857591815076596,0.0016857591815076596,True,True,21
k=100|vol=1.00,100,1.0,2013-09-30,2013-10-31,0.009347619309654387,0.14838885626310466,0.14838885626310466,0.009347621538245521,0.14838889164089217,0.009347621538245521,0.14838889164089217,0.0022297516504747286,0.0022297516504747286,True,True,22
k=100|vol=1.00,100,1.0,2013-10-31,2013-11-29,0.008663683205967927,0.13753170720502753,0.13753170720502753,0.008663683207865357,0.1375317072351483,0.008663683207865357,0.1375317072351483,0.0025263982282843485,0.0025263982282843485,True,True,22
k=100|vol=1.00,100,1.0,2013-11-29,2013-12-31,0.007964368330017945,0.1264304277056777,0.1264304277056777,0.007964368357666198,0.1264304281445801,0.007964368357666198,0.1264304281445801,0.00224115838918738,0.00224115838918738,True,True,25
k=100|vol=1.00,100,1.0,2013-12-31,2014-01-31,0.0075066249759623855,0.1191639772309361,0.1191639772309361,0.007506624989482167,0.11916397744555599,0.007506624989482167,0.11916397744555599,0.002053361063253442,0.002053361063253442,True,True,25
k=100|vol=1.00,100,1.0,2014-01-31,2014-02-28,0.007591959361035707,0.12051861859805589,0.12051861859805589,0.007591959440321233,0.1205186198566746,0.007591959440321233,0.1205186198566746,0.0013673035767288262,0.0013673035767288262,True,True,24
k=100|vol=1.00,100,1.0,2014-02-28,2014-03-31,0.00767194795738682,0.12178839820005292,0.12178839820005292,0.007671948233243865,0.12178840257914775,0.007671948233243865,0.12178840257914775,0.001807097601848771,0.001807097601848771,True,True,24
k=100|vol=1.00,100,1.0,2014-03-31,2014-04-30,0.0076374539533306815,0.12124082286132055,0.12124082286132055,0.0076374540563340036,0.1212408244964476,0.0076374540563340036,0.1212408244964476,0.0016099214684501281,0.0016099214684501281,True,True,24
k=100|vol=1.00,100,1.0,2014-04-30,2014-05-30,0.007602426633589571,0.12068478139855182,0.12068478139855182,0.00760242666264981,0.1206847818598688,0.00760242666264981,0.1206847818598688,0.001371829252686184,0.001371829252686184,True,True,21
k=100|vol=1.00,100,1.0,2014-05-30,2014-06-30,0.007495751363311773,0.1189913639813779,0.1189913639813779,0.0074957516251353325,0.11899136813769806,0.0074957516251353325,0.11899136813769806,0.0015187447704860166,0.0015187447704860166,True,True,22
k=100|vol=1.00,100,1.0,2014-06-30,2014-07-31,0.007105577999554321,0.11279755384915534,0.11279755384915534,0.007105578525624338,0.11279756220025797,0.007105578525624338,0.11279756220025797,0.0016646368077950391,0.0016646368077950391,True,True,22
k=100|vol=1.00,100,1.0,2014-07-31,2014-08-29,0.006929988784892437,0.11001016147975246,0.11001016147975246,0.006929988980151575,0.11001016457939518,0.006929988980151575,0.11001016457939518,0.0012032220222846072,0.0012032220222846072,True,True,21
k=100|vol=1.00,100,1.0,2014-08-29,2014-09-30,0.0069047358896178156,0.10960928419506641,0.10960928419506641,0.006904735905392702,0.10960928444548497,0.006904735905392702,0.10960928444548497,0.0015222394433766521,0.0015222394433766521,True,True,22
k=100|vol=1.00,100,1.0,2014-09-30,2014-10-31,0.0068724643958941,0.1090969901140892,0.1090969901140892,0.006872464397210741,0.10909699013499023,0.006872464397210741,0.10909699013499023,0.001092394013403863,0.001092394013403863,True,True,22
k=100|vol=1.00,100,1.0,2014-10-31,2014-11-28,0.007124639114867766,0.11310013967414075,0.11310013967414075,0.007124639114877522,0.11310013967429561,0.007124639114877522,0.11310013967429561,0.001540285363582573,0.001540285363582573,True,True,23
k=100|vol=1.00,100,1.0,2014-11-28,2014-12-31,0.006883520499880325,0.10927250032379014,0.10927250032379014,0.006883520500969738,0.10927250034108403,0.006883520500969738,0.10927250034108403,0.0018505179486603296,0.0018505179486603296,True,True,21
k=100|vol=1.00,100,1.0,2014-12-31,2015-01-30,0.007022661983381883,0.11148130289817645,0.11148130289817645,0.007022662031249421,0.11148130365805006,0.007022662031249421,0.11148130365805006,0.0015750413339819832,0.0015750413339819832,True,True,23
k=100|vol=1.00,100,1.0,2015-01-30,2015-02-27,0.007216715438927064,0.11456180600472812,0.11456180600472812,0.007216715439133954,0.1145618060080124,0.007216715439133954,0.1145618060080124,0.0014949783809576189,0.0014949783809576189,True,True,21
k=100|vol=1.00,100,1.0,2015-02-27,2015-03-31,0.00713929778979401,0.11333283892456822,0.11333283892456822,0.007139297798231422,0.11333283905850798,0.007139297798231422,0.11333283905850798,0.001612781752407883,0.001612781752407883,True,True,23
k=100|vol=1.00,100,1.0,2015-03-31,2015-04-30,0.0073060643973948056,0.11598017674877781,0.11598017674877781,0.007306064458839064,0.11598017772417518,0.007306064458839064,0.11598017772417518,0.0011603431469164947,0.0011603431469164947,True,True,27
k=100|vol=1.00,100,1.0,2015-04-30,2015-05-29,0.007159366149773331,0.11365141426292545,0.11365141426292545,0.007159366522864607,0.11365142018556584,0.007159366522864607,0.11365142018556584,0.0011628353354662777,0.0011628353354662777,True,True,25
k=100|vol=1.00,100,1.0,2015-05-29,2015-06-30,0.007182472928272383,0.11401822299997552,0.11401822299997552,0.007182473019957063,0.1140182244554247,0.007182473019957063,0.1140182244554247,0.001333065834363865,0.001333065834363865,True,True,27
k=100|vol=1.00,100,1.0,2015-06-30,2015-07-31,0.006979030464834831,0.11078867401377884,0.11078867401377884,0.0069790307896226795,0.1107886791696261,0.0069790307896226795,0.1107886791696261,0.0009065892910945825,0.0009065892910945825,True,True,27
k=100|vol=1.00,100,1.0,2015-07-31,2015-08-31,0.0070718274351626795,0.1122617802492252,0.1122617802492252,0.007071827628449546,0.1122617833175591,0.007071827628449546,0.1122617833175591,0.0013066666836330828,0.0013066666836330828,True,True,22
k=100|vol=1.00,100,1.0,2015-08-31,2015-09-30,0.007736733647487592,0.12281683914718698,0.12281683914718698,0.008246655818358374,0.13091160265992063,0.008246655818358374,0.13091160265992063,-3.164725686319654e-05,-3.164725686319654e-05,False,False,26
k=100|vol=1.00,100,1.0,2015-09-30,2015-10-30,0.008171303033877171,0.12971541428991956,0.12971541428991956,0.00887789570296089,0.1409322251736208,0.00887789570296089,0.1409322251736208,-1.610408573212506e-05,-1.610408573212506e-05,False,False,24
k=100|vol=1.00,100,1.0,2015-10-30,2015-11-30,0.008193477495343387,0.13006742295289792,0.13006742295289792,0.008477301402553677,0.13457298780057653,0.008477301402553677,0.13457298780057653,0.0004987471979587107,0.0004987471979587107,False,False,27
k=100|vol=1.00,100,1.0,2015-11-30,2015-12-31,0.008252092164130977,0.13099790197365221,0.13099790197365221,0.008252092169846233,0.13099790206437908,0.008252092169846233,0.13099790206437908,0.0006383314545660908,0.0006383314545660908,True,True,28
k=100|vol=1.00,100,1.0,2015-12-31,2016-01-29,0.00849111352131088,0.1347922483884392,0.1347922483884392,0.00849111404206056,0.1347922566550841,0.00849111404206056,0.1347922566550841,0.0005236164526355445,0.0005236164526355445,True,True,26
k=100|vol=1.00,100,1.0,2016-01-29,2016-02-29,0.008843246942077592,0.14038219314641834,0.14038219314641834,0.008871980288920094,0.14083832088689727,0.008871980288920094,0.14083832088689727,-0.00012661097675632487,-0.00012661097675632487,False,False,22
k=100|vol=1.00,100,1.0,2016-02-29,2016-03-31,0.00899299555068837,0.14275937861179072,0.14275937861179072,0.008992995595950577,0.14275937933030597,0.008992995595950577,0.14275937933030597,0.000454420248375608,0.000454420248375608,True,True,23
k=100|vol=1.00,100,1.0,2016-03-31,2016-04-29,0.009038245802673005,0.14347770409287683,0.14347770409287683,0.009038245846897053,0.14347770479491181,0.009038245846897053,0.14347770479491181,0.0012845445336163428,0.0012845445336163428,True,True,25
k=100|vol=1.00,100,1.0,2016-04-29,2016-05-31,0.008981945294168287,0.14258396122773706,0.14258396122773706,0.008981946794601885,0.142583985046382,0.008981946794601885,0.142583985046382,0.0013395048919512332,0.0013395048919512332,True,True,23
k=100|vol=1.00,100,1.0,2016-05-31,2016-06-30,0.009030381053915966,0.14335285507686604,0.14335285507686604,0.009030381073810764,0.14335285539268616,0.009030381073810764,0.14335285539268616,0.0017341186423616543,0.0017341186423616543,True,True,24
k=100|vol=1.00,100,1.0,2016-06-30,2016-07-29,0.009308337199080016,0.14776527208978352,0.14776527208978352,0.009308337262863573,0.1477652731023161,0.009308337262863573,0.1477652731023161,0.0018273112978591179,0.0018273112978591179,True,True,23
k=100|vol=1.00,100,1.0,2016-07-29,2016-08-31,0.00930878514216319,0.14777238296578105,0.14777238296578105,0.009308785180270897,0.14777238357072214,0.009308785180270897,0.14777238357072214,0.002156401240165627,0.002156401240165627,True,True,21
k=100|vol=1.00,100,1.0,2016-08-31,2016-09-30,0.009237657111148804,0.14664326047792253,0.14664326047792253,0.009237657111459262,0.1466432604828509,0.009237657111459262,0.1466432604828509,0.0018920429216092553,0.0018920429216092553,True,True,24
k=100|vol=1.00,100,1.0,2016-09-30,2016-10-31,0.009312880505105321,0.14783739483702163,0.14783739483702163,0.009312880507265866,0.1478373948713192,0.009312880507265866,0.1478373948713192,0.0016635648991597514,0.0016635648991597514,True,True,23
k=100|vol=1.00,100,1.0,2016-10-31,2016-11-30,0.009080200821226698,0.14414371936494186,0.14414371936494186,0.00908020082140244,0.14414371936773165,0.00908020082140244,0.14414371936773165,0.0013788355235685938,0.0013788355235685938,True,True,22
k=100|vol=1.00,100,1.0,2016-11-30,2016-12-30,0.009144770006775873,0.14516872340886847,0.14516872340886847,0.009144770102669121,0.1451687249311266,0.009144770102669121,0.1451687249311266,0.0018540390580387357,0.0018540390580387357,True,True,24
k=100|vol=1.00,100,1.0,2016-12-30,2017-01-31,0.008989718363095854,0.1427073548715737,0.1427073548715737,0.008989718528806588,0.14270735750215005,0.008989718528806588,0.14270735750215005,0.0018159227626130768,0.0018159227626130768,True,True,22
k=100|vol=1.00,100,1.0,2017-01-31,2017-02-28,0.00878157684928935,0.13940321077333054,0.13940321077333054,0.008781576979648976,0.13940321284272544,0.008781576979648976,0.13940321284272544,0.0017416957669359162,0.0017416957669359162,True,True,21
k=100|vol=1.00,100,1.0,2017-02-28,2017-03-31,0.008719138377640651,0.13841203076397804,0.13841203076397804,0.00871913838636497,0.13841203090247234,0.00871913838636497,0.13841203090247234,0.002305188272470333,0.002305188272470333,True,True,21
k=100|vol=1.00,100,1.0,2017-03-31,2017-04-28,0.008594090182548331,0.13642695220730744,0.13642695220730744,0.00859409018321143,0.13642695221783382,0.00859409018321143,0.13642695221783382,0.0021065454503441275,0.0021065454503441275,True,True,22
k=100|vol=1.00,100,1.0,2017-04-28,2017-05-31,0.008588849599048931,0.13634376052332176,0.13634376052332176,0.008588853294498575,0.13634381918676622,0.008588853294498575,0.13634381918676622,0.0020599504690692856,0.0020599504690692856,True,True,21
k=100|vol=1.00,100,1.0,2017-05-31,2017-06-30,0.008532585900016,0.13545060199043144,0.13545060199043144,0.00810727083189266,0.12869893459581433,0.00810727083189266,0.12869893459581433,0.002209123570527423,0.002209123570527423,True,True,20
k=100|vol=1.00,100,1.0,2017-06-30,2017-07-31,0.008455239898027286,0.13422277227342796,0.13422277227342796,0.0081906429971833,0.13002242668955832,0.0081906429971833,0.13002242668955832,0.0017145036727479223,0.0017145036727479223,True,True,21
k=100|vol=1.00,100,1.0,2017-07-31,2017-08-31,0.008356599237705832,0.13265690033520938,0.13265690033520938,0.007923966044807225,0.1257890613112801,0.007923966044807225,0.1257890613112801,0.001991610113282229,0.001991610113282229,True,True,20
k=100|vol=1.00,100,1.0,2017-08-31,2017-09-29,0.00759948078262874,0.1206380174643009,0.1206380174643009,0.007599481666063409,0.12063803148839151,0.007599481666063409,0.12063803148839151,0.001746627757284606,0.001746627757284606,True,True,22
k=100|vol=1.00,100,1.0,2017-09-29,2017-10-31,0.007206234442949893,0.11439542535164093,0.11439542535164093,0.007206234483185401,0.11439542599035983,0.007206234483185401,0.11439542599035983,0.001798314414343174,0.001798314414343174,True,True,21
k=100|vol=1.00,100,1.0,2017-10-31,2017-11-30,0.0070211157741750276,0.11145675758795914,0.11145675758795914,0.007021115836468975,0.11145675857684491,0.007021115836468975,0.11145675857684491,0.0020772379756632256,0.0020772379756632256,True,True,23
k=100|vol=1.00,100,1.0,2017-11-30,2017-12-29,0.006901472192586178,0.10955747461086418,0.10955747461086418,0.00654017452953647,0.10382205201667416,0.00654017452953647,0.10382205201667416,0.002073689086326608,0.002073689086326608,True,True,21
k=100|vol=1.00,100,1.0,2017-12-29,2018-01-31,0.006550903501856552,0.10399236917216755,0.10399236917216755,0.005837602514495034,0.09266906703719513,0.005837602514495034,0.09266906703719513,0.0019257863889923855,0.0019257863889923855,True,True,20
k=100|vol=1.00,100,1.0,2018-01-31,2018-02-28,0.005952394909824002,0.0944913398198463,0.0944913398198463,0.005952395215197732,0.09449134466750397,0.005952395215197732,0.09449134466750397,0.0022742738649167097,0.0022742738649167097,True,True,23
k=100|vol=1.00,100,1.0,2018-02-28,2018-03-29,0.006423211452280929,0.10196532072670417,0.10196532072670417,0.006423211486190354,0.1019653212649996,0.006423211486190354,0.1019653212649996,0.0009738463296572013,0.0009738463296572013,True,True,28
k=100|vol=1.00,100,1.0,2018-03-29,2018-04-30,0.006744878943078287,0.10707163383972797,0.10707163383972797,0.006744878986719154,0.10707163453250525,0.006744878986719154,0.10707163453250525,0.0006483379391654694,0.0006483379391654694,True,True,24
k=100|vol=1.00,100,1.0,2018-04-30,2018-05-31,0.0069638730853552,0.11054805807399562,0.11054805807399562,0.006963874209342314,0.11054807591673792,0.006963874209342314,0.11054807591673792,0.0008477824764368768,0.0008477824764368768,True,True,24
k=100|vol=1.00,100,1.0,2018-05-31,2018-06-29,0.006950095062487325,0.11032933874159627,0.11032933874159627,0.006950095219277455,0.11032934123056241,0.006950095219277455,0.11032934123056241,0.0009657279814097481,0.0009657279814097481,True,True,28
k=100|vol=1.00,100,1.0,2018-06-29,2018-07-31,0.006639254201051101,0.10539489304153225,0.10539489304153225,0.006639255681282735,0.10539491653948098,0.006639255681282735,0.10539491653948098,0.0010769199695065722,0.0010769199695065722,True,True,28
k=100|vol=1.00,100,1.0,2018-07-31,2018-08-31,0.006635086522404485,0.10532873319407197,0.10532873319407197,0.006635086965105738,0.1053287402217365,0.006635086965105738,0.1053287402217365,0.0014344551890140451,0.0014344551890140451,True,True,27
k=100|vol=1.00,100,1.0,2018-08-31,2018-09-28,0.006659774425666872,0.10572064150861535,0.10572064150861535,0.006659774529098855,0.10572064315054717,0.006659774529098855,0.10572064315054717,0.0018022317272827632,0.0018022317272827632,True,True,23
k=100|vol=1.00,100,1.0,2018-09-28,2018-10-31,0.006472545025298055,0.10274846691964154,0.10274846691964154,0.00647254505102352,0.10274846732802063,0.00647254505102352,0.10274846732802063,0.001767951465041359,0.001767951465041359,True,True,24
k=100|vol=1.00,100,1.0,2018-10-31,2018-11-30,0.007061403652523594,0.11209630782972353,0.11209630782972353,0.007061403752913686,0.11209630942336683,0.007061403752913686,0.11209630942336683,0.0007302548413986109,0.0007302548413986109,True,True,24
k=100|vol=1.00,100,1.0,2018-11-30,2018-12-31,0.007322676822314843,0.11624389081885073,0.11624389081885073,0.007322676866814924,0.11624389152526761,0.007322676866814924,0.11624389152526761,0.0011392796589604758,0.0011392796589604758,True,True,25
k=100|vol=1.00,100,1.0,2018-12-31,2019-01-31,0.008144187186039977,0.12928496355012425,0.12928496355012425,0.008302147632104653,0.13179250789375604,0.008302147632104653,0.13179250789375604,-0.0004681835570458369,-0.0004681835570458369,False,False,24
k=100|vol=1.00,100,1.0,2019-01-31,2019-02-28,0.008445847527037155,0.1340736730062611,0.1340736730062611,0.008445847814904043,0.13407367757600627,0.008445847814904043,0.13407367757600627,0.0007629672038683319,0.0007629672038683319,True,True,24
k=100|vol=1.00,100,1.0,2019-02-28,2019-03-29,0.008482518286475976,0.13465580326543908,0.13465580326543908,0.00848251830451177,0.13465580355174842,0.00848251830451177,0.13465580355174842,0.0014795871265615098,0.0014795871265615098,True,True,23
k=100|vol=1.00,100,1.0,2019-03-29,2019-04-30,0.008540086428807991,0.13556966919374197,0.13556966919374197,0.008540086429772465,0.1355696692090525,0.008540086429772465,0.1355696692090525,0.0016504343839310875,0.0016504343839310875,True,True,22
k=100|vol=1.00,100,1.0,2019-04-30,2019-05-31,0.008531960665557494,0.13544067670110155,0.13544067670110155,0.008531961145112349,0.13544068431379885,0.008531961145112349,0.13544068431379885,0.0017134931176402445,0.0017134931176402445,True,True,25
k=100|vol=1.00,100,1.0,2019-05-31,2019-06-28,0.008708972127550771,0.13825064654695457,0.13825064654695457,0.008375938465160675,0.13296390105357114,0.008375938465160675,0.13296390105357114,0.0014090921057913826,0.0014090921057913826,True,True,21
k=100|vol=1.00,100,1.0,2019-06-28,2019-07-31,0.008791279354966318,0.13955723327602323,0.13955723327602323,0.008791279438341784,0.13955723459956773,0.008791279438341784,0.13955723459956773,0.0016961364415896344,0.0016961364415896344,True,True,22
k=100|vol=1.00,100,1.0,2019-07-31,2019-08-30,0.008814151366001806,0.13992031519512618,0.13992031519512618,0.008814151371712126,0.1399203152857747,0.008814151371712126,0.1399203152857747,0.001668099975350202,0.001668099975350202,True,True,21
k=100|vol=1.00,100,1.0,2019-08-30,2019-09-30,0.009225050351879842,0.14644313437873774,0.14644313437873774,0.00922505035196833,0.14644313438014245,0.00922505035196833,0.14644313438014245,0.0016215483762063892,0.0016215483762063892,True,True,21
k=100|vol=1.00,100,1.0,2019-09-30,2019-10-31,0.009257607124242496,0.14695995711771287,0.14695995711771287,0.008839844729196966,0.14032818469128172,0.008839844729196966,0.14032818469128172,0.0014069357482438612,0.0014069357482438612,True,True,20
k=100|vol=1.00,100,1.0,2019-10-31,2019-11-29,0.009388183371897826,0.14903279078828077,0.14903279078828077,0.009388183375370352,0.14903279084340543,0.009388183375370352,0.14903279084340543,0.001604676819646585,0.001604676819646585,True,True,22
k=100|vol=1.00,100,1.0,2019-11-29,2019-12-31,0.00938737696876676,0.1490199895354332,0.1490199895354332,0.009387376975669999,0.14901998964501872,0.009387376975669999,0.14901998964501872,0.0019590735073701624,0.0019590735073701624,True,True,21
k=100|vol=1.00,100,1.0,2019-12-31,2020-01-31,0.009406621676154199,0.14932548979424143,0.14932548979424143,0.009406621716653112,0.14932549043714174,0.009406621716653112,0.14932549043714174,0.0020247549495564466,0.0020247549495564466,True,True,22
k=100|vol=1.00,100,1.0,2020-01-31,2020-02-28,0.009455539255377647,0.15010203229042868,0.15010203229042868,0.009295525877924772,0.14756189867132577,0.009295525877924772,0.14756189867132577,0.0017831838812790602,0.0017831838812790602,True,True,20
k=100|vol=1.00,100,1.0,2020-02-28,2020-03-31,0.00938900271548416,0.14904579746448732,0.14904579746448732,0.0093890027163832,0.14904579747875912,0.0093890027163832,0.14904579747875912,0.0006633089132537206,0.0006633089132537206,True,True,22
k=100|vol=1.00,100,1.0,2020-03-31,2020-04-30,0.014674166219372203,0.23294516708210242,0.23294516708210242,0.023248131817126642,0.36905265140979143,0.023248131817126642,0.36905265140979143,-0.0005029598137348335,-0.0005029598137348335,False,False,23
k=100|vol=1.00,100,1.0,2020-04-30,2020-05-29,0.015421227163695572,0.24480439191943462,0.24480439191943462,0.023148025180602168,0.36746350782080606,0.023148025180602168,0.36746350782080606,0.0005312556681039927,0.0005312556681039927,False,False,21
k=100|vol=1.00,100,1.0,2020-05-29,2020-06-30,0.015623739308574861,0.2480191725563599,0.2480191725563599,0.02138800392210566,0.33952403650779395,0.02138800392210566,0.33952403650779395,0.0010169250368892472,0.0010169250368892472,False,False,21
k=100|vol=1.00,100,1.0,2020-06-30,2020-07-31,0.0160067349476228,0.25409903984121857,0.25409903984121857,0.01994032929514705,0.3165429142541698,0.01994032929514705,0.3165429142541698,0.0007632920000221816,0.0007632920000221816,False,False,22
k=100|vol=1.00,100,1.0,2020-07-31,2020-08-31,0.0160638600472132,0.2550058726840346,0.2550058726840346,0.017972262552002422,0.2853008232585447,0.017972262552002422,0.2853008232585447,0.0012715313310553496,0.0012715313310553496,False,False,21
k=100|vol=1.00,100,1.0,2020-08-31,2020-09-30,0.01608030057072191,0.25526685790380105,0.25526685790380105,0.016134041347071068,0.25611996628070155,0.016134041347071068,0.25611996628070155,0.0012884294598075505,0.0012884294598075505,False,False,23
k=100|vol=1.00,100,1.0,2020-09-30,2020-10-30,0.016362031018114984,0.2597391901071433,0.2597391901071433,0.016362031140818484,0.259739192055001,0.016362031140818484,0.259739192055001,0.0015760708247750499,0.0015760708247750499,True,True,23
k=100|vol=1.00,100,1.0,2020-10-30,2020-11-30,0.01630518059842101,0.2588367176725039,0.2588367176725039,0.01630518060038874,0.25883671770374067,0.01630518060038874,0.25883671770374067,0.001546917420652807,0.001546917420652807,True,True,25
k=100|vol=1.00,100,1.0,2020-11-30,2020-12-31,0.01627713790280236,0.2583915536803109,0.2583915536803109,0.016277137902918102,0.2583915536821483,0.016277137902918102,0.2583915536821483,0.002487511645923555,0.002487511645923555,True,True,25
k=100|vol=1.00,100,1.0,2020-12-31,2021-01-29,0.015882691695687894,0.2521299142626056,0.2521299142626056,0.015882691695909095,0.2521299142661171,0.015882691695909095,0.2521299142661171,0.0027179004984678214,0.0027179004984678214,True,True,21
k=100|vol=1.00,100,1.0,2021-01-29,2021-02-26,0.015838011440603008,0.25142063720178837,0.25142063720178837,0.015838011890210463,0.25142064433908545,0.015838011890210463,0.25142064433908545,0.002505841268282355,0.002505841268282355,True,True,23
k=100|vol=1.00,100,1.0,2021-02-26,2021-03-31,0.015896690134350043,0.252352132587265,0.252352132587265,0.0158966901417848,0.25235213270528817,0.0158966901417848,0.25235213270528817,0.002644911234964807,0.002644911234964807,True,True,22
k=100|vol=1.00,100,1.0,2021-03-31,2021-04-30,0.015967035479750587,0.2534688303261897,0.2534688303261897,0.015967037060167794,0.2534688554145351,0.015967037060167794,0.2534688554145351,0.002507462629475978,0.002507462629475978,True,True,24
k=100|vol=1.00,100,1.0,2021-04-30,2021-05-28,0.01600751974760358,0.25411149815468703,0.25411149815468703,0.016007520018483705,0.25411150245477565,0.016007520018483705,0.25411150245477565,0.0028369154967165886,0.0028369154967165886,True,True,21
k=100|vol=1.00,100,1.0,2021-05-28,2021-06-30,0.015986112013189516,0.2537716609063294,0.2537716609063294,0.01580338276606373,0.25087092403541206,0.01580338276606373,0.25087092403541206,0.0026896515945523353,0.0026896515945523353,True,True,20
k=100|vol=1.00,100,1.0,2021-06-30,2021-07-30,0.015946932900467954,0.25314971177323287,0.25314971177323287,0.01347792662630538,0.2139554522518789,0.01347792662630538,0.2139554522518789,0.00227556912316043,0.00227556912316043,True,True,20
k=100|vol=1.00,100,1.0,2021-07-30,2021-08-31,0.0159772573142013,0.25363109691758645,0.25363109691758645,0.011441895459760374,0.18163445948235,0.011441895459760374,0.18163445948235,0.002250512675829304,0.002250512675829304,True,True,20
k=100|vol=1.00,100,1.0,2021-08-31,2021-09-30,0.015732505628050796,0.24974578435047867,0.24974578435047867,0.011298636292943651,0.1793602907117858,0.011298636292943651,0.1793602907117858,0.0023264415012346786,0.0023264415012346786,True,True,21
k=100|vol=1.00,100,1.0,2021-09-30,2021-10-29,0.01578186908540359,0.2505294049425377,0.2505294049425377,0.012686396453199442,0.20139030029242558,0.012686396453199442,0.20139030029242558,0.0015793104699689533,0.0015793104699689533,True,True,20
k=100|vol=1.00,100,1.0,2021-10-29,2021-11-30,0.01576800697032742,0.25030935068771626,0.25030935068771626,0.01128654692597567,0.1791683779607529,0.01128654692597567,0.1791683779607529,0.002228641609894965,0.002228641609894965,True,True,20
k=100|vol=1.00,100,1.0,2021-11-30,2021-12-31,0.015835191816259298,0.2513758770529639,0.2513758770529639,0.0112878043887357,0.17918833956322872,0.0112878043887357,0.17918833956322872,0.0019684395506696915,0.0019684395506696915,True,True,20
k=100|vol=1.00,100,1.0,2021-12-31,2022-01-31,0.01595371081598476,0.2532573078464221,0.2532573078464221,0.011288449828417748,0.17919858560053867,0.011288449828417748,0.17919858560053867,0.0022187640165375437,0.0022187640165375437,True,True,20
k=100|vol=1.00,100,1.0,2022-01-31,2022-02-28,0.01606276172137824,0.2549884373019276,0.2549884373019276,0.011661155402322435,0.1851151031653351,0.011661155402322435,0.1851151031653351,0.0015920426219464053,0.0015920426219464053,True,True,20
k=100|vol=1.00,100,1.0,2022-02-28,2022-03-31,0.015986029446421312,0.25377035019951805,0.25377035019951805,0.011338970848074332,0.18000058192449503,0.011338970848074332,0.18000058192449503,0.0015794288876770407,0.0015794288876770407,True,True,20
k=100|vol=1.00,100,1.0,2022-03-31,2022-04-29,0.011246752439044341,0.1785366600649227,0.1785366600649227,0.010191985680638647,0.1617927568614074,0.010191985680638647,0.1617927568614074,0.001979604644498109,0.001979604644498109,True,True,20
k=100|vol=1.00,100,1.0,2022-04-29,2022-05-31,0.010700111454044746,0.16985900344845678,0.16985900344845678,0.010700111454548725,0.1698590034564572,0.010700111454548725,0.1698590034564572,0.0010375546161113616,0.0010375546161113616,True,True,21
k=100|vol=1.00,100,1.0,2022-05-31,2022-06-30,0.01105689579122791,0.1755227792156748,0.1755227792156748,0.011056895891184366,0.17552278080243433,0.011056895891184366,0.17552278080243433,0.0013531274161380671,0.0013531274161380671,True,True,22
k=100|vol=1.00,100,1.0,2022-06-30,2022-07-29,0.011106462283198094,0.1763096228823647,0.1763096228823647,0.01110646228409339,0.1763096228965771,0.01110646228409339,0.1763096228965771,0.0003406670570778954,0.0003406670570778954,True,True,22
k=100|vol=1.00,100,1.0,2022-07-29,2022-08-31,0.011251713581012972,0.17861541575213,0.17861541575213,0.011251714239842706,0.1786154262107278,0.011251714239842706,0.1786154262107278,0.0008358083166033515,0.0008358083166033515,True,True,25
k=100|vol=1.00,100,1.0,2022-08-31,2022-09-30,0.011479010158517333,0.18222363705972594,0.18222363705972594,0.011479010160024951,0.18222363708365863,0.011479010160024951,0.18222363708365863,0.0007995902469875113,0.0007995902469875113,True,True,23
k=100|vol=1.00,100,1.0,2022-09-30,2022-10-31,0.011495605897395945,0.18248708624710297,0.18248708624710297,0.01149560589920217,0.1824870862757759,0.01149560589920217,0.1824870862757759,-5.74761212490069e-05,-5.74761212490069e-05,True,True,22
k=100|vol=1.00,100,1.0,2022-10-31,2022-11-30,0.01175632532587223,0.18662587886536983,0.18662587886536983,0.011889515629865456,0.18874020939383684,0.011889515629865456,0.18874020939383684,0.00017639730292639944,0.00017639730292639944,False,False,23
k=100|vol=1.00,100,1.0,2022-11-30,2022-12-30,0.012066263129172217,0.19154598896194636,0.19154598896194636,0.012066263153135767,0.1915459893423559,0.012066263153135767,0.1915459893423559,0.001507012058323605,0.001507012058323605,True,True,24
k=100|vol=1.00,100,1.0,2022-12-30,2023-01-31,0.012239735311520379,0.19429977448523164,0.19429977448523164,0.012239735313750227,0.1942997745206294,0.012239735313750227,0.1942997745206294,0.0012264123587640717,0.0012264123587640717,True,True,22
k=100|vol=1.00,100,1.0,2023-01-31,2023-02-28,0.012256977050895517,0.1945734786125725,0.1945734786125725,0.012256977050974885,0.1945734786138324,0.012256977050974885,0.1945734786138324,0.0015163263043182903,0.0015163263043182903,True,True,24
k=100|vol=1.00,100,1.0,2023-02-28,2023-03-31,0.012279427709161685,0.19492987176382434,0.19492987176382434,0.012279427826390457,0.1949298736247734,0.012279427826390457,0.1949298736247734,0.001231787841835938,0.001231787841835938,True,True,24
k=100|vol=1.00,100,1.0,2023-03-31,2023-04-28,0.012321512963747358,0.19559795446880354,0.19559795446880354,0.012321514153967207,0.1955979733629579,0.012321514153967207,0.1955979733629579,0.0013378577741810934,0.0013378577741810934,True,True,21
k=100|vol=1.00,100,1.0,2023-04-28,2023-05-31,0.012333068471769603,0.1957813924718028,0.1957813924718028,0.012333068525600937,0.1957813933263487,0.012333068525600937,0.1957813933263487,0.001439614769463463,0.001439614769463463,True,True,21
k=100|vol=1.00,100,1.0,2023-05-31,2023-06-30,0.01231632467284259,0.1955155929040227,0.1955155929040227,0.012316324672901294,0.1955155929049546,0.012316324672901294,0.1955155929049546,0.0014060759509393395,0.0014060759509393395,True,True,21
k=100|vol=1.00,100,1.0,2023-06-30,2023-07-31,0.012349842295956443,0.19604766867580617,0.19604766867580617,0.012349842915959381,0.1960476785180477,0.012349842915959381,0.1960476785180477,0.001987602312470308,0.001987602312470308,True,True,23
k=100|vol=1.00,100,1.0,2023-07-31,2023-08-31,0.01231112132791455,0.19543299236403097,0.19543299236403097,0.012311121423374963,0.19543299387941807,0.012311121423374963,0.19543299387941807,0.0021496268389175517,0.0021496268389175517,True,True,22
k=100|vol=1.00,100,1.0,2023-08-31,2023-09-29,0.012367178587770379,0.19632287377658048,0.19632287377658048,0.011762097936107309,0.18671751621195617,0.011762097936107309,0.18671751621195617,0.0019432240703802135,0.0019432240703802135,True,True,20
k=100|vol=1.00,100,1.0,2023-09-29,2023-10-31,0.012348548883610968,0.19602713639135344,0.19602713639135344,0.010363533789807134,0.16451599866986646,0.010363533789807134,0.16451599866986646,0.0011563217389485856,0.0011563217389485856,True,True,20
k=100|vol=1.00,100,1.0,2023-10-31,2023-11-30,0.012376175018060829,0.19646568767999564,0.19646568767999564,0.009997245149497971,0.15870134676791026,0.009997245149497971,0.15870134676791026,0.0008903233174165366,0.0008903233174165366,True,True,20
k=100|vol=1.00,100,1.0,2023-11-30,2023-12-29,0.01241083799871776,0.19701594543910653,0.19701594543910653,0.010621568681811333,0.16861217559278957,0.010621568681811333,0.16861217559278957,0.0016988964915631549,0.0016988964915631549,True,True,20
k=100|vol=1.00,100,1.0,2023-12-29,2024-01-31,0.01224384565980626,0.19436502424142946,0.19436502424142946,0.011083850523052774,0.17595067231806497,0.011083850523052774,0.17595067231806497,0.0021954913022817976,0.0021954913022817976,True,True,20
k=100|vol=1.00,100,1.0,2024-01-31,2024-02-29,0.012170907813428037,0.193207171825341,0.193207171825341,0.010440403970361065,0.1657362749557605,0.010440403970361065,0.1657362749557605,0.0020733248755322635,0.0020733248755322635,True,True,21
k=100|vol=1.00,100,1.0,2024-02-29,2024-03-28,0.011894152821282042,0.1888138225254574,0.1888138225254574,0.010208989089652794,0.16206267761155788,0.010208989089652794,0.16206267761155788,0.002401944129635747,0.002401944129635747,True,True,21
k=100|vol=1.00,100,1.0,2024-03-28,2024-04-30,0.011591572753212332,0.1840105128546727,0.1840105128546727,0.00949530242200032,0.1507332529917728,0.00949530242200032,0.1507332529917728,0.0023825147370525614,0.0023825147370525614,True,True,20
k=100|vol=1.00,100,1.0,2024-04-30,2024-05-31,0.01141245994534691,0.18116718517724228,0.18116718517724228,0.009419456351919025,0.14952923395563267,0.009419456351919025,0.14952923395563267,0.0015979544686531876,0.0015979544686531876,True,True,21
k=100|vol=1.00,100,1.0,2024-05-31,2024-06-28,0.010608479436269852,0.16840439026147627,0.16840439026147627,0.008862256295731093,0.14068395728052577,0.008862256295731093,0.14068395728052577,0.0017861135627405763,0.0017861135627405763,True,True,20
k=100|vol=1.00,100,1.0,2024-06-28,2024-07-31,0.009968264935780157,0.15824130013727725,0.15824130013727725,0.008668180600943699,0.13760310113694865,0.008668180600943699,0.13760310113694865,0.0016465078479940855,0.0016465078479940855,True,True,20
k=100|vol=1.00,100,1.0,2024-07-31,2024-08-30,0.009800517140541478,0.15557838644219166,0.15557838644219166,0.00846609710404353,0.1343951250757398,0.00846609710404353,0.1343951250757398,0.0016062059787242356,0.0016062059787242356,True,True,20
k=100|vol=1.00,100,1.0,2024-08-30,2024-09-30,0.00976679718974793,0.15504309881806527,0.15504309881806527,0.008370845904771775,0.1328830591636175,0.008370845904771775,0.1328830591636175,0.001948058252191638,0.001948058252191638,True,True,20
k=100|vol=1.00,100,1.0,2024-09-30,2024-10-31,0.009471060785141022,0.15034842893675573,0.15034842893675573,0.008236991218462842,0.13075818189285351,0.008236991218462842,0.13075818189285351,0.0019595943712998496,0.0019595943712998496,True,True,21
k=100|vol=1.00,100,1.0,2024-10-31,2024-11-29,0.008789939946056912,0.13953597081875455,0.13953597081875455,0.007355216172502353,0.11676043698936948,0.007355216172502353,0.11676043698936948,0.0016073468830724133,0.0016073468830724133,True,True,20
k=100|vol=1.00,100,1.0,2024-11-29,2024-12-31,0.008299270247037593,0.13174683082187436,0.13174683082187436,0.007894351103681214,0.1253189386954126,0.007894351103681214,0.1253189386954126,0.002324558623019939,0.002324558623019939,True,True,20
k=100|vol=1.00,100,1.0,2024-12-31,2025-01-31,0.00808345885231916,0.12832093113876053,0.12832093113876053,0.008083458852559917,0.12832093114258242,0.008083458852559917,0.12832093114258242,0.0015405398519136612,0.0015405398519136612,True,True,23
k=100|vol=1.00,100,1.0,2025-01-31,2025-02-28,0.008005165299938784,0.12707805952561083,0.12707805952561083,0.008005165301322115,0.12707805954757054,0.008005165301322115,0.12707805954757054,0.0017999917021244395,0.0017999917021244395,True,True,22
k=100|vol=1.00,100,1.0,2025-02-28,2025-03-31,0.007894158025585782,0.12531587367566785,0.12531587367566785,0.007738613486963097,0.12284668067372842,0.007738613486963097,0.12284668067372842,0.0015430678794015015,0.0015430678794015015,True,True,21
k=100|vol=1.00,100,1.0,2025-03-31,2025-04-30,0.008035977001962872,0.12756718013176901,0.12756718013176901,0.007840111820798567,0.12445791677262481,0.007840111820798567,0.12445791677262481,0.0013319385335272525,0.0013319385335272525,True,True,20
k=100|vol=1.00,100,1.0,2025-04-30,2025-05-30,0.01031058709557076,0.16367549595571193,0.16367549595571193,0.010310587095947956,0.16367549596169972,0.010310587095947956,0.16367549596169972,0.0008473678119675759,0.0008473678119675759,True,True,23
k=100|vol=1.00,100,1.0,2025-05-30,2025-06-30,0.010385148634379646,0.16485912369006356,0.16485912369006356,0.010385148776134775,0.16485912594035645,0.010385148776134775,0.16485912594035645,0.0012446190107131838,0.0012446190107131838,True,True,24
k=100|vol=1.00,100,1.0,2025-06-30,2025-07-31,0.01037284198268961,0.16466376165100116,0.16466376165100116,0.010372842159509897,0.1646637644579362,0.010372842159509897,0.1646637644579362,0.0014742322821173666,0.0014742322821173666,True,True,23
k=100|vol=1.00,100,1.0,2025-07-31,2025-08-29,0.010345367592931412,0.16422761923466048,0.16422761923466048,0.01034536774384964,0.16422762163041307,0.01034536774384964,0.16422762163041307,0.0015973603744683079,0.0015973603744683079,True,True,24
k=100|vol=1.00,100,1.0,2025-08-29,2025-09-30,0.010337288066158738,0.16409936072335096,0.16409936072335096,0.01033728822843622,0.16409936329942612,0.01033728822843622,0.16409936329942612,0.0017040345461214735,0.0017040345461214735,True,True,25
k=100|vol=1.00,100,1.0,2025-09-30,2025-10-31,0.010251266599071236,0.16273381226739222,0.16273381226739222,0.010251267309969541,0.16273382355255295,0.010251267309969541,0.16273382355255295,0.0017217428309928829,0.0017217428309928829,True,True,22
k=100|vol=1.00,100,1.0,2025-10-31,2025-11-28,0.010254399297305504,0.16278354231015513,0.16278354231015513,0.01025439930512065,0.16278354243421672,0.01025439930512065,0.16278354243421672,0.0019961118314079426,0.0019961118314079426,True,True,23
k=100|vol=1.00,100,1.0,2025-11-28,2025-12-31,0.010288983439488872,0.16333254854729728,0.16333254854729728,0.01028898348004309,0.16333254919107554,0.01028898348004309,0.16333254919107554,0.0022167175973855737,0.0022167175973855737,True,True,22
k=100|vol=1.00,100,1.0,2025-12-31,2026-01-30,0.010281253238529171,0.16320983541135373,0.16320983541135373,0.010281253721378716,0.16320984307635264,0.010281253721378716,0.16320984307635264,0.0016930821482046084,0.0016930821482046084,True,True,22
k=100|vol=1.00,100,1.0,2026-01-30,2026-02-27,0.010294410655398751,0.16341870292895122,0.16341870292895122,0.010294412172155864,0.16341872700672394,0.010294412172155864,0.16341872700672394,0.002209989713813652,0.002209989713813652,True,True,21
k=100|vol=1.00,100,1.0,2026-02-27,2026-03-31,0.010276644828742765,0.1631366791739479,0.1631366791739479,0.010276644828812343,0.16313667917505242,0.010276644828812343,0.16313667917505242,0.0026524301699397596,0.0026524301699397596,True,True,21
k=100|vol=1.00,100,1.0,2026-03-31,2026-04-30,0.01048437439976891,0.16643428388328374,0.16643428388328374,0.01048437483403739,0.16643429077708216,0.01048437483403739,0.16643429077708216,0.0019601708712510746,0.0019601708712510746,True,True,21
k=100|vol=1.00,100,1.0,2026-04-30,2026-05-26,0.010499074338860284,0.16666763818202518,0.16666763818202518,0.010499074634955646,0.16666764288239333,0.010499074634955646,0.16666764288239333,0.0026718578607281794,0.0026718578607281794,True,True,22
k=100|vol=1.20,100,1.2,2010-07-30,2010-08-31,0.01528456556251176,0.24263495625640907,0.2021957968803409,0.015284565641146908,0.24263495750470337,0.015284565641146908,0.24263495750470337,0.0014953106764990921,0.0014953106764990921,True,True,21
k=100|vol=1.20,100,1.2,2010-08-31,2010-09-30,0.015020744867323474,0.2384469325553268,0.19870577712943902,0.012786546925462506,0.20298013975218804,0.012786546925462506,0.20298013975218804,0.0012151636588545861,0.0012151636588545861,True,True,20
k=100|vol=1.20,100,1.2,2010-09-30,2010-10-29,0.014770242249408478,0.23447032677668453,0.19539193898057045,0.014770242253926504,0.234470326848406,0.014770242253926504,0.234470326848406,0.0020061855498196605,0.0020061855498196605,True,True,21
k=100|vol=1.20,100,1.2,2010-10-29,2010-11-30,0.014225663760696781,0.22582541127376526,0.18818784272813774,0.014053602717959149,0.22309402689732788,0.014053602717959149,0.22309402689732788,0.00220752566899166,0.00220752566899166,True,True,20
k=100|vol=1.20,100,1.2,2010-11-30,2010-12-31,0.013961218509483678,0.22162747305315403,0.18468956087762836,0.012854481379674671,0.20405856577997777,0.012854481379674671,0.20405856577997777,0.002093752215057043,0.002093752215057043,True,True,20
k=100|vol=1.20,100,1.2,2010-12-31,2011-01-31,0.013496590654732193,0.21425173451795881,0.178543112098299,0.01185989994190877,0.18827007492239994,0.01185989994190877,0.18827007492239994,0.0023137195535725547,0.0023137195535725547,True,True,20
k=100|vol=1.20,100,1.2,2011-01-31,2011-02-28,0.013150279864961518,0.20875422116152936,0.17396185096794115,0.012242121179637184,0.19433764896742003,0.012242121179637184,0.19433764896742003,0.0021560779089206347,0.0021560779089206347,True,True,21
k=100|vol=1.20,100,1.2,2011-02-28,2011-03-31,0.012905924493501421,0.20487519989509198,0.17072933324591,0.011467824230106744,0.1820460659511792,0.011467824230106744,0.1820460659511792,0.0022349647798275843,0.0022349647798275843,True,True,20
k=100|vol=1.20,100,1.2,2011-03-31,2011-04-29,0.012847780813904771,0.20395219759595426,0.16996016466329522,0.011406347013448335,0.18107014539173166,0.011406347013448335,0.18107014539173166,0.0020541736496370116,0.0020541736496370116,True,True,20
k=100|vol=1.20,100,1.2,2011-04-29,2011-05-31,0.012559824049370266,0.19938102567217175,0.1661508547268098,0.01092016372199385,0.17335222490703125,0.01092016372199385,0.17335222490703125,0.002349963296955869,0.002349963296955869,True,True,20
k=100|vol=1.20,100,1.2,2011-05-31,2011-06-30,0.01233814214446021,0.19586193452884126,0.1632182787740344,0.010140327939539924,0.16097271564397592,0.010140327939539924,0.16097271564397592,0.0018961055780172126,0.0018961055780172126,True,True,20
k=100|vol=1.20,100,1.2,2011-06-30,2011-07-29,0.012335883364921802,0.19582607751529038,0.16318839792940865,0.00985597968359962,0.156458827018258,0.00985597968359962,0.156458827018258,0.0016843640171201964,0.0016843640171201964,True,True,20
k=100|vol=1.20,100,1.2,2011-07-29,2011-08-31,0.01230199254073683,0.1952880773601677,0.16274006446680642,0.009652419646518914,0.15322741160833817,0.009652419646518914,0.15322741160833817,0.0012418216169851454,0.0012418216169851454,True,True,20
k=100|vol=1.20,100,1.2,2011-08-31,2011-09-30,0.014383175169927489,0.22832582737864393,0.1902715228155366,0.014383175170038256,0.2283258273804023,0.014383175170038256,0.2283258273804023,0.0010609962499169795,0.0010609962499169795,True,True,21
k=100|vol=1.20,100,1.2,2011-09-30,2011-10-31,0.014822113156309297,0.23529375189631824,0.19607812658026522,0.014132507967879423,0.22434660890788655,0.014132507967879423,0.22434660890788655,0.000662927630080806,0.000662927630080806,True,True,21
k=100|vol=1.20,100,1.2,2011-10-31,2011-11-30,0.01523074217682074,0.2417805364968614,0.20148378041405118,0.015230744844112075,0.24178057883879867,0.015230744844112075,0.24178057883879867,0.0013972092847704936,0.0013972092847704936,True,True,21
k=100|vol=1.20,100,1.2,2011-11-30,2011-12-30,0.01562472824416565,0.24803487142217526,0.20669572618514606,0.015624728346458387,0.24803487304602212,0.015624728346458387,0.24803487304602212,0.0014352839194418565,0.0014352839194418565,True,True,22
k=100|vol=1.20,100,1.2,2011-12-30,2012-01-31,0.015556832226908604,0.2469570555621319,0.2057975463017766,0.015556832227384212,0.24695705556968192,0.015556832227384212,0.24695705556968192,0.0014504599592945183,0.0014504599592945183,True,True,21
k=100|vol=1.20,100,1.2,2012-01-31,2012-02-29,0.015411311341993908,0.24464698312982988,0.2038724859415249,0.015411311470779924,0.2446469851742445,0.015411311470779924,0.2446469851742445,0.0016509570472498793,0.0016509570472498793,True,True,21
k=100|vol=1.20,100,1.2,2012-02-29,2012-03-30,0.015270856005764971,0.2424173237899875,0.20201443649165626,0.015270856007885298,0.24241732382364664,0.015270856007885298,0.24241732382364664,0.0019729940010179982,0.0019729940010179982,True,True,21
k=100|vol=1.20,100,1.2,2012-03-30,2012-04-30,0.015324153950833625,0.24326340243824215,0.20271950203186848,0.015324153953092527,0.2432634024741011,0.015324153953092527,0.2432634024741011,0.0023353281841596916,0.0023353281841596916,True,True,22
k=100|vol=1.20,100,1.2,2012-04-30,2012-05-31,0.015306930253962353,0.24298998472677086,0.20249165393897572,0.01445012417959288,0.22938860995922403,0.01445012417959288,0.22938860995922403,0.002183176320019212,0.002183176320019212,True,True,20
k=100|vol=1.20,100,1.2,2012-05-31,2012-06-29,0.014595692654338901,0.2316994378566778,0.19308286488056484,0.012724040843556403,0.2019878864632725,0.012724040843556403,0.2019878864632725,0.001376274262396812,0.001376274262396812,True,True,21
k=100|vol=1.20,100,1.2,2012-06-29,2012-07-31,0.0144714970251474,0.22972789336410634,0.1914399111367553,0.014032057652922973,0.2227520095929293,0.014032057652922973,0.2227520095929293,0.0017222317032787903,0.0017222317032787903,True,True,20
k=100|vol=1.20,100,1.2,2012-07-31,2012-08-31,0.01426223689344328,0.22640599175724802,0.1886716597977067,0.013204455349949198,0.20961423032413165,0.013204455349949198,0.20961423032413165,0.0015165923910626638,0.0015165923910626638,True,True,20
k=100|vol=1.20,100,1.2,2012-08-31,2012-09-28,0.0140120172445874,0.2224338779731606,0.18536156497763384,0.012342717673691479,0.19593456880361595,0.012342717673691479,0.19593456880361595,0.0015857647866733098,0.0015857647866733098,True,True,20
k=100|vol=1.20,100,1.2,2012-09-28,2012-10-31,0.013981316465274727,0.22194651821045736,0.1849554318420478,0.01231803112676368,0.19554268202021666,0.01231803112676368,0.19554268202021666,0.0017128863935030807,0.0017128863935030807,True,True,20
k=100|vol=1.20,100,1.2,2012-10-31,2012-11-30,0.013988050616839292,0.22205341955244248,0.18504451629370208,0.01211368798467498,0.19229883520368726,0.01211368798467498,0.19229883520368726,0.0016686144218803327,0.0016686144218803327,True,True,20
k=100|vol=1.20,100,1.2,2012-11-30,2012-12-31,0.01399638317277487,0.22218569477718894,0.18515474564765746,0.011375723910530622,0.18058401870357124,0.011375723910530622,0.18058401870357124,0.001671822595051127,0.001671822595051127,True,True,20
k=100|vol=1.20,100,1.2,2012-12-31,2013-01-31,0.014023160117000302,0.22261076558893336,0.18550897132411115,0.011714119833528559,0.18595588744515545,0.011714119833528559,0.18595588744515545,0.0016784316000249928,0.0016784316000249928,True,True,20
k=100|vol=1.20,100,1.2,2013-01-31,2013-02-28,0.01403591269679796,0.22281320651724804,0.1856776720977067,0.01156978180487498,0.18366459227387535,0.01156978180487498,0.18366459227387535,0.0018871936847105072,0.0018871936847105072,True,True,20
k=100|vol=1.20,100,1.2,2013-02-28,2013-03-28,0.014061797743014599,0.22322411888703586,0.1860200990725299,0.010803268883031427,0.17149657686638217,0.010803268883031427,0.17149657686638217,0.0017642266197470861,0.0017642266197470861,True,True,21
k=100|vol=1.20,100,1.2,2013-03-28,2013-04-30,0.013878344593590504,0.2203118904233895,0.18359324201949126,0.009317888914901231,0.14791690087772488,0.009317888914901231,0.14791690087772488,0.0021628283717294895,0.0021628283717294895,True,True,20
k=100|vol=1.20,100,1.2,2013-04-30,2013-05-31,0.013979067129776876,0.22191081111640257,0.1849256759303355,0.01101806125791666,0.17490630011113786,0.01101806125791666,0.17490630011113786,0.0022435221280107938,0.0022435221280107938,True,True,20
k=100|vol=1.20,100,1.2,2013-05-31,2013-06-28,0.013987663867422395,0.22204728009578165,0.18503940007981803,0.011264021569827582,0.17881079901738692,0.011264021569827582,0.17881079901738692,0.0024443810415373784,0.0024443810415373784,True,True,21
k=100|vol=1.20,100,1.2,2013-06-28,2013-07-31,0.014007085121494291,0.22235558294632105,0.1852963191219342,0.010536990311887385,0.16726953559410565,0.010536990311887385,0.16726953559410565,0.0017811663309645358,0.0017811663309645358,True,True,21
k=100|vol=1.20,100,1.2,2013-07-31,2013-08-30,0.01383677582782742,0.21965200672428742,0.1830433389369062,0.010323341766180247,0.16387797007463542,0.010323341766180247,0.16387797007463542,0.002043870109327717,0.002043870109327717,True,True,21
k=100|vol=1.20,100,1.2,2013-08-30,2013-09-30,0.011874449894290491,0.18850104825593914,0.15708420687994928,0.009617466869861662,0.15267255348034053,0.009617466869861662,0.15267255348034053,0.0016860606837946139,0.0016860606837946139,True,True,20
k=100|vol=1.20,100,1.2,2013-09-30,2013-10-31,0.011217143171585262,0.17806662751572558,0.14838885626310466,0.00978947122916683,0.1554030380351834,0.00978947122916683,0.1554030380351834,0.00223469139402051,0.00223469139402051,True,True,21
k=100|vol=1.20,100,1.2,2013-10-31,2013-11-29,0.010396419847161513,0.16503804864603303,0.13753170720502753,0.010186178879910846,0.1617005767575754,0.010186178879910846,0.1617005767575754,0.002729705501948044,0.002729705501948044,True,True,20
k=100|vol=1.20,100,1.2,2013-11-29,2013-12-31,0.009557241996021534,0.15171651324681323,0.1264304277056777,0.009557241996654005,0.1517165132568534,0.009557241996654005,0.1517165132568534,0.002563152652244871,0.002563152652244871,True,True,21
k=100|vol=1.20,100,1.2,2013-12-31,2014-01-31,0.00900794997115486,0.1429967726771233,0.1191639772309361,0.009007950035269654,0.1429967736949141,0.009007950035269654,0.1429967736949141,0.002355907385373441,0.002355907385373441,True,True,21
k=100|vol=1.20,100,1.2,2014-01-31,2014-02-28,0.00911035123324285,0.14462234231766707,0.12051861859805589,0.009110351233558495,0.1446223423226778,0.009110351233558495,0.1446223423226778,0.0017066230815497407,0.0017066230815497407,True,True,22
k=100|vol=1.20,100,1.2,2014-02-28,2014-03-31,0.009206337548864183,0.1461460778400635,0.12178839820005292,0.009206337691573684,0.1461460801055066,0.009206337691573684,0.1461460801055066,0.0021862832023262137,0.0021862832023262137,True,True,21
k=100|vol=1.20,100,1.2,2014-03-31,2014-04-30,0.009164944743996817,0.14548898743358465,0.12124082286132055,0.009164944752535127,0.14548898756912612,0.009164944752535127,0.14548898756912612,0.001747789534824808,0.001747789534824808,True,True,21
k=100|vol=1.20,100,1.2,2014-04-30,2014-05-30,0.009122911960307484,0.14482173767826217,0.12068478139855182,0.008044735866267276,0.1277062227920699,0.008044735866267276,0.1277062227920699,0.0013777660871953311,0.0013777660871953311,True,True,20
k=100|vol=1.20,100,1.2,2014-05-30,2014-06-30,0.008994901635974127,0.14278963677765347,0.1189913639813779,0.008593209128961528,0.13641296591521304,0.008593209128961528,0.13641296591521304,0.0015319540448781228,0.0015319540448781228,True,True,20
k=100|vol=1.20,100,1.2,2014-06-30,2014-07-31,0.008526693599465184,0.1353570646189864,0.11279755384915534,0.008102571922960326,0.12862434172900453,0.008102571922960326,0.12862434172900453,0.001695032579608399,0.001695032579608399,True,True,21
k=100|vol=1.20,100,1.2,2014-07-31,2014-08-29,0.008315986541870924,0.13201219377570295,0.11001016147975246,0.007745916890847778,0.1229626186161472,0.007745916890847778,0.1229626186161472,0.001234991935296565,0.001234991935296565,True,True,20
k=100|vol=1.20,100,1.2,2014-08-29,2014-09-30,0.008285683067541377,0.13153114103407967,0.10960928419506641,0.00792439525934642,0.12579587488085892,0.00792439525934642,0.12579587488085892,0.00155428643992243,0.00155428643992243,True,True,21
k=100|vol=1.20,100,1.2,2014-09-30,2014-10-31,0.008246957275072919,0.13091638813690704,0.1090969901140892,0.00824695944716955,0.1309164226178721,0.00824695944716955,0.1309164226178721,0.0011528859872056302,0.0011528859872056302,True,True,21
k=100|vol=1.20,100,1.2,2014-10-31,2014-11-28,0.008549566937841318,0.13572016760896888,0.11310013967414075,0.00802488283435265,0.12739106568076952,0.00802488283435265,0.12739106568076952,0.0016191595256331982,0.0016191595256331982,True,True,20
k=100|vol=1.20,100,1.2,2014-11-28,2014-12-31,0.00826022459985639,0.13112700038854816,0.10927250032379014,0.008260224781898976,0.13112700327838464,0.008260224781898976,0.13112700327838464,0.0019442270985374854,0.0019442270985374854,True,True,22
k=100|vol=1.20,100,1.2,2014-12-31,2015-01-30,0.00842719438005826,0.13377756347781175,0.11148130289817645,0.008137652482414081,0.12918122834601045,0.008137652482414081,0.12918122834601045,0.0017590136355823975,0.0017590136355823975,True,True,22
k=100|vol=1.20,100,1.2,2015-01-30,2015-02-27,0.008660058526712476,0.13747416720567374,0.11456180600472812,0.008293093061411896,0.13164877104006711,0.008293093061411896,0.13164877104006711,0.001657452595158546,0.001657452595158546,True,True,21
k=100|vol=1.20,100,1.2,2015-02-27,2015-03-31,0.008567157347752812,0.13599940670948185,0.11333283892456822,0.008567157610276443,0.1359994108769153,0.008567157610276443,0.1359994108769153,0.001853986376580224,0.001853986376580224,True,True,23
k=100|vol=1.20,100,1.2,2015-03-31,2015-04-30,0.008767277276873766,0.13917621209853337,0.11598017674877781,0.008767277276891871,0.13917621209882078,0.008767277276891871,0.13917621209882078,0.001588517426262777,0.001588517426262777,True,True,21
k=100|vol=1.20,100,1.2,2015-04-30,2015-05-29,0.008591239379727998,0.13638169711551054,0.11365141426292545,0.008591239561870865,0.13638170000693892,0.008591239561870865,0.13638170000693892,0.0016740516805410178,0.0016740516805410178,True,True,24
k=100|vol=1.20,100,1.2,2015-05-29,2015-06-30,0.00861896751392686,0.13682186759997061,0.11401822299997552,0.008618967514075199,0.13682186760232545,0.008618967514075199,0.13682186760232545,0.0018327093458528768,0.0018327093458528768,True,True,21
k=100|vol=1.20,100,1.2,2015-06-30,2015-07-31,0.008374836557801796,0.1329464088165346,0.11078867401377884,0.008374836557826908,0.13294640881693323,0.008374836557826908,0.13294640881693323,0.0013983197872780707,0.0013983197872780707,True,True,22
k=100|vol=1.20,100,1.2,2015-07-31,2015-08-31,0.008486192922195214,0.13471413629907023,0.1122617802492252,0.00848619384243522,0.13471415090742744,0.00848619384243522,0.13471415090742744,0.0015528003988469206,0.0015528003988469206,True,True,22
k=100|vol=1.20,100,1.2,2015-08-31,2015-09-30,0.00928408037698511,0.14738020697662438,0.12281683914718698,0.009284080377436662,0.14738020698379253,0.009284080377436662,0.14738020698379253,0.0007412078196193037,0.0007412078196193037,True,True,22
k=100|vol=1.20,100,1.2,2015-09-30,2015-10-30,0.009805563640652605,0.15565849714790347,0.12971541428991956,0.00980556375641764,0.15565849898561643,0.00980556375641764,0.15565849898561643,0.0007052917369453022,0.0007052917369453022,True,True,23
k=100|vol=1.20,100,1.2,2015-10-30,2015-11-30,0.009832172994412065,0.1560809075434775,0.13006742295289792,0.009832173121134505,0.15608090955513387,0.009832173121134505,0.15608090955513387,0.0013614371963738944,0.0013614371963738944,True,True,22
k=100|vol=1.20,100,1.2,2015-11-30,2015-12-31,0.009902510596957173,0.15719748236838266,0.13099790197365221,0.0099025106177227,0.15719748269802516,0.0099025106177227,0.15719748269802516,0.0013583191699575814,0.0013583191699575814,True,True,23
k=100|vol=1.20,100,1.2,2015-12-31,2016-01-29,0.010189336225573055,0.16175069806612705,0.1347922483884392,0.010189336229289619,0.16175069812512566,0.010189336229289619,0.16175069812512566,0.0011844587311982155,0.0011844587311982155,True,True,23
k=100|vol=1.20,100,1.2,2016-01-29,2016-02-29,0.010611896330493111,0.168458631775702,0.14038219314641834,0.010611896332230891,0.1684586318032884,0.010611896332230891,0.1684586318032884,0.0006979494376406146,0.0006979494376406146,True,True,22
k=100|vol=1.20,100,1.2,2016-02-29,2016-03-31,0.010791594660826045,0.17131125433414887,0.14275937861179072,0.010791594662641818,0.17131125436297337,0.010791594662641818,0.17131125436297337,0.0008283450804888123,0.0008283450804888123,True,True,21
k=100|vol=1.20,100,1.2,2016-03-31,2016-04-29,0.010845894963207606,0.1721732449114522,0.14347770409287683,0.010845894963281703,0.17217324491262845,0.010845894963281703,0.17217324491262845,0.0016103253283972466,0.0016103253283972466,True,True,22
k=100|vol=1.20,100,1.2,2016-04-29,2016-05-31,0.010778334353001944,0.17110075347328446,0.14258396122773706,0.01077833437463905,0.17110075381676287,0.01077833437463905,0.17110075381676287,0.0016475486702178072,0.0016475486702178072,True,True,23
k=100|vol=1.20,100,1.2,2016-05-31,2016-06-30,0.01083645726469916,0.17202342609223925,0.14335285507686604,0.010836457617431997,0.17202343169169945,0.010836457617431997,0.17202343169169945,0.0020419176355345645,0.0020419176355345645,True,True,21
k=100|vol=1.20,100,1.2,2016-06-30,2016-07-29,0.011170004638896018,0.1773183265077402,0.14776527208978352,0.011170004767717675,0.17731832855272062,0.011170004767717675,0.17731832855272062,0.0021055140579413567,0.0021055140579413567,True,True,21
k=100|vol=1.20,100,1.2,2016-07-29,2016-08-31,0.011170542170595828,0.17732685955893726,0.14777238296578105,0.011170542172192275,0.17732685958428007,0.011170542172192275,0.17732685958428007,0.002307898197214967,0.002307898197214967,True,True,21
k=100|vol=1.20,100,1.2,2016-08-31,2016-09-30,0.011085188533378565,0.17597191257350703,0.14664326047792253,0.011085188611044476,0.17597191380641516,0.011085188611044476,0.17597191380641516,0.0020848437482660067,0.0020848437482660067,True,True,21
k=100|vol=1.20,100,1.2,2016-09-30,2016-10-31,0.011175456606126385,0.17740487380442596,0.14783739483702163,0.011175457230432624,0.17740488371498025,0.011175457230432624,0.17740488371498025,0.0019617709421189456,0.0019617709421189456,True,True,22
k=100|vol=1.20,100,1.2,2016-10-31,2016-11-30,0.010896240985472037,0.17297246323793022,0.14414371936494186,0.010896240985480475,0.17297246323806417,0.010896240985480475,0.17297246323806417,0.0015627987074872938,0.0015627987074872938,True,True,21
k=100|vol=1.20,100,1.2,2016-11-30,2016-12-30,0.010973724008131047,0.17420246809064216,0.14516872340886847,0.010973724008278373,0.1742024680929809,0.010973724008278373,0.1742024680929809,0.0021376059043272796,0.0021376059043272796,True,True,21
k=100|vol=1.20,100,1.2,2016-12-30,2017-01-31,0.010787662035715025,0.17124882584588844,0.1427073548715737,0.010511633533199486,0.16686700921135833,0.010511633533199486,0.16686700921135833,0.0018756455857656053,0.0018756455857656053,True,True,21
k=100|vol=1.20,100,1.2,2017-01-31,2017-02-28,0.01053789221914722,0.16728385292799663,0.13940321077333054,0.009521588639000218,0.15115053375031523,0.009521588639000218,0.15115053375031523,0.0017694307067547624,0.0017694307067547624,True,True,20
k=100|vol=1.20,100,1.2,2017-02-28,2017-03-31,0.01046296605316878,0.16609443691677364,0.13841203076397804,0.009433026490202204,0.14974465322255698,0.009433026490202204,0.14974465322255698,0.002319738970091963,0.002319738970091963,True,True,20
k=100|vol=1.20,100,1.2,2017-03-31,2017-04-28,0.010312908219057995,0.1637123426487689,0.13642695220730744,0.009046635224983121,0.14361088204333322,0.009046635224983121,0.14361088204333322,0.002130099305699136,0.002130099305699136,True,True,20
k=100|vol=1.20,100,1.2,2017-04-28,2017-05-31,0.010306619518858716,0.1636125126279861,0.13634376052332176,0.008624103181710072,0.13690339379859437,0.008624103181710072,0.13690339379859437,0.0020600728906717356,0.0020600728906717356,True,True,20
k=100|vol=1.20,100,1.2,2017-05-31,2017-06-30,0.010239103080019199,0.16254072238851772,0.13545060199043144,0.008107270831892657,0.12869893459581427,0.008107270831892657,0.12869893459581427,0.002209123570527423,0.002209123570527423,True,True,20
k=100|vol=1.20,100,1.2,2017-06-30,2017-07-31,0.010146287877632743,0.16106732672811355,0.13422277227342796,0.008174329433677852,0.1297634568973623,0.008174329433677852,0.1297634568973623,0.0017145332824766032,0.0017145332824766032,True,True,21
k=100|vol=1.20,100,1.2,2017-07-31,2017-08-31,0.010027919085246997,0.15918828040225125,0.13265690033520938,0.007923966044807225,0.1257890613112801,0.007923966044807225,0.1257890613112801,0.0019916101132822295,0.0019916101132822295,True,True,20
k=100|vol=1.20,100,1.2,2017-08-31,2017-09-29,0.009119376939154489,0.14476562095716108,0.1206380174643009,0.008246152929043895,0.130903619539542,0.008246152929043895,0.130903619539542,0.0017687198103435492,0.0017687198103435492,True,True,20
k=100|vol=1.20,100,1.2,2017-09-29,2017-10-31,0.00864748133153987,0.13727451042196911,0.11439542535164093,0.007860870584579929,0.12478745193156852,0.007860870584579929,0.12478745193156852,0.0018128704584320118,0.0018128704584320118,True,True,20
k=100|vol=1.20,100,1.2,2017-10-31,2017-11-30,0.008425338929010031,0.13374810910555096,0.11145675758795914,0.00740416542775224,0.11753748232688763,0.00740416542775224,0.11753748232688763,0.0020959786312827445,0.0020959786312827445,True,True,20
k=100|vol=1.20,100,1.2,2017-11-30,2017-12-29,0.008281766631103414,0.13146896953303702,0.10955747461086418,0.0065319499564580495,0.10369149096664308,0.0065319499564580495,0.10369149096664308,0.0020736774294970906,0.0020736774294970906,True,True,21
k=100|vol=1.20,100,1.2,2017-12-29,2018-01-31,0.007861084202227862,0.12479084300660105,0.10399236917216755,0.005837602514495034,0.09266906703719513,0.005837602514495034,0.09266906703719513,0.001925786388992386,0.001925786388992386,True,True,20
k=100|vol=1.20,100,1.2,2018-01-31,2018-02-28,0.007142873891788802,0.11338960778381554,0.0944913398198463,0.006374603210958775,0.10119368881746438,0.006374603210958775,0.10119368881746438,0.0023078743970448077,0.0023078743970448077,True,True,20
k=100|vol=1.20,100,1.2,2018-02-28,2018-03-29,0.007707853742737114,0.12235838487204499,0.10196532072670417,0.007707853774875493,0.12235838538222595,0.007707853774875493,0.12235838538222595,0.0017745260333339409,0.0017745260333339409,True,True,26
k=100|vol=1.20,100,1.2,2018-03-29,2018-04-30,0.008093854731693944,0.12848596060767356,0.10707163383972797,0.008093854732539046,0.12848596062108913,0.008093854732539046,0.12848596062108913,0.0013151099744010287,0.0013151099744010287,True,True,22
k=100|vol=1.20,100,1.2,2018-04-30,2018-05-31,0.00835664770242624,0.13265766968879475,0.11054805807399562,0.008356647763428631,0.13265767065717768,0.008356647763428631,0.13265767065717768,0.001428806570307787,0.001428806570307787,True,True,23
k=100|vol=1.20,100,1.2,2018-05-31,2018-06-29,0.008340114074984788,0.1323952064899155,0.11032933874159627,0.008340114083147429,0.13239520661949342,0.008340114083147429,0.13239520661949342,0.0016469468116884199,0.0016469468116884199,True,True,24
k=100|vol=1.20,100,1.2,2018-06-29,2018-07-31,0.007967105041261321,0.1264738716498387,0.10539489304153225,0.007967105041507019,0.12647387165373902,0.007967105041507019,0.12647387165373902,0.0015634726731645697,0.0015634726731645697,True,True,22
k=100|vol=1.20,100,1.2,2018-07-31,2018-08-31,0.007962103826885383,0.12639447983288638,0.10532873319407197,0.007962103833068298,0.1263944799310371,0.007962103833068298,0.1263944799310371,0.001686965309201545,0.001686965309201545,True,True,23
k=100|vol=1.20,100,1.2,2018-08-31,2018-09-28,0.007991729310800246,0.12686476981033842,0.10572064150861535,0.0079917294198588,0.1268647715415893,0.0079917294198588,0.1268647715415893,0.002045203906496895,0.002045203906496895,True,True,21
k=100|vol=1.20,100,1.2,2018-09-28,2018-10-31,0.007767054030357666,0.12329816030356984,0.10274846691964154,0.007767054156364066,0.12329816230385943,0.007767054156364066,0.12329816230385943,0.0019744873157421573,0.0019744873157421573,True,True,22
k=100|vol=1.20,100,1.2,2018-10-31,2018-11-30,0.008473684383028313,0.13451556939566822,0.11209630782972353,0.008473684400775538,0.1345155696773967,0.008473684400775538,0.1345155696773967,0.0008774615125675189,0.0008774615125675189,True,True,21
k=100|vol=1.20,100,1.2,2018-11-30,2018-12-31,0.008787212186777811,0.13949266898262086,0.11624389081885073,0.00876599192376154,0.13915580775044226,0.00876599192376154,0.13915580775044226,0.0012774590569379952,0.0012774590569379952,True,True,20
k=100|vol=1.20,100,1.2,2018-12-31,2019-01-31,0.009773024623247972,0.1551419562601491,0.12928496355012425,0.009773024623394203,0.15514195626247043,0.009773024623394203,0.15514195626247043,0.0005298223351461711,0.0005298223351461711,True,True,21
k=100|vol=1.20,100,1.2,2019-01-31,2019-02-28,0.010135017032444587,0.16088840760751333,0.1340736730062611,0.010135017036737163,0.16088840767565588,0.010135017036737163,0.16088840767565588,0.0013203080045916626,0.0013203080045916626,True,True,21
k=100|vol=1.20,100,1.2,2019-02-28,2019-03-29,0.010179021943771172,0.1615869639185269,0.13465580326543908,0.010179022630751704,0.16158697482400475,0.010179022630751704,0.16158697482400475,0.0016909641465737088,0.0016909641465737088,True,True,21
k=100|vol=1.20,100,1.2,2019-03-29,2019-04-30,0.010248103714569589,0.16268360303249035,0.13556966919374197,0.010248104435885239,0.1626836144830213,0.010248104435885239,0.1626836144830213,0.0017485124573333878,0.0017485124573333878,True,True,22
k=100|vol=1.20,100,1.2,2019-04-30,2019-05-31,0.010238352798668993,0.16252881204132186,0.13544067670110155,0.010238352819637357,0.16252881237418432,0.010238352819637357,0.16252881237418432,0.001896268582280326,0.001896268582280326,True,True,23
k=100|vol=1.20,100,1.2,2019-05-31,2019-06-28,0.010450766553060924,0.16590077585634547,0.13825064654695457,0.008647733672549765,0.1372785162113157,0.008647733672549765,0.1372785162113157,0.0014091332464778587,0.0014091332464778587,True,True,21
k=100|vol=1.20,100,1.2,2019-06-28,2019-07-31,0.010549535225959581,0.16746867993122788,0.13955723327602323,0.009788816127153984,0.1553926386131272,0.009788816127153984,0.1553926386131272,0.00173397178813541,0.00173397178813541,True,True,20
k=100|vol=1.20,100,1.2,2019-07-31,2019-08-30,0.010576981639202166,0.1679043782341514,0.13992031519512618,0.00969826379756218,0.15395516494470235,0.00969826379756218,0.15395516494470235,0.0016922162195896259,0.0016922162195896259,True,True,20
k=100|vol=1.20,100,1.2,2019-08-30,2019-09-30,0.01107006042225581,0.17573176125448528,0.14644313437873774,0.010037020869373798,0.1593327667459703,0.010037020869373798,0.1593327667459703,0.001631702240702768,0.001631702240702768,True,True,20
k=100|vol=1.20,100,1.2,2019-09-30,2019-10-31,0.011109128549090994,0.17635194854125544,0.14695995711771287,0.008839844729196966,0.14032818469128172,0.008839844729196966,0.14032818469128172,0.0014069357482438603,0.0014069357482438603,True,True,20
k=100|vol=1.20,100,1.2,2019-10-31,2019-11-29,0.011265820046277391,0.17883934894593692,0.14903279078828077,0.009739353698779686,0.15460744690480877,0.009739353698779686,0.15460744690480877,0.0016084224401474768,0.0016084224401474768,True,True,20
k=100|vol=1.20,100,1.2,2019-11-29,2019-12-31,0.011264852362520112,0.17882398744251982,0.1490199895354332,0.010667595726964654,0.16934283228314254,0.010667595726964654,0.16934283228314254,0.0020527088288228978,0.0020527088288228978,True,True,20
k=100|vol=1.20,100,1.2,2019-12-31,2020-01-31,0.011287946011385039,0.17919058775308971,0.14932548979424143,0.009960998261878908,0.15812594526526938,0.009960998261878908,0.15812594526526938,0.00203440817838932,0.00203440817838932,True,True,20
k=100|vol=1.20,100,1.2,2020-01-31,2020-02-28,0.011346647106453176,0.1801224387485144,0.15010203229042868,0.009295525877924775,0.14756189867132583,0.009295525877924775,0.14756189867132583,0.0017831838812790602,0.0017831838812790602,True,True,20
k=100|vol=1.20,100,1.2,2020-02-28,2020-03-31,0.01126680325858099,0.17885495695738476,0.14904579746448732,0.010835804643555809,0.17201306605276537,0.010835804643555809,0.17201306605276537,0.0008628847841420466,0.0008628847841420466,True,True,20
k=100|vol=1.20,100,1.2,2020-03-31,2020-04-30,0.017608999463246643,0.2795342004985229,0.23294516708210242,0.023248131817126642,0.36905265140979143,0.023248131817126642,0.36905265140979143,-0.0005029598137348335,-0.0005029598137348335,False,False,23
k=100|vol=1.20,100,1.2,2020-04-30,2020-05-29,0.018505472596434685,0.29376527030332156,0.24480439191943462,0.023148025180602168,0.36746350782080606,0.023148025180602168,0.36746350782080606,0.0005312556681039927,0.0005312556681039927,False,False,21
k=100|vol=1.20,100,1.2,2020-05-29,2020-06-30,0.018748487170289832,0.2976230070676319,0.2480191725563599,0.02138800392210566,0.33952403650779395,0.02138800392210566,0.33952403650779395,0.0010169250368892472,0.0010169250368892472,False,False,21
k=100|vol=1.20,100,1.2,2020-06-30,2020-07-31,0.01920808193714736,0.30491884780946227,0.25409903984121857,0.01994032929514705,0.3165429142541698,0.01994032929514705,0.3165429142541698,0.0007632920000221816,0.0007632920000221816,False,False,22
k=100|vol=1.20,100,1.2,2020-07-31,2020-08-31,0.01927663205665584,0.3060070472208415,0.2550058726840346,0.019276632056966257,0.30600704722576916,0.019276632056966257,0.30600704722576916,0.002190040962319662,0.002190040962319662,True,True,22
k=100|vol=1.20,100,1.2,2020-08-31,2020-09-30,0.019296360684866287,0.3063202294845612,0.25526685790380105,0.019296360684982788,0.30632022948641063,0.019296360684982788,0.30632022948641063,0.0027532599132239818,0.0027532599132239818,True,True,22
k=100|vol=1.20,100,1.2,2020-09-30,2020-10-30,0.01963443722173798,0.31168702812857196,0.2597391901071433,0.019634437221852392,0.3116870281303882,0.019634437221852392,0.3116870281303882,0.002329957086476197,0.002329957086476197,True,True,21
k=100|vol=1.20,100,1.2,2020-10-30,2020-11-30,0.019566216718105208,0.3106040612070046,0.2588367176725039,0.01956621740564373,0.3106040721213403,0.01956621740564373,0.3106040721213403,0.002078454271353442,0.002078454271353442,True,True,22
k=100|vol=1.20,100,1.2,2020-11-30,2020-12-31,0.01953256548336283,0.3100698644163731,0.2583915536803109,0.019532565646361667,0.3100698670038994,0.019532565646361667,0.3100698670038994,0.0031102571973023996,0.0031102571973023996,True,True,22
k=100|vol=1.20,100,1.2,2020-12-31,2021-01-29,0.019059230034825472,0.3025558971151267,0.2521299142626056,0.019059230064113517,0.30255589758006,0.019059230064113517,0.30255589758006,0.003130528423761621,0.003130528423761621,True,True,21
k=100|vol=1.20,100,1.2,2021-01-29,2021-02-26,0.019005613728723607,0.301704764642146,0.25142063720178837,0.01869031921842454,0.29669961945817463,0.01869031921842454,0.29669961945817463,0.0026915601746347034,0.0026915601746347034,True,True,20
k=100|vol=1.20,100,1.2,2021-02-26,2021-03-31,0.01907602816122005,0.302822559104718,0.252352132587265,0.019076028475375862,0.3028225640917869,0.019076028475375862,0.3028225640917869,0.0031028386380907687,0.0031028386380907687,True,True,22
k=100|vol=1.20,100,1.2,2021-03-31,2021-04-30,0.019160442575700706,0.3041625963914277,0.2534688303261897,0.01916044299537886,0.3041626030536118,0.01916044299537886,0.3041626030536118,0.002773544995574123,0.002773544995574123,True,True,22
k=100|vol=1.20,100,1.2,2021-04-30,2021-05-28,0.019209023697124298,0.3049337977856244,0.25411149815468703,0.017380216507930254,0.27590238367465747,0.017380216507930254,0.27590238367465747,0.0028668899999300217,0.0028668899999300217,True,True,20
k=100|vol=1.20,100,1.2,2021-05-28,2021-06-30,0.019183334415827417,0.30452599308759526,0.2537716609063294,0.015803382766063728,0.250870924035412,0.015803382766063728,0.250870924035412,0.0026896515945523344,0.0026896515945523344,True,True,20
k=100|vol=1.20,100,1.2,2021-06-30,2021-07-30,0.019136319480561544,0.30377965412787944,0.25314971177323287,0.01347792662630538,0.2139554522518789,0.01347792662630538,0.2139554522518789,0.00227556912316043,0.00227556912316043,True,True,20
k=100|vol=1.20,100,1.2,2021-07-30,2021-08-31,0.01917270877704156,0.30435731630110374,0.25363109691758645,0.011441895459760373,0.18163445948234996,0.011441895459760373,0.18163445948234996,0.0022505126758293036,0.0022505126758293036,True,True,20
k=100|vol=1.20,100,1.2,2021-08-31,2021-09-30,0.018879006753660953,0.2996949412205744,0.24974578435047867,0.011298636321752977,0.17936029116911967,0.011298636321752977,0.17936029116911967,0.0023264415012107936,0.0023264415012107936,True,True,21
k=100|vol=1.20,100,1.2,2021-09-30,2021-10-29,0.01893824290248431,0.30063528593104527,0.2505294049425377,0.012686396453199439,0.20139030029242552,0.012686396453199439,0.20139030029242552,0.0015793104699689529,0.0015793104699689529,True,True,20
k=100|vol=1.20,100,1.2,2021-10-29,2021-11-30,0.018921608364392904,0.3003712208252595,0.25030935068771626,0.011286546925975666,0.17916837796075286,0.011286546925975666,0.17916837796075286,0.002228641609894965,0.002228641609894965,True,True,20
k=100|vol=1.20,100,1.2,2021-11-30,2021-12-31,0.019002230179511158,0.30165105246355667,0.2513758770529639,0.0112878043887357,0.17918833956322872,0.0112878043887357,0.17918833956322872,0.001968439550669691,0.001968439550669691,True,True,20
k=100|vol=1.20,100,1.2,2021-12-31,2022-01-31,0.019144452979181707,0.3039087694157065,0.2532573078464221,0.011288449828417755,0.17919858560053878,0.011288449828417755,0.17919858560053878,0.0022187640165375433,0.0022187640165375433,True,True,20
k=100|vol=1.20,100,1.2,2022-01-31,2022-02-28,0.019275314065653887,0.3059861247623131,0.2549884373019276,0.011661155402322433,0.18511510316533508,0.011661155402322433,0.18511510316533508,0.0015920426219464053,0.0015920426219464053,True,True,20
k=100|vol=1.20,100,1.2,2022-02-28,2022-03-31,0.019183235335705574,0.30452442023942167,0.25377035019951805,0.011338970848074325,0.18000058192449492,0.011338970848074325,0.18000058192449492,0.0015794288876770405,0.0015794288876770405,True,True,20
k=100|vol=1.20,100,1.2,2022-03-31,2022-04-29,0.01349610292685321,0.21424399207790723,0.1785366600649227,0.01019198568063865,0.16179275686140746,0.01019198568063865,0.16179275686140746,0.0019796046444981084,0.0019796046444981084,True,True,20
k=100|vol=1.20,100,1.2,2022-04-29,2022-05-31,0.012840133744853694,0.20383080413814814,0.16985900344845678,0.010733657752255096,0.17039153442328517,0.010733657752255096,0.17039153442328517,0.0010380154286354698,0.0010380154286354698,True,True,20
k=100|vol=1.20,100,1.2,2022-05-31,2022-06-30,0.013268274949473493,0.21062733505880976,0.1755227792156748,0.012386380317481255,0.19662769178592404,0.012386380317481255,0.19662769178592404,0.0014383908598261236,0.0014383908598261236,True,True,20
k=100|vol=1.20,100,1.2,2022-06-30,2022-07-29,0.013327754739837711,0.21157154745883763,0.1763096228823647,0.011989340674388432,0.1903248828483793,0.011989340674388432,0.1903248828483793,0.00042188748521832355,0.00042188748521832355,True,True,20
k=100|vol=1.20,100,1.2,2022-07-29,2022-08-31,0.013502056297215567,0.214338498902556,0.17861541575213,0.01350205966474627,0.21433855236044863,0.01350205966474627,0.21433855236044863,0.0010996886270693614,0.0010996886270693614,True,True,21
k=100|vol=1.20,100,1.2,2022-08-31,2022-09-30,0.0137748121902208,0.21866836447167112,0.18222363705972594,0.012866510063475143,0.20424951521559065,0.012866510063475143,0.20424951521559065,0.0008544592660031733,0.0008544592660031733,True,True,21
k=100|vol=1.20,100,1.2,2022-09-30,2022-10-31,0.013794727076875134,0.21898450349652357,0.18248708624710297,0.013794727235199696,0.2189845060098481,0.013794727235199696,0.2189845060098481,0.00023705313292114757,0.00023705313292114757,True,True,21
k=100|vol=1.20,100,1.2,2022-10-31,2022-11-30,0.014107590391046676,0.22395105463844378,0.18662587886536983,0.0141075904019623,0.22395105481172395,0.0141075904019623,0.22395105481172395,0.0014765028519254677,0.0014765028519254677,True,True,23
k=100|vol=1.20,100,1.2,2022-11-30,2022-12-30,0.01447951575500666,0.2298551867543356,0.19154598896194636,0.014479517358692958,0.22985521221206637,0.014479517358692958,0.22985521221206637,0.002121818762553416,0.002121818762553416,True,True,22
k=100|vol=1.20,100,1.2,2022-12-30,2023-01-31,0.014687682373824453,0.23315972938227797,0.19429977448523164,0.014687684477022137,0.23315976276950612,0.014687684477022137,0.23315976276950612,0.0014911073258213527,0.0014911073258213527,True,True,21
k=100|vol=1.20,100,1.2,2023-01-31,2023-02-28,0.01470837246107462,0.23348817433508698,0.1945734786125725,0.014708372474128949,0.23348817454231802,0.014708372474128949,0.23348817454231802,0.001909795695159822,0.001909795695159822,True,True,22
k=100|vol=1.20,100,1.2,2023-02-28,2023-03-31,0.01473531325099402,0.2339158461165892,0.19492987176382434,0.014735313252750992,0.23391584614448024,0.014735313252750992,0.23391584614448024,0.0015697873729076377,0.0015697873729076377,True,True,21
k=100|vol=1.20,100,1.2,2023-03-31,2023-04-28,0.014785815556496829,0.23471754536256423,0.19559795446880354,0.014785815558340529,0.23471754539183207,0.014785815558340529,0.23471754539183207,0.0016526204728713092,0.0016526204728713092,True,True,21
k=100|vol=1.20,100,1.2,2023-04-28,2023-05-31,0.014799682166123524,0.23493767096616333,0.1957813924718028,0.013316863625313927,0.21139865637565608,0.013316863625313927,0.21139865637565608,0.001460542200658011,0.001460542200658011,True,True,21
k=100|vol=1.20,100,1.2,2023-05-31,2023-06-30,0.014779589607411108,0.23461871148482724,0.1955155929040227,0.013815489463452069,0.2193140961655641,0.013815489463452069,0.2193140961655641,0.0015238997888870408,0.0015238997888870408,True,True,20
k=100|vol=1.20,100,1.2,2023-06-30,2023-07-31,0.014819810755147732,0.2352572024109674,0.19604766867580617,0.013491686948574189,0.21417389059597913,0.013491686948574189,0.21417389059597913,0.0020467670275236653,0.0020467670275236653,True,True,20
k=100|vol=1.20,100,1.2,2023-07-31,2023-08-31,0.014773345593497458,0.23451959083683716,0.19543299236403097,0.01279687021727375,0.20314401692925263,0.01279687021727375,0.20314401692925263,0.0021612610551866554,0.0021612610551866554,True,True,21
k=100|vol=1.20,100,1.2,2023-08-31,2023-09-29,0.014840614305324453,0.23558744853189656,0.19632287377658048,0.011762097936107307,0.18671751621195615,0.011762097936107307,0.18671751621195615,0.001943224070380213,0.001943224070380213,True,True,20
k=100|vol=1.20,100,1.2,2023-09-29,2023-10-31,0.01481825866033316,0.2352325636696241,0.19602713639135344,0.010363533789807134,0.16451599866986646,0.010363533789807134,0.16451599866986646,0.001156321738948586,0.001156321738948586,True,True,20
k=100|vol=1.20,100,1.2,2023-10-31,2023-11-30,0.014851410021672994,0.23575882521599476,0.19646568767999564,0.009997245149497977,0.15870134676791034,0.009997245149497977,0.15870134676791034,0.0008903233174165366,0.0008903233174165366,True,True,20
k=100|vol=1.20,100,1.2,2023-11-30,2023-12-29,0.01489300559846131,0.2364191345269278,0.19701594543910653,0.010621568681811334,0.1686121755927896,0.010621568681811334,0.1686121755927896,0.001698896491563155,0.001698896491563155,True,True,20
k=100|vol=1.20,100,1.2,2023-12-29,2024-01-31,0.01469261479176751,0.23323802908971533,0.19436502424142946,0.011083850523052769,0.17595067231806488,0.011083850523052769,0.17595067231806488,0.002195491302281797,0.002195491302281797,True,True,20
k=100|vol=1.20,100,1.2,2024-01-31,2024-02-29,0.014605089376113645,0.2318486061904092,0.193207171825341,0.010440403967983543,0.16573627491801848,0.010440403967983543,0.16573627491801848,0.0020733248755470538,0.0020733248755470538,True,True,21
k=100|vol=1.20,100,1.2,2024-02-29,2024-03-28,0.014272983385538451,0.22657658703054886,0.1888138225254574,0.010208989065740467,0.16206267723196147,0.010208989065740467,0.16206267723196147,0.002401944129623294,0.002401944129623294,True,True,21
k=100|vol=1.20,100,1.2,2024-03-28,2024-04-30,0.013909887303854798,0.22081261542560723,0.1840105128546727,0.009495302422000319,0.15073325299177276,0.009495302422000319,0.15073325299177276,0.0023825147370525614,0.0023825147370525614,True,True,20
k=100|vol=1.20,100,1.2,2024-04-30,2024-05-31,0.013694951934416291,0.21740062221269074,0.18116718517724228,0.009419456350870258,0.149529233938984,0.009419456350870258,0.149529233938984,0.0015979544686570261,0.0015979544686570261,True,True,21
k=100|vol=1.20,100,1.2,2024-05-31,2024-06-28,0.012730175323523822,0.20208526831377152,0.16840439026147627,0.008862256295731091,0.14068395728052574,0.008862256295731091,0.14068395728052574,0.001786113562740576,0.001786113562740576,True,True,20
k=100|vol=1.20,100,1.2,2024-06-28,2024-07-31,0.011961917922936188,0.18988956016473268,0.15824130013727725,0.008668180600943699,0.13760310113694865,0.008668180600943699,0.13760310113694865,0.001646507847994086,0.001646507847994086,True,True,20
k=100|vol=1.20,100,1.2,2024-07-31,2024-08-30,0.011760620568649774,0.18669406373063,0.15557838644219166,0.00846609710404353,0.1343951250757398,0.00846609710404353,0.1343951250757398,0.0016062059787242352,0.0016062059787242352,True,True,20
k=100|vol=1.20,100,1.2,2024-08-30,2024-09-30,0.011720156627697516,0.18605171858167832,0.15504309881806527,0.008370845904771777,0.13288305916361753,0.008370845904771777,0.13288305916361753,0.0019480582521916384,0.0019480582521916384,True,True,20
k=100|vol=1.20,100,1.2,2024-09-30,2024-10-31,0.011365272942169225,0.18041811472410688,0.15034842893675573,0.008236991517393608,0.1307581866382323,0.008236991517393608,0.1307581866382323,0.0019595943711694184,0.0019595943711694184,True,True,21
k=100|vol=1.20,100,1.2,2024-10-31,2024-11-29,0.010547927935268294,0.16744316498250544,0.13953597081875455,0.007355216172502353,0.11676043698936948,0.007355216172502353,0.11676043698936948,0.0016073468830724135,0.0016073468830724135,True,True,20
k=100|vol=1.20,100,1.2,2024-11-29,2024-12-31,0.00995912429644511,0.15809619698624922,0.13174683082187436,0.007894351103681214,0.1253189386954126,0.007894351103681214,0.1253189386954126,0.002324558623019939,0.002324558623019939,True,True,20
k=100|vol=1.20,100,1.2,2024-12-31,2025-01-31,0.009700150622782991,0.15398511736651263,0.12832093113876053,0.009019684120728524,0.14318304652683578,0.009019684120728524,0.14318304652683578,0.0016238872141804447,0.0016238872141804447,True,True,21
k=100|vol=1.20,100,1.2,2025-01-31,2025-02-28,0.00960619835992654,0.15249367143073297,0.12707805952561083,0.008508109959727245,0.13506205848378036,0.008508109959727245,0.13506205848378036,0.0018361344286847922,0.0018361344286847922,True,True,20
k=100|vol=1.20,100,1.2,2025-02-28,2025-03-31,0.009472989630702937,0.1503790484108014,0.12531587367566785,0.007738548086906611,0.12284564248001728,0.007738548086906611,0.12284564248001728,0.0015431054841019206,0.0015431054841019206,True,True,21
k=100|vol=1.20,100,1.2,2025-03-31,2025-04-30,0.009643172402355448,0.15308061615812282,0.12756718013176901,0.007840111820798568,0.12445791677262484,0.007840111820798568,0.12445791677262484,0.001331938533527253,0.001331938533527253,True,True,20
k=100|vol=1.20,100,1.2,2025-04-30,2025-05-30,0.012372704514684911,0.1964105951468543,0.16367549595571193,0.0121489606911338,0.19285877205983656,0.0121489606911338,0.19285877205983656,0.0012719694370351608,0.0012719694370351608,True,True,20
k=100|vol=1.20,100,1.2,2025-05-30,2025-06-30,0.012462178361255577,0.19783094842807628,0.16485912369006356,0.012462178382241501,0.1978309487612175,0.012462178382241501,0.1978309487612175,0.0015653537080559264,0.0015653537080559264,True,True,21
k=100|vol=1.20,100,1.2,2025-06-30,2025-07-31,0.01244741037922753,0.1975965139812014,0.16466376165100116,0.012447410380237743,0.19759651399723802,0.012447410380237743,0.19759651399723802,0.001753480954890539,0.001753480954890539,True,True,21
k=100|vol=1.20,100,1.2,2025-07-31,2025-08-29,0.012414441111517694,0.19707314308159257,0.16422761923466048,0.012414441111583773,0.19707314308264154,0.012414441111583773,0.19707314308264154,0.001802713387259625,0.001802713387259625,True,True,21
k=100|vol=1.20,100,1.2,2025-08-29,2025-09-30,0.012404745679390485,0.19691923286802115,0.16409936072335096,0.012404745806018178,0.19691923487817345,0.012404745806018178,0.19691923487817345,0.0018980679525617203,0.0018980679525617203,True,True,22
k=100|vol=1.20,100,1.2,2025-09-30,2025-10-31,0.012301519918885482,0.19528057472087065,0.16273381226739222,0.01230151991969243,0.19528057473368055,0.01230151991969243,0.19528057473368055,0.0018117128073455743,0.0018117128073455743,True,True,21
k=100|vol=1.20,100,1.2,2025-10-31,2025-11-28,0.012305279156766604,0.19534025077218614,0.16278354231015513,0.012305279156844618,0.19534025077342457,0.012305279156844618,0.19534025077342457,0.002221744577591265,0.002221744577591265,True,True,21
k=100|vol=1.20,100,1.2,2025-11-28,2025-12-31,0.012346780127386646,0.19599905825675673,0.16333254854729728,0.012346780127501995,0.19599905825858782,0.012346780127501995,0.19599905825858782,0.0023676864432919387,0.0023676864432919387,True,True,21
k=100|vol=1.20,100,1.2,2025-12-31,2026-01-30,0.012337503886235003,0.19585180249362447,0.16320983541135373,0.011776399053725597,0.18694453941608583,0.011776399053725597,0.18694453941608583,0.0017949708063168923,0.0017949708063168923,True,True,20
k=100|vol=1.20,100,1.2,2026-01-30,2026-02-27,0.0123532927864785,0.19610244351474146,0.16341870292895122,0.011501666848735853,0.18258330086682614,0.011501666848735853,0.18258330086682614,0.0022854298459135023,0.0022854298459135023,True,True,20
k=100|vol=1.20,100,1.2,2026-02-27,2026-03-31,0.012331973794491318,0.19576401500873747,0.1631366791739479,0.01044085135392245,0.16574337694962496,0.01044085135392245,0.16574337694962496,0.002654547212444476,0.002654547212444476,True,True,20
k=100|vol=1.20,100,1.2,2026-03-31,2026-04-30,0.01258124927972269,0.19972114065994048,0.16643428388328374,0.010607004779813559,0.16838098081596062,0.010607004779813559,0.16838098081596062,0.0019604266361119603,0.0019604266361119603,True,True,21
k=100|vol=1.20,100,1.2,2026-04-30,2026-05-26,0.01259888920663234,0.20000116581843022,0.16666763818202518,0.010860104983052555,0.17239882198326234,0.010860104983052555,0.17239882198326234,0.002693176138655157,0.002693176138655157,True,True,20
k=250|vol=0.80,250,0.8,2010-07-30,2010-08-31,0.010189710375007838,0.16175663750427272,0.2021957968803409,0.010189710375026738,0.16175663750457273,0.010189710375026738,0.16175663750457273,0.0004201783482425669,0.0004201783482425669,True,True,25
k=250|vol=0.80,250,0.8,2010-08-31,2010-09-30,0.010013829911548982,0.15896462170355122,0.19870577712943902,0.010013829919266097,0.1589646218260566,0.010013829919266097,0.1589646218260566,0.0004484152467299736,0.0004484152467299736,True,True,24
k=250|vol=0.80,250,0.8,2010-09-30,2010-10-29,0.009846828166272319,0.15631355118445636,0.19539193898057045,0.009846828313148644,0.15631355351604576,0.009846828313148644,0.15631355351604576,0.0013672934213737457,0.0013672934213737457,True,True,22
k=250|vol=0.80,250,0.8,2010-10-29,2010-11-30,0.009483775840464522,0.1505502741825102,0.18818784272813774,0.0094837758408994,0.1505502741894137,0.0094837758408994,0.1505502741894137,0.0016487859840148016,0.0016487859840148016,True,True,23
k=250|vol=0.80,250,0.8,2010-11-30,2010-12-31,0.009307479006322452,0.1477516487021027,0.18468956087762836,0.009307479006408584,0.14775164870347,0.009307479006408584,0.14775164870347,0.001559334284778285,0.001559334284778285,True,True,22
k=250|vol=0.80,250,0.8,2010-12-31,2011-01-31,0.008997727103154796,0.1428344896786392,0.178543112098299,0.008997727181197365,0.1428344909175266,0.008997727181197365,0.1428344909175266,0.0018250639935019494,0.0018250639935019494,True,True,24
k=250|vol=0.80,250,0.8,2011-01-31,2011-02-28,0.008766853243307681,0.13916948077435293,0.17396185096794115,0.008766854504548274,0.13916950079592666,0.008766854504548274,0.13916950079592666,0.0017068786759209644,0.0017068786759209644,True,True,22
k=250|vol=0.80,250,0.8,2011-02-28,2011-03-31,0.008603949662334283,0.13658346659672801,0.17072933324591,0.008603949737630486,0.1365834677920182,0.008603949737630486,0.1365834677920182,0.001925429127300984,0.001925429127300984,True,True,23
k=250|vol=0.80,250,0.8,2011-03-31,2011-04-29,0.008565187209269848,0.13596813173063618,0.16996016466329522,0.008565187610109644,0.13596813809377067,0.008565187610109644,0.13596813809377067,0.0016802964753529692,0.0016802964753529692,True,True,24
k=250|vol=0.80,250,0.8,2011-04-29,2011-05-31,0.008373216032913511,0.13292068378144783,0.1661508547268098,0.008373216132724935,0.13292068536590507,0.008373216132724935,0.13292068536590507,0.0020407441750424017,0.0020407441750424017,True,True,24
k=250|vol=0.80,250,0.8,2011-05-31,2011-06-30,0.008225428096306806,0.1305746230192275,0.1632182787740344,0.008225428096708533,0.13057462302560474,0.008225428096708533,0.13057462302560474,0.0017533708583412284,0.0017533708583412284,True,True,22
k=250|vol=0.80,250,0.8,2011-06-30,2011-07-29,0.0082239222432812,0.1305507183435269,0.16318839792940865,0.008223922362274622,0.13055072023248893,0.008223922362274622,0.13055072023248893,0.0015304165133162612,0.0015304165133162612,True,True,23
k=250|vol=0.80,250,0.8,2011-07-29,2011-08-31,0.00820132836049122,0.13019205157344513,0.16274006446680642,0.008201328388162595,0.13019205201271458,0.008201328388162595,0.13019205201271458,0.0011659312774824546,0.0011659312774824546,True,True,22
k=250|vol=0.80,250,0.8,2011-08-31,2011-09-30,0.009588783446618326,0.1522172182524293,0.1902715228155366,0.012556810447598803,0.1993331862271445,0.012556810447598803,0.1993331862271445,0.0006082987533825088,0.0006082987533825088,False,False,21
k=250|vol=0.80,250,0.8,2011-09-30,2011-10-31,0.009881408770872867,0.1568625012642122,0.19607812658026522,0.01277880443050587,0.20285723145509343,0.01277880443050587,0.20285723145509343,0.0002678995558624951,0.0002678995558624951,False,False,22
k=250|vol=0.80,250,0.8,2011-10-31,2011-11-30,0.010153828117880495,0.16118702433124096,0.20148378041405118,0.013027925844152553,0.20681191129571327,0.013027925844152553,0.20681191129571327,0.0008908285109914094,0.0008908285109914094,False,False,22
k=250|vol=0.80,250,0.8,2011-11-30,2011-12-30,0.010416485496110435,0.16535658094811687,0.20669572618514606,0.013169911139875114,0.20906585798957245,0.013169911139875114,0.20906585798957245,0.000883051677782879,0.000883051677782879,False,False,22
k=250|vol=0.80,250,0.8,2011-12-30,2012-01-31,0.010371221484605739,0.1646380370414213,0.2057975463017766,0.012417527411402278,0.19712213657338842,0.012417527411402278,0.19712213657338842,0.0008271767307766473,0.0008271767307766473,False,False,21
k=250|vol=0.80,250,0.8,2012-01-31,2012-02-29,0.010274207561329273,0.16309798875321993,0.2038724859415249,0.011316790943712154,0.1796484868582219,0.011316790943712154,0.1796484868582219,0.0009473716437035304,0.0009473716437035304,False,False,22
k=250|vol=0.80,250,0.8,2012-02-29,2012-03-30,0.01018057067050998,0.16161154919332502,0.20201443649165626,0.010260431165400695,0.16287929524768124,0.010260431165400695,0.16287929524768124,0.0008778959403019077,0.0008778959403019077,False,False,21
k=250|vol=0.80,250,0.8,2012-03-30,2012-04-30,0.010216102633889085,0.1621756016254948,0.20271950203186848,0.010216102681210591,0.1621756023767004,0.010216102681210591,0.1621756023767004,0.001532450565752097,0.001532450565752097,True,True,23
k=250|vol=0.80,250,0.8,2012-04-30,2012-05-31,0.010204620169308237,0.1619933231511806,0.20249165393897572,0.010204620208305188,0.161993323770238,0.010204620208305188,0.161993323770238,0.0016738233573923257,0.0016738233573923257,True,True,22
k=250|vol=0.80,250,0.8,2012-05-31,2012-06-29,0.00973046176955927,0.15446629190445188,0.19308286488056484,0.009730461781530277,0.15446629209448576,0.009730461781530277,0.15446629209448576,0.0011019723296222517,0.0011019723296222517,True,True,22
k=250|vol=0.80,250,0.8,2012-06-29,2012-07-31,0.0096476646834316,0.15315192890940424,0.1914399111367553,0.009647665452712577,0.15315194112136116,0.009647665452712577,0.15315194112136116,0.0013281729933763043,0.0013281729933763043,True,True,22
k=250|vol=0.80,250,0.8,2012-07-31,2012-08-31,0.00950815792896219,0.15093732783816538,0.1886716597977067,0.00950815793704717,0.15093732796651047,0.00950815793704717,0.15093732796651047,0.0013274613470681314,0.0013274613470681314,True,True,22
k=250|vol=0.80,250,0.8,2012-08-31,2012-09-28,0.009341344829724934,0.14828925198210707,0.18536156497763384,0.009341344866653648,0.14828925256833222,0.009341344866653648,0.14828925256833222,0.0013081734840234283,0.0013081734840234283,True,True,24
k=250|vol=0.80,250,0.8,2012-09-28,2012-10-31,0.009320877643516485,0.14796434547363824,0.1849554318420478,0.009320877644906595,0.14796434549570556,0.009320877644906595,0.14796434549570556,0.0015204509306073488,0.0015204509306073488,True,True,23
k=250|vol=0.80,250,0.8,2012-10-31,2012-11-30,0.009325367077892863,0.14803561303496168,0.18504451629370208,0.009325367078743365,0.148035613048463,0.009325367078743365,0.148035613048463,0.0014945723025455325,0.0014945723025455325,True,True,22
k=250|vol=0.80,250,0.8,2012-11-30,2012-12-31,0.009330922115183249,0.148123796518126,0.18515474564765746,0.009330922116717374,0.14812379654247945,0.009330922116717374,0.14812379654247945,0.001538713935114497,0.001538713935114497,True,True,21
k=250|vol=0.80,250,0.8,2012-12-31,2013-01-31,0.009348773411333536,0.14840717705928894,0.18550897132411115,0.009348773415918964,0.14840717713208035,0.009348773415918964,0.14840717713208035,0.00148894323117736,0.00148894323117736,True,True,22
k=250|vol=0.80,250,0.8,2013-01-31,2013-02-28,0.00935727513119864,0.14854213767816535,0.1856776720977067,0.009357275904060805,0.14854214994697187,0.009357275904060805,0.14854214994697187,0.0017720081126346742,0.0017720081126346742,True,True,23
k=250|vol=0.80,250,0.8,2013-02-28,2013-03-28,0.0093745318286764,0.14881607925802393,0.1860200990725299,0.00937453219915864,0.14881608513924716,0.00937453219915864,0.14881608513924716,0.0017204372427562032,0.0017204372427562032,True,True,21
k=250|vol=0.80,250,0.8,2013-03-28,2013-04-30,0.009252229729060337,0.14687459361559302,0.18359324201949126,0.009252229871609922,0.14687459587849752,0.009252229871609922,0.14687459587849752,0.002161837492661927,0.002161837492661927,True,True,21
k=250|vol=0.80,250,0.8,2013-04-30,2013-05-31,0.00931937808651792,0.1479405407442684,0.1849256759303355,0.009319378086842335,0.14794054074941834,0.009319378086842335,0.14794054074941834,0.002175642554273676,0.002175642554273676,True,True,21
k=250|vol=0.80,250,0.8,2013-05-31,2013-06-28,0.009325109244948263,0.14803152006385442,0.18503940007981803,0.00932510929345904,0.1480315208339391,0.00932510929345904,0.1480315208339391,0.0022174233003648667,0.0022174233003648667,True,True,23
k=250|vol=0.80,250,0.8,2013-06-28,2013-07-31,0.00933805674766286,0.14823705529754735,0.1852963191219342,0.009338056832064642,0.14823705663738412,0.009338056832064642,0.14823705663738412,0.0016980709948754647,0.0016980709948754647,True,True,23
k=250|vol=0.80,250,0.8,2013-07-31,2013-08-30,0.009224517218551616,0.14643467114952496,0.1830433389369062,0.009224517257596297,0.14643467176934008,0.009224517257596297,0.14643467176934008,0.001987312920063268,0.001987312920063268,True,True,21
k=250|vol=0.80,250,0.8,2013-08-30,2013-09-30,0.007916299929526993,0.12566736550395943,0.15708420687994928,0.00791630014063137,0.12566736885513752,0.00791630014063137,0.12566736885513752,0.0014610753687326668,0.0014610753687326668,True,True,23
k=250|vol=0.80,250,0.8,2013-09-30,2013-10-31,0.007478095447723509,0.11871108501048373,0.14838885626310466,0.007478095586335273,0.11871108721087725,0.007478095586335273,0.11871108721087725,0.0017568509567123488,0.0017568509567123488,True,True,27
k=250|vol=0.80,250,0.8,2013-10-31,2013-11-29,0.006930946564774342,0.11002536576402203,0.13753170720502753,0.00693094703377068,0.11002537320910807,0.00693094703377068,0.11002537320910807,0.0017988342652768313,0.0017988342652768313,True,True,26
k=250|vol=0.80,250,0.8,2013-11-29,2013-12-31,0.006371494664014356,0.10114434216454216,0.1264304277056777,0.006371494691762797,0.101144342605035,0.006371494691762797,0.101144342605035,0.001530636288113808,0.001530636288113808,True,True,26
k=250|vol=0.80,250,0.8,2013-12-31,2014-01-31,0.006005299980769908,0.09533118178474888,0.1191639772309361,0.006005300432749287,0.09533118895969908,0.006005300432749287,0.09533118895969908,0.0013552888732492622,0.0013552888732492622,True,True,27
k=250|vol=0.80,250,0.8,2014-01-31,2014-02-28,0.006073567488828566,0.09641489487844472,0.12051861859805589,0.006150996542672481,0.09764404300277689,0.006150996542672481,0.09764404300277689,0.0004606583392612964,0.0004606583392612964,False,False,25
k=250|vol=0.80,250,0.8,2014-02-28,2014-03-31,0.006137558365909456,0.09743071856004235,0.12178839820005292,0.00623340810527668,0.09895228600161854,0.00623340810527668,0.09895228600161854,0.000803410055858434,0.000803410055858434,False,False,22
k=250|vol=0.80,250,0.8,2014-03-31,2014-04-30,0.006109963162664546,0.09699265828905645,0.12124082286132055,0.006109963183543952,0.09699265862050675,0.006109963183543952,0.09699265862050675,0.001045769414262354,0.001045769414262354,True,True,27
k=250|vol=0.80,250,0.8,2014-04-30,2014-05-30,0.006081941306871658,0.09654782511884147,0.12068478139855182,0.006081941367424864,0.09654782608009382,0.006081941367424864,0.09654782608009382,0.00111984949351056,0.00111984949351056,True,True,24
k=250|vol=0.80,250,0.8,2014-05-30,2014-06-30,0.005996601090649419,0.09519309118510233,0.1189913639813779,0.005996601091499495,0.09519309119859687,0.005996601091499495,0.09519309119859687,0.0013541551930425437,0.0013541551930425437,True,True,23
k=250|vol=0.80,250,0.8,2014-06-30,2014-07-31,0.005684462399643457,0.09023804307932427,0.11279755384915534,0.005684462414438567,0.09023804331418937,0.005684462414438567,0.09023804331418937,0.001414241364136868,0.001414241364136868,True,True,24
k=250|vol=0.80,250,0.8,2014-07-31,2014-08-29,0.00554399102791395,0.08800812918380196,0.11001016147975246,0.005543991159513937,0.088008131272887,0.005543991159513937,0.088008131272887,0.0010179588304086282,0.0010179588304086282,True,True,23
k=250|vol=0.80,250,0.8,2014-08-29,2014-09-30,0.005523788711694252,0.08768742735605313,0.10960928419506641,0.005523788760340392,0.08768742812828666,0.005523788760340392,0.08768742812828666,0.001383656736964209,0.001383656736964209,True,True,23
k=250|vol=0.80,250,0.8,2014-09-30,2014-10-31,0.00549797151671528,0.08727759209127137,0.1090969901140892,0.005497971585712189,0.08727759318656333,0.005497971585712189,0.08727759318656333,0.000878641369201044,0.000878641369201044,True,True,24
k=250|vol=0.80,250,0.8,2014-10-31,2014-11-28,0.005699711291894213,0.0904801117393126,0.11310013967414075,0.005699711340700858,0.09048011251409406,0.005699711340700858,0.09048011251409406,0.0010065645942406885,0.0010065645942406885,True,True,21
k=250|vol=0.80,250,0.8,2014-11-28,2014-12-31,0.005506816399904261,0.08741800025903212,0.10927250032379014,0.005506816424023191,0.08741800064190827,0.005506816424023191,0.08741800064190827,0.0013578462518826701,0.0013578462518826701,True,True,25
k=250|vol=0.80,250,0.8,2014-12-31,2015-01-30,0.005618129586705507,0.08918504231854117,0.11148130289817645,0.0061006134160461935,0.09684423566281469,0.0061006134160461935,0.09684423566281469,0.0009796884111321251,0.0009796884111321251,False,False,28
k=250|vol=0.80,250,0.8,2015-01-30,2015-02-27,0.005773372351141652,0.09164944480378251,0.11456180600472812,0.006482833477049734,0.10291179102790653,0.006482833477049734,0.10291179102790653,0.0008426097811854123,0.0008426097811854123,False,False,26
k=250|vol=0.80,250,0.8,2015-02-27,2015-03-31,0.005711438231835208,0.09066627113965459,0.11333283892456822,0.006297711323265921,0.09997306794142277,0.006297711323265921,0.09997306794142277,0.0009308209483040389,0.0009308209483040389,False,False,25
k=250|vol=0.80,250,0.8,2015-03-31,2015-04-30,0.005844851517915844,0.09278414139902225,0.11598017674877781,0.0069096918646646185,0.1096879578599325,0.0069096918646646185,0.1096879578599325,0.0007525436569578865,0.0007525436569578865,False,False,27
k=250|vol=0.80,250,0.8,2015-04-30,2015-05-29,0.005727492919818665,0.09092113141034036,0.11365141426292545,0.006588921233123179,0.10459588194622182,0.006588921233123179,0.10459588194622182,0.0005646218047521965,0.0005646218047521965,False,False,28
k=250|vol=0.80,250,0.8,2015-05-29,2015-06-30,0.005745978342617907,0.09121457839998043,0.11401822299997552,0.00645620807023677,0.10248912579800835,0.00645620807023677,0.10248912579800835,0.0006577247707714354,0.0006577247707714354,False,False,30
k=250|vol=0.80,250,0.8,2015-06-30,2015-07-31,0.005583224371867865,0.08863093921102308,0.11078867401377884,0.006460086529601952,0.1025506944317104,0.006460086529601952,0.1025506944317104,0.00035635020886472604,0.00035635020886472604,False,False,27
k=250|vol=0.80,250,0.8,2015-07-31,2015-08-31,0.005657461948130144,0.08980942419938016,0.1122617802492252,0.006311606293708224,0.10019364375901234,0.006311606293708224,0.10019364375901234,0.0006477430057592943,0.0006477430057592943,False,False,28
k=250|vol=0.80,250,0.8,2015-08-31,2015-09-30,0.0061893869179900736,0.09825347131774959,0.12281683914718698,0.008246655818358374,0.13091160265992063,0.008246655818358374,0.13091160265992063,-3.164725686319654e-05,-3.164725686319654e-05,False,False,26
k=250|vol=0.80,250,0.8,2015-09-30,2015-10-30,0.006537042427101737,0.10377233143193565,0.12971541428991956,0.00887789570296089,0.1409322251736208,0.00887789570296089,0.1409322251736208,-1.610408573212506e-05,-1.610408573212506e-05,False,False,24
k=250|vol=0.80,250,0.8,2015-10-30,2015-11-30,0.00655478199627471,0.10405393836231834,0.13006742295289792,0.008477301402553677,0.13457298780057653,0.008477301402553677,0.13457298780057653,0.0004987471979587107,0.0004987471979587107,False,False,27
k=250|vol=0.80,250,0.8,2015-11-30,2015-12-31,0.006601673731304782,0.10479832157892177,0.13099790197365221,0.008168863213317118,0.12967668333924642,0.008168863213317118,0.12967668333924642,0.00038133481641054306,0.00038133481641054306,False,False,27
k=250|vol=0.80,250,0.8,2015-12-31,2016-01-29,0.006792890817048704,0.10783379871075137,0.1347922483884392,0.008341947546890193,0.13242431195410065,0.008341947546890193,0.13242431195410065,0.00025988789124796756,0.00025988789124796756,False,False,24
k=250|vol=0.80,250,0.8,2016-01-29,2016-02-29,0.007074597553662075,0.11230575451713468,0.14038219314641834,0.008871980288920094,0.14083832088689727,0.008871980288920094,0.14083832088689727,-0.00012661097675632487,-0.00012661097675632487,False,False,22
k=250|vol=0.80,250,0.8,2016-02-29,2016-03-31,0.007194396440550697,0.11420750288943259,0.14275937861179072,0.008830279371473244,0.14017633934485169,0.008830279371473244,0.14017633934485169,0.00030524618547758203,0.00030524618547758203,False,False,24
k=250|vol=0.80,250,0.8,2016-03-31,2016-04-29,0.007230596642138405,0.11478216327430146,0.14347770409287683,0.0082379211038164,0.13077294336521342,0.0082379211038164,0.13077294336521342,0.0008973803288109159,0.0008973803288109159,False,False,22
k=250|vol=0.80,250,0.8,2016-04-29,2016-05-31,0.00718555623533463,0.11406716898218966,0.14258396122773706,0.007916567490879716,0.12567161290875797,0.007916567490879716,0.12567161290875797,0.0008561437573017596,0.0008561437573017596,False,False,24
k=250|vol=0.80,250,0.8,2016-05-31,2016-06-30,0.007224304843132773,0.11468228406149283,0.14335285507686604,0.007557146196291316,0.11996597674046722,0.007557146196291316,0.11996597674046722,0.0008694335779843838,0.0008694335779843838,False,False,27
k=250|vol=0.80,250,0.8,2016-06-30,2016-07-29,0.007446669759264014,0.11821221767182682,0.14776527208978352,0.00789893512558506,0.12539170778718492,0.00789893512558506,0.12539170778718492,0.0009811019895767398,0.0009811019895767398,False,False,24
k=250|vol=0.80,250,0.8,2016-07-29,2016-08-31,0.007447028113730552,0.11821790637262485,0.14777238296578105,0.00744702813065408,0.11821790664127753,0.00744702813065408,0.11821790664127753,0.0012754862860611161,0.0012754862860611161,True,True,24
k=250|vol=0.80,250,0.8,2016-08-31,2016-09-30,0.007390125688919044,0.11731460838233804,0.14664326047792253,0.007390125790614915,0.11731460999670994,0.007390125790614915,0.11731460999670994,0.0013452793034988452,0.0013452793034988452,True,True,26
k=250|vol=0.80,250,0.8,2016-09-30,2016-10-31,0.007450304404084258,0.11826991586961731,0.14783739483702163,0.007450304441280892,0.11826991646009558,0.007450304441280892,0.11826991646009558,0.0009595841176532405,0.0009595841176532405,True,True,25
k=250|vol=0.80,250,0.8,2016-10-31,2016-11-30,0.007264160656981359,0.11531497549195349,0.14414371936494186,0.007264162151428388,0.11531499921556462,0.007264162151428388,0.11531499921556462,0.0007938192248364387,0.0007938192248364387,True,True,26
k=250|vol=0.80,250,0.8,2016-11-30,2016-12-30,0.007315816005420698,0.11613497872709477,0.14516872340886847,0.007315816030382174,0.11613497912334593,0.007315816030382174,0.11613497912334593,0.0012359177871695758,0.0012359177871695758,True,True,24
k=250|vol=0.80,250,0.8,2016-12-30,2017-01-31,0.007191774690476684,0.11416588389725897,0.1427073548715737,0.007191774773678131,0.11416588521804098,0.007191774773678131,0.11416588521804098,0.0014156322465625855,0.0014156322465625855,True,True,25
k=250|vol=0.80,250,0.8,2017-01-31,2017-02-28,0.007025261479431481,0.11152256861866444,0.13940321077333054,0.007025261603444871,0.11152257058731598,0.007025261603444871,0.11152257058731598,0.0014042604146986327,0.0014042604146986327,True,True,25
k=250|vol=0.80,250,0.8,2017-02-28,2017-03-31,0.006975310702112521,0.11072962461118244,0.13841203076397804,0.006975312938937682,0.11072966011968105,0.006975312938937682,0.11072966011968105,0.002049427746325399,0.002049427746325399,True,True,25
k=250|vol=0.80,250,0.8,2017-03-31,2017-04-28,0.006875272146038665,0.10914156176584595,0.13642695220730744,0.006875272146905864,0.10914156177961232,0.006875272146905864,0.10914156177961232,0.0018468683969713779,0.0018468683969713779,True,True,22
k=250|vol=0.80,250,0.8,2017-04-28,2017-05-31,0.006871079679239145,0.10907500841865742,0.13634376052332176,0.006871079679256425,0.10907500841893172,0.006871079679256425,0.10907500841893172,0.0018816101968226445,0.0018816101968226445,True,True,21
k=250|vol=0.80,250,0.8,2017-05-31,2017-06-30,0.0068260687200128005,0.10836048159234515,0.13545060199043144,0.006826068776742282,0.10836048249289776,0.006826068776742282,0.10836048249289776,0.002122681384804055,0.002122681384804055,True,True,22
k=250|vol=0.80,250,0.8,2017-06-30,2017-07-31,0.006764191918421829,0.10737821781874238,0.13422277227342796,0.0067641919186634345,0.10737821782257775,0.0067641919186634345,0.10737821782257775,0.0016145320156160812,0.0016145320156160812,True,True,23
k=250|vol=0.80,250,0.8,2017-07-31,2017-08-31,0.006685279390164666,0.10612552026816752,0.13265690033520938,0.006685279390475556,0.10612552027310274,0.006685279390475556,0.10612552027310274,0.0018841964864681144,0.0018841964864681144,True,True,22
k=250|vol=0.80,250,0.8,2017-08-31,2017-09-29,0.006079584626102992,0.09651041397144072,0.1206380174643009,0.0060795868831707645,0.09651044980128083,0.0060795868831707645,0.09651044980128083,0.0016421668964972133,0.0016421668964972133,True,True,23
k=250|vol=0.80,250,0.8,2017-09-29,2017-10-31,0.005764987554359915,0.09151634028131275,0.11439542535164093,0.005764989067472729,0.09151636430123403,0.005764989067472729,0.09151636430123403,0.0016585141121689237,0.0016585141121689237,True,True,24
k=250|vol=0.80,250,0.8,2017-10-31,2017-11-30,0.005616892619340023,0.08916540607036733,0.11145675758795914,0.005616892619467572,0.08916540607239211,0.005616892619467572,0.08916540607239211,0.0019135932567380777,0.0019135932567380777,True,True,24
k=250|vol=0.80,250,0.8,2017-11-30,2017-12-29,0.005521177754068943,0.08764597968869135,0.10955747461086418,0.005521177816244507,0.08764598067569783,0.005521177816244507,0.08764598067569783,0.0020234176821262886,0.0020234176821262886,True,True,22
k=250|vol=0.80,250,0.8,2017-12-29,2018-01-31,0.005240722801485242,0.08319389533773404,0.10399236917216755,0.005240722872585592,0.0831938964664171,0.005240722872585592,0.0831938964664171,0.001847480590084737,0.001847480590084737,True,True,22
k=250|vol=0.80,250,0.8,2018-01-31,2018-02-28,0.004761915927859202,0.07559307185587705,0.0944913398198463,0.004761915957509497,0.07559307232656089,0.004761915957509497,0.07559307232656089,0.0019621373469059502,0.0019621373469059502,True,True,25
k=250|vol=0.80,250,0.8,2018-02-28,2018-03-29,0.005138569161824744,0.08157225658136334,0.10196532072670417,0.006232049448306406,0.09893071799085619,0.006232049448306406,0.09893071799085619,0.0004906421084859325,0.0004906421084859325,False,False,27
k=250|vol=0.80,250,0.8,2018-03-29,2018-04-30,0.005395903154462629,0.08565730707178237,0.10707163383972797,0.006657790177708162,0.10568914254878595,0.006657790177708162,0.10568914254878595,0.00036011842581660836,0.00036011842581660836,False,False,24
k=250|vol=0.80,250,0.8,2018-04-30,2018-05-31,0.005571098468284161,0.0884384464591965,0.11054805807399562,0.006675362146376389,0.10596808890363763,0.006675362146376389,0.10596808890363763,0.0003882788293622729,0.0003882788293622729,False,False,27
k=250|vol=0.80,250,0.8,2018-05-31,2018-06-29,0.005560076049989861,0.08826347099327703,0.11032933874159627,0.0065031988850768,0.10323508185783437,0.0065031988850768,0.10323508185783437,0.00023816480627789736,0.00023816480627789736,False,False,25
k=250|vol=0.80,250,0.8,2018-06-29,2018-07-31,0.005311403360840881,0.08431591443322581,0.10539489304153225,0.005952628624525137,0.09449504992570795,0.005952628624525137,0.09449504992570795,0.00027977885325715444,0.00027977885325715444,False,False,26
k=250|vol=0.80,250,0.8,2018-07-31,2018-08-31,0.005308069217923588,0.08426298655525759,0.10532873319407197,0.0056811325088714885,0.09018518270207045,0.0056811325088714885,0.09018518270207045,0.0006499866117408287,0.0006499866117408287,False,False,28
k=250|vol=0.80,250,0.8,2018-08-31,2018-09-28,0.005327819540533498,0.08457651320689229,0.10572064150861535,0.005345749379136415,0.08486114057083735,0.005345749379136415,0.08486114057083735,0.0007913921798752398,0.0007913921798752398,False,False,29
k=250|vol=0.80,250,0.8,2018-09-28,2018-10-31,0.005178036020238444,0.08219877353571324,0.10274846691964154,0.005178036057838487,0.08219877413259541,0.005178036057838487,0.08219877413259541,0.0011070178269059422,0.0011070178269059422,True,True,29
k=250|vol=0.80,250,0.8,2018-10-31,2018-11-30,0.005649122922018876,0.08967704626377883,0.11209630782972353,0.006518211210672923,0.10347339513860279,0.006518211210672923,0.10347339513860279,0.00024542531783599707,0.00024542531783599707,False,False,28
k=250|vol=0.80,250,0.8,2018-11-30,2018-12-31,0.005858141457851875,0.09299511265508059,0.11624389081885073,0.006718355791222066,0.106650591856945,0.006718355791222066,0.106650591856945,0.0004042953473190784,0.0004042953473190784,False,False,29
k=250|vol=0.80,250,0.8,2018-12-31,2019-01-31,0.006515349748831983,0.10342797084009941,0.12928496355012425,0.008302147632104653,0.13179250789375604,0.008302147632104653,0.13179250789375604,-0.0004681835570458369,-0.0004681835570458369,False,False,24
k=250|vol=0.80,250,0.8,2019-01-31,2019-02-28,0.006756678021629724,0.10725893840500889,0.1340736730062611,0.008257238045476808,0.13107959030755612,0.008257238045476808,0.13107959030755612,0.0004325845133590101,0.0004325845133590101,False,False,23
k=250|vol=0.80,250,0.8,2019-02-28,2019-03-29,0.006786014629180781,0.10772464261235126,0.13465580326543908,0.00763519881389601,0.12120502363262506,0.00763519881389601,0.12120502363262506,0.0007865144355646056,0.0007865144355646056,False,False,26
k=250|vol=0.80,250,0.8,2019-03-29,2019-04-30,0.006832069143046394,0.10845573535499359,0.13556966919374197,0.007162268668162256,0.11369749031392277,0.007162268668162256,0.11369749031392277,0.0008286911775107206,0.0008286911775107206,False,False,25
k=250|vol=0.80,250,0.8,2019-04-30,2019-05-31,0.006825568532445995,0.10835254136088124,0.13544067670110155,0.006825568948845982,0.10835254797102611,0.006825568948845982,0.10835254797102611,0.00123218035290437,0.00123218035290437,True,True,27
k=250|vol=0.80,250,0.8,2019-05-31,2019-06-28,0.006967177702040616,0.11060051723756366,0.13825064654695457,0.0069671777058156895,0.11060051729749108,0.0069671777058156895,0.11060051729749108,0.0012214106339557662,0.0012214106339557662,True,True,21
k=250|vol=0.80,250,0.8,2019-06-28,2019-07-31,0.007033023483973055,0.11164578662081859,0.13955723327602323,0.007033023877663944,0.11164579287046772,0.007033023877663944,0.11164579287046772,0.0014266805748022473,0.0014266805748022473,True,True,27
k=250|vol=0.80,250,0.8,2019-07-31,2019-08-30,0.007051321092801445,0.11193625215610095,0.13992031519512618,0.007051321176491414,0.11193625348463802,0.007051321176491414,0.11193625348463802,0.0015041110492000753,0.0015041110492000753,True,True,22
k=250|vol=0.80,250,0.8,2019-08-30,2019-09-30,0.007380040281503874,0.1171545075029902,0.14644313437873774,0.007380040526670402,0.11715451139488817,0.007380040526670402,0.11715451139488817,0.0010047206522801173,0.0010047206522801173,True,True,25
k=250|vol=0.80,250,0.8,2019-09-30,2019-10-31,0.0074060856993939965,0.1175679656941703,0.14695995711771287,0.007406085699636272,0.11756796569801631,0.007406085699636272,0.11756796569801631,0.0012723588689178978,0.0012723588689178978,True,True,24
k=250|vol=0.80,250,0.8,2019-10-31,2019-11-29,0.007510546697518261,0.11922623263062462,0.14903279078828077,0.007510546701618686,0.11922623269571685,0.007510546701618686,0.11922623269571685,0.0014522458947561082,0.0014522458947561082,True,True,22
k=250|vol=0.80,250,0.8,2019-11-29,2019-12-31,0.007509901575013409,0.11921599162834656,0.1490199895354332,0.007509908199502797,0.11921609678885547,0.007509908199502797,0.11921609678885547,0.0016308558386214683,0.0016308558386214683,True,True,26
k=250|vol=0.80,250,0.8,2019-12-31,2020-01-31,0.00752529734092336,0.11946039183539314,0.14932548979424143,0.0075252974323931476,0.11946039328743101,0.0075252974323931476,0.11946039328743101,0.0018134344797207447,0.0018134344797207447,True,True,24
k=250|vol=0.80,250,0.8,2020-01-31,2020-02-28,0.007564431404302118,0.12008162583234294,0.15010203229042868,0.0075644345965522565,0.12008167650774289,0.0075644345965522565,0.12008167650774289,0.001696849267261248,0.001696849267261248,True,True,25
k=250|vol=0.80,250,0.8,2020-02-28,2020-03-31,0.007511202172387328,0.11923663797158986,0.14904579746448732,0.007815727730620529,0.12407083134127886,0.007815727730620529,0.12407083134127886,-0.00023959679602675605,-0.00023959679602675605,False,False,26
k=250|vol=0.80,250,0.8,2020-03-31,2020-04-30,0.011739332975497762,0.18635613366568193,0.23294516708210242,0.023248131817126642,0.36905265140979143,0.023248131817126642,0.36905265140979143,-0.0005029598137348335,-0.0005029598137348335,False,False,23
k=250|vol=0.80,250,0.8,2020-04-30,2020-05-29,0.012336981730956457,0.19584351353554771,0.24480439191943462,0.023148025180602168,0.36746350782080606,0.023148025180602168,0.36746350782080606,0.0005312556681039927,0.0005312556681039927,False,False,21
k=250|vol=0.80,250,0.8,2020-05-29,2020-06-30,0.012498991446859889,0.19841533804508793,0.2480191725563599,0.02138800392210566,0.33952403650779395,0.02138800392210566,0.33952403650779395,0.0010169250368892472,0.0010169250368892472,False,False,21
k=250|vol=0.80,250,0.8,2020-06-30,2020-07-31,0.012805387958098241,0.20327923187297486,0.25409903984121857,0.01994032929514705,0.3165429142541698,0.01994032929514705,0.3165429142541698,0.0007632920000221816,0.0007632920000221816,False,False,22
k=250|vol=0.80,250,0.8,2020-07-31,2020-08-31,0.012851088037770563,0.20400469814722766,0.2550058726840346,0.017972262552002422,0.2853008232585447,0.017972262552002422,0.2853008232585447,0.0012715313310553496,0.0012715313310553496,False,False,21
k=250|vol=0.80,250,0.8,2020-08-31,2020-09-30,0.012864240456577527,0.20421348632304084,0.25526685790380105,0.016134041347071068,0.25611996628070155,0.016134041347071068,0.25611996628070155,0.0012884294598075505,0.0012884294598075505,False,False,23
k=250|vol=0.80,250,0.8,2020-09-30,2020-10-30,0.013089624814491987,0.20779135208571464,0.2597391901071433,0.015441873274247338,0.24513213876379897,0.015441873274247338,0.24513213876379897,0.000950219202523261,0.000950219202523261,False,False,22
k=250|vol=0.80,250,0.8,2020-10-30,2020-11-30,0.013044144478736808,0.2070693741380031,0.2588367176725039,0.01440695495284824,0.22870331972968036,0.01440695495284824,0.22870331972968036,0.0005487203869102905,0.0005487203869102905,False,False,24
k=250|vol=0.80,250,0.8,2020-11-30,2020-12-31,0.01302171032224189,0.20671324294424875,0.2583915536803109,0.013542587241175554,0.21498190769128092,0.013542587241175554,0.21498190769128092,0.0010559987658377234,0.0010559987658377234,False,False,25
k=250|vol=0.80,250,0.8,2020-12-31,2021-01-29,0.012706153356550317,0.2017039314100845,0.2521299142626056,0.012706153418223298,0.20170393238911272,0.012706153418223298,0.20170393238911272,0.0015015190641945995,0.0015015190641945995,True,True,26
k=250|vol=0.80,250,0.8,2021-01-29,2021-02-26,0.012670409152482407,0.20113650976143072,0.25142063720178837,0.012670409227943455,0.2011365109593377,0.012670409227943455,0.2011365109593377,0.0016388740772150297,0.0016388740772150297,True,True,24
k=250|vol=0.80,250,0.8,2021-02-26,2021-03-31,0.012717352107480035,0.20188170606981204,0.252352132587265,0.012717352494436986,0.20188171221256318,0.012717352494436986,0.20188171221256318,0.0018049959469571494,0.0018049959469571494,True,True,24
k=250|vol=0.80,250,0.8,2021-03-31,2021-04-30,0.012773628383800471,0.2027750642609518,0.2534688303261897,0.012773628748724822,0.20277507005394627,0.012773628748724822,0.20277507005394627,0.002026912467885495,0.002026912467885495,True,True,26
k=250|vol=0.80,250,0.8,2021-04-30,2021-05-28,0.012806015798082866,0.20328919852374963,0.25411149815468703,0.012806017779809357,0.2032892299826824,0.012806017779809357,0.2032892299826824,0.0024825139827867933,0.0024825139827867933,True,True,25
k=250|vol=0.80,250,0.8,2021-05-28,2021-06-30,0.012788889610551614,0.20301732872506353,0.2537716609063294,0.012788890721730959,0.2030173463644888,0.012788890721730959,0.2030173463644888,0.0024097968444433907,0.0024097968444433907,True,True,23
k=250|vol=0.80,250,0.8,2021-06-30,2021-07-30,0.012757546320374362,0.2025197694185863,0.25314971177323287,0.012757546729124818,0.2025197759072986,0.012757546729124818,0.2025197759072986,0.002247437392074647,0.002247437392074647,True,True,21
k=250|vol=0.80,250,0.8,2021-07-30,2021-08-31,0.01278180585136104,0.20290487753406916,0.25363109691758645,0.01144189545976037,0.1816344594823499,0.01144189545976037,0.1816344594823499,0.002250512675829303,0.002250512675829303,True,True,20
k=250|vol=0.80,250,0.8,2021-08-31,2021-09-30,0.012586004502440637,0.19979662748038296,0.24974578435047867,0.011298636318969922,0.17936029112494004,0.011298636318969922,0.17936029112494004,0.002326441501213101,0.002326441501213101,True,True,21
k=250|vol=0.80,250,0.8,2021-09-30,2021-10-29,0.012625495268322873,0.20042352395403018,0.2505294049425377,0.012625495408964479,0.20042352618664644,0.012625495408964479,0.20042352618664644,0.0015776343101075267,0.0015776343101075267,True,True,21
k=250|vol=0.80,250,0.8,2021-10-29,2021-11-30,0.012614405576261938,0.20024748055017302,0.25030935068771626,0.011286546925975667,0.17916837796075288,0.011286546925975667,0.17916837796075288,0.002228641609894965,0.002228641609894965,True,True,20
k=250|vol=0.80,250,0.8,2021-11-30,2021-12-31,0.012668153453007439,0.20110070164237112,0.2513758770529639,0.0112878043887357,0.17918833956322872,0.0112878043887357,0.17918833956322872,0.0019684395506696915,0.0019684395506696915,True,True,20
k=250|vol=0.80,250,0.8,2021-12-31,2022-01-31,0.012762968652787808,0.20260584627713768,0.2532573078464221,0.011288449828417752,0.17919858560053872,0.011288449828417752,0.17919858560053872,0.002218764016537545,0.002218764016537545,True,True,20
k=250|vol=0.80,250,0.8,2022-01-31,2022-02-28,0.012850209377102592,0.20399074984154209,0.2549884373019276,0.011661155402322433,0.18511510316533508,0.011661155402322433,0.18511510316533508,0.0015920426219464053,0.0015920426219464053,True,True,20
k=250|vol=0.80,250,0.8,2022-02-28,2022-03-31,0.012788823557137051,0.20301628015961445,0.25377035019951805,0.011338970848074328,0.18000058192449497,0.011338970848074328,0.18000058192449497,0.0015794288876770407,0.0015794288876770407,True,True,20
k=250|vol=0.80,250,0.8,2022-03-31,2022-04-29,0.008997401951235473,0.14282932805193815,0.1785366600649227,0.00899740208648768,0.14282933019900038,0.00899740208648768,0.14282933019900038,0.0018984436177796088,0.0018984436177796088,True,True,22
k=250|vol=0.80,250,0.8,2022-04-29,2022-05-31,0.008560089163235796,0.13588720275876542,0.16985900344845678,0.008775533232429501,0.13930727132994744,0.008775533232429501,0.13930727132994744,0.00022598299141654118,0.00022598299141654118,False,False,27
k=250|vol=0.80,250,0.8,2022-05-31,2022-06-30,0.00884551663298233,0.14041822337253984,0.1755227792156748,0.009277034474989709,0.14726835674997257,0.009277034474989709,0.14726835674997257,0.0005271294767278932,0.0005271294767278932,False,False,25
k=250|vol=0.80,250,0.8,2022-06-30,2022-07-29,0.008885169826558476,0.14104769830589178,0.1763096228823647,0.010301294295029696,0.16352797732042204,0.010301294295029696,0.16352797732042204,-0.00022035473469807405,-0.00022035473469807405,False,False,23
k=250|vol=0.80,250,0.8,2022-07-29,2022-08-31,0.009001370864810378,0.142892332601704,0.17861541575213,0.010022627845447697,0.15910428457443432,0.010022627845447697,0.15910428457443432,0.00017171077501648146,0.00017171077501648146,False,False,22
k=250|vol=0.80,250,0.8,2022-08-31,2022-09-30,0.009183208126813867,0.14577890964778076,0.18222363705972594,0.009813128022728448,0.1557785779906708,0.009813128022728448,0.1557785779906708,-0.00011672919363705677,-0.00011672919363705677,False,False,22
k=250|vol=0.80,250,0.8,2022-09-30,2022-10-31,0.009196484717916755,0.14598966899768237,0.18248708624710297,0.010432883125698504,0.16561688524800278,0.010432883125698504,0.16561688524800278,-0.0007885540655332268,-0.0007885540655332268,False,False,23
k=250|vol=0.80,250,0.8,2022-10-31,2022-11-30,0.009405060260697784,0.14930070309229587,0.18662587886536983,0.011889515629865456,0.18874020939383684,0.011889515629865456,0.18874020939383684,0.00017639730292639944,0.00017639730292639944,False,False,23
k=250|vol=0.80,250,0.8,2022-11-30,2022-12-30,0.009653010503337776,0.1532367911695571,0.19154598896194636,0.011836316542292537,0.1878957000596759,0.011836316542292537,0.1878957000596759,0.0010771819117951133,0.0010771819117951133,False,False,23
k=250|vol=0.80,250,0.8,2022-12-30,2023-01-31,0.009791788249216303,0.1554398195881853,0.19429977448523164,0.011200434207699402,0.17780138093708028,0.011200434207699402,0.17780138093708028,0.0005273679235644792,0.0005273679235644792,False,False,24
k=250|vol=0.80,250,0.8,2023-01-31,2023-02-28,0.009805581640716415,0.155658782890058,0.1945734786125725,0.010640499286634525,0.16891268962797082,0.010640499286634525,0.16891268962797082,0.000500589635676005,0.000500589635676005,False,False,22
k=250|vol=0.80,250,0.8,2023-02-28,2023-03-31,0.00982354216732935,0.1559438974110595,0.19492987176382434,0.0100236480246376,0.15912047941700955,0.0100236480246376,0.15912047941700955,3.0231289798184177e-05,3.0231289798184177e-05,False,False,24
k=250|vol=0.80,250,0.8,2023-03-31,2023-04-28,0.009857210370997889,0.15647836357504286,0.19559795446880354,0.010308976090943509,0.16364992205008386,0.010308976090943509,0.16364992205008386,0.0002847022192635041,0.0002847022192635041,False,False,23
k=250|vol=0.80,250,0.8,2023-04-28,2023-05-31,0.009866454777415684,0.15662511397744225,0.1957813924718028,0.009866455111088399,0.15662511927433237,0.009866455111088399,0.15662511927433237,0.0008739103193300277,0.0008739103193300277,True,True,25
k=250|vol=0.80,250,0.8,2023-05-31,2023-06-30,0.009853059738274073,0.15641247432321817,0.1955155929040227,0.009853059812226892,0.1564124754971828,0.009853059812226892,0.1564124754971828,0.0008205773835906836,0.0008205773835906836,True,True,23
k=250|vol=0.80,250,0.8,2023-06-30,2023-07-31,0.009879873836765155,0.15683813494064494,0.19604766867580617,0.009879873837374197,0.15683813495031318,0.009879873837374197,0.15683813495031318,0.0014718700474662906,0.0014718700474662906,True,True,25
k=250|vol=0.80,250,0.8,2023-07-31,2023-08-31,0.00984889706233164,0.1563463938912248,0.19543299236403097,0.009848897159688157,0.15634639543671158,0.009848897159688157,0.15634639543671158,0.0018433312997863873,0.0018433312997863873,True,True,24
k=250|vol=0.80,250,0.8,2023-08-31,2023-09-29,0.009893742870216304,0.1570582990212644,0.19632287377658048,0.009893743175482653,0.15705830386721745,0.009893743175482653,0.15705830386721745,0.0018618922485981514,0.0018618922485981514,True,True,22
k=250|vol=0.80,250,0.8,2023-09-29,2023-10-31,0.009878839106888776,0.15682170911308277,0.19602713639135344,0.009878839128272796,0.15682170945254356,0.009878839128272796,0.15682170945254356,0.0011395590558342782,0.0011395590558342782,True,True,21
k=250|vol=0.80,250,0.8,2023-10-31,2023-11-30,0.009900940014448665,0.15717255014399653,0.19646568767999564,0.009900940017274696,0.1571725501888584,0.009900940017274696,0.1571725501888584,0.0008900749080221186,0.0008900749080221186,True,True,21
k=250|vol=0.80,250,0.8,2023-11-30,2023-12-29,0.00992867039897421,0.15761275635128524,0.19701594543910653,0.009928670414404291,0.1576127565962302,0.009928670414404291,0.1576127565962302,0.0016513103180733945,0.0016513103180733945,True,True,21
k=250|vol=0.80,250,0.8,2023-12-29,2024-01-31,0.009795076527845009,0.15549201939314358,0.19436502424142946,0.009795076945304503,0.15549202602010762,0.009795076945304503,0.15549202602010762,0.0021075647745675778,0.0021075647745675778,True,True,22
k=250|vol=0.80,250,0.8,2024-01-31,2024-02-29,0.00973672625074243,0.1545657374602728,0.193207171825341,0.009736726829325054,0.15456574664498723,0.009736726829325054,0.15456574664498723,0.00203301267126568,0.00203301267126568,True,True,23
k=250|vol=0.80,250,0.8,2024-02-29,2024-03-28,0.009515322257025635,0.15105105802036592,0.1888138225254574,0.009515322257179671,0.15105105802281119,0.009515322257179671,0.15105105802281119,0.002383586487321054,0.002383586487321054,True,True,22
k=250|vol=0.80,250,0.8,2024-03-28,2024-04-30,0.009273258202569868,0.14720841028373818,0.1840105128546727,0.0092732582098826,0.1472084103998242,0.0092732582098826,0.1472084103998242,0.0023711896511568113,0.0023711896511568113,True,True,21
k=250|vol=0.80,250,0.8,2024-04-30,2024-05-31,0.009129967956277529,0.14493374814179383,0.18116718517724228,0.00912996795803665,0.14493374816971902,0.00912996795803665,0.14493374816971902,0.001593760718072195,0.001593760718072195,True,True,21
k=250|vol=0.80,250,0.8,2024-05-31,2024-06-28,0.008486783549015883,0.13472351220918102,0.16840439026147627,0.008486783859189061,0.1347235171330276,0.008486783859189061,0.1347235171330276,0.0017654729693862422,0.0017654729693862422,True,True,22
k=250|vol=0.80,250,0.8,2024-06-28,2024-07-31,0.007974611948624127,0.1265930401098218,0.15824130013727725,0.007974612316906916,0.12659304595612986,0.007974612316906916,0.12659304595612986,0.001627836122494353,0.001627836122494353,True,True,21
k=250|vol=0.80,250,0.8,2024-07-31,2024-08-30,0.007840413712433183,0.12446270915375333,0.15557838644219166,0.007840413712507151,0.12446270915492755,0.007840413712507151,0.12446270915492755,0.001604040243722746,0.001604040243722746,True,True,22
k=250|vol=0.80,250,0.8,2024-08-30,2024-09-30,0.007813437751798344,0.12403447905445221,0.15504309881806527,0.007813437752769735,0.12403447906987257,0.007813437752769735,0.12403447906987257,0.001938893618016707,0.001938893618016707,True,True,21
k=250|vol=0.80,250,0.8,2024-09-30,2024-10-31,0.007576848628112818,0.1202787431494046,0.15034842893675573,0.007576851314254518,0.12027878579058215,0.007576851314254518,0.12027878579058215,0.0019388273868693867,0.0019388273868693867,True,True,21
k=250|vol=0.80,250,0.8,2024-10-31,2024-11-29,0.00703195195684553,0.11162877665500365,0.13953597081875455,0.007031952302001927,0.1116287821341916,0.007031952302001927,0.1116287821341916,0.0015936853198264041,0.0015936853198264041,True,True,22
k=250|vol=0.80,250,0.8,2024-11-29,2024-12-31,0.006639416197630074,0.1053974646574995,0.13174683082187436,0.006639416197714989,0.10539746465884747,0.006639416197714989,0.10539746465884747,0.002100490541631134,0.002100490541631134,True,True,24
k=250|vol=0.80,250,0.8,2024-12-31,2025-01-31,0.006466767081855328,0.10265674491100843,0.12832093113876053,0.006466767611050045,0.10265675331171412,0.006466767611050045,0.10265675331171412,0.0010097005709336394,0.0010097005709336394,True,True,27
k=250|vol=0.80,250,0.8,2025-01-31,2025-02-28,0.006404132239951027,0.10166244762048866,0.12707805952561083,0.006404132519741134,0.10166245206201892,0.006404132519741134,0.10166245206201892,0.0013635958037922671,0.0013635958037922671,True,True,26
k=250|vol=0.80,250,0.8,2025-02-28,2025-03-31,0.006315326420468626,0.10025269894053429,0.12531587367566785,0.006315326526922225,0.10025270063043279,0.006315326526922225,0.10025270063043279,0.0013653880833552525,0.0013653880833552525,True,True,27
k=250|vol=0.80,250,0.8,2025-03-31,2025-04-30,0.0064287816015702985,0.10205374410541522,0.12756718013176901,0.006428782362212953,0.10205375618024302,0.006428782362212953,0.10205375618024302,0.000931460808066702,0.000931460808066702,True,True,26
k=250|vol=0.80,250,0.8,2025-04-30,2025-05-30,0.008248469676456609,0.13094039676456956,0.16367549595571193,0.009987171143702274,0.15854142688366044,0.009987171143702274,0.15854142688366044,0.0003851962391678417,0.0003851962391678417,False,False,22
k=250|vol=0.80,250,0.8,2025-05-30,2025-06-30,0.008308118907503716,0.13188729895205084,0.16485912369006356,0.009669782848475809,0.15350304389438857,0.009669782848475809,0.15350304389438857,0.0006075164567834262,0.0006075164567834262,False,False,25
k=250|vol=0.80,250,0.8,2025-06-30,2025-07-31,0.008298273586151686,0.13173100932080092,0.16466376165100116,0.00902605527606968,0.14328418548241695,0.00902605527606968,0.14328418548241695,0.0005600864225990196,0.0005600864225990196,False,False,25
k=250|vol=0.80,250,0.8,2025-07-31,2025-08-29,0.008276294074345129,0.13138209538772838,0.16422761923466048,0.008438353947104406,0.1339547161126713,0.008438353947104406,0.1339547161126713,0.0005463441698980156,0.0005463441698980156,False,False,26
k=250|vol=0.80,250,0.8,2025-08-29,2025-09-30,0.00826983045292699,0.13127948857868077,0.16409936072335096,0.008269830593248798,0.13127949080622042,0.008269830593248798,0.13127949080622042,0.0012791818999656145,0.0012791818999656145,True,True,24
k=250|vol=0.80,250,0.8,2025-09-30,2025-10-31,0.008201013279256989,0.1301870498139138,0.16273381226739222,0.008201013300023294,0.13018705014356866,0.008201013300023294,0.13018705014356866,0.0013849980210370735,0.0013849980210370735,True,True,24
k=250|vol=0.80,250,0.8,2025-10-31,2025-11-28,0.008203519437844404,0.1302268338481241,0.16278354231015513,0.008203520148948734,0.13022684513655539,0.008203520148948734,0.13022684513655539,0.0015529959281200669,0.0015529959281200669,True,True,24
k=250|vol=0.80,250,0.8,2025-11-28,2025-12-31,0.0082311867515911,0.13066603883783784,0.16333254854729728,0.008231187521873164,0.13066605106568654,0.008231187521873164,0.13066605106568654,0.0017969494223961918,0.0017969494223961918,True,True,23
k=250|vol=0.80,250,0.8,2025-12-31,2026-01-30,0.008225002590823337,0.130567868329083,0.16320983541135373,0.008225002622107087,0.13056786882569713,0.008225002622107087,0.13056786882569713,0.0013911527790035746,0.0013911527790035746,True,True,24
k=250|vol=0.80,250,0.8,2026-01-30,2026-02-27,0.008235528524319,0.13073496234316098,0.16341870292895122,0.008235528802826091,0.13073496676432397,0.008235528802826091,0.13073496676432397,0.0018233575906950585,0.0018233575906950585,True,True,23
k=250|vol=0.80,250,0.8,2026-02-27,2026-03-31,0.00822131586299421,0.1305093433391583,0.1631366791739479,0.008221316781495161,0.13050935791990886,0.008221316781495161,0.13050935791990886,0.002369518132621418,0.002369518132621418,True,True,24
k=250|vol=0.80,250,0.8,2026-03-31,2026-04-30,0.008387499519815128,0.133147427106627,0.16643428388328374,0.00838749955867143,0.13314742772345167,0.00838749955867143,0.13314742772345167,0.001823872859681743,0.001823872859681743,True,True,24
k=250|vol=0.80,250,0.8,2026-04-30,2026-05-26,0.008399259471088227,0.13333411054562014,0.16666763818202518,0.008399259533786799,0.1333341115409291,0.008399259533786799,0.1333341115409291,0.002369712609763626,0.002369712609763626,True,True,22
k=250|vol=1.00,250,1.0,2010-07-30,2010-08-31,0.012737137968759799,0.2021957968803409,0.2021957968803409,0.012737137968841069,0.20219579688163103,0.012737137968841069,0.20219579688163103,0.0012623876468329227,0.0012623876468329227,True,True,22
k=250|vol=1.00,250,1.0,2010-08-31,2010-09-30,0.012517287389436228,0.19870577712943902,0.19870577712943902,0.012517287414264243,0.19870577752357152,0.012517287414264243,0.19870577752357152,0.0012034452911350853,0.0012034452911350853,True,True,21
k=250|vol=1.00,250,1.0,2010-09-30,2010-10-29,0.012308535207840398,0.19539193898057045,0.19539193898057045,0.012308535208879907,0.19539193899707213,0.012308535208879907,0.19539193899707213,0.0018694672588683175,0.0018694672588683175,True,True,21
k=250|vol=1.00,250,1.0,2010-10-29,2010-11-30,0.011854719800580652,0.18818784272813774,0.18818784272813774,0.011854719800890185,0.18818784273305142,0.011854719800890185,0.18818784273305142,0.0021020047603460745,0.0021020047603460745,True,True,22
k=250|vol=1.00,250,1.0,2010-11-30,2010-12-31,0.011634348757903066,0.18468956087762836,0.18468956087762836,0.011634348761699739,0.18468956093789868,0.011634348761699739,0.18468956093789868,0.0020297587437510204,0.0020297587437510204,True,True,21
k=250|vol=1.00,250,1.0,2010-12-31,2011-01-31,0.011247158878943495,0.178543112098299,0.178543112098299,0.011247159113644939,0.17854311582406893,0.011247159113644939,0.17854311582406893,0.0022648099894069826,0.0022648099894069826,True,True,22
k=250|vol=1.00,250,1.0,2011-01-31,2011-02-28,0.010958566554134599,0.17396185096794115,0.17396185096794115,0.010958566554482099,0.1739618509734575,0.010958566554482099,0.1739618509734575,0.002092096603473097,0.002092096603473097,True,True,21
k=250|vol=1.00,250,1.0,2011-02-28,2011-03-31,0.010754937077917852,0.17072933324591,0.17072933324591,0.010754937084420171,0.17072933334913112,0.010754937084420171,0.17072933334913112,0.00220412708913654,0.00220412708913654,True,True,21
k=250|vol=1.00,250,1.0,2011-03-31,2011-04-29,0.01070648401158731,0.16996016466329522,0.16996016466329522,0.010706484018941212,0.1699601647800348,0.010706484018941212,0.1699601647800348,0.0020069321222025375,0.0020069321222025375,True,True,22
k=250|vol=1.00,250,1.0,2011-04-29,2011-05-31,0.010466520041141888,0.1661508547268098,0.1661508547268098,0.010466520045729169,0.1661508547996306,0.010466520045729169,0.1661508547996306,0.0023447176634249552,0.0023447176634249552,True,True,21
k=250|vol=1.00,250,1.0,2011-05-31,2011-06-30,0.010281785120383507,0.1632182787740344,0.1632182787740344,0.010140327939539923,0.1609727156439759,0.010140327939539923,0.1609727156439759,0.0018961055780172124,0.0018961055780172124,True,True,20
k=250|vol=1.00,250,1.0,2011-06-30,2011-07-29,0.010279902804101501,0.16318839792940865,0.16318839792940865,0.00985597968359962,0.156458827018258,0.00985597968359962,0.156458827018258,0.0016843640171201968,0.0016843640171201968,True,True,20
k=250|vol=1.00,250,1.0,2011-07-29,2011-08-31,0.010251660450614025,0.16274006446680642,0.16274006446680642,0.009652419646518912,0.15322741160833814,0.009652419646518912,0.15322741160833814,0.001241821616985145,0.001241821616985145,True,True,20
k=250|vol=1.00,250,1.0,2011-08-31,2011-09-30,0.011985979308272908,0.1902715228155366,0.1902715228155366,0.012556810447598803,0.1993331862271445,0.012556810447598803,0.1993331862271445,0.0006082987533825088,0.0006082987533825088,False,False,21
k=250|vol=1.00,250,1.0,2011-09-30,2011-10-31,0.012351760963591082,0.19607812658026522,0.19607812658026522,0.01277880443050587,0.20285723145509343,0.01277880443050587,0.20285723145509343,0.0002678995558624951,0.0002678995558624951,False,False,22
k=250|vol=1.00,250,1.0,2011-10-31,2011-11-30,0.012692285147350619,0.20148378041405118,0.20148378041405118,0.013027925844152553,0.20681191129571327,0.013027925844152553,0.20681191129571327,0.0008908285109914094,0.0008908285109914094,False,False,22
k=250|vol=1.00,250,1.0,2011-11-30,2011-12-30,0.013020606870138042,0.20669572618514606,0.20669572618514606,0.013169911139875114,0.20906585798957245,0.013169911139875114,0.20906585798957245,0.000883051677782879,0.000883051677782879,False,False,22
k=250|vol=1.00,250,1.0,2011-12-30,2012-01-31,0.012964026855757172,0.2057975463017766,0.2057975463017766,0.012964026880280338,0.2057975466910698,0.012964026880280338,0.2057975466910698,0.0011502154320731281,0.0011502154320731281,True,True,21
k=250|vol=1.00,250,1.0,2012-01-31,2012-02-29,0.01284275945166159,0.2038724859415249,0.2038724859415249,0.012842759458631708,0.2038724860521721,0.012842759458631708,0.2038724860521721,0.0013638791621247768,0.0013638791621247768,True,True,21
k=250|vol=1.00,250,1.0,2012-02-29,2012-03-30,0.012725713338137476,0.20201443649165626,0.20201443649165626,0.012725713343309712,0.20201443657376295,0.012725713343309712,0.20201443657376295,0.0016933469257875333,0.0016933469257875333,True,True,23
k=250|vol=1.00,250,1.0,2012-03-30,2012-04-30,0.012770128292361356,0.20271950203186848,0.20271950203186848,0.012770128381322514,0.20271950344408307,0.012770128381322514,0.20271950344408307,0.0020775339135828312,0.0020775339135828312,True,True,24
k=250|vol=1.00,250,1.0,2012-04-30,2012-05-31,0.012755775211635295,0.20249165393897572,0.20249165393897572,0.012755775223948215,0.20249165413443726,0.012755775223948215,0.20249165413443726,0.002119672035231509,0.002119672035231509,True,True,21
k=250|vol=1.00,250,1.0,2012-05-31,2012-06-29,0.012163077211949085,0.19308286488056484,0.19308286488056484,0.012163077401515251,0.19308286788983442,0.012163077401515251,0.19308286788983442,0.0013738029361130002,0.0013738029361130002,True,True,21
k=250|vol=1.00,250,1.0,2012-06-29,2012-07-31,0.0120595808542895,0.1914399111367553,0.1914399111367553,0.012059580883394783,0.19143991159878734,0.012059580883394783,0.19143991159878734,0.0016736037221773065,0.0016736037221773065,True,True,21
k=250|vol=1.00,250,1.0,2012-07-31,2012-08-31,0.011885197411202735,0.1886716597977067,0.1886716597977067,0.011885197411953978,0.1886716598096323,0.011885197411953978,0.1886716598096323,0.0015052183591813411,0.0015052183591813411,True,True,21
k=250|vol=1.00,250,1.0,2012-08-31,2012-09-28,0.011676681037156167,0.18536156497763384,0.18536156497763384,0.01167668123342353,0.18536156809328164,0.01167668123342353,0.18536156809328164,0.001578431627401576,0.001578431627401576,True,True,21
k=250|vol=1.00,250,1.0,2012-09-28,2012-10-31,0.011651097054395607,0.1849554318420478,0.1849554318420478,0.011651097450180508,0.18495543812493834,0.011651097450180508,0.18495543812493834,0.0017034578282050172,0.0017034578282050172,True,True,21
k=250|vol=1.00,250,1.0,2012-10-31,2012-11-30,0.011656708847366078,0.18504451629370208,0.18504451629370208,0.01165670884991787,0.18504451633421054,0.01165670884991787,0.18504451633421054,0.0016626637905922195,0.0016626637905922195,True,True,21
k=250|vol=1.00,250,1.0,2012-11-30,2012-12-31,0.01166365264397906,0.18515474564765746,0.18515474564765746,0.011375723910530622,0.18058401870357124,0.011375723910530622,0.18058401870357124,0.0016718225950511263,0.0016718225950511263,True,True,20
k=250|vol=1.00,250,1.0,2012-12-31,2013-01-31,0.011685966764166918,0.18550897132411115,0.18550897132411115,0.011685966764280496,0.18550897132591412,0.011685966764280496,0.18550897132591412,0.0016780823550055963,0.0016780823550055963,True,True,21
k=250|vol=1.00,250,1.0,2013-01-31,2013-02-28,0.0116965939139983,0.1856776720977067,0.1856776720977067,0.011569781804874982,0.18366459227387538,0.011569781804874982,0.18366459227387538,0.001887193684710507,0.001887193684710507,True,True,20
k=250|vol=1.00,250,1.0,2013-02-28,2013-03-28,0.0117181647858455,0.1860200990725299,0.1860200990725299,0.010764421421181811,0.17087989252766125,0.010764421421181811,0.17087989252766125,0.001764176177995539,0.001764176177995539,True,True,21
k=250|vol=1.00,250,1.0,2013-03-28,2013-04-30,0.01156528716132542,0.18359324201949126,0.18359324201949126,0.009317888914901228,0.14791690087772483,0.009317888914901228,0.14791690087772483,0.00216282837172949,0.00216282837172949,True,True,20
k=250|vol=1.00,250,1.0,2013-04-30,2013-05-31,0.011649222608147398,0.1849256759303355,0.1849256759303355,0.01101806125791666,0.17490630011113786,0.01101806125791666,0.17490630011113786,0.0022435221280107938,0.0022435221280107938,True,True,20
k=250|vol=1.00,250,1.0,2013-05-31,2013-06-28,0.01165638655618533,0.18503940007981803,0.18503940007981803,0.011264021568709577,0.17881079899963914,0.011264021568709577,0.17881079899963914,0.0024443810415585568,0.0024443810415585568,True,True,21
k=250|vol=1.00,250,1.0,2013-06-28,2013-07-31,0.011672570934578574,0.1852963191219342,0.1852963191219342,0.010465467872220253,0.16613415206298654,0.010465467872220253,0.16613415206298654,0.0017812492070923588,0.0017812492070923588,True,True,21
k=250|vol=1.00,250,1.0,2013-07-31,2013-08-30,0.011530646523189518,0.1830433389369062,0.1830433389369062,0.010323474772811304,0.1638800814894464,0.010323474772811304,0.1638800814894464,0.002043867995020026,0.002043867995020026,True,True,21
k=250|vol=1.00,250,1.0,2013-08-30,2013-09-30,0.009895374911908743,0.15708420687994928,0.15708420687994928,0.009720998684064966,0.15431607007933226,0.009720998684064966,0.15431607007933226,0.0016857591815076596,0.0016857591815076596,True,True,21
k=250|vol=1.00,250,1.0,2013-09-30,2013-10-31,0.009347619309654387,0.14838885626310466,0.14838885626310466,0.009347621538245521,0.14838889164089217,0.009347621538245521,0.14838889164089217,0.0022297516504747286,0.0022297516504747286,True,True,22
k=250|vol=1.00,250,1.0,2013-10-31,2013-11-29,0.008663683205967927,0.13753170720502753,0.13753170720502753,0.008663683207865357,0.1375317072351483,0.008663683207865357,0.1375317072351483,0.0025263982282843485,0.0025263982282843485,True,True,22
k=250|vol=1.00,250,1.0,2013-11-29,2013-12-31,0.007964368330017945,0.1264304277056777,0.1264304277056777,0.007964368357666198,0.1264304281445801,0.007964368357666198,0.1264304281445801,0.00224115838918738,0.00224115838918738,True,True,25
k=250|vol=1.00,250,1.0,2013-12-31,2014-01-31,0.0075066249759623855,0.1191639772309361,0.1191639772309361,0.007506624989482167,0.11916397744555599,0.007506624989482167,0.11916397744555599,0.002053361063253442,0.002053361063253442,True,True,25
k=250|vol=1.00,250,1.0,2014-01-31,2014-02-28,0.007591959361035707,0.12051861859805589,0.12051861859805589,0.007591959440321233,0.1205186198566746,0.007591959440321233,0.1205186198566746,0.0013673035767288262,0.0013673035767288262,True,True,24
k=250|vol=1.00,250,1.0,2014-02-28,2014-03-31,0.00767194795738682,0.12178839820005292,0.12178839820005292,0.007671948233243865,0.12178840257914775,0.007671948233243865,0.12178840257914775,0.001807097601848771,0.001807097601848771,True,True,24
k=250|vol=1.00,250,1.0,2014-03-31,2014-04-30,0.0076374539533306815,0.12124082286132055,0.12124082286132055,0.0076374540563340036,0.1212408244964476,0.0076374540563340036,0.1212408244964476,0.0016099214684501281,0.0016099214684501281,True,True,24
k=250|vol=1.00,250,1.0,2014-04-30,2014-05-30,0.007602426633589571,0.12068478139855182,0.12068478139855182,0.00760242666264981,0.1206847818598688,0.00760242666264981,0.1206847818598688,0.001371829252686184,0.001371829252686184,True,True,21
k=250|vol=1.00,250,1.0,2014-05-30,2014-06-30,0.007495751363311773,0.1189913639813779,0.1189913639813779,0.0074957516251353325,0.11899136813769806,0.0074957516251353325,0.11899136813769806,0.0015187447704860166,0.0015187447704860166,True,True,22
k=250|vol=1.00,250,1.0,2014-06-30,2014-07-31,0.007105577999554321,0.11279755384915534,0.11279755384915534,0.007105578525624338,0.11279756220025797,0.007105578525624338,0.11279756220025797,0.0016646368077950391,0.0016646368077950391,True,True,22
k=250|vol=1.00,250,1.0,2014-07-31,2014-08-29,0.006929988784892437,0.11001016147975246,0.11001016147975246,0.006929988980151575,0.11001016457939518,0.006929988980151575,0.11001016457939518,0.0012032220222846072,0.0012032220222846072,True,True,21
k=250|vol=1.00,250,1.0,2014-08-29,2014-09-30,0.0069047358896178156,0.10960928419506641,0.10960928419506641,0.006904735905392702,0.10960928444548497,0.006904735905392702,0.10960928444548497,0.0015222394433766521,0.0015222394433766521,True,True,22
k=250|vol=1.00,250,1.0,2014-09-30,2014-10-31,0.0068724643958941,0.1090969901140892,0.1090969901140892,0.006872464397210741,0.10909699013499023,0.006872464397210741,0.10909699013499023,0.001092394013403863,0.001092394013403863,True,True,22
k=250|vol=1.00,250,1.0,2014-10-31,2014-11-28,0.007124639114867766,0.11310013967414075,0.11310013967414075,0.007124639114877522,0.11310013967429561,0.007124639114877522,0.11310013967429561,0.001540285363582573,0.001540285363582573,True,True,23
k=250|vol=1.00,250,1.0,2014-11-28,2014-12-31,0.006883520499880325,0.10927250032379014,0.10927250032379014,0.006883520500969738,0.10927250034108403,0.006883520500969738,0.10927250034108403,0.0018505179486603296,0.0018505179486603296,True,True,21
k=250|vol=1.00,250,1.0,2014-12-31,2015-01-30,0.007022661983381883,0.11148130289817645,0.11148130289817645,0.007022662031249421,0.11148130365805006,0.007022662031249421,0.11148130365805006,0.0015750413339819832,0.0015750413339819832,True,True,23
k=250|vol=1.00,250,1.0,2015-01-30,2015-02-27,0.007216715438927064,0.11456180600472812,0.11456180600472812,0.007216715439133954,0.1145618060080124,0.007216715439133954,0.1145618060080124,0.0014949783809576189,0.0014949783809576189,True,True,21
k=250|vol=1.00,250,1.0,2015-02-27,2015-03-31,0.00713929778979401,0.11333283892456822,0.11333283892456822,0.007139297798231422,0.11333283905850798,0.007139297798231422,0.11333283905850798,0.001612781752407883,0.001612781752407883,True,True,23
k=250|vol=1.00,250,1.0,2015-03-31,2015-04-30,0.0073060643973948056,0.11598017674877781,0.11598017674877781,0.007306064458839064,0.11598017772417518,0.007306064458839064,0.11598017772417518,0.0011603431469164947,0.0011603431469164947,True,True,27
k=250|vol=1.00,250,1.0,2015-04-30,2015-05-29,0.007159366149773331,0.11365141426292545,0.11365141426292545,0.007159366522864607,0.11365142018556584,0.007159366522864607,0.11365142018556584,0.0011628353354662777,0.0011628353354662777,True,True,25
k=250|vol=1.00,250,1.0,2015-05-29,2015-06-30,0.007182472928272383,0.11401822299997552,0.11401822299997552,0.007182473019957063,0.1140182244554247,0.007182473019957063,0.1140182244554247,0.001333065834363865,0.001333065834363865,True,True,27
k=250|vol=1.00,250,1.0,2015-06-30,2015-07-31,0.006979030464834831,0.11078867401377884,0.11078867401377884,0.0069790307896226795,0.1107886791696261,0.0069790307896226795,0.1107886791696261,0.0009065892910945825,0.0009065892910945825,True,True,27
k=250|vol=1.00,250,1.0,2015-07-31,2015-08-31,0.0070718274351626795,0.1122617802492252,0.1122617802492252,0.007071827628449546,0.1122617833175591,0.007071827628449546,0.1122617833175591,0.0013066666836330828,0.0013066666836330828,True,True,22
k=250|vol=1.00,250,1.0,2015-08-31,2015-09-30,0.007736733647487592,0.12281683914718698,0.12281683914718698,0.008246655818358374,0.13091160265992063,0.008246655818358374,0.13091160265992063,-3.164725686319654e-05,-3.164725686319654e-05,False,False,26
k=250|vol=1.00,250,1.0,2015-09-30,2015-10-30,0.008171303033877171,0.12971541428991956,0.12971541428991956,0.00887789570296089,0.1409322251736208,0.00887789570296089,0.1409322251736208,-1.610408573212506e-05,-1.610408573212506e-05,False,False,24
k=250|vol=1.00,250,1.0,2015-10-30,2015-11-30,0.008193477495343387,0.13006742295289792,0.13006742295289792,0.008477301402553677,0.13457298780057653,0.008477301402553677,0.13457298780057653,0.0004987471979587107,0.0004987471979587107,False,False,27
k=250|vol=1.00,250,1.0,2015-11-30,2015-12-31,0.008252092164130977,0.13099790197365221,0.13099790197365221,0.008252092169846233,0.13099790206437908,0.008252092169846233,0.13099790206437908,0.0006383314545660908,0.0006383314545660908,True,True,28
k=250|vol=1.00,250,1.0,2015-12-31,2016-01-29,0.00849111352131088,0.1347922483884392,0.1347922483884392,0.00849111404206056,0.1347922566550841,0.00849111404206056,0.1347922566550841,0.0005236164526355445,0.0005236164526355445,True,True,26
k=250|vol=1.00,250,1.0,2016-01-29,2016-02-29,0.008843246942077592,0.14038219314641834,0.14038219314641834,0.008871980288920094,0.14083832088689727,0.008871980288920094,0.14083832088689727,-0.00012661097675632487,-0.00012661097675632487,False,False,22
k=250|vol=1.00,250,1.0,2016-02-29,2016-03-31,0.00899299555068837,0.14275937861179072,0.14275937861179072,0.008992995595950577,0.14275937933030597,0.008992995595950577,0.14275937933030597,0.000454420248375608,0.000454420248375608,True,True,23
k=250|vol=1.00,250,1.0,2016-03-31,2016-04-29,0.009038245802673005,0.14347770409287683,0.14347770409287683,0.009038245846897053,0.14347770479491181,0.009038245846897053,0.14347770479491181,0.0012845445336163428,0.0012845445336163428,True,True,25
k=250|vol=1.00,250,1.0,2016-04-29,2016-05-31,0.008981945294168287,0.14258396122773706,0.14258396122773706,0.008981946794601885,0.142583985046382,0.008981946794601885,0.142583985046382,0.0013395048919512332,0.0013395048919512332,True,True,23
k=250|vol=1.00,250,1.0,2016-05-31,2016-06-30,0.009030381053915966,0.14335285507686604,0.14335285507686604,0.009030381073810764,0.14335285539268616,0.009030381073810764,0.14335285539268616,0.0017341186423616543,0.0017341186423616543,True,True,24
k=250|vol=1.00,250,1.0,2016-06-30,2016-07-29,0.009308337199080016,0.14776527208978352,0.14776527208978352,0.009308337262863573,0.1477652731023161,0.009308337262863573,0.1477652731023161,0.0018273112978591179,0.0018273112978591179,True,True,23
k=250|vol=1.00,250,1.0,2016-07-29,2016-08-31,0.00930878514216319,0.14777238296578105,0.14777238296578105,0.009308785180270897,0.14777238357072214,0.009308785180270897,0.14777238357072214,0.002156401240165627,0.002156401240165627,True,True,21
k=250|vol=1.00,250,1.0,2016-08-31,2016-09-30,0.009237657111148804,0.14664326047792253,0.14664326047792253,0.009237657111459262,0.1466432604828509,0.009237657111459262,0.1466432604828509,0.0018920429216092553,0.0018920429216092553,True,True,24
k=250|vol=1.00,250,1.0,2016-09-30,2016-10-31,0.009312880505105321,0.14783739483702163,0.14783739483702163,0.009312880507265866,0.1478373948713192,0.009312880507265866,0.1478373948713192,0.0016635648991597514,0.0016635648991597514,True,True,23
k=250|vol=1.00,250,1.0,2016-10-31,2016-11-30,0.009080200821226698,0.14414371936494186,0.14414371936494186,0.00908020082140244,0.14414371936773165,0.00908020082140244,0.14414371936773165,0.0013788355235685938,0.0013788355235685938,True,True,22
k=250|vol=1.00,250,1.0,2016-11-30,2016-12-30,0.009144770006775873,0.14516872340886847,0.14516872340886847,0.009144770102669121,0.1451687249311266,0.009144770102669121,0.1451687249311266,0.0018540390580387357,0.0018540390580387357,True,True,24
k=250|vol=1.00,250,1.0,2016-12-30,2017-01-31,0.008989718363095854,0.1427073548715737,0.1427073548715737,0.008989718528806588,0.14270735750215005,0.008989718528806588,0.14270735750215005,0.0018159227626130768,0.0018159227626130768,True,True,22
k=250|vol=1.00,250,1.0,2017-01-31,2017-02-28,0.00878157684928935,0.13940321077333054,0.13940321077333054,0.008781576979648976,0.13940321284272544,0.008781576979648976,0.13940321284272544,0.0017416957669359162,0.0017416957669359162,True,True,21
k=250|vol=1.00,250,1.0,2017-02-28,2017-03-31,0.008719138377640651,0.13841203076397804,0.13841203076397804,0.00871913838636497,0.13841203090247234,0.00871913838636497,0.13841203090247234,0.002305188272470333,0.002305188272470333,True,True,21
k=250|vol=1.00,250,1.0,2017-03-31,2017-04-28,0.008594090182548331,0.13642695220730744,0.13642695220730744,0.00859409018321143,0.13642695221783382,0.00859409018321143,0.13642695221783382,0.0021065454503441275,0.0021065454503441275,True,True,22
k=250|vol=1.00,250,1.0,2017-04-28,2017-05-31,0.008588849599048931,0.13634376052332176,0.13634376052332176,0.008588853294498575,0.13634381918676622,0.008588853294498575,0.13634381918676622,0.0020599504690692856,0.0020599504690692856,True,True,21
k=250|vol=1.00,250,1.0,2017-05-31,2017-06-30,0.008532585900016,0.13545060199043144,0.13545060199043144,0.00810727083189266,0.12869893459581433,0.00810727083189266,0.12869893459581433,0.002209123570527423,0.002209123570527423,True,True,20
k=250|vol=1.00,250,1.0,2017-06-30,2017-07-31,0.008455239898027286,0.13422277227342796,0.13422277227342796,0.0081906429971833,0.13002242668955832,0.0081906429971833,0.13002242668955832,0.0017145036727479223,0.0017145036727479223,True,True,21
k=250|vol=1.00,250,1.0,2017-07-31,2017-08-31,0.008356599237705832,0.13265690033520938,0.13265690033520938,0.007923966044807225,0.1257890613112801,0.007923966044807225,0.1257890613112801,0.001991610113282229,0.001991610113282229,True,True,20
k=250|vol=1.00,250,1.0,2017-08-31,2017-09-29,0.00759948078262874,0.1206380174643009,0.1206380174643009,0.007599481666063409,0.12063803148839151,0.007599481666063409,0.12063803148839151,0.001746627757284606,0.001746627757284606,True,True,22
k=250|vol=1.00,250,1.0,2017-09-29,2017-10-31,0.007206234442949893,0.11439542535164093,0.11439542535164093,0.007206234483185401,0.11439542599035983,0.007206234483185401,0.11439542599035983,0.001798314414343174,0.001798314414343174,True,True,21
k=250|vol=1.00,250,1.0,2017-10-31,2017-11-30,0.0070211157741750276,0.11145675758795914,0.11145675758795914,0.007021115836468975,0.11145675857684491,0.007021115836468975,0.11145675857684491,0.0020772379756632256,0.0020772379756632256,True,True,23
k=250|vol=1.00,250,1.0,2017-11-30,2017-12-29,0.006901472192586178,0.10955747461086418,0.10955747461086418,0.00654017452953647,0.10382205201667416,0.00654017452953647,0.10382205201667416,0.002073689086326608,0.002073689086326608,True,True,21
k=250|vol=1.00,250,1.0,2017-12-29,2018-01-31,0.006550903501856552,0.10399236917216755,0.10399236917216755,0.005837602514495034,0.09266906703719513,0.005837602514495034,0.09266906703719513,0.0019257863889923855,0.0019257863889923855,True,True,20
k=250|vol=1.00,250,1.0,2018-01-31,2018-02-28,0.005952394909824002,0.0944913398198463,0.0944913398198463,0.005952395215197732,0.09449134466750397,0.005952395215197732,0.09449134466750397,0.0022742738649167097,0.0022742738649167097,True,True,23
k=250|vol=1.00,250,1.0,2018-02-28,2018-03-29,0.006423211452280929,0.10196532072670417,0.10196532072670417,0.006423211486190354,0.1019653212649996,0.006423211486190354,0.1019653212649996,0.0009738463296572013,0.0009738463296572013,True,True,28
k=250|vol=1.00,250,1.0,2018-03-29,2018-04-30,0.006744878943078287,0.10707163383972797,0.10707163383972797,0.006744878986719154,0.10707163453250525,0.006744878986719154,0.10707163453250525,0.0006483379391654694,0.0006483379391654694,True,True,24
k=250|vol=1.00,250,1.0,2018-04-30,2018-05-31,0.0069638730853552,0.11054805807399562,0.11054805807399562,0.006963874209342314,0.11054807591673792,0.006963874209342314,0.11054807591673792,0.0008477824764368768,0.0008477824764368768,True,True,24
k=250|vol=1.00,250,1.0,2018-05-31,2018-06-29,0.006950095062487325,0.11032933874159627,0.11032933874159627,0.006950095219277455,0.11032934123056241,0.006950095219277455,0.11032934123056241,0.0009657279814097481,0.0009657279814097481,True,True,28
k=250|vol=1.00,250,1.0,2018-06-29,2018-07-31,0.006639254201051101,0.10539489304153225,0.10539489304153225,0.006639255681282735,0.10539491653948098,0.006639255681282735,0.10539491653948098,0.0010769199695065722,0.0010769199695065722,True,True,28
k=250|vol=1.00,250,1.0,2018-07-31,2018-08-31,0.006635086522404485,0.10532873319407197,0.10532873319407197,0.006635086965105738,0.1053287402217365,0.006635086965105738,0.1053287402217365,0.0014344551890140451,0.0014344551890140451,True,True,27
k=250|vol=1.00,250,1.0,2018-08-31,2018-09-28,0.006659774425666872,0.10572064150861535,0.10572064150861535,0.006659774529098855,0.10572064315054717,0.006659774529098855,0.10572064315054717,0.0018022317272827632,0.0018022317272827632,True,True,23
k=250|vol=1.00,250,1.0,2018-09-28,2018-10-31,0.006472545025298055,0.10274846691964154,0.10274846691964154,0.00647254505102352,0.10274846732802063,0.00647254505102352,0.10274846732802063,0.001767951465041359,0.001767951465041359,True,True,24
k=250|vol=1.00,250,1.0,2018-10-31,2018-11-30,0.007061403652523594,0.11209630782972353,0.11209630782972353,0.007061403752913686,0.11209630942336683,0.007061403752913686,0.11209630942336683,0.0007302548413986109,0.0007302548413986109,True,True,24
k=250|vol=1.00,250,1.0,2018-11-30,2018-12-31,0.007322676822314843,0.11624389081885073,0.11624389081885073,0.007322676866814924,0.11624389152526761,0.007322676866814924,0.11624389152526761,0.0011392796589604758,0.0011392796589604758,True,True,25
k=250|vol=1.00,250,1.0,2018-12-31,2019-01-31,0.008144187186039977,0.12928496355012425,0.12928496355012425,0.008302147632104653,0.13179250789375604,0.008302147632104653,0.13179250789375604,-0.0004681835570458369,-0.0004681835570458369,False,False,24
k=250|vol=1.00,250,1.0,2019-01-31,2019-02-28,0.008445847527037155,0.1340736730062611,0.1340736730062611,0.008445847814904043,0.13407367757600627,0.008445847814904043,0.13407367757600627,0.0007629672038683319,0.0007629672038683319,True,True,24
k=250|vol=1.00,250,1.0,2019-02-28,2019-03-29,0.008482518286475976,0.13465580326543908,0.13465580326543908,0.00848251830451177,0.13465580355174842,0.00848251830451177,0.13465580355174842,0.0014795871265615098,0.0014795871265615098,True,True,23
k=250|vol=1.00,250,1.0,2019-03-29,2019-04-30,0.008540086428807991,0.13556966919374197,0.13556966919374197,0.008540086429772465,0.1355696692090525,0.008540086429772465,0.1355696692090525,0.0016504343839310875,0.0016504343839310875,True,True,22
k=250|vol=1.00,250,1.0,2019-04-30,2019-05-31,0.008531960665557494,0.13544067670110155,0.13544067670110155,0.008531961145112349,0.13544068431379885,0.008531961145112349,0.13544068431379885,0.0017134931176402445,0.0017134931176402445,True,True,25
k=250|vol=1.00,250,1.0,2019-05-31,2019-06-28,0.008708972127550771,0.13825064654695457,0.13825064654695457,0.008375938465160675,0.13296390105357114,0.008375938465160675,0.13296390105357114,0.0014090921057913826,0.0014090921057913826,True,True,21
k=250|vol=1.00,250,1.0,2019-06-28,2019-07-31,0.008791279354966318,0.13955723327602323,0.13955723327602323,0.008791279438341784,0.13955723459956773,0.008791279438341784,0.13955723459956773,0.0016961364415896344,0.0016961364415896344,True,True,22
k=250|vol=1.00,250,1.0,2019-07-31,2019-08-30,0.008814151366001806,0.13992031519512618,0.13992031519512618,0.008814151371712126,0.1399203152857747,0.008814151371712126,0.1399203152857747,0.001668099975350202,0.001668099975350202,True,True,21
k=250|vol=1.00,250,1.0,2019-08-30,2019-09-30,0.009225050351879842,0.14644313437873774,0.14644313437873774,0.00922505035196833,0.14644313438014245,0.00922505035196833,0.14644313438014245,0.0016215483762063892,0.0016215483762063892,True,True,21
k=250|vol=1.00,250,1.0,2019-09-30,2019-10-31,0.009257607124242496,0.14695995711771287,0.14695995711771287,0.008839844729196966,0.14032818469128172,0.008839844729196966,0.14032818469128172,0.0014069357482438612,0.0014069357482438612,True,True,20
k=250|vol=1.00,250,1.0,2019-10-31,2019-11-29,0.009388183371897826,0.14903279078828077,0.14903279078828077,0.009388183375370352,0.14903279084340543,0.009388183375370352,0.14903279084340543,0.001604676819646585,0.001604676819646585,True,True,22
k=250|vol=1.00,250,1.0,2019-11-29,2019-12-31,0.00938737696876676,0.1490199895354332,0.1490199895354332,0.009387376975669999,0.14901998964501872,0.009387376975669999,0.14901998964501872,0.0019590735073701624,0.0019590735073701624,True,True,21
k=250|vol=1.00,250,1.0,2019-12-31,2020-01-31,0.009406621676154199,0.14932548979424143,0.14932548979424143,0.009406621716653112,0.14932549043714174,0.009406621716653112,0.14932549043714174,0.0020247549495564466,0.0020247549495564466,True,True,22
k=250|vol=1.00,250,1.0,2020-01-31,2020-02-28,0.009455539255377647,0.15010203229042868,0.15010203229042868,0.009295525877924772,0.14756189867132577,0.009295525877924772,0.14756189867132577,0.0017831838812790602,0.0017831838812790602,True,True,20
k=250|vol=1.00,250,1.0,2020-02-28,2020-03-31,0.00938900271548416,0.14904579746448732,0.14904579746448732,0.0093890027163832,0.14904579747875912,0.0093890027163832,0.14904579747875912,0.0006633089132537206,0.0006633089132537206,True,True,22
k=250|vol=1.00,250,1.0,2020-03-31,2020-04-30,0.014674166219372203,0.23294516708210242,0.23294516708210242,0.023248131817126642,0.36905265140979143,0.023248131817126642,0.36905265140979143,-0.0005029598137348335,-0.0005029598137348335,False,False,23
k=250|vol=1.00,250,1.0,2020-04-30,2020-05-29,0.015421227163695572,0.24480439191943462,0.24480439191943462,0.023148025180602168,0.36746350782080606,0.023148025180602168,0.36746350782080606,0.0005312556681039927,0.0005312556681039927,False,False,21
k=250|vol=1.00,250,1.0,2020-05-29,2020-06-30,0.015623739308574861,0.2480191725563599,0.2480191725563599,0.02138800392210566,0.33952403650779395,0.02138800392210566,0.33952403650779395,0.0010169250368892472,0.0010169250368892472,False,False,21
k=250|vol=1.00,250,1.0,2020-06-30,2020-07-31,0.0160067349476228,0.25409903984121857,0.25409903984121857,0.01994032929514705,0.3165429142541698,0.01994032929514705,0.3165429142541698,0.0007632920000221816,0.0007632920000221816,False,False,22
k=250|vol=1.00,250,1.0,2020-07-31,2020-08-31,0.0160638600472132,0.2550058726840346,0.2550058726840346,0.017972262552002422,0.2853008232585447,0.017972262552002422,0.2853008232585447,0.0012715313310553496,0.0012715313310553496,False,False,21
k=250|vol=1.00,250,1.0,2020-08-31,2020-09-30,0.01608030057072191,0.25526685790380105,0.25526685790380105,0.016134041347071068,0.25611996628070155,0.016134041347071068,0.25611996628070155,0.0012884294598075505,0.0012884294598075505,False,False,23
k=250|vol=1.00,250,1.0,2020-09-30,2020-10-30,0.016362031018114984,0.2597391901071433,0.2597391901071433,0.016362031140818484,0.259739192055001,0.016362031140818484,0.259739192055001,0.0015760708247750499,0.0015760708247750499,True,True,23
k=250|vol=1.00,250,1.0,2020-10-30,2020-11-30,0.01630518059842101,0.2588367176725039,0.2588367176725039,0.01630518060038874,0.25883671770374067,0.01630518060038874,0.25883671770374067,0.001546917420652807,0.001546917420652807,True,True,25
k=250|vol=1.00,250,1.0,2020-11-30,2020-12-31,0.01627713790280236,0.2583915536803109,0.2583915536803109,0.016277137902918102,0.2583915536821483,0.016277137902918102,0.2583915536821483,0.002487511645923555,0.002487511645923555,True,True,25
k=250|vol=1.00,250,1.0,2020-12-31,2021-01-29,0.015882691695687894,0.2521299142626056,0.2521299142626056,0.015882691695909095,0.2521299142661171,0.015882691695909095,0.2521299142661171,0.0027179004984678214,0.0027179004984678214,True,True,21
k=250|vol=1.00,250,1.0,2021-01-29,2021-02-26,0.015838011440603008,0.25142063720178837,0.25142063720178837,0.015838011890210463,0.25142064433908545,0.015838011890210463,0.25142064433908545,0.002505841268282355,0.002505841268282355,True,True,23
k=250|vol=1.00,250,1.0,2021-02-26,2021-03-31,0.015896690134350043,0.252352132587265,0.252352132587265,0.0158966901417848,0.25235213270528817,0.0158966901417848,0.25235213270528817,0.002644911234964807,0.002644911234964807,True,True,22
k=250|vol=1.00,250,1.0,2021-03-31,2021-04-30,0.015967035479750587,0.2534688303261897,0.2534688303261897,0.015967037060167794,0.2534688554145351,0.015967037060167794,0.2534688554145351,0.002507462629475978,0.002507462629475978,True,True,24
k=250|vol=1.00,250,1.0,2021-04-30,2021-05-28,0.01600751974760358,0.25411149815468703,0.25411149815468703,0.016007520018483705,0.25411150245477565,0.016007520018483705,0.25411150245477565,0.0028369154967165886,0.0028369154967165886,True,True,21
k=250|vol=1.00,250,1.0,2021-05-28,2021-06-30,0.015986112013189516,0.2537716609063294,0.2537716609063294,0.01580338276606373,0.25087092403541206,0.01580338276606373,0.25087092403541206,0.0026896515945523353,0.0026896515945523353,True,True,20
k=250|vol=1.00,250,1.0,2021-06-30,2021-07-30,0.015946932900467954,0.25314971177323287,0.25314971177323287,0.01347792662630538,0.2139554522518789,0.01347792662630538,0.2139554522518789,0.00227556912316043,0.00227556912316043,True,True,20
k=250|vol=1.00,250,1.0,2021-07-30,2021-08-31,0.0159772573142013,0.25363109691758645,0.25363109691758645,0.011441895459760374,0.18163445948235,0.011441895459760374,0.18163445948235,0.002250512675829304,0.002250512675829304,True,True,20
k=250|vol=1.00,250,1.0,2021-08-31,2021-09-30,0.015732505628050796,0.24974578435047867,0.24974578435047867,0.011298636292943651,0.1793602907117858,0.011298636292943651,0.1793602907117858,0.0023264415012346786,0.0023264415012346786,True,True,21
k=250|vol=1.00,250,1.0,2021-09-30,2021-10-29,0.01578186908540359,0.2505294049425377,0.2505294049425377,0.012686396453199442,0.20139030029242558,0.012686396453199442,0.20139030029242558,0.0015793104699689533,0.0015793104699689533,True,True,20
k=250|vol=1.00,250,1.0,2021-10-29,2021-11-30,0.01576800697032742,0.25030935068771626,0.25030935068771626,0.01128654692597567,0.1791683779607529,0.01128654692597567,0.1791683779607529,0.002228641609894965,0.002228641609894965,True,True,20
k=250|vol=1.00,250,1.0,2021-11-30,2021-12-31,0.015835191816259298,0.2513758770529639,0.2513758770529639,0.0112878043887357,0.17918833956322872,0.0112878043887357,0.17918833956322872,0.0019684395506696915,0.0019684395506696915,True,True,20
k=250|vol=1.00,250,1.0,2021-12-31,2022-01-31,0.01595371081598476,0.2532573078464221,0.2532573078464221,0.011288449828417748,0.17919858560053867,0.011288449828417748,0.17919858560053867,0.0022187640165375437,0.0022187640165375437,True,True,20
k=250|vol=1.00,250,1.0,2022-01-31,2022-02-28,0.01606276172137824,0.2549884373019276,0.2549884373019276,0.011661155402322435,0.1851151031653351,0.011661155402322435,0.1851151031653351,0.0015920426219464053,0.0015920426219464053,True,True,20
k=250|vol=1.00,250,1.0,2022-02-28,2022-03-31,0.015986029446421312,0.25377035019951805,0.25377035019951805,0.011338970848074332,0.18000058192449503,0.011338970848074332,0.18000058192449503,0.0015794288876770407,0.0015794288876770407,True,True,20
k=250|vol=1.00,250,1.0,2022-03-31,2022-04-29,0.011246752439044341,0.1785366600649227,0.1785366600649227,0.010191985680638647,0.1617927568614074,0.010191985680638647,0.1617927568614074,0.001979604644498109,0.001979604644498109,True,True,20
k=250|vol=1.00,250,1.0,2022-04-29,2022-05-31,0.010700111454044746,0.16985900344845678,0.16985900344845678,0.010700111454548725,0.1698590034564572,0.010700111454548725,0.1698590034564572,0.0010375546161113616,0.0010375546161113616,True,True,21
k=250|vol=1.00,250,1.0,2022-05-31,2022-06-30,0.01105689579122791,0.1755227792156748,0.1755227792156748,0.011056895891184366,0.17552278080243433,0.011056895891184366,0.17552278080243433,0.0013531274161380671,0.0013531274161380671,True,True,22
k=250|vol=1.00,250,1.0,2022-06-30,2022-07-29,0.011106462283198094,0.1763096228823647,0.1763096228823647,0.01110646228409339,0.1763096228965771,0.01110646228409339,0.1763096228965771,0.0003406670570778954,0.0003406670570778954,True,True,22
k=250|vol=1.00,250,1.0,2022-07-29,2022-08-31,0.011251713581012972,0.17861541575213,0.17861541575213,0.011251714239842706,0.1786154262107278,0.011251714239842706,0.1786154262107278,0.0008358083166033515,0.0008358083166033515,True,True,25
k=250|vol=1.00,250,1.0,2022-08-31,2022-09-30,0.011479010158517333,0.18222363705972594,0.18222363705972594,0.011479010160024951,0.18222363708365863,0.011479010160024951,0.18222363708365863,0.0007995902469875113,0.0007995902469875113,True,True,23
k=250|vol=1.00,250,1.0,2022-09-30,2022-10-31,0.011495605897395945,0.18248708624710297,0.18248708624710297,0.01149560589920217,0.1824870862757759,0.01149560589920217,0.1824870862757759,-5.74761212490069e-05,-5.74761212490069e-05,True,True,22
k=250|vol=1.00,250,1.0,2022-10-31,2022-11-30,0.01175632532587223,0.18662587886536983,0.18662587886536983,0.011889515629865456,0.18874020939383684,0.011889515629865456,0.18874020939383684,0.00017639730292639944,0.00017639730292639944,False,False,23
k=250|vol=1.00,250,1.0,2022-11-30,2022-12-30,0.012066263129172217,0.19154598896194636,0.19154598896194636,0.012066263153135767,0.1915459893423559,0.012066263153135767,0.1915459893423559,0.001507012058323605,0.001507012058323605,True,True,24
k=250|vol=1.00,250,1.0,2022-12-30,2023-01-31,0.012239735311520379,0.19429977448523164,0.19429977448523164,0.012239735313750227,0.1942997745206294,0.012239735313750227,0.1942997745206294,0.0012264123587640717,0.0012264123587640717,True,True,22
k=250|vol=1.00,250,1.0,2023-01-31,2023-02-28,0.012256977050895517,0.1945734786125725,0.1945734786125725,0.012256977050974885,0.1945734786138324,0.012256977050974885,0.1945734786138324,0.0015163263043182903,0.0015163263043182903,True,True,24
k=250|vol=1.00,250,1.0,2023-02-28,2023-03-31,0.012279427709161685,0.19492987176382434,0.19492987176382434,0.012279427826390457,0.1949298736247734,0.012279427826390457,0.1949298736247734,0.001231787841835938,0.001231787841835938,True,True,24
k=250|vol=1.00,250,1.0,2023-03-31,2023-04-28,0.012321512963747358,0.19559795446880354,0.19559795446880354,0.012321514153967207,0.1955979733629579,0.012321514153967207,0.1955979733629579,0.0013378577741810934,0.0013378577741810934,True,True,21
k=250|vol=1.00,250,1.0,2023-04-28,2023-05-31,0.012333068471769603,0.1957813924718028,0.1957813924718028,0.012333068525600937,0.1957813933263487,0.012333068525600937,0.1957813933263487,0.001439614769463463,0.001439614769463463,True,True,21
k=250|vol=1.00,250,1.0,2023-05-31,2023-06-30,0.01231632467284259,0.1955155929040227,0.1955155929040227,0.012316324672901294,0.1955155929049546,0.012316324672901294,0.1955155929049546,0.0014060759509393395,0.0014060759509393395,True,True,21
k=250|vol=1.00,250,1.0,2023-06-30,2023-07-31,0.012349842295956443,0.19604766867580617,0.19604766867580617,0.012349842915959381,0.1960476785180477,0.012349842915959381,0.1960476785180477,0.001987602312470308,0.001987602312470308,True,True,23
k=250|vol=1.00,250,1.0,2023-07-31,2023-08-31,0.01231112132791455,0.19543299236403097,0.19543299236403097,0.012311121423374963,0.19543299387941807,0.012311121423374963,0.19543299387941807,0.0021496268389175517,0.0021496268389175517,True,True,22
k=250|vol=1.00,250,1.0,2023-08-31,2023-09-29,0.012367178587770379,0.19632287377658048,0.19632287377658048,0.011762097936107309,0.18671751621195617,0.011762097936107309,0.18671751621195617,0.0019432240703802135,0.0019432240703802135,True,True,20
k=250|vol=1.00,250,1.0,2023-09-29,2023-10-31,0.012348548883610968,0.19602713639135344,0.19602713639135344,0.010363533789807134,0.16451599866986646,0.010363533789807134,0.16451599866986646,0.0011563217389485856,0.0011563217389485856,True,True,20
k=250|vol=1.00,250,1.0,2023-10-31,2023-11-30,0.012376175018060829,0.19646568767999564,0.19646568767999564,0.009997245149497971,0.15870134676791026,0.009997245149497971,0.15870134676791026,0.0008903233174165366,0.0008903233174165366,True,True,20
k=250|vol=1.00,250,1.0,2023-11-30,2023-12-29,0.01241083799871776,0.19701594543910653,0.19701594543910653,0.010621568681811333,0.16861217559278957,0.010621568681811333,0.16861217559278957,0.0016988964915631549,0.0016988964915631549,True,True,20
k=250|vol=1.00,250,1.0,2023-12-29,2024-01-31,0.01224384565980626,0.19436502424142946,0.19436502424142946,0.011083850523052774,0.17595067231806497,0.011083850523052774,0.17595067231806497,0.0021954913022817976,0.0021954913022817976,True,True,20
k=250|vol=1.00,250,1.0,2024-01-31,2024-02-29,0.012170907813428037,0.193207171825341,0.193207171825341,0.010440403970361065,0.1657362749557605,0.010440403970361065,0.1657362749557605,0.0020733248755322635,0.0020733248755322635,True,True,21
k=250|vol=1.00,250,1.0,2024-02-29,2024-03-28,0.011894152821282042,0.1888138225254574,0.1888138225254574,0.010208989089652794,0.16206267761155788,0.010208989089652794,0.16206267761155788,0.002401944129635747,0.002401944129635747,True,True,21
k=250|vol=1.00,250,1.0,2024-03-28,2024-04-30,0.011591572753212332,0.1840105128546727,0.1840105128546727,0.00949530242200032,0.1507332529917728,0.00949530242200032,0.1507332529917728,0.0023825147370525614,0.0023825147370525614,True,True,20
k=250|vol=1.00,250,1.0,2024-04-30,2024-05-31,0.01141245994534691,0.18116718517724228,0.18116718517724228,0.009419456351919025,0.14952923395563267,0.009419456351919025,0.14952923395563267,0.0015979544686531876,0.0015979544686531876,True,True,21
k=250|vol=1.00,250,1.0,2024-05-31,2024-06-28,0.010608479436269852,0.16840439026147627,0.16840439026147627,0.008862256295731093,0.14068395728052577,0.008862256295731093,0.14068395728052577,0.0017861135627405763,0.0017861135627405763,True,True,20
k=250|vol=1.00,250,1.0,2024-06-28,2024-07-31,0.009968264935780157,0.15824130013727725,0.15824130013727725,0.008668180600943699,0.13760310113694865,0.008668180600943699,0.13760310113694865,0.0016465078479940855,0.0016465078479940855,True,True,20
k=250|vol=1.00,250,1.0,2024-07-31,2024-08-30,0.009800517140541478,0.15557838644219166,0.15557838644219166,0.00846609710404353,0.1343951250757398,0.00846609710404353,0.1343951250757398,0.0016062059787242356,0.0016062059787242356,True,True,20
k=250|vol=1.00,250,1.0,2024-08-30,2024-09-30,0.00976679718974793,0.15504309881806527,0.15504309881806527,0.008370845904771775,0.1328830591636175,0.008370845904771775,0.1328830591636175,0.001948058252191638,0.001948058252191638,True,True,20
k=250|vol=1.00,250,1.0,2024-09-30,2024-10-31,0.009471060785141022,0.15034842893675573,0.15034842893675573,0.008236991218462842,0.13075818189285351,0.008236991218462842,0.13075818189285351,0.0019595943712998496,0.0019595943712998496,True,True,21
k=250|vol=1.00,250,1.0,2024-10-31,2024-11-29,0.008789939946056912,0.13953597081875455,0.13953597081875455,0.007355216172502353,0.11676043698936948,0.007355216172502353,0.11676043698936948,0.0016073468830724133,0.0016073468830724133,True,True,20
k=250|vol=1.00,250,1.0,2024-11-29,2024-12-31,0.008299270247037593,0.13174683082187436,0.13174683082187436,0.007894351103681214,0.1253189386954126,0.007894351103681214,0.1253189386954126,0.002324558623019939,0.002324558623019939,True,True,20
k=250|vol=1.00,250,1.0,2024-12-31,2025-01-31,0.00808345885231916,0.12832093113876053,0.12832093113876053,0.008083458852559917,0.12832093114258242,0.008083458852559917,0.12832093114258242,0.0015405398519136612,0.0015405398519136612,True,True,23
k=250|vol=1.00,250,1.0,2025-01-31,2025-02-28,0.008005165299938784,0.12707805952561083,0.12707805952561083,0.008005165301322115,0.12707805954757054,0.008005165301322115,0.12707805954757054,0.0017999917021244395,0.0017999917021244395,True,True,22
k=250|vol=1.00,250,1.0,2025-02-28,2025-03-31,0.007894158025585782,0.12531587367566785,0.12531587367566785,0.007738613486963097,0.12284668067372842,0.007738613486963097,0.12284668067372842,0.0015430678794015015,0.0015430678794015015,True,True,21
k=250|vol=1.00,250,1.0,2025-03-31,2025-04-30,0.008035977001962872,0.12756718013176901,0.12756718013176901,0.007840111820798567,0.12445791677262481,0.007840111820798567,0.12445791677262481,0.0013319385335272525,0.0013319385335272525,True,True,20
k=250|vol=1.00,250,1.0,2025-04-30,2025-05-30,0.01031058709557076,0.16367549595571193,0.16367549595571193,0.010310587095947956,0.16367549596169972,0.010310587095947956,0.16367549596169972,0.0008473678119675759,0.0008473678119675759,True,True,23
k=250|vol=1.00,250,1.0,2025-05-30,2025-06-30,0.010385148634379646,0.16485912369006356,0.16485912369006356,0.010385148776134775,0.16485912594035645,0.010385148776134775,0.16485912594035645,0.0012446190107131838,0.0012446190107131838,True,True,24
k=250|vol=1.00,250,1.0,2025-06-30,2025-07-31,0.01037284198268961,0.16466376165100116,0.16466376165100116,0.010372842159509897,0.1646637644579362,0.010372842159509897,0.1646637644579362,0.0014742322821173666,0.0014742322821173666,True,True,23
k=250|vol=1.00,250,1.0,2025-07-31,2025-08-29,0.010345367592931412,0.16422761923466048,0.16422761923466048,0.01034536774384964,0.16422762163041307,0.01034536774384964,0.16422762163041307,0.0015973603744683079,0.0015973603744683079,True,True,24
k=250|vol=1.00,250,1.0,2025-08-29,2025-09-30,0.010337288066158738,0.16409936072335096,0.16409936072335096,0.01033728822843622,0.16409936329942612,0.01033728822843622,0.16409936329942612,0.0017040345461214735,0.0017040345461214735,True,True,25
k=250|vol=1.00,250,1.0,2025-09-30,2025-10-31,0.010251266599071236,0.16273381226739222,0.16273381226739222,0.010251267309969541,0.16273382355255295,0.010251267309969541,0.16273382355255295,0.0017217428309928829,0.0017217428309928829,True,True,22
k=250|vol=1.00,250,1.0,2025-10-31,2025-11-28,0.010254399297305504,0.16278354231015513,0.16278354231015513,0.01025439930512065,0.16278354243421672,0.01025439930512065,0.16278354243421672,0.0019961118314079426,0.0019961118314079426,True,True,23
k=250|vol=1.00,250,1.0,2025-11-28,2025-12-31,0.010288983439488872,0.16333254854729728,0.16333254854729728,0.01028898348004309,0.16333254919107554,0.01028898348004309,0.16333254919107554,0.0022167175973855737,0.0022167175973855737,True,True,22
k=250|vol=1.00,250,1.0,2025-12-31,2026-01-30,0.010281253238529171,0.16320983541135373,0.16320983541135373,0.010281253721378716,0.16320984307635264,0.010281253721378716,0.16320984307635264,0.0016930821482046084,0.0016930821482046084,True,True,22
k=250|vol=1.00,250,1.0,2026-01-30,2026-02-27,0.010294410655398751,0.16341870292895122,0.16341870292895122,0.010294412172155864,0.16341872700672394,0.010294412172155864,0.16341872700672394,0.002209989713813652,0.002209989713813652,True,True,21
k=250|vol=1.00,250,1.0,2026-02-27,2026-03-31,0.010276644828742765,0.1631366791739479,0.1631366791739479,0.010276644828812343,0.16313667917505242,0.010276644828812343,0.16313667917505242,0.0026524301699397596,0.0026524301699397596,True,True,21
k=250|vol=1.00,250,1.0,2026-03-31,2026-04-30,0.01048437439976891,0.16643428388328374,0.16643428388328374,0.01048437483403739,0.16643429077708216,0.01048437483403739,0.16643429077708216,0.0019601708712510746,0.0019601708712510746,True,True,21
k=250|vol=1.00,250,1.0,2026-04-30,2026-05-26,0.010499074338860284,0.16666763818202518,0.16666763818202518,0.010499074634955646,0.16666764288239333,0.010499074634955646,0.16666764288239333,0.0026718578607281794,0.0026718578607281794,True,True,22
k=250|vol=1.20,250,1.2,2010-07-30,2010-08-31,0.01528456556251176,0.24263495625640907,0.2021957968803409,0.015284565641146908,0.24263495750470337,0.015284565641146908,0.24263495750470337,0.0014953106764990921,0.0014953106764990921,True,True,21
k=250|vol=1.20,250,1.2,2010-08-31,2010-09-30,0.015020744867323474,0.2384469325553268,0.19870577712943902,0.012786546925462506,0.20298013975218804,0.012786546925462506,0.20298013975218804,0.0012151636588545861,0.0012151636588545861,True,True,20
k=250|vol=1.20,250,1.2,2010-09-30,2010-10-29,0.014770242249408478,0.23447032677668453,0.19539193898057045,0.014770242253926504,0.234470326848406,0.014770242253926504,0.234470326848406,0.0020061855498196605,0.0020061855498196605,True,True,21
k=250|vol=1.20,250,1.2,2010-10-29,2010-11-30,0.014225663760696781,0.22582541127376526,0.18818784272813774,0.014053602717959149,0.22309402689732788,0.014053602717959149,0.22309402689732788,0.00220752566899166,0.00220752566899166,True,True,20
k=250|vol=1.20,250,1.2,2010-11-30,2010-12-31,0.013961218509483678,0.22162747305315403,0.18468956087762836,0.012854481379674671,0.20405856577997777,0.012854481379674671,0.20405856577997777,0.002093752215057043,0.002093752215057043,True,True,20
k=250|vol=1.20,250,1.2,2010-12-31,2011-01-31,0.013496590654732193,0.21425173451795881,0.178543112098299,0.01185989994190877,0.18827007492239994,0.01185989994190877,0.18827007492239994,0.0023137195535725547,0.0023137195535725547,True,True,20
k=250|vol=1.20,250,1.2,2011-01-31,2011-02-28,0.013150279864961518,0.20875422116152936,0.17396185096794115,0.012242121179637184,0.19433764896742003,0.012242121179637184,0.19433764896742003,0.0021560779089206347,0.0021560779089206347,True,True,21
k=250|vol=1.20,250,1.2,2011-02-28,2011-03-31,0.012905924493501421,0.20487519989509198,0.17072933324591,0.011467824230106744,0.1820460659511792,0.011467824230106744,0.1820460659511792,0.0022349647798275843,0.0022349647798275843,True,True,20
k=250|vol=1.20,250,1.2,2011-03-31,2011-04-29,0.012847780813904771,0.20395219759595426,0.16996016466329522,0.011406347013448335,0.18107014539173166,0.011406347013448335,0.18107014539173166,0.0020541736496370116,0.0020541736496370116,True,True,20
k=250|vol=1.20,250,1.2,2011-04-29,2011-05-31,0.012559824049370266,0.19938102567217175,0.1661508547268098,0.01092016372199385,0.17335222490703125,0.01092016372199385,0.17335222490703125,0.002349963296955869,0.002349963296955869,True,True,20
k=250|vol=1.20,250,1.2,2011-05-31,2011-06-30,0.01233814214446021,0.19586193452884126,0.1632182787740344,0.010140327939539924,0.16097271564397592,0.010140327939539924,0.16097271564397592,0.0018961055780172126,0.0018961055780172126,True,True,20
k=250|vol=1.20,250,1.2,2011-06-30,2011-07-29,0.012335883364921802,0.19582607751529038,0.16318839792940865,0.00985597968359962,0.156458827018258,0.00985597968359962,0.156458827018258,0.0016843640171201964,0.0016843640171201964,True,True,20
k=250|vol=1.20,250,1.2,2011-07-29,2011-08-31,0.01230199254073683,0.1952880773601677,0.16274006446680642,0.009652419646518914,0.15322741160833817,0.009652419646518914,0.15322741160833817,0.0012418216169851454,0.0012418216169851454,True,True,20
k=250|vol=1.20,250,1.2,2011-08-31,2011-09-30,0.014383175169927489,0.22832582737864393,0.1902715228155366,0.014383175170038256,0.2283258273804023,0.014383175170038256,0.2283258273804023,0.0010609962499169795,0.0010609962499169795,True,True,21
k=250|vol=1.20,250,1.2,2011-09-30,2011-10-31,0.014822113156309297,0.23529375189631824,0.19607812658026522,0.014132507967879423,0.22434660890788655,0.014132507967879423,0.22434660890788655,0.000662927630080806,0.000662927630080806,True,True,21
k=250|vol=1.20,250,1.2,2011-10-31,2011-11-30,0.01523074217682074,0.2417805364968614,0.20148378041405118,0.015230744844112075,0.24178057883879867,0.015230744844112075,0.24178057883879867,0.0013972092847704936,0.0013972092847704936,True,True,21
k=250|vol=1.20,250,1.2,2011-11-30,2011-12-30,0.01562472824416565,0.24803487142217526,0.20669572618514606,0.015624728346458387,0.24803487304602212,0.015624728346458387,0.24803487304602212,0.0014352839194418565,0.0014352839194418565,True,True,22
k=250|vol=1.20,250,1.2,2011-12-30,2012-01-31,0.015556832226908604,0.2469570555621319,0.2057975463017766,0.015556832227384212,0.24695705556968192,0.015556832227384212,0.24695705556968192,0.0014504599592945183,0.0014504599592945183,True,True,21
k=250|vol=1.20,250,1.2,2012-01-31,2012-02-29,0.015411311341993908,0.24464698312982988,0.2038724859415249,0.015411311470779924,0.2446469851742445,0.015411311470779924,0.2446469851742445,0.0016509570472498793,0.0016509570472498793,True,True,21
k=250|vol=1.20,250,1.2,2012-02-29,2012-03-30,0.015270856005764971,0.2424173237899875,0.20201443649165626,0.015270856007885298,0.24241732382364664,0.015270856007885298,0.24241732382364664,0.0019729940010179982,0.0019729940010179982,True,True,21
k=250|vol=1.20,250,1.2,2012-03-30,2012-04-30,0.015324153950833625,0.24326340243824215,0.20271950203186848,0.015324153953092527,0.2432634024741011,0.015324153953092527,0.2432634024741011,0.0023353281841596916,0.0023353281841596916,True,True,22
k=250|vol=1.20,250,1.2,2012-04-30,2012-05-31,0.015306930253962353,0.24298998472677086,0.20249165393897572,0.01445012417959288,0.22938860995922403,0.01445012417959288,0.22938860995922403,0.002183176320019212,0.002183176320019212,True,True,20
k=250|vol=1.20,250,1.2,2012-05-31,2012-06-29,0.014595692654338901,0.2316994378566778,0.19308286488056484,0.012724040843556403,0.2019878864632725,0.012724040843556403,0.2019878864632725,0.001376274262396812,0.001376274262396812,True,True,21
k=250|vol=1.20,250,1.2,2012-06-29,2012-07-31,0.0144714970251474,0.22972789336410634,0.1914399111367553,0.014032057652922973,0.2227520095929293,0.014032057652922973,0.2227520095929293,0.0017222317032787903,0.0017222317032787903,True,True,20
k=250|vol=1.20,250,1.2,2012-07-31,2012-08-31,0.01426223689344328,0.22640599175724802,0.1886716597977067,0.013204455349949198,0.20961423032413165,0.013204455349949198,0.20961423032413165,0.0015165923910626638,0.0015165923910626638,True,True,20
k=250|vol=1.20,250,1.2,2012-08-31,2012-09-28,0.0140120172445874,0.2224338779731606,0.18536156497763384,0.012342717673691479,0.19593456880361595,0.012342717673691479,0.19593456880361595,0.0015857647866733098,0.0015857647866733098,True,True,20
k=250|vol=1.20,250,1.2,2012-09-28,2012-10-31,0.013981316465274727,0.22194651821045736,0.1849554318420478,0.01231803112676368,0.19554268202021666,0.01231803112676368,0.19554268202021666,0.0017128863935030807,0.0017128863935030807,True,True,20
k=250|vol=1.20,250,1.2,2012-10-31,2012-11-30,0.013988050616839292,0.22205341955244248,0.18504451629370208,0.01211368798467498,0.19229883520368726,0.01211368798467498,0.19229883520368726,0.0016686144218803327,0.0016686144218803327,True,True,20
k=250|vol=1.20,250,1.2,2012-11-30,2012-12-31,0.01399638317277487,0.22218569477718894,0.18515474564765746,0.011375723910530622,0.18058401870357124,0.011375723910530622,0.18058401870357124,0.001671822595051127,0.001671822595051127,True,True,20
k=250|vol=1.20,250,1.2,2012-12-31,2013-01-31,0.014023160117000302,0.22261076558893336,0.18550897132411115,0.011714119833528559,0.18595588744515545,0.011714119833528559,0.18595588744515545,0.0016784316000249928,0.0016784316000249928,True,True,20
k=250|vol=1.20,250,1.2,2013-01-31,2013-02-28,0.01403591269679796,0.22281320651724804,0.1856776720977067,0.01156978180487498,0.18366459227387535,0.01156978180487498,0.18366459227387535,0.0018871936847105072,0.0018871936847105072,True,True,20
k=250|vol=1.20,250,1.2,2013-02-28,2013-03-28,0.014061797743014599,0.22322411888703586,0.1860200990725299,0.010803268883031427,0.17149657686638217,0.010803268883031427,0.17149657686638217,0.0017642266197470861,0.0017642266197470861,True,True,21
k=250|vol=1.20,250,1.2,2013-03-28,2013-04-30,0.013878344593590504,0.2203118904233895,0.18359324201949126,0.009317888914901231,0.14791690087772488,0.009317888914901231,0.14791690087772488,0.0021628283717294895,0.0021628283717294895,True,True,20
k=250|vol=1.20,250,1.2,2013-04-30,2013-05-31,0.013979067129776876,0.22191081111640257,0.1849256759303355,0.01101806125791666,0.17490630011113786,0.01101806125791666,0.17490630011113786,0.0022435221280107938,0.0022435221280107938,True,True,20
k=250|vol=1.20,250,1.2,2013-05-31,2013-06-28,0.013987663867422395,0.22204728009578165,0.18503940007981803,0.011264021569827582,0.17881079901738692,0.011264021569827582,0.17881079901738692,0.0024443810415373784,0.0024443810415373784,True,True,21
k=250|vol=1.20,250,1.2,2013-06-28,2013-07-31,0.014007085121494291,0.22235558294632105,0.1852963191219342,0.010536990311887385,0.16726953559410565,0.010536990311887385,0.16726953559410565,0.0017811663309645358,0.0017811663309645358,True,True,21
k=250|vol=1.20,250,1.2,2013-07-31,2013-08-30,0.01383677582782742,0.21965200672428742,0.1830433389369062,0.010323341766180247,0.16387797007463542,0.010323341766180247,0.16387797007463542,0.002043870109327717,0.002043870109327717,True,True,21
k=250|vol=1.20,250,1.2,2013-08-30,2013-09-30,0.011874449894290491,0.18850104825593914,0.15708420687994928,0.009617466869861662,0.15267255348034053,0.009617466869861662,0.15267255348034053,0.0016860606837946139,0.0016860606837946139,True,True,20
k=250|vol=1.20,250,1.2,2013-09-30,2013-10-31,0.011217143171585262,0.17806662751572558,0.14838885626310466,0.00978947122916683,0.1554030380351834,0.00978947122916683,0.1554030380351834,0.00223469139402051,0.00223469139402051,True,True,21
k=250|vol=1.20,250,1.2,2013-10-31,2013-11-29,0.010396419847161513,0.16503804864603303,0.13753170720502753,0.010186178879910846,0.1617005767575754,0.010186178879910846,0.1617005767575754,0.002729705501948044,0.002729705501948044,True,True,20
k=250|vol=1.20,250,1.2,2013-11-29,2013-12-31,0.009557241996021534,0.15171651324681323,0.1264304277056777,0.009557241996654005,0.1517165132568534,0.009557241996654005,0.1517165132568534,0.002563152652244871,0.002563152652244871,True,True,21
k=250|vol=1.20,250,1.2,2013-12-31,2014-01-31,0.00900794997115486,0.1429967726771233,0.1191639772309361,0.009007950035269654,0.1429967736949141,0.009007950035269654,0.1429967736949141,0.002355907385373441,0.002355907385373441,True,True,21
k=250|vol=1.20,250,1.2,2014-01-31,2014-02-28,0.00911035123324285,0.14462234231766707,0.12051861859805589,0.009110351233558495,0.1446223423226778,0.009110351233558495,0.1446223423226778,0.0017066230815497407,0.0017066230815497407,True,True,22
k=250|vol=1.20,250,1.2,2014-02-28,2014-03-31,0.009206337548864183,0.1461460778400635,0.12178839820005292,0.009206337691573684,0.1461460801055066,0.009206337691573684,0.1461460801055066,0.0021862832023262137,0.0021862832023262137,True,True,21
k=250|vol=1.20,250,1.2,2014-03-31,2014-04-30,0.009164944743996817,0.14548898743358465,0.12124082286132055,0.009164944752535127,0.14548898756912612,0.009164944752535127,0.14548898756912612,0.001747789534824808,0.001747789534824808,True,True,21
k=250|vol=1.20,250,1.2,2014-04-30,2014-05-30,0.009122911960307484,0.14482173767826217,0.12068478139855182,0.008044735866267276,0.1277062227920699,0.008044735866267276,0.1277062227920699,0.0013777660871953311,0.0013777660871953311,True,True,20
k=250|vol=1.20,250,1.2,2014-05-30,2014-06-30,0.008994901635974127,0.14278963677765347,0.1189913639813779,0.008593209128961528,0.13641296591521304,0.008593209128961528,0.13641296591521304,0.0015319540448781228,0.0015319540448781228,True,True,20
k=250|vol=1.20,250,1.2,2014-06-30,2014-07-31,0.008526693599465184,0.1353570646189864,0.11279755384915534,0.008102571922960326,0.12862434172900453,0.008102571922960326,0.12862434172900453,0.001695032579608399,0.001695032579608399,True,True,21
k=250|vol=1.20,250,1.2,2014-07-31,2014-08-29,0.008315986541870924,0.13201219377570295,0.11001016147975246,0.007745916890847778,0.1229626186161472,0.007745916890847778,0.1229626186161472,0.001234991935296565,0.001234991935296565,True,True,20
k=250|vol=1.20,250,1.2,2014-08-29,2014-09-30,0.008285683067541377,0.13153114103407967,0.10960928419506641,0.00792439525934642,0.12579587488085892,0.00792439525934642,0.12579587488085892,0.00155428643992243,0.00155428643992243,True,True,21
k=250|vol=1.20,250,1.2,2014-09-30,2014-10-31,0.008246957275072919,0.13091638813690704,0.1090969901140892,0.00824695944716955,0.1309164226178721,0.00824695944716955,0.1309164226178721,0.0011528859872056302,0.0011528859872056302,True,True,21
k=250|vol=1.20,250,1.2,2014-10-31,2014-11-28,0.008549566937841318,0.13572016760896888,0.11310013967414075,0.00802488283435265,0.12739106568076952,0.00802488283435265,0.12739106568076952,0.0016191595256331982,0.0016191595256331982,True,True,20
k=250|vol=1.20,250,1.2,2014-11-28,2014-12-31,0.00826022459985639,0.13112700038854816,0.10927250032379014,0.008260224781898976,0.13112700327838464,0.008260224781898976,0.13112700327838464,0.0019442270985374854,0.0019442270985374854,True,True,22
k=250|vol=1.20,250,1.2,2014-12-31,2015-01-30,0.00842719438005826,0.13377756347781175,0.11148130289817645,0.008137652482414081,0.12918122834601045,0.008137652482414081,0.12918122834601045,0.0017590136355823975,0.0017590136355823975,True,True,22
k=250|vol=1.20,250,1.2,2015-01-30,2015-02-27,0.008660058526712476,0.13747416720567374,0.11456180600472812,0.008293093061411896,0.13164877104006711,0.008293093061411896,0.13164877104006711,0.001657452595158546,0.001657452595158546,True,True,21
k=250|vol=1.20,250,1.2,2015-02-27,2015-03-31,0.008567157347752812,0.13599940670948185,0.11333283892456822,0.008567157610276443,0.1359994108769153,0.008567157610276443,0.1359994108769153,0.001853986376580224,0.001853986376580224,True,True,23
k=250|vol=1.20,250,1.2,2015-03-31,2015-04-30,0.008767277276873766,0.13917621209853337,0.11598017674877781,0.008767277276891871,0.13917621209882078,0.008767277276891871,0.13917621209882078,0.001588517426262777,0.001588517426262777,True,True,21
k=250|vol=1.20,250,1.2,2015-04-30,2015-05-29,0.008591239379727998,0.13638169711551054,0.11365141426292545,0.008591239561870865,0.13638170000693892,0.008591239561870865,0.13638170000693892,0.0016740516805410178,0.0016740516805410178,True,True,24
k=250|vol=1.20,250,1.2,2015-05-29,2015-06-30,0.00861896751392686,0.13682186759997061,0.11401822299997552,0.008618967514075199,0.13682186760232545,0.008618967514075199,0.13682186760232545,0.0018327093458528768,0.0018327093458528768,True,True,21
k=250|vol=1.20,250,1.2,2015-06-30,2015-07-31,0.008374836557801796,0.1329464088165346,0.11078867401377884,0.008374836557826908,0.13294640881693323,0.008374836557826908,0.13294640881693323,0.0013983197872780707,0.0013983197872780707,True,True,22
k=250|vol=1.20,250,1.2,2015-07-31,2015-08-31,0.008486192922195214,0.13471413629907023,0.1122617802492252,0.00848619384243522,0.13471415090742744,0.00848619384243522,0.13471415090742744,0.0015528003988469206,0.0015528003988469206,True,True,22
k=250|vol=1.20,250,1.2,2015-08-31,2015-09-30,0.00928408037698511,0.14738020697662438,0.12281683914718698,0.009284080377436662,0.14738020698379253,0.009284080377436662,0.14738020698379253,0.0007412078196193037,0.0007412078196193037,True,True,22
k=250|vol=1.20,250,1.2,2015-09-30,2015-10-30,0.009805563640652605,0.15565849714790347,0.12971541428991956,0.00980556375641764,0.15565849898561643,0.00980556375641764,0.15565849898561643,0.0007052917369453022,0.0007052917369453022,True,True,23
k=250|vol=1.20,250,1.2,2015-10-30,2015-11-30,0.009832172994412065,0.1560809075434775,0.13006742295289792,0.009832173121134505,0.15608090955513387,0.009832173121134505,0.15608090955513387,0.0013614371963738944,0.0013614371963738944,True,True,22
k=250|vol=1.20,250,1.2,2015-11-30,2015-12-31,0.009902510596957173,0.15719748236838266,0.13099790197365221,0.0099025106177227,0.15719748269802516,0.0099025106177227,0.15719748269802516,0.0013583191699575814,0.0013583191699575814,True,True,23
k=250|vol=1.20,250,1.2,2015-12-31,2016-01-29,0.010189336225573055,0.16175069806612705,0.1347922483884392,0.010189336229289619,0.16175069812512566,0.010189336229289619,0.16175069812512566,0.0011844587311982155,0.0011844587311982155,True,True,23
k=250|vol=1.20,250,1.2,2016-01-29,2016-02-29,0.010611896330493111,0.168458631775702,0.14038219314641834,0.010611896332230891,0.1684586318032884,0.010611896332230891,0.1684586318032884,0.0006979494376406146,0.0006979494376406146,True,True,22
k=250|vol=1.20,250,1.2,2016-02-29,2016-03-31,0.010791594660826045,0.17131125433414887,0.14275937861179072,0.010791594662641818,0.17131125436297337,0.010791594662641818,0.17131125436297337,0.0008283450804888123,0.0008283450804888123,True,True,21
k=250|vol=1.20,250,1.2,2016-03-31,2016-04-29,0.010845894963207606,0.1721732449114522,0.14347770409287683,0.010845894963281703,0.17217324491262845,0.010845894963281703,0.17217324491262845,0.0016103253283972466,0.0016103253283972466,True,True,22
k=250|vol=1.20,250,1.2,2016-04-29,2016-05-31,0.010778334353001944,0.17110075347328446,0.14258396122773706,0.01077833437463905,0.17110075381676287,0.01077833437463905,0.17110075381676287,0.0016475486702178072,0.0016475486702178072,True,True,23
k=250|vol=1.20,250,1.2,2016-05-31,2016-06-30,0.01083645726469916,0.17202342609223925,0.14335285507686604,0.010836457617431997,0.17202343169169945,0.010836457617431997,0.17202343169169945,0.0020419176355345645,0.0020419176355345645,True,True,21
k=250|vol=1.20,250,1.2,2016-06-30,2016-07-29,0.011170004638896018,0.1773183265077402,0.14776527208978352,0.011170004767717675,0.17731832855272062,0.011170004767717675,0.17731832855272062,0.0021055140579413567,0.0021055140579413567,True,True,21
k=250|vol=1.20,250,1.2,2016-07-29,2016-08-31,0.011170542170595828,0.17732685955893726,0.14777238296578105,0.011170542172192275,0.17732685958428007,0.011170542172192275,0.17732685958428007,0.002307898197214967,0.002307898197214967,True,True,21
k=250|vol=1.20,250,1.2,2016-08-31,2016-09-30,0.011085188533378565,0.17597191257350703,0.14664326047792253,0.011085188611044476,0.17597191380641516,0.011085188611044476,0.17597191380641516,0.0020848437482660067,0.0020848437482660067,True,True,21
k=250|vol=1.20,250,1.2,2016-09-30,2016-10-31,0.011175456606126385,0.17740487380442596,0.14783739483702163,0.011175457230432624,0.17740488371498025,0.011175457230432624,0.17740488371498025,0.0019617709421189456,0.0019617709421189456,True,True,22
k=250|vol=1.20,250,1.2,2016-10-31,2016-11-30,0.010896240985472037,0.17297246323793022,0.14414371936494186,0.010896240985480475,0.17297246323806417,0.010896240985480475,0.17297246323806417,0.0015627987074872938,0.0015627987074872938,True,True,21
k=250|vol=1.20,250,1.2,2016-11-30,2016-12-30,0.010973724008131047,0.17420246809064216,0.14516872340886847,0.010973724008278373,0.1742024680929809,0.010973724008278373,0.1742024680929809,0.0021376059043272796,0.0021376059043272796,True,True,21
k=250|vol=1.20,250,1.2,2016-12-30,2017-01-31,0.010787662035715025,0.17124882584588844,0.1427073548715737,0.010511633533199486,0.16686700921135833,0.010511633533199486,0.16686700921135833,0.0018756455857656053,0.0018756455857656053,True,True,21
k=250|vol=1.20,250,1.2,2017-01-31,2017-02-28,0.01053789221914722,0.16728385292799663,0.13940321077333054,0.009521588639000218,0.15115053375031523,0.009521588639000218,0.15115053375031523,0.0017694307067547624,0.0017694307067547624,True,True,20
k=250|vol=1.20,250,1.2,2017-02-28,2017-03-31,0.01046296605316878,0.16609443691677364,0.13841203076397804,0.009433026490202204,0.14974465322255698,0.009433026490202204,0.14974465322255698,0.002319738970091963,0.002319738970091963,True,True,20
k=250|vol=1.20,250,1.2,2017-03-31,2017-04-28,0.010312908219057995,0.1637123426487689,0.13642695220730744,0.009046635224983121,0.14361088204333322,0.009046635224983121,0.14361088204333322,0.002130099305699136,0.002130099305699136,True,True,20
k=250|vol=1.20,250,1.2,2017-04-28,2017-05-31,0.010306619518858716,0.1636125126279861,0.13634376052332176,0.008624103181710072,0.13690339379859437,0.008624103181710072,0.13690339379859437,0.0020600728906717356,0.0020600728906717356,True,True,20
k=250|vol=1.20,250,1.2,2017-05-31,2017-06-30,0.010239103080019199,0.16254072238851772,0.13545060199043144,0.008107270831892657,0.12869893459581427,0.008107270831892657,0.12869893459581427,0.002209123570527423,0.002209123570527423,True,True,20
k=250|vol=1.20,250,1.2,2017-06-30,2017-07-31,0.010146287877632743,0.16106732672811355,0.13422277227342796,0.008174329433677852,0.1297634568973623,0.008174329433677852,0.1297634568973623,0.0017145332824766032,0.0017145332824766032,True,True,21
k=250|vol=1.20,250,1.2,2017-07-31,2017-08-31,0.010027919085246997,0.15918828040225125,0.13265690033520938,0.007923966044807225,0.1257890613112801,0.007923966044807225,0.1257890613112801,0.0019916101132822295,0.0019916101132822295,True,True,20
k=250|vol=1.20,250,1.2,2017-08-31,2017-09-29,0.009119376939154489,0.14476562095716108,0.1206380174643009,0.008246152929043895,0.130903619539542,0.008246152929043895,0.130903619539542,0.0017687198103435492,0.0017687198103435492,True,True,20
k=250|vol=1.20,250,1.2,2017-09-29,2017-10-31,0.00864748133153987,0.13727451042196911,0.11439542535164093,0.007860870584579929,0.12478745193156852,0.007860870584579929,0.12478745193156852,0.0018128704584320118,0.0018128704584320118,True,True,20
k=250|vol=1.20,250,1.2,2017-10-31,2017-11-30,0.008425338929010031,0.13374810910555096,0.11145675758795914,0.00740416542775224,0.11753748232688763,0.00740416542775224,0.11753748232688763,0.0020959786312827445,0.0020959786312827445,True,True,20
k=250|vol=1.20,250,1.2,2017-11-30,2017-12-29,0.008281766631103414,0.13146896953303702,0.10955747461086418,0.0065319499564580495,0.10369149096664308,0.0065319499564580495,0.10369149096664308,0.0020736774294970906,0.0020736774294970906,True,True,21
k=250|vol=1.20,250,1.2,2017-12-29,2018-01-31,0.007861084202227862,0.12479084300660105,0.10399236917216755,0.005837602514495034,0.09266906703719513,0.005837602514495034,0.09266906703719513,0.001925786388992386,0.001925786388992386,True,True,20
k=250|vol=1.20,250,1.2,2018-01-31,2018-02-28,0.007142873891788802,0.11338960778381554,0.0944913398198463,0.006374603210958775,0.10119368881746438,0.006374603210958775,0.10119368881746438,0.0023078743970448077,0.0023078743970448077,True,True,20
k=250|vol=1.20,250,1.2,2018-02-28,2018-03-29,0.007707853742737114,0.12235838487204499,0.10196532072670417,0.007707853774875493,0.12235838538222595,0.007707853774875493,0.12235838538222595,0.0017745260333339409,0.0017745260333339409,True,True,26
k=250|vol=1.20,250,1.2,2018-03-29,2018-04-30,0.008093854731693944,0.12848596060767356,0.10707163383972797,0.008093854732539046,0.12848596062108913,0.008093854732539046,0.12848596062108913,0.0013151099744010287,0.0013151099744010287,True,True,22
k=250|vol=1.20,250,1.2,2018-04-30,2018-05-31,0.00835664770242624,0.13265766968879475,0.11054805807399562,0.008356647763428631,0.13265767065717768,0.008356647763428631,0.13265767065717768,0.001428806570307787,0.001428806570307787,True,True,23
k=250|vol=1.20,250,1.2,2018-05-31,2018-06-29,0.008340114074984788,0.1323952064899155,0.11032933874159627,0.008340114083147429,0.13239520661949342,0.008340114083147429,0.13239520661949342,0.0016469468116884199,0.0016469468116884199,True,True,24
k=250|vol=1.20,250,1.2,2018-06-29,2018-07-31,0.007967105041261321,0.1264738716498387,0.10539489304153225,0.007967105041507019,0.12647387165373902,0.007967105041507019,0.12647387165373902,0.0015634726731645697,0.0015634726731645697,True,True,22
k=250|vol=1.20,250,1.2,2018-07-31,2018-08-31,0.007962103826885383,0.12639447983288638,0.10532873319407197,0.007962103833068298,0.1263944799310371,0.007962103833068298,0.1263944799310371,0.001686965309201545,0.001686965309201545,True,True,23
k=250|vol=1.20,250,1.2,2018-08-31,2018-09-28,0.007991729310800246,0.12686476981033842,0.10572064150861535,0.0079917294198588,0.1268647715415893,0.0079917294198588,0.1268647715415893,0.002045203906496895,0.002045203906496895,True,True,21
k=250|vol=1.20,250,1.2,2018-09-28,2018-10-31,0.007767054030357666,0.12329816030356984,0.10274846691964154,0.007767054156364066,0.12329816230385943,0.007767054156364066,0.12329816230385943,0.0019744873157421573,0.0019744873157421573,True,True,22
k=250|vol=1.20,250,1.2,2018-10-31,2018-11-30,0.008473684383028313,0.13451556939566822,0.11209630782972353,0.008473684400775538,0.1345155696773967,0.008473684400775538,0.1345155696773967,0.0008774615125675189,0.0008774615125675189,True,True,21
k=250|vol=1.20,250,1.2,2018-11-30,2018-12-31,0.008787212186777811,0.13949266898262086,0.11624389081885073,0.00876599192376154,0.13915580775044226,0.00876599192376154,0.13915580775044226,0.0012774590569379952,0.0012774590569379952,True,True,20
k=250|vol=1.20,250,1.2,2018-12-31,2019-01-31,0.009773024623247972,0.1551419562601491,0.12928496355012425,0.009773024623394203,0.15514195626247043,0.009773024623394203,0.15514195626247043,0.0005298223351461711,0.0005298223351461711,True,True,21
k=250|vol=1.20,250,1.2,2019-01-31,2019-02-28,0.010135017032444587,0.16088840760751333,0.1340736730062611,0.010135017036737163,0.16088840767565588,0.010135017036737163,0.16088840767565588,0.0013203080045916626,0.0013203080045916626,True,True,21
k=250|vol=1.20,250,1.2,2019-02-28,2019-03-29,0.010179021943771172,0.1615869639185269,0.13465580326543908,0.010179022630751704,0.16158697482400475,0.010179022630751704,0.16158697482400475,0.0016909641465737088,0.0016909641465737088,True,True,21
k=250|vol=1.20,250,1.2,2019-03-29,2019-04-30,0.010248103714569589,0.16268360303249035,0.13556966919374197,0.010248104435885239,0.1626836144830213,0.010248104435885239,0.1626836144830213,0.0017485124573333878,0.0017485124573333878,True,True,22
k=250|vol=1.20,250,1.2,2019-04-30,2019-05-31,0.010238352798668993,0.16252881204132186,0.13544067670110155,0.010238352819637357,0.16252881237418432,0.010238352819637357,0.16252881237418432,0.001896268582280326,0.001896268582280326,True,True,23
k=250|vol=1.20,250,1.2,2019-05-31,2019-06-28,0.010450766553060924,0.16590077585634547,0.13825064654695457,0.008647733672549765,0.1372785162113157,0.008647733672549765,0.1372785162113157,0.0014091332464778587,0.0014091332464778587,True,True,21
k=250|vol=1.20,250,1.2,2019-06-28,2019-07-31,0.010549535225959581,0.16746867993122788,0.13955723327602323,0.009788816127153984,0.1553926386131272,0.009788816127153984,0.1553926386131272,0.00173397178813541,0.00173397178813541,True,True,20
k=250|vol=1.20,250,1.2,2019-07-31,2019-08-30,0.010576981639202166,0.1679043782341514,0.13992031519512618,0.00969826379756218,0.15395516494470235,0.00969826379756218,0.15395516494470235,0.0016922162195896259,0.0016922162195896259,True,True,20
k=250|vol=1.20,250,1.2,2019-08-30,2019-09-30,0.01107006042225581,0.17573176125448528,0.14644313437873774,0.010037020869373798,0.1593327667459703,0.010037020869373798,0.1593327667459703,0.001631702240702768,0.001631702240702768,True,True,20
k=250|vol=1.20,250,1.2,2019-09-30,2019-10-31,0.011109128549090994,0.17635194854125544,0.14695995711771287,0.008839844729196966,0.14032818469128172,0.008839844729196966,0.14032818469128172,0.0014069357482438603,0.0014069357482438603,True,True,20
k=250|vol=1.20,250,1.2,2019-10-31,2019-11-29,0.011265820046277391,0.17883934894593692,0.14903279078828077,0.009739353698779686,0.15460744690480877,0.009739353698779686,0.15460744690480877,0.0016084224401474768,0.0016084224401474768,True,True,20
k=250|vol=1.20,250,1.2,2019-11-29,2019-12-31,0.011264852362520112,0.17882398744251982,0.1490199895354332,0.010667595726964654,0.16934283228314254,0.010667595726964654,0.16934283228314254,0.0020527088288228978,0.0020527088288228978,True,True,20
k=250|vol=1.20,250,1.2,2019-12-31,2020-01-31,0.011287946011385039,0.17919058775308971,0.14932548979424143,0.009960998261878908,0.15812594526526938,0.009960998261878908,0.15812594526526938,0.00203440817838932,0.00203440817838932,True,True,20
k=250|vol=1.20,250,1.2,2020-01-31,2020-02-28,0.011346647106453176,0.1801224387485144,0.15010203229042868,0.009295525877924775,0.14756189867132583,0.009295525877924775,0.14756189867132583,0.0017831838812790602,0.0017831838812790602,True,True,20
k=250|vol=1.20,250,1.2,2020-02-28,2020-03-31,0.01126680325858099,0.17885495695738476,0.14904579746448732,0.010835804643555809,0.17201306605276537,0.010835804643555809,0.17201306605276537,0.0008628847841420466,0.0008628847841420466,True,True,20
k=250|vol=1.20,250,1.2,2020-03-31,2020-04-30,0.017608999463246643,0.2795342004985229,0.23294516708210242,0.023248131817126642,0.36905265140979143,0.023248131817126642,0.36905265140979143,-0.0005029598137348335,-0.0005029598137348335,False,False,23
k=250|vol=1.20,250,1.2,2020-04-30,2020-05-29,0.018505472596434685,0.29376527030332156,0.24480439191943462,0.023148025180602168,0.36746350782080606,0.023148025180602168,0.36746350782080606,0.0005312556681039927,0.0005312556681039927,False,False,21
k=250|vol=1.20,250,1.2,2020-05-29,2020-06-30,0.018748487170289832,0.2976230070676319,0.2480191725563599,0.02138800392210566,0.33952403650779395,0.02138800392210566,0.33952403650779395,0.0010169250368892472,0.0010169250368892472,False,False,21
k=250|vol=1.20,250,1.2,2020-06-30,2020-07-31,0.01920808193714736,0.30491884780946227,0.25409903984121857,0.01994032929514705,0.3165429142541698,0.01994032929514705,0.3165429142541698,0.0007632920000221816,0.0007632920000221816,False,False,22
k=250|vol=1.20,250,1.2,2020-07-31,2020-08-31,0.01927663205665584,0.3060070472208415,0.2550058726840346,0.019276632056966257,0.30600704722576916,0.019276632056966257,0.30600704722576916,0.002190040962319662,0.002190040962319662,True,True,22
k=250|vol=1.20,250,1.2,2020-08-31,2020-09-30,0.019296360684866287,0.3063202294845612,0.25526685790380105,0.019296360684982788,0.30632022948641063,0.019296360684982788,0.30632022948641063,0.0027532599132239818,0.0027532599132239818,True,True,22
k=250|vol=1.20,250,1.2,2020-09-30,2020-10-30,0.01963443722173798,0.31168702812857196,0.2597391901071433,0.019634437221852392,0.3116870281303882,0.019634437221852392,0.3116870281303882,0.002329957086476197,0.002329957086476197,True,True,21
k=250|vol=1.20,250,1.2,2020-10-30,2020-11-30,0.019566216718105208,0.3106040612070046,0.2588367176725039,0.01956621740564373,0.3106040721213403,0.01956621740564373,0.3106040721213403,0.002078454271353442,0.002078454271353442,True,True,22
k=250|vol=1.20,250,1.2,2020-11-30,2020-12-31,0.01953256548336283,0.3100698644163731,0.2583915536803109,0.019532565646361667,0.3100698670038994,0.019532565646361667,0.3100698670038994,0.0031102571973023996,0.0031102571973023996,True,True,22
k=250|vol=1.20,250,1.2,2020-12-31,2021-01-29,0.019059230034825472,0.3025558971151267,0.2521299142626056,0.019059230064113517,0.30255589758006,0.019059230064113517,0.30255589758006,0.003130528423761621,0.003130528423761621,True,True,21
k=250|vol=1.20,250,1.2,2021-01-29,2021-02-26,0.019005613728723607,0.301704764642146,0.25142063720178837,0.01869031921842454,0.29669961945817463,0.01869031921842454,0.29669961945817463,0.0026915601746347034,0.0026915601746347034,True,True,20
k=250|vol=1.20,250,1.2,2021-02-26,2021-03-31,0.01907602816122005,0.302822559104718,0.252352132587265,0.019076028475375862,0.3028225640917869,0.019076028475375862,0.3028225640917869,0.0031028386380907687,0.0031028386380907687,True,True,22
k=250|vol=1.20,250,1.2,2021-03-31,2021-04-30,0.019160442575700706,0.3041625963914277,0.2534688303261897,0.01916044299537886,0.3041626030536118,0.01916044299537886,0.3041626030536118,0.002773544995574123,0.002773544995574123,True,True,22
k=250|vol=1.20,250,1.2,2021-04-30,2021-05-28,0.019209023697124298,0.3049337977856244,0.25411149815468703,0.017380216507930254,0.27590238367465747,0.017380216507930254,0.27590238367465747,0.0028668899999300217,0.0028668899999300217,True,True,20
k=250|vol=1.20,250,1.2,2021-05-28,2021-06-30,0.019183334415827417,0.30452599308759526,0.2537716609063294,0.015803382766063728,0.250870924035412,0.015803382766063728,0.250870924035412,0.0026896515945523344,0.0026896515945523344,True,True,20
k=250|vol=1.20,250,1.2,2021-06-30,2021-07-30,0.019136319480561544,0.30377965412787944,0.25314971177323287,0.01347792662630538,0.2139554522518789,0.01347792662630538,0.2139554522518789,0.00227556912316043,0.00227556912316043,True,True,20
k=250|vol=1.20,250,1.2,2021-07-30,2021-08-31,0.01917270877704156,0.30435731630110374,0.25363109691758645,0.011441895459760373,0.18163445948234996,0.011441895459760373,0.18163445948234996,0.0022505126758293036,0.0022505126758293036,True,True,20
k=250|vol=1.20,250,1.2,2021-08-31,2021-09-30,0.018879006753660953,0.2996949412205744,0.24974578435047867,0.011298636321752977,0.17936029116911967,0.011298636321752977,0.17936029116911967,0.0023264415012107936,0.0023264415012107936,True,True,21
k=250|vol=1.20,250,1.2,2021-09-30,2021-10-29,0.01893824290248431,0.30063528593104527,0.2505294049425377,0.012686396453199439,0.20139030029242552,0.012686396453199439,0.20139030029242552,0.0015793104699689529,0.0015793104699689529,True,True,20
k=250|vol=1.20,250,1.2,2021-10-29,2021-11-30,0.018921608364392904,0.3003712208252595,0.25030935068771626,0.011286546925975666,0.17916837796075286,0.011286546925975666,0.17916837796075286,0.002228641609894965,0.002228641609894965,True,True,20
k=250|vol=1.20,250,1.2,2021-11-30,2021-12-31,0.019002230179511158,0.30165105246355667,0.2513758770529639,0.0112878043887357,0.17918833956322872,0.0112878043887357,0.17918833956322872,0.001968439550669691,0.001968439550669691,True,True,20
k=250|vol=1.20,250,1.2,2021-12-31,2022-01-31,0.019144452979181707,0.3039087694157065,0.2532573078464221,0.011288449828417755,0.17919858560053878,0.011288449828417755,0.17919858560053878,0.0022187640165375433,0.0022187640165375433,True,True,20
k=250|vol=1.20,250,1.2,2022-01-31,2022-02-28,0.019275314065653887,0.3059861247623131,0.2549884373019276,0.011661155402322433,0.18511510316533508,0.011661155402322433,0.18511510316533508,0.0015920426219464053,0.0015920426219464053,True,True,20
k=250|vol=1.20,250,1.2,2022-02-28,2022-03-31,0.019183235335705574,0.30452442023942167,0.25377035019951805,0.011338970848074325,0.18000058192449492,0.011338970848074325,0.18000058192449492,0.0015794288876770405,0.0015794288876770405,True,True,20
k=250|vol=1.20,250,1.2,2022-03-31,2022-04-29,0.01349610292685321,0.21424399207790723,0.1785366600649227,0.01019198568063865,0.16179275686140746,0.01019198568063865,0.16179275686140746,0.0019796046444981084,0.0019796046444981084,True,True,20
k=250|vol=1.20,250,1.2,2022-04-29,2022-05-31,0.012840133744853694,0.20383080413814814,0.16985900344845678,0.010733657752255096,0.17039153442328517,0.010733657752255096,0.17039153442328517,0.0010380154286354698,0.0010380154286354698,True,True,20
k=250|vol=1.20,250,1.2,2022-05-31,2022-06-30,0.013268274949473493,0.21062733505880976,0.1755227792156748,0.012386380317481255,0.19662769178592404,0.012386380317481255,0.19662769178592404,0.0014383908598261236,0.0014383908598261236,True,True,20
k=250|vol=1.20,250,1.2,2022-06-30,2022-07-29,0.013327754739837711,0.21157154745883763,0.1763096228823647,0.011989340674388432,0.1903248828483793,0.011989340674388432,0.1903248828483793,0.00042188748521832355,0.00042188748521832355,True,True,20
k=250|vol=1.20,250,1.2,2022-07-29,2022-08-31,0.013502056297215567,0.214338498902556,0.17861541575213,0.01350205966474627,0.21433855236044863,0.01350205966474627,0.21433855236044863,0.0010996886270693614,0.0010996886270693614,True,True,21
k=250|vol=1.20,250,1.2,2022-08-31,2022-09-30,0.0137748121902208,0.21866836447167112,0.18222363705972594,0.012866510063475143,0.20424951521559065,0.012866510063475143,0.20424951521559065,0.0008544592660031733,0.0008544592660031733,True,True,21
k=250|vol=1.20,250,1.2,2022-09-30,2022-10-31,0.013794727076875134,0.21898450349652357,0.18248708624710297,0.013794727235199696,0.2189845060098481,0.013794727235199696,0.2189845060098481,0.00023705313292114757,0.00023705313292114757,True,True,21
k=250|vol=1.20,250,1.2,2022-10-31,2022-11-30,0.014107590391046676,0.22395105463844378,0.18662587886536983,0.0141075904019623,0.22395105481172395,0.0141075904019623,0.22395105481172395,0.0014765028519254677,0.0014765028519254677,True,True,23
k=250|vol=1.20,250,1.2,2022-11-30,2022-12-30,0.01447951575500666,0.2298551867543356,0.19154598896194636,0.014479517358692958,0.22985521221206637,0.014479517358692958,0.22985521221206637,0.002121818762553416,0.002121818762553416,True,True,22
k=250|vol=1.20,250,1.2,2022-12-30,2023-01-31,0.014687682373824453,0.23315972938227797,0.19429977448523164,0.014687684477022137,0.23315976276950612,0.014687684477022137,0.23315976276950612,0.0014911073258213527,0.0014911073258213527,True,True,21
k=250|vol=1.20,250,1.2,2023-01-31,2023-02-28,0.01470837246107462,0.23348817433508698,0.1945734786125725,0.014708372474128949,0.23348817454231802,0.014708372474128949,0.23348817454231802,0.001909795695159822,0.001909795695159822,True,True,22
k=250|vol=1.20,250,1.2,2023-02-28,2023-03-31,0.01473531325099402,0.2339158461165892,0.19492987176382434,0.014735313252750992,0.23391584614448024,0.014735313252750992,0.23391584614448024,0.0015697873729076377,0.0015697873729076377,True,True,21
k=250|vol=1.20,250,1.2,2023-03-31,2023-04-28,0.014785815556496829,0.23471754536256423,0.19559795446880354,0.014785815558340529,0.23471754539183207,0.014785815558340529,0.23471754539183207,0.0016526204728713092,0.0016526204728713092,True,True,21
k=250|vol=1.20,250,1.2,2023-04-28,2023-05-31,0.014799682166123524,0.23493767096616333,0.1957813924718028,0.013316863625313927,0.21139865637565608,0.013316863625313927,0.21139865637565608,0.001460542200658011,0.001460542200658011,True,True,21
k=250|vol=1.20,250,1.2,2023-05-31,2023-06-30,0.014779589607411108,0.23461871148482724,0.1955155929040227,0.013815489463452069,0.2193140961655641,0.013815489463452069,0.2193140961655641,0.0015238997888870408,0.0015238997888870408,True,True,20
k=250|vol=1.20,250,1.2,2023-06-30,2023-07-31,0.014819810755147732,0.2352572024109674,0.19604766867580617,0.013491686948574189,0.21417389059597913,0.013491686948574189,0.21417389059597913,0.0020467670275236653,0.0020467670275236653,True,True,20
k=250|vol=1.20,250,1.2,2023-07-31,2023-08-31,0.014773345593497458,0.23451959083683716,0.19543299236403097,0.01279687021727375,0.20314401692925263,0.01279687021727375,0.20314401692925263,0.0021612610551866554,0.0021612610551866554,True,True,21
k=250|vol=1.20,250,1.2,2023-08-31,2023-09-29,0.014840614305324453,0.23558744853189656,0.19632287377658048,0.011762097936107307,0.18671751621195615,0.011762097936107307,0.18671751621195615,0.001943224070380213,0.001943224070380213,True,True,20
k=250|vol=1.20,250,1.2,2023-09-29,2023-10-31,0.01481825866033316,0.2352325636696241,0.19602713639135344,0.010363533789807134,0.16451599866986646,0.010363533789807134,0.16451599866986646,0.001156321738948586,0.001156321738948586,True,True,20
k=250|vol=1.20,250,1.2,2023-10-31,2023-11-30,0.014851410021672994,0.23575882521599476,0.19646568767999564,0.009997245149497977,0.15870134676791034,0.009997245149497977,0.15870134676791034,0.0008903233174165366,0.0008903233174165366,True,True,20
k=250|vol=1.20,250,1.2,2023-11-30,2023-12-29,0.01489300559846131,0.2364191345269278,0.19701594543910653,0.010621568681811334,0.1686121755927896,0.010621568681811334,0.1686121755927896,0.001698896491563155,0.001698896491563155,True,True,20
k=250|vol=1.20,250,1.2,2023-12-29,2024-01-31,0.01469261479176751,0.23323802908971533,0.19436502424142946,0.011083850523052769,0.17595067231806488,0.011083850523052769,0.17595067231806488,0.002195491302281797,0.002195491302281797,True,True,20
k=250|vol=1.20,250,1.2,2024-01-31,2024-02-29,0.014605089376113645,0.2318486061904092,0.193207171825341,0.010440403967983543,0.16573627491801848,0.010440403967983543,0.16573627491801848,0.0020733248755470538,0.0020733248755470538,True,True,21
k=250|vol=1.20,250,1.2,2024-02-29,2024-03-28,0.014272983385538451,0.22657658703054886,0.1888138225254574,0.010208989065740467,0.16206267723196147,0.010208989065740467,0.16206267723196147,0.002401944129623294,0.002401944129623294,True,True,21
k=250|vol=1.20,250,1.2,2024-03-28,2024-04-30,0.013909887303854798,0.22081261542560723,0.1840105128546727,0.009495302422000319,0.15073325299177276,0.009495302422000319,0.15073325299177276,0.0023825147370525614,0.0023825147370525614,True,True,20
k=250|vol=1.20,250,1.2,2024-04-30,2024-05-31,0.013694951934416291,0.21740062221269074,0.18116718517724228,0.009419456350870258,0.149529233938984,0.009419456350870258,0.149529233938984,0.0015979544686570261,0.0015979544686570261,True,True,21
k=250|vol=1.20,250,1.2,2024-05-31,2024-06-28,0.012730175323523822,0.20208526831377152,0.16840439026147627,0.008862256295731091,0.14068395728052574,0.008862256295731091,0.14068395728052574,0.001786113562740576,0.001786113562740576,True,True,20
k=250|vol=1.20,250,1.2,2024-06-28,2024-07-31,0.011961917922936188,0.18988956016473268,0.15824130013727725,0.008668180600943699,0.13760310113694865,0.008668180600943699,0.13760310113694865,0.001646507847994086,0.001646507847994086,True,True,20
k=250|vol=1.20,250,1.2,2024-07-31,2024-08-30,0.011760620568649774,0.18669406373063,0.15557838644219166,0.00846609710404353,0.1343951250757398,0.00846609710404353,0.1343951250757398,0.0016062059787242352,0.0016062059787242352,True,True,20
k=250|vol=1.20,250,1.2,2024-08-30,2024-09-30,0.011720156627697516,0.18605171858167832,0.15504309881806527,0.008370845904771777,0.13288305916361753,0.008370845904771777,0.13288305916361753,0.0019480582521916384,0.0019480582521916384,True,True,20
k=250|vol=1.20,250,1.2,2024-09-30,2024-10-31,0.011365272942169225,0.18041811472410688,0.15034842893675573,0.008236991517393608,0.1307581866382323,0.008236991517393608,0.1307581866382323,0.0019595943711694184,0.0019595943711694184,True,True,21
k=250|vol=1.20,250,1.2,2024-10-31,2024-11-29,0.010547927935268294,0.16744316498250544,0.13953597081875455,0.007355216172502353,0.11676043698936948,0.007355216172502353,0.11676043698936948,0.0016073468830724135,0.0016073468830724135,True,True,20
k=250|vol=1.20,250,1.2,2024-11-29,2024-12-31,0.00995912429644511,0.15809619698624922,0.13174683082187436,0.007894351103681214,0.1253189386954126,0.007894351103681214,0.1253189386954126,0.002324558623019939,0.002324558623019939,True,True,20
k=250|vol=1.20,250,1.2,2024-12-31,2025-01-31,0.009700150622782991,0.15398511736651263,0.12832093113876053,0.009019684120728524,0.14318304652683578,0.009019684120728524,0.14318304652683578,0.0016238872141804447,0.0016238872141804447,True,True,21
k=250|vol=1.20,250,1.2,2025-01-31,2025-02-28,0.00960619835992654,0.15249367143073297,0.12707805952561083,0.008508109959727245,0.13506205848378036,0.008508109959727245,0.13506205848378036,0.0018361344286847922,0.0018361344286847922,True,True,20
k=250|vol=1.20,250,1.2,2025-02-28,2025-03-31,0.009472989630702937,0.1503790484108014,0.12531587367566785,0.007738548086906611,0.12284564248001728,0.007738548086906611,0.12284564248001728,0.0015431054841019206,0.0015431054841019206,True,True,21
k=250|vol=1.20,250,1.2,2025-03-31,2025-04-30,0.009643172402355448,0.15308061615812282,0.12756718013176901,0.007840111820798568,0.12445791677262484,0.007840111820798568,0.12445791677262484,0.001331938533527253,0.001331938533527253,True,True,20
k=250|vol=1.20,250,1.2,2025-04-30,2025-05-30,0.012372704514684911,0.1964105951468543,0.16367549595571193,0.0121489606911338,0.19285877205983656,0.0121489606911338,0.19285877205983656,0.0012719694370351608,0.0012719694370351608,True,True,20
k=250|vol=1.20,250,1.2,2025-05-30,2025-06-30,0.012462178361255577,0.19783094842807628,0.16485912369006356,0.012462178382241501,0.1978309487612175,0.012462178382241501,0.1978309487612175,0.0015653537080559264,0.0015653537080559264,True,True,21
k=250|vol=1.20,250,1.2,2025-06-30,2025-07-31,0.01244741037922753,0.1975965139812014,0.16466376165100116,0.012447410380237743,0.19759651399723802,0.012447410380237743,0.19759651399723802,0.001753480954890539,0.001753480954890539,True,True,21
k=250|vol=1.20,250,1.2,2025-07-31,2025-08-29,0.012414441111517694,0.19707314308159257,0.16422761923466048,0.012414441111583773,0.19707314308264154,0.012414441111583773,0.19707314308264154,0.001802713387259625,0.001802713387259625,True,True,21
k=250|vol=1.20,250,1.2,2025-08-29,2025-09-30,0.012404745679390485,0.19691923286802115,0.16409936072335096,0.012404745806018178,0.19691923487817345,0.012404745806018178,0.19691923487817345,0.0018980679525617203,0.0018980679525617203,True,True,22
k=250|vol=1.20,250,1.2,2025-09-30,2025-10-31,0.012301519918885482,0.19528057472087065,0.16273381226739222,0.01230151991969243,0.19528057473368055,0.01230151991969243,0.19528057473368055,0.0018117128073455743,0.0018117128073455743,True,True,21
k=250|vol=1.20,250,1.2,2025-10-31,2025-11-28,0.012305279156766604,0.19534025077218614,0.16278354231015513,0.012305279156844618,0.19534025077342457,0.012305279156844618,0.19534025077342457,0.002221744577591265,0.002221744577591265,True,True,21
k=250|vol=1.20,250,1.2,2025-11-28,2025-12-31,0.012346780127386646,0.19599905825675673,0.16333254854729728,0.012346780127501995,0.19599905825858782,0.012346780127501995,0.19599905825858782,0.0023676864432919387,0.0023676864432919387,True,True,21
k=250|vol=1.20,250,1.2,2025-12-31,2026-01-30,0.012337503886235003,0.19585180249362447,0.16320983541135373,0.011776399053725597,0.18694453941608583,0.011776399053725597,0.18694453941608583,0.0017949708063168923,0.0017949708063168923,True,True,20
k=250|vol=1.20,250,1.2,2026-01-30,2026-02-27,0.0123532927864785,0.19610244351474146,0.16341870292895122,0.011501666848735853,0.18258330086682614,0.011501666848735853,0.18258330086682614,0.0022854298459135023,0.0022854298459135023,True,True,20
k=250|vol=1.20,250,1.2,2026-02-27,2026-03-31,0.012331973794491318,0.19576401500873747,0.1631366791739479,0.01044085135392245,0.16574337694962496,0.01044085135392245,0.16574337694962496,0.002654547212444476,0.002654547212444476,True,True,20
k=250|vol=1.20,250,1.2,2026-03-31,2026-04-30,0.01258124927972269,0.19972114065994048,0.16643428388328374,0.010607004779813559,0.16838098081596062,0.010607004779813559,0.16838098081596062,0.0019604266361119603,0.0019604266361119603,True,True,21
k=250|vol=1.20,250,1.2,2026-04-30,2026-05-26,0.01259888920663234,0.20000116581843022,0.16666763818202518,0.010860104983052555,0.17239882198326234,0.010860104983052555,0.17239882198326234,0.002693176138655157,0.002693176138655157,True,True,20
k=30|vol=0.80,30,0.8,2010-07-30,2010-08-31,0.010189710375007838,0.16175663750427272,0.2021957968803409,0.010189710375026738,0.16175663750457273,0.010189710375026738,0.16175663750457273,0.0004201783482425669,0.0004201783482425668,True,True,25
k=30|vol=0.80,30,0.8,2010-08-31,2010-09-30,0.010013829911548982,0.15896462170355122,0.19870577712943902,0.010013829919268758,0.15896462182609886,0.010013829919268757,0.15896462182609883,0.00044841524673398987,0.0004484152467339898,True,True,24
k=30|vol=0.80,30,0.8,2010-09-30,2010-10-29,0.009846828166272319,0.15631355118445636,0.19539193898057045,0.009846828313043437,0.15631355351437562,0.009846828313043435,0.1563135535143756,0.001367293421343927,0.0013672934213439267,True,True,22
k=30|vol=0.80,30,0.8,2010-10-29,2010-11-30,0.009483775840464522,0.1505502741825102,0.18818784272813774,0.009483775840900257,0.1505502741894273,0.009483775840900257,0.1505502741894273,0.0016487859840149486,0.0016487859840149486,True,True,23
k=30|vol=0.80,30,0.8,2010-11-30,2010-12-31,0.009307479006322452,0.1477516487021027,0.18468956087762836,0.00930747900641,0.14775164870349247,0.009307479006410001,0.1477516487034925,0.0015593342847774814,0.0015593342847774819,True,True,22
k=30|vol=0.80,30,0.8,2010-12-31,2011-01-31,0.008997727103154796,0.1428344896786392,0.178543112098299,0.008997727181149258,0.14283449091676292,0.008997727181149258,0.14283449091676292,0.0018250639934936862,0.0018250639934936862,True,True,24
k=30|vol=0.80,30,0.8,2011-01-31,2011-02-28,0.008766853243307681,0.13916948077435293,0.17396185096794115,0.008766854504528436,0.13916950079561172,0.00876685324700327,0.13916948083301858,0.0017068786757151427,0.0017068785810069184,True,True,22
k=30|vol=0.80,30,0.8,2011-02-28,2011-03-31,0.008603949662334283,0.13658346659672801,0.17072933324591,0.008603949753052226,0.13658346803683075,0.008603949753052226,0.13658346803683075,0.0019254291249904349,0.0019254291249904349,True,True,23
k=30|vol=0.80,30,0.8,2011-03-31,2011-04-29,0.008565187209269848,0.13596813173063618,0.16996016466329522,0.008565187312016342,0.1359681333616862,0.008565187312016342,0.1359681333616862,0.001680296486711313,0.001680296486711313,True,True,24
k=30|vol=0.80,30,0.8,2011-04-29,2011-05-31,0.008373216032913511,0.13292068378144783,0.1661508547268098,0.008373216266857709,0.13292068749519684,0.008373216033057601,0.1329206837837352,0.0020407213752159504,0.0020407493605628935,True,True,24
k=30|vol=0.80,30,0.8,2011-05-31,2011-06-30,0.008225428096306806,0.1305746230192275,0.1632182787740344,0.008225428101187237,0.13057462309670195,0.00822542809739291,0.13057462303646888,0.001753361637343685,0.0017533706894649627,True,True,22
k=30|vol=0.80,30,0.8,2011-06-30,2011-07-29,0.0082239222432812,0.1305507183435269,0.16318839792940865,0.008223922387894664,0.13055072063919448,0.008223922387894664,0.13055072063919448,0.0015304166003478475,0.0015304166003478475,True,True,23
k=30|vol=0.80,30,0.8,2011-07-29,2011-08-31,0.00820132836049122,0.13019205157344513,0.16274006446680642,0.008201328387191308,0.1301920519972959,0.008201328387191308,0.1301920519972959,0.001165931277329302,0.001165931277329302,True,True,22
k=30|vol=0.80,30,0.8,2011-08-31,2011-09-30,0.009588783446618326,0.1522172182524293,0.1902715228155366,0.012556810447598803,0.1993331862271445,0.012556810447568739,0.19933318622666724,0.0006082987533825088,0.0006082987633206171,False,False,21
k=30|vol=0.80,30,0.8,2011-09-30,2011-10-31,0.009881408770872867,0.1568625012642122,0.19607812658026522,0.01277880443050587,0.20285723145509343,0.012778792075027887,0.202857035317961,0.0002678995558624951,0.00026658813104588243,False,False,22
k=30|vol=0.80,30,0.8,2011-10-31,2011-11-30,0.010153828117880495,0.16118702433124096,0.20148378041405118,0.013027925844152553,0.20681191129571327,0.013027936154474075,0.2068120749669934,0.0008908285109914094,0.0008914814386068832,False,False,22
k=30|vol=0.80,30,0.8,2011-11-30,2011-12-30,0.010416485496110435,0.16535658094811687,0.20669572618514606,0.013169911139875114,0.20906585798957245,0.013169872896451645,0.20906525089404573,0.000883051677782879,0.0008827055708396886,False,False,21
k=30|vol=0.80,30,0.8,2011-12-30,2012-01-31,0.010371221484605739,0.1646380370414213,0.2057975463017766,0.012417527411402278,0.19712213657338842,0.012417527414501105,0.19712213662258077,0.0008271767307766473,0.0008271783768399151,False,False,21
k=30|vol=0.80,30,0.8,2012-01-31,2012-02-29,0.010274207561329273,0.16309798875321993,0.2038724859415249,0.011316790943712154,0.1796484868582219,0.011316791534597732,0.17964849623823967,0.0009473716437035304,0.0009472678426152481,False,False,22
k=30|vol=0.80,30,0.8,2012-02-29,2012-03-30,0.01018057067050998,0.16161154919332502,0.20201443649165626,0.010260431165400695,0.16287929524768124,0.010260435870297385,0.16287936993560076,0.0008778959403019077,0.0008778829371159622,False,False,21
k=30|vol=0.80,30,0.8,2012-03-30,2012-04-30,0.010216102633889085,0.1621756016254948,0.20271950203186848,0.010216102684185923,0.16217560242393234,0.010216102684185923,0.16217560242393234,0.001532450562523233,0.0015324505625232332,True,True,23
k=30|vol=0.80,30,0.8,2012-04-30,2012-05-31,0.010204620169308237,0.1619933231511806,0.20249165393897572,0.010204620210589103,0.16199332380649403,0.010204620210589104,0.16199332380649406,0.0016738233579645537,0.0016738233579645537,True,True,22
k=30|vol=0.80,30,0.8,2012-05-31,2012-06-29,0.00973046176955927,0.15446629190445188,0.19308286488056484,0.009730461781536276,0.15446629209458096,0.009730461781536276,0.15446629209458096,0.0011019723296213824,0.0011019723296213826,True,True,22
k=30|vol=0.80,30,0.8,2012-06-29,2012-07-31,0.0096476646834316,0.15315192890940424,0.1914399111367553,0.00964766545250746,0.153151941118105,0.009647664687278967,0.15315192897047927,0.0013281729934795528,0.00132820440499274,True,True,22
k=30|vol=0.80,30,0.8,2012-07-31,2012-08-31,0.00950815792896219,0.15093732783816538,0.1886716597977067,0.009508157928996962,0.15093732783871738,0.00950815792899696,0.15093732783871736,0.0013274613462405803,0.00132746134624058,True,True,22
k=30|vol=0.80,30,0.8,2012-08-31,2012-09-28,0.009341344829724934,0.14828925198210707,0.18536156497763384,0.00934134486644203,0.1482892525649729,0.009341344866442029,0.14828925256497288,0.0013081734839041346,0.0013081734839041341,True,True,24
k=30|vol=0.80,30,0.8,2012-09-28,2012-10-31,0.009320877643516485,0.14796434547363824,0.1849554318420478,0.009320877644902493,0.14796434549564041,0.009320877644902493,0.14796434549564041,0.001520450927813178,0.001520450927813178,True,True,23
k=30|vol=0.80,30,0.8,2012-10-31,2012-11-30,0.009325367077892863,0.14803561303496168,0.18504451629370208,0.009325367078745084,0.14803561304849028,0.009325367078745084,0.14803561304849028,0.0014945723025457346,0.0014945723025457346,True,True,22
k=30|vol=0.80,30,0.8,2012-11-30,2012-12-31,0.009330922115183249,0.148123796518126,0.18515474564765746,0.009330922116719377,0.14812379654251126,0.009330922116719377,0.14812379654251126,0.001538713935119638,0.001538713935119638,True,True,21
k=30|vol=0.80,30,0.8,2012-12-31,2013-01-31,0.009348773411333536,0.14840717705928894,0.18550897132411115,0.009348773415918443,0.14840717713207208,0.009348773418266877,0.1484071771693523,0.0014889432311828857,0.0014889855290548812,True,True,23
k=30|vol=0.80,30,0.8,2013-01-31,2013-02-28,0.00935727513119864,0.14854213767816535,0.1856776720977067,0.009357277575025424,0.14854217647271287,0.00935727513125693,0.1485421376790907,0.0017720081887809315,0.0017720079882945544,True,True,23
k=30|vol=0.80,30,0.8,2013-02-28,2013-03-28,0.0093745318286764,0.14881607925802393,0.1860200990725299,0.009374531875080526,0.1488160799946666,0.009374531875080526,0.1488160799946666,0.0017204372300574375,0.0017204372300574375,True,True,21
k=30|vol=0.80,30,0.8,2013-03-28,2013-04-30,0.009252229729060337,0.14687459361559302,0.18359324201949126,0.009252229865053556,0.14687459577441844,0.009252229865053557,0.14687459577441847,0.002161837492552398,0.0021618374925523984,True,True,21
k=30|vol=0.80,30,0.8,2013-04-30,2013-05-31,0.00931937808651792,0.1479405407442684,0.1849256759303355,0.009319378086842092,0.14794054074941448,0.009319378086842092,0.14794054074941448,0.002175642554273654,0.002175642554273654,True,True,21
k=30|vol=0.80,30,0.8,2013-05-31,2013-06-28,0.009325109244948263,0.14803152006385442,0.18503940007981803,0.009325109293473959,0.14803152083417595,0.009325109293473959,0.14803152083417595,0.002217423300370994,0.002217423300370994,True,True,23
k=30|vol=0.80,30,0.8,2013-06-28,2013-07-31,0.00933805674766286,0.14823705529754735,0.1852963191219342,0.009338056832054513,0.1482370566372233,0.009338056832054513,0.1482370566372233,0.001698070994878994,0.001698070994878994,True,True,23
k=30|vol=0.80,30,0.8,2013-07-31,2013-08-30,0.009224517218551616,0.14643467114952496,0.1830433389369062,0.009224517257596187,0.14643467176933833,0.009224517257596185,0.1464346717693383,0.001987312919993324,0.001987312919993324,True,True,21
k=30|vol=0.80,30,0.8,2013-08-30,2013-09-30,0.007916299929526993,0.12566736550395943,0.15708420687994928,0.007916300140350125,0.12566736885067287,0.007916300140350125,0.12566736885067287,0.0014610753687055462,0.0014610753687055462,True,True,23
k=30|vol=0.80,30,0.8,2013-09-30,2013-10-31,0.007478095447723509,0.11871108501048373,0.14838885626310466,0.007478095586333005,0.11871108721084127,0.00747809545034906,0.11871108505216306,0.0017568509561017307,0.001756851034835232,True,True,27
k=30|vol=0.80,30,0.8,2013-10-31,2013-11-29,0.006930946564774342,0.11002536576402203,0.13753170720502753,0.006930946618040058,0.11002536660958905,0.006930946565724296,0.11002536577910207,0.0017988347383948822,0.001798834830695465,True,True,26
k=30|vol=0.80,30,0.8,2013-11-29,2013-12-31,0.006371494664014356,0.10114434216454216,0.1264304277056777,0.006371494718050844,0.1011443430223448,0.006371494718050844,0.1011443430223448,0.001530636307658449,0.001530636307658449,True,True,26
k=30|vol=0.80,30,0.8,2013-12-31,2014-01-31,0.006005299980769908,0.09533118178474888,0.1191639772309361,0.006005300495216115,0.09533118995132923,0.0060053000050030786,0.09533118216943853,0.0013552889340860076,0.0013552901214605652,True,True,27
k=30|vol=0.80,30,0.8,2014-01-31,2014-02-28,0.006073567488828566,0.09641489487844472,0.12051861859805589,0.006150996542672481,0.09764404300277689,0.006151140417137335,0.097646326939101,0.0004606583392612964,0.0004628786927700842,False,False,25
k=30|vol=0.80,30,0.8,2014-02-28,2014-03-31,0.006137558365909456,0.09743071856004235,0.12178839820005292,0.00623340810527668,0.09895228600161854,0.006233414651286911,0.09895238991630945,0.000803410055858434,0.0008033177814680939,False,False,22
k=30|vol=0.80,30,0.8,2014-03-31,2014-04-30,0.006109963162664546,0.09699265828905645,0.12124082286132055,0.006109963180740286,0.09699265857599992,0.006109963180740289,0.09699265857599998,0.0010457694011813102,0.0010457694011813104,True,True,27
k=30|vol=0.80,30,0.8,2014-04-30,2014-05-30,0.006081941306871658,0.09654782511884147,0.12068478139855182,0.006081941367519664,0.09654782608159872,0.00608194130772605,0.09654782513240452,0.001119849493961738,0.0011198495818934046,True,True,24
k=30|vol=0.80,30,0.8,2014-05-30,2014-06-30,0.005996601090649419,0.09519309118510233,0.1189913639813779,0.005996601091492107,0.09519309119847959,0.005996601091492107,0.09519309119847959,0.0013541552019832467,0.0013541552019832467,True,True,23
k=30|vol=0.80,30,0.8,2014-06-30,2014-07-31,0.005684462399643457,0.09023804307932427,0.11279755384915534,0.005684462414391008,0.0902380433134344,0.005684462414391008,0.0902380433134344,0.001414241364043227,0.001414241364043227,True,True,24
k=30|vol=0.80,30,0.8,2014-07-31,2014-08-29,0.00554399102791395,0.08800812918380196,0.11001016147975246,0.005543991159692919,0.08800813127572825,0.005543991159692919,0.08800813127572825,0.0010179588304512599,0.0010179588304512599,True,True,23
k=30|vol=0.80,30,0.8,2014-08-29,2014-09-30,0.005523788711694252,0.08768742735605313,0.10960928419506641,0.005523788760355635,0.08768742812852863,0.0055237887603556335,0.0876874281285286,0.0013836567369646554,0.001383656736964655,True,True,23
k=30|vol=0.80,30,0.8,2014-09-30,2014-10-31,0.00549797151671528,0.08727759209127137,0.1090969901140892,0.005497971585713197,0.08727759318657934,0.005497971585713197,0.08727759318657934,0.0008786413692004339,0.0008786413692004339,True,True,24
k=30|vol=0.80,30,0.8,2014-10-31,2014-11-28,0.005699711291894213,0.0904801117393126,0.11310013967414075,0.005699711340701978,0.09048011251411184,0.0056997113407019784,0.09048011251411185,0.001006564594240746,0.001006564594240746,True,True,21
k=30|vol=0.80,30,0.8,2014-11-28,2014-12-31,0.005506816399904261,0.08741800025903212,0.10927250032379014,0.005506816424022619,0.0874180006418992,0.00550681642402262,0.08741800064189921,0.0013578462518865346,0.0013578462518865349,True,True,25
k=30|vol=0.80,30,0.8,2014-12-31,2015-01-30,0.005618129586705507,0.08918504231854117,0.11148130289817645,0.0061006134160461935,0.09684423566281469,0.006100609103546862,0.09684416720401012,0.0009796884111321251,0.000979993133430562,False,False,28
k=30|vol=0.80,30,0.8,2015-01-30,2015-02-27,0.005773372351141652,0.09164944480378251,0.11456180600472812,0.006482833477049734,0.10291179102790653,0.006482904565751056,0.10291291952605486,0.0008426097811854123,0.0008408371056031347,False,False,26
k=30|vol=0.80,30,0.8,2015-02-27,2015-03-31,0.005711438231835208,0.09066627113965459,0.11333283892456822,0.006297711323265921,0.09997306794142277,0.006297643712477432,0.09997199465342906,0.0009308209483040389,0.0009323253578879523,False,False,25
k=30|vol=0.80,30,0.8,2015-03-31,2015-04-30,0.005844851517915844,0.09278414139902225,0.11598017674877781,0.0069096918646646185,0.1096879578599325,0.006909671347871036,0.10968763216593139,0.0007525436569578865,0.0007533958701008084,False,False,27
k=30|vol=0.80,30,0.8,2015-04-30,2015-05-29,0.005727492919818665,0.09092113141034036,0.11365141426292545,0.006588921233123179,0.10459588194622182,0.006588917059426344,0.10459581569083858,0.0005646218047521965,0.0005658180353346308,False,False,28
k=30|vol=0.80,30,0.8,2015-05-29,2015-06-30,0.005745978342617907,0.09121457839998043,0.11401822299997552,0.00645620807023677,0.10248912579800835,0.006456282628923208,0.10249030938046272,0.0006577247707714354,0.000656949483671746,False,False,30
k=30|vol=0.80,30,0.8,2015-06-30,2015-07-31,0.005583224371867865,0.08863093921102308,0.11078867401377884,0.006460086529601952,0.1025506944317104,0.006460140997642602,0.10255155908505016,0.00035635020886472604,0.0003556967947026963,False,False,27
k=30|vol=0.80,30,0.8,2015-07-31,2015-08-31,0.005657461948130144,0.08980942419938016,0.1122617802492252,0.006311606293708224,0.10019364375901234,0.006311578266984183,0.10019319884856108,0.0006477430057592943,0.0006471591641321318,False,False,28
k=30|vol=0.80,30,0.8,2015-08-31,2015-09-30,0.0061893869179900736,0.09825347131774959,0.12281683914718698,0.008246655818358374,0.13091160265992063,0.008246648533308764,0.1309114870133433,-3.164725686319654e-05,-3.351836104210496e-05,False,False,25
k=30|vol=0.80,30,0.8,2015-09-30,2015-10-30,0.006537042427101737,0.10377233143193565,0.12971541428991956,0.00887789570296089,0.1409322251736208,0.008877918113080717,0.14093258092324432,-1.610408573212506e-05,-1.4996587017139255e-05,False,False,24
k=30|vol=0.80,30,0.8,2015-10-30,2015-11-30,0.00655478199627471,0.10405393836231834,0.13006742295289792,0.008477301402553677,0.13457298780057653,0.008477335116115743,0.1345735229867827,0.0004987471979587107,0.0004988409639408361,False,False,27
k=30|vol=0.80,30,0.8,2015-11-30,2015-12-31,0.006601673731304782,0.10479832157892177,0.13099790197365221,0.008168863213317118,0.12967668333924642,0.008168905409209688,0.12967735317827495,0.00038133481641054306,0.000380688213029981,False,False,27
k=30|vol=0.80,30,0.8,2015-12-31,2016-01-29,0.006792890817048704,0.10783379871075137,0.1347922483884392,0.008341947546890193,0.13242431195410065,0.008341945686048846,0.13242428241416004,0.00025988789124796756,0.00025966006056226705,False,False,24
k=30|vol=0.80,30,0.8,2016-01-29,2016-02-29,0.007074597553662075,0.11230575451713468,0.14038219314641834,0.008871980288920094,0.14083832088689727,0.00887202802236644,0.1408390786318668,-0.00012661097675632487,-0.00012593135473530303,False,False,22
k=30|vol=0.80,30,0.8,2016-02-29,2016-03-31,0.007194396440550697,0.11420750288943259,0.14275937861179072,0.008830279371473244,0.14017633934485169,0.008830292037615428,0.1401765404136254,0.00030524618547758203,0.00030497739257321607,False,False,24
k=30|vol=0.80,30,0.8,2016-03-31,2016-04-29,0.007230596642138405,0.11478216327430146,0.14347770409287683,0.0082379211038164,0.13077294336521342,0.008237886941333445,0.130772401052609,0.0008973803288109159,0.0008968073378694082,False,False,22
k=30|vol=0.80,30,0.8,2016-04-29,2016-05-31,0.00718555623533463,0.11406716898218966,0.14258396122773706,0.007916567490879716,0.12567161290875797,0.007916506819195434,0.12567064977562856,0.0008561437573017596,0.0008560733337928122,False,False,24
k=30|vol=0.80,30,0.8,2016-05-31,2016-06-30,0.007224304843132773,0.11468228406149283,0.14335285507686604,0.007557146196291316,0.11996597674046722,0.00755716023456249,0.11996619959111339,0.0008694335779843838,0.000869185149851313,False,False,27
k=30|vol=0.80,30,0.8,2016-06-30,2016-07-29,0.007446669759264014,0.11821221767182682,0.14776527208978352,0.00789893512558506,0.12539170778718492,0.00789895777143243,0.12539206727886715,0.0009811019895767398,0.0009799177131174154,False,False,24
k=30|vol=0.80,30,0.8,2016-07-29,2016-08-31,0.007447028113730552,0.11821790637262485,0.14777238296578105,0.007447028130780042,0.11821790664327711,0.007447028130780041,0.1182179066432771,0.0012754863228778544,0.0012754863228778544,True,True,24
k=30|vol=0.80,30,0.8,2016-08-31,2016-09-30,0.007390125688919044,0.11731460838233804,0.14664326047792253,0.007390125729820882,0.11731460903163458,0.0073901257298208825,0.1173146090316346,0.001345285849931118,0.0013452858499311182,True,True,26
k=30|vol=0.80,30,0.8,2016-09-30,2016-10-31,0.007450304404084258,0.11826991586961731,0.14783739483702163,0.0074503046411649315,0.11826991963315633,0.0074503044042484945,0.11826991587222449,0.0009595841237076863,0.0009595849520560951,True,True,25
k=30|vol=0.80,30,0.8,2016-10-31,2016-11-30,0.007264160656981359,0.11531497549195349,0.14414371936494186,0.007264160808983373,0.11531497790491066,0.0072641606585896225,0.11531497551748389,0.0007938177419036395,0.0007938177710745999,True,True,26
k=30|vol=0.80,30,0.8,2016-11-30,2016-12-30,0.007315816005420698,0.11613497872709477,0.14516872340886847,0.007315816028272732,0.11613497908985958,0.007315816028272732,0.11613497908985958,0.0012359177905907459,0.0012359177905907459,True,True,24
k=30|vol=0.80,30,0.8,2016-12-30,2017-01-31,0.007191774690476684,0.11416588389725897,0.1427073548715737,0.007191776600691563,0.11416591422098009,0.007191774690877662,0.1141658839036243,0.0014156111725094206,0.0014156376419670056,True,True,25
k=30|vol=0.80,30,0.8,2017-01-31,2017-02-28,0.007025261479431481,0.11152256861866444,0.13940321077333054,0.007025261659875771,0.11152257148312875,0.007025261659875771,0.11152257148312875,0.001404260863450659,0.001404260863450659,True,True,25
k=30|vol=0.80,30,0.8,2017-02-28,2017-03-31,0.006975310702112521,0.11072962461118244,0.13841203076397804,0.006975310756474381,0.1107296254741502,0.006975310756474381,0.1107296254741502,0.0020494272624495065,0.0020494272624495065,True,True,26
k=30|vol=0.80,30,0.8,2017-03-31,2017-04-28,0.006875272146038665,0.10914156176584595,0.13642695220730744,0.006875272146218005,0.10914156176869289,0.006875272146218005,0.10914156176869289,0.0018468690398811922,0.0018468690398811922,True,True,22
k=30|vol=0.80,30,0.8,2017-04-28,2017-05-31,0.006871079679239145,0.10907500841865742,0.13634376052332176,0.006871079679249946,0.10907500841882888,0.006871079679249946,0.10907500841882888,0.0018816101968195467,0.0018816101968195467,True,True,21
k=30|vol=0.80,30,0.8,2017-05-31,2017-06-30,0.0068260687200128005,0.10836048159234515,0.13545060199043144,0.006826068776623659,0.10836048249101467,0.006826068776623659,0.10836048249101467,0.002122681384768906,0.002122681384768906,True,True,22
k=30|vol=0.80,30,0.8,2017-06-30,2017-07-31,0.006764191918421829,0.10737821781874238,0.13422277227342796,0.006764191918662397,0.10737821782256128,0.006764191918662398,0.1073782178225613,0.0016145320156106772,0.0016145320156106772,True,True,23
k=30|vol=0.80,30,0.8,2017-07-31,2017-08-31,0.006685279390164666,0.10612552026816752,0.13265690033520938,0.00668527939047454,0.10612552027308662,0.00668527939047454,0.10612552027308662,0.001884196486474814,0.001884196486474814,True,True,22
k=30|vol=0.80,30,0.8,2017-08-31,2017-09-29,0.006079584626102992,0.09651041397144072,0.1206380174643009,0.006079586883100769,0.09651044980016969,0.006079584632858115,0.09651041407867497,0.0016421668963022065,0.001642166859453207,True,True,23
k=30|vol=0.80,30,0.8,2017-09-29,2017-10-31,0.005764987554359915,0.09151634028131275,0.11439542535164093,0.005764987815180552,0.09151634442171201,0.005764987815180552,0.09151634442171201,0.0016585306244114755,0.0016585306244114755,True,True,23
k=30|vol=0.80,30,0.8,2017-10-31,2017-11-30,0.005616892619340023,0.08916540607036733,0.11145675758795914,0.005616892619529466,0.08916540607337464,0.005616892619529464,0.08916540607337461,0.0019135936595994715,0.0019135936595994713,True,True,24
k=30|vol=0.80,30,0.8,2017-11-30,2017-12-29,0.005521177754068943,0.08764597968869135,0.10955747461086418,0.005521177788530373,0.0876459802357496,0.005521177788530373,0.0876459802357496,0.002023417679252338,0.002023417679252338,True,True,22
k=30|vol=0.80,30,0.8,2017-12-29,2018-01-31,0.005240722801485242,0.08319389533773404,0.10399236917216755,0.005240723858756389,0.08319391212139318,0.0052407228015905645,0.08319389533940598,0.0018474804847874442,0.001847480242530356,True,True,22
k=30|vol=0.80,30,0.8,2018-01-31,2018-02-28,0.004761915927859202,0.07559307185587705,0.0944913398198463,0.0047619159534598565,0.07559307226227484,0.0047619159534598565,0.07559307226227484,0.0019621373692318518,0.0019621373692318518,True,True,25
k=30|vol=0.80,30,0.8,2018-02-28,2018-03-29,0.005138569161824744,0.08157225658136334,0.10196532072670417,0.006232049448306406,0.09893071799085619,0.006232139486283807,0.09893214729943672,0.0004906421084859325,0.0004901939234153366,False,False,27
k=30|vol=0.80,30,0.8,2018-03-29,2018-04-30,0.005395903154462629,0.08565730707178237,0.10707163383972797,0.006657790177708162,0.10568914254878595,0.006657777062580783,0.10568893435259319,0.00036011842581660836,0.0003639764884351369,False,False,24
k=30|vol=0.80,30,0.8,2018-04-30,2018-05-31,0.005571098468284161,0.0884384464591965,0.11054805807399562,0.006675362146376389,0.10596808890363763,0.006675345897008183,0.10596783095291422,0.0003882788293622729,0.00038794702565551843,False,False,27
k=30|vol=0.80,30,0.8,2018-05-31,2018-06-29,0.005560076049989861,0.08826347099327703,0.11032933874159627,0.0065031988850768,0.10323508185783437,0.006503181067031296,0.10323479900513084,0.00023816480627789736,0.00023938471970109252,False,False,25
k=30|vol=0.80,30,0.8,2018-06-29,2018-07-31,0.005311403360840881,0.08431591443322581,0.10539489304153225,0.005952628624525137,0.09449504992570795,0.005952666820453805,0.09449565626727806,0.00027977885325715444,0.00027971023067769414,False,False,26
k=30|vol=0.80,30,0.8,2018-07-31,2018-08-31,0.005308069217923588,0.08426298655525759,0.10532873319407197,0.0056811325088714885,0.09018518270207045,0.005681227093025919,0.09018668417897399,0.0006499866117408287,0.0006515383467676254,False,False,28
k=30|vol=0.80,30,0.8,2018-08-31,2018-09-28,0.005327819540533498,0.08457651320689229,0.10572064150861535,0.005345749379136415,0.08486114057083735,0.005345689767238582,0.08486019426129628,0.0007913921798752398,0.0007882641637723395,False,False,29
k=30|vol=0.80,30,0.8,2018-09-28,2018-10-31,0.005178036020238444,0.08219877353571324,0.10274846691964154,0.005178038622456068,0.08219881484463737,0.005178036122253138,0.08219877515514629,0.001106999551872044,0.001107016330006901,True,True,29
k=30|vol=0.80,30,0.8,2018-10-31,2018-11-30,0.005649122922018876,0.08967704626377883,0.11209630782972353,0.006518211210672923,0.10347339513860279,0.00651820220417833,0.10347325216493354,0.00024542531783599707,0.0002458513982578126,False,False,28
k=30|vol=0.80,30,0.8,2018-11-30,2018-12-31,0.005858141457851875,0.09299511265508059,0.11624389081885073,0.006718355791222066,0.106650591856945,0.006718351744384979,0.10665052761539782,0.0004042953473190784,0.0004041509909521145,False,False,29
k=30|vol=0.80,30,0.8,2018-12-31,2019-01-31,0.006515349748831983,0.10342797084009941,0.12928496355012425,0.008302147632104653,0.13179250789375604,0.008302169299165187,0.13179285184767894,-0.0004681835570458369,-0.0004685091062588408,False,False,24
k=30|vol=0.80,30,0.8,2019-01-31,2019-02-28,0.006756678021629724,0.10725893840500889,0.1340736730062611,0.008257238045476808,0.13107959030755612,0.008257304216744737,0.13108064074386935,0.0004325845133590101,0.00043114278277619036,False,False,23
k=30|vol=0.80,30,0.8,2019-02-28,2019-03-29,0.006786014629180781,0.10772464261235126,0.13465580326543908,0.00763519881389601,0.12120502363262506,0.007635305358361237,0.12120671497357642,0.0007865144355646056,0.0007895504065807445,False,False,25
k=30|vol=0.80,30,0.8,2019-03-29,2019-04-30,0.006832069143046394,0.10845573535499359,0.13556966919374197,0.007162268668162256,0.11369749031392277,0.007162254306072925,0.1136972623228227,0.0008286911775107206,0.000829389101770941,False,False,25
k=30|vol=0.80,30,0.8,2019-04-30,2019-05-31,0.006825568532445995,0.10835254136088124,0.13544067670110155,0.006825568591188397,0.10835254229338795,0.006825568591188396,0.10835254229338794,0.0012321820615352464,0.0012321820615352462,True,True,27
k=30|vol=0.80,30,0.8,2019-05-31,2019-06-28,0.006967177702040616,0.11060051723756366,0.13825064654695457,0.006967177702518773,0.11060051724515416,0.006967177702518772,0.11060051724515414,0.0012214106327125558,0.0012214106327125558,True,True,21
k=30|vol=0.80,30,0.8,2019-06-28,2019-07-31,0.007033023483973055,0.11164578662081859,0.13955723327602323,0.0070330239002949916,0.11164579322972445,0.007033023484350772,0.11164578662681467,0.001426680585148345,0.0014266815432242216,True,True,27
k=30|vol=0.80,30,0.8,2019-07-31,2019-08-30,0.007051321092801445,0.11193625215610095,0.13992031519512618,0.007051321153253666,0.11193625311575021,0.007051321153253666,0.11193625311575021,0.0015041110451099002,0.0015041110451099002,True,True,22
k=30|vol=0.80,30,0.8,2019-08-30,2019-09-30,0.007380040281503874,0.1171545075029902,0.14644313437873774,0.007380040526705891,0.11715451139545154,0.0073800402818307844,0.11715450750817974,0.0010047206523568204,0.001004721053709869,True,True,25
k=30|vol=0.80,30,0.8,2019-09-30,2019-10-31,0.0074060856993939965,0.1175679656941703,0.14695995711771287,0.007406085699518193,0.11756796569614185,0.007406085699518194,0.11756796569614186,0.0012723588666742702,0.0012723588666742702,True,True,24
k=30|vol=0.80,30,0.8,2019-10-31,2019-11-29,0.007510546697518261,0.11922623263062462,0.14903279078828077,0.0075105467016169875,0.1192262326956899,0.007510546701616988,0.11922623269568991,0.0014522458947557808,0.0014522458947557812,True,True,22
k=30|vol=0.80,30,0.8,2019-11-29,2019-12-31,0.007509901575013409,0.11921599162834656,0.1490199895354332,0.007509908199636834,0.11921609679098324,0.007509901631059237,0.11921599251804652,0.0016308558386632728,0.0016308778615401528,True,True,26
k=30|vol=0.80,30,0.8,2019-12-31,2020-01-31,0.00752529734092336,0.11946039183539314,0.14932548979424143,0.007525297639077004,0.11946039656843552,0.0075252976390770025,0.11946039656843549,0.0018134338247884994,0.0018134338247884991,True,True,24
k=30|vol=0.80,30,0.8,2020-01-31,2020-02-28,0.007564431404302118,0.12008162583234294,0.15010203229042868,0.007564435956651142,0.12008169809864334,0.0075644314045943736,0.12008162583698237,0.0016968488246510058,0.001696861767936865,True,True,25
k=30|vol=0.80,30,0.8,2020-02-28,2020-03-31,0.007511202172387328,0.11923663797158986,0.14904579746448732,0.007815727730620529,0.12407083134127886,0.007815718904672975,0.12407069123370498,-0.00023959679602675605,-0.00023956497870731246,False,False,26
k=30|vol=0.80,30,0.8,2020-03-31,2020-04-30,0.011739332975497762,0.18635613366568193,0.23294516708210242,0.023248131817126642,0.36905265140979143,0.023248131430922254,0.36905264527898685,-0.0005029598137348335,-0.000503098357733767,False,False,23
k=30|vol=0.80,30,0.8,2020-04-30,2020-05-29,0.012336981730956457,0.19584351353554771,0.24480439191943462,0.023148025180602168,0.36746350782080606,0.02314802518018347,0.3674635078141595,0.0005312556681039927,0.0005312558424944901,False,False,21
k=30|vol=0.80,30,0.8,2020-05-29,2020-06-30,0.012498991446859889,0.19841533804508793,0.2480191725563599,0.02138800392210566,0.33952403650779395,0.021388005603984753,0.33952406320679684,0.0010169250368892472,0.0010168655680018054,False,False,21
k=30|vol=0.80,30,0.8,2020-06-30,2020-07-31,0.012805387958098241,0.20327923187297486,0.25409903984121857,0.01994032929514705,0.3165429142541698,0.019940327619802235,0.3165428876588954,0.0007632920000221816,0.0007632178546902571,False,False,22
k=30|vol=0.80,30,0.8,2020-07-31,2020-08-31,0.012851088037770563,0.20400469814722766,0.2550058726840346,0.017972262552002422,0.2853008232585447,0.017972262551954502,0.28530082325778405,0.0012715313310553496,0.001271531357173684,False,False,21
k=30|vol=0.80,30,0.8,2020-08-31,2020-09-30,0.012864240456577527,0.20421348632304084,0.25526685790380105,0.016134041347071068,0.25611996628070155,0.016134042005134987,0.25611997672714243,0.0012884294598075505,0.0012865785358794624,False,False,23
k=30|vol=0.80,30,0.8,2020-09-30,2020-10-30,0.013089624814491987,0.20779135208571464,0.2597391901071433,0.015441873274247338,0.24513213876379897,0.015441873908563237,0.24513214883325168,0.000950219202523261,0.0009503702327768438,False,False,22
k=30|vol=0.80,30,0.8,2020-10-30,2020-11-30,0.013044144478736808,0.2070693741380031,0.2588367176725039,0.01440695495284824,0.22870331972968036,0.014406955124680657,0.22870332245743544,0.0005487203869102905,0.0005492589912482867,False,False,24
k=30|vol=0.80,30,0.8,2020-11-30,2020-12-31,0.01302171032224189,0.20671324294424875,0.2583915536803109,0.013542587241175554,0.21498190769128092,0.01354258991178133,0.21498195008583332,0.0010559987658377234,0.0010560102188128173,False,False,25
k=30|vol=0.80,30,0.8,2020-12-31,2021-01-29,0.012706153356550317,0.2017039314100845,0.2521299142626056,0.01270615341551562,0.20170393234612966,0.01270615341551562,0.20170393234612966,0.0015015190849590498,0.0015015190849590495,True,True,26
k=30|vol=0.80,30,0.8,2021-01-29,2021-02-26,0.012670409152482407,0.20113650976143072,0.25142063720178837,0.012670409251021164,0.201136511325685,0.012670409251021164,0.201136511325685,0.0016388743535335057,0.0016388743535335057,True,True,24
k=30|vol=0.80,30,0.8,2021-02-26,2021-03-31,0.012717352107480035,0.20188170606981204,0.252352132587265,0.012717352182201764,0.2018817072559827,0.01271735218220176,0.20188170725598265,0.0018050056046840786,0.0018050056046840784,True,True,24
k=30|vol=0.80,30,0.8,2021-03-31,2021-04-30,0.012773628383800471,0.2027750642609518,0.2534688303261897,0.012773628662529507,0.20277506868563808,0.012773628662529506,0.20277506868563805,0.0020269084049191703,0.0020269084049191703,True,True,26
k=30|vol=0.80,30,0.8,2021-04-30,2021-05-28,0.012806015798082866,0.20328919852374963,0.25411149815468703,0.012806015821261278,0.2032891988916955,0.012806015821261282,0.20328919889169556,0.0024825648072978245,0.002482564807297826,True,True,25
k=30|vol=0.80,30,0.8,2021-05-28,2021-06-30,0.012788889610551614,0.20301732872506353,0.2537716609063294,0.0127888896111899,0.203017328735196,0.0127888896111899,0.203017328735196,0.0024098584146548824,0.0024098584146548824,True,True,23
k=30|vol=0.80,30,0.8,2021-06-30,2021-07-30,0.012757546320374362,0.2025197694185863,0.25314971177323287,0.01275754632040448,0.2025197694190644,0.01275754632040448,0.2025197694190644,0.002247437367135456,0.002247437367135456,True,True,21
k=30|vol=0.80,30,0.8,2021-07-30,2021-08-31,0.01278180585136104,0.20290487753406916,0.25363109691758645,0.011441895459760367,0.18163445948234988,0.01144189545976037,0.1816344594823499,0.002250512675829303,0.0022505126758293036,True,True,20
k=30|vol=0.80,30,0.8,2021-08-31,2021-09-30,0.012586004502440637,0.19979662748038296,0.24974578435047867,0.011298636318022165,0.17936029110989485,0.011298636318022165,0.17936029110989485,0.002326441501213886,0.002326441501213886,True,True,21
k=30|vol=0.80,30,0.8,2021-09-30,2021-10-29,0.012625495268322873,0.20042352395403018,0.2505294049425377,0.012625495408808063,0.20042352618416343,0.012625495408808063,0.20042352618416343,0.0015776343101029952,0.0015776343101029952,True,True,21
k=30|vol=0.80,30,0.8,2021-10-29,2021-11-30,0.012614405576261938,0.20024748055017302,0.25030935068771626,0.011286546925975667,0.17916837796075288,0.011286546925975666,0.17916837796075286,0.0022286416098949665,0.0022286416098949656,True,True,20
k=30|vol=0.80,30,0.8,2021-11-30,2021-12-31,0.012668153453007439,0.20110070164237112,0.2513758770529639,0.0112878043887357,0.17918833956322872,0.011287804388735702,0.17918833956322874,0.0019684395506696906,0.001968439550669691,True,True,20
k=30|vol=0.80,30,0.8,2021-12-31,2022-01-31,0.012762968652787808,0.20260584627713768,0.2532573078464221,0.01128844982841775,0.1791985856005387,0.01128844982841775,0.1791985856005387,0.0022187640165375437,0.0022187640165375437,True,True,20
k=30|vol=0.80,30,0.8,2022-01-31,2022-02-28,0.012850209377102592,0.20399074984154209,0.2549884373019276,0.011661155402322435,0.1851151031653351,0.011661155402322435,0.1851151031653351,0.0015920426219464055,0.0015920426219464055,True,True,20
k=30|vol=0.80,30,0.8,2022-02-28,2022-03-31,0.012788823557137051,0.20301628015961445,0.25377035019951805,0.01133897084807433,0.180000581924495,0.01133897084807433,0.180000581924495,0.0015794288876770403,0.0015794288876770403,True,True,20
k=30|vol=0.80,30,0.8,2022-03-31,2022-04-29,0.008997401951235473,0.14282932805193815,0.1785366600649227,0.008997402086497828,0.14282933019916147,0.008997402086497828,0.14282933019916147,0.0018984436177720018,0.0018984436177720018,True,True,22
k=30|vol=0.80,30,0.8,2022-04-29,2022-05-31,0.008560089163235796,0.13588720275876542,0.16985900344845678,0.008775533232429501,0.13930727132994744,0.008775538149782122,0.1393073493905003,0.00022598299141654118,0.00022575054069996146,False,False,27
k=30|vol=0.80,30,0.8,2022-05-31,2022-06-30,0.00884551663298233,0.14041822337253984,0.1755227792156748,0.009277034474989709,0.14726835674997257,0.009276985968775527,0.14726758673769397,0.0005271294767278932,0.0005274480102849232,False,False,25
k=30|vol=0.80,30,0.8,2022-06-30,2022-07-29,0.008885169826558476,0.14104769830589178,0.1763096228823647,0.010301294295029696,0.16352797732042204,0.010301309379699638,0.1635282167821337,-0.00022035473469807405,-0.00021879197858474408,False,False,23
k=30|vol=0.80,30,0.8,2022-07-29,2022-08-31,0.009001370864810378,0.142892332601704,0.17861541575213,0.010022627845447697,0.15910428457443432,0.010022681866240737,0.1591051421279384,0.00017171077501648146,0.00017229326423716108,False,False,22
k=30|vol=0.80,30,0.8,2022-08-31,2022-09-30,0.009183208126813867,0.14577890964778076,0.18222363705972594,0.009813128022728448,0.1557785779906708,0.009813114533467882,0.15577836385529784,-0.00011672919363705677,-0.00011710654489577738,False,False,22
k=30|vol=0.80,30,0.8,2022-09-30,2022-10-31,0.009196484717916755,0.14598966899768237,0.18248708624710297,0.010432883125698504,0.16561688524800278,0.01043290452821151,0.16561722500236387,-0.0007885540655332268,-0.0007873623498066992,False,False,23
k=30|vol=0.80,30,0.8,2022-10-31,2022-11-30,0.009405060260697784,0.14930070309229587,0.18662587886536983,0.011889515629865456,0.18874020939383684,0.011889531215599628,0.18874045680969656,0.00017639730292639944,0.00017784522116669354,False,False,23
k=30|vol=0.80,30,0.8,2022-11-30,2022-12-30,0.009653010503337776,0.1532367911695571,0.19154598896194636,0.011836316542292537,0.1878957000596759,0.011836357588619085,0.18789635164990956,0.0010771819117951133,0.0010765458341907572,False,False,23
k=30|vol=0.80,30,0.8,2022-12-30,2023-01-31,0.009791788249216303,0.1554398195881853,0.19429977448523164,0.011200434207699402,0.17780138093708028,0.011200403185892573,0.17780088848116377,0.0005273679235644792,0.0005284959694571758,False,False,24
k=30|vol=0.80,30,0.8,2023-01-31,2023-02-28,0.009805581640716415,0.155658782890058,0.1945734786125725,0.010640499286634525,0.16891268962797082,0.010640477228018651,0.16891233945829962,0.000500589635676005,0.0005017998248131921,False,False,22
k=30|vol=0.80,30,0.8,2023-02-28,2023-03-31,0.00982354216732935,0.1559438974110595,0.19492987176382434,0.0100236480246376,0.15912047941700955,0.010023606745459502,0.15911982413037212,3.0231289798184177e-05,3.119346244852165e-05,False,False,24
k=30|vol=0.80,30,0.8,2023-03-31,2023-04-28,0.009857210370997889,0.15647836357504286,0.19559795446880354,0.010308976090943509,0.16364992205008386,0.010309001208364615,0.1636503207767828,0.0002847022192635041,0.00028492122072942567,False,False,23
k=30|vol=0.80,30,0.8,2023-04-28,2023-05-31,0.009866454777415684,0.15662511397744225,0.1957813924718028,0.009866454785123704,0.15662511409980326,0.009866454785123706,0.1566251140998033,0.0008739177406564088,0.0008739177406564089,True,True,25
k=30|vol=0.80,30,0.8,2023-05-31,2023-06-30,0.009853059738274073,0.15641247432321817,0.1955155929040227,0.009853059747719018,0.156412474473152,0.009853059747719016,0.15641247447315199,0.0008205774695157621,0.000820577469515762,True,True,23
k=30|vol=0.80,30,0.8,2023-06-30,2023-07-31,0.009879873836765155,0.15683813494064494,0.19604766867580617,0.009879873837566751,0.15683813495336987,0.009879873837566751,0.15683813495336987,0.0014718700501600457,0.0014718700501600457,True,True,25
k=30|vol=0.80,30,0.8,2023-07-31,2023-08-31,0.00984889706233164,0.1563463938912248,0.19543299236403097,0.009848897126710596,0.15634639491320904,0.009848897126710596,0.15634639491320904,0.0018433312920203824,0.0018433312920203826,True,True,24
k=30|vol=0.80,30,0.8,2023-08-31,2023-09-29,0.009893742870216304,0.1570582990212644,0.19632287377658048,0.009893743175526227,0.15705830386790917,0.009893743175526227,0.15705830386790917,0.0018618922486039818,0.0018618922486039818,True,True,22
k=30|vol=0.80,30,0.8,2023-09-29,2023-10-31,0.009878839106888776,0.15682170911308277,0.19602713639135344,0.009878839128272797,0.1568217094525436,0.009878839128272797,0.1568217094525436,0.0011395590558342784,0.0011395590558342784,True,True,21
k=30|vol=0.80,30,0.8,2023-10-31,2023-11-30,0.009900940014448665,0.15717255014399653,0.19646568767999564,0.009900940017273908,0.15717255018884588,0.009900940017273908,0.15717255018884588,0.0008900749080221173,0.0008900749080221173,True,True,21
k=30|vol=0.80,30,0.8,2023-11-30,2023-12-29,0.00992867039897421,0.15761275635128524,0.19701594543910653,0.009928670414419334,0.157612756596469,0.009928670414419336,0.15761275659646903,0.0016513103180763736,0.0016513103180763743,True,True,21
k=30|vol=0.80,30,0.8,2023-12-29,2024-01-31,0.009795076527845009,0.15549201939314358,0.19436502424142946,0.00979507694546454,0.1554920260226481,0.009795076527979405,0.15549201939527704,0.0021075647745989524,0.0021075647327583012,True,True,22
k=30|vol=0.80,30,0.8,2024-01-31,2024-02-29,0.00973672625074243,0.1545657374602728,0.193207171825341,0.009736726817294544,0.1545657464540088,0.009736726817294544,0.1545657464540088,0.0020330126705818867,0.0020330126705818867,True,True,23
k=30|vol=0.80,30,0.8,2024-02-29,2024-03-28,0.009515322257025635,0.15105105802036592,0.1888138225254574,0.009515322257179978,0.15105105802281604,0.00951532225717998,0.15105105802281607,0.002383586486793673,0.002383586486793673,True,True,22
k=30|vol=0.80,30,0.8,2024-03-28,2024-04-30,0.009273258202569868,0.14720841028373818,0.1840105128546727,0.009273258209881957,0.147208410399814,0.009273258209881959,0.14720841039981403,0.0023711896511567623,0.0023711896511567623,True,True,21
k=30|vol=0.80,30,0.8,2024-04-30,2024-05-31,0.009129967956277529,0.14493374814179383,0.18116718517724228,0.009129967958036105,0.14493374816971036,0.009129967958036105,0.14493374816971036,0.0015937607180721777,0.0015937607180721777,True,True,21
k=30|vol=0.80,30,0.8,2024-05-31,2024-06-28,0.008486783549015883,0.13472351220918102,0.16840439026147627,0.008486783859219752,0.1347235171335148,0.008486783859219756,0.13472351713351485,0.0017654729693846742,0.0017654729693846744,True,True,22
k=30|vol=0.80,30,0.8,2024-06-28,2024-07-31,0.007974611948624127,0.1265930401098218,0.15824130013727725,0.007974612316911161,0.12659304595619722,0.007974612316911161,0.12659304595619722,0.001627836122494523,0.001627836122494523,True,True,21
k=30|vol=0.80,30,0.8,2024-07-31,2024-08-30,0.007840413712433183,0.12446270915375333,0.15557838644219166,0.00784041371250713,0.12446270915492721,0.007840413712507132,0.12446270915492724,0.0016040402437154655,0.0016040402437154657,True,True,22
k=30|vol=0.80,30,0.8,2024-08-30,2024-09-30,0.007813437751798344,0.12403447905445221,0.15504309881806527,0.0078134377527702,0.12403447906987995,0.007813437752770198,0.12403447906987992,0.0019388936180167158,0.0019388936180167156,True,True,21
k=30|vol=0.80,30,0.8,2024-09-30,2024-10-31,0.007576848628112818,0.1202787431494046,0.15034842893675573,0.007576851314254601,0.12027878579058347,0.007576848738494608,0.1202787449016612,0.0019388273869077688,0.0019389550303319757,True,True,21
k=30|vol=0.80,30,0.8,2024-10-31,2024-11-29,0.00703195195684553,0.11162877665500365,0.13953597081875455,0.007031952075545088,0.11162877853930071,0.007031952075545089,0.11162877853930073,0.001593685382255537,0.0015936853822555372,True,True,22
k=30|vol=0.80,30,0.8,2024-11-29,2024-12-31,0.006639416197630074,0.1053974646574995,0.13174683082187436,0.006639416197714679,0.10539746465884256,0.006639416197714679,0.10539746465884256,0.0021004905406429427,0.0021004905406429427,True,True,24
k=30|vol=0.80,30,0.8,2024-12-31,2025-01-31,0.006466767081855328,0.10265674491100843,0.12832093113876053,0.006466767612369597,0.10265675333266136,0.006466767149305538,0.10265674598174733,0.0010097005693661839,0.0010097088103655312,True,True,27
k=30|vol=0.80,30,0.8,2025-01-31,2025-02-28,0.006404132239951027,0.10166244762048866,0.12707805952561083,0.006404132739680738,0.1016624555534519,0.006404132252010493,0.10166244781192675,0.0013635847469842064,0.0013635986006881836,True,True,26
k=30|vol=0.80,30,0.8,2025-02-28,2025-03-31,0.006315326420468626,0.10025269894053429,0.12531587367566785,0.00631532648349305,0.100252699941016,0.006315326483493051,0.10025269994101602,0.0013653935960615962,0.0013653935960615962,True,True,27
k=30|vol=0.80,30,0.8,2025-03-31,2025-04-30,0.0064287816015702985,0.10205374410541522,0.12756718013176901,0.006428781697370581,0.10205374562619755,0.006428781697370582,0.10205374562619757,0.0009314653425218181,0.0009314653425218181,True,True,26
k=30|vol=0.80,30,0.8,2025-04-30,2025-05-30,0.008248469676456609,0.13094039676456956,0.16367549595571193,0.009987171143702274,0.15854142688366044,0.009987190947833947,0.15854174126450446,0.0003851962391678417,0.0003843385001673312,False,False,22
k=30|vol=0.80,30,0.8,2025-05-30,2025-06-30,0.008308118907503716,0.13188729895205084,0.16485912369006356,0.009669782848475809,0.15350304389438857,0.009669787802245425,0.15350312253304332,0.0006075164567834262,0.0006063436144225113,False,False,25
k=30|vol=0.80,30,0.8,2025-06-30,2025-07-31,0.008298273586151686,0.13173100932080092,0.16466376165100116,0.00902605527606968,0.14328418548241695,0.009026052632569748,0.14328414351815646,0.0005600864225990196,0.000560894558213711,False,False,25
k=30|vol=0.80,30,0.8,2025-07-31,2025-08-29,0.008276294074345129,0.13138209538772838,0.16422761923466048,0.008438353947104406,0.1339547161126713,0.008438341933871794,0.13395452540851568,0.0005463441698980156,0.0005477665424441858,False,False,25
k=30|vol=0.80,30,0.8,2025-08-29,2025-09-30,0.00826983045292699,0.13127948857868077,0.16409936072335096,0.008269831329039136,0.13127950248652992,0.00826983045316035,0.13127948858238525,0.0012791822181865854,0.0012791818386976954,True,True,24
k=30|vol=0.80,30,0.8,2025-09-30,2025-10-31,0.008201013279256989,0.1301870498139138,0.16273381226739222,0.008201013300846867,0.13018705015664248,0.008201013300846867,0.13018705015664248,0.001384998044965874,0.001384998044965874,True,True,24
k=30|vol=0.80,30,0.8,2025-10-31,2025-11-28,0.008203519437844404,0.1302268338481241,0.16278354231015513,0.008203520147850925,0.13022684511912822,0.008203519438138237,0.13022683385278858,0.0015529959275623346,0.0015529980798212424,True,True,24
k=30|vol=0.80,30,0.8,2025-11-28,2025-12-31,0.0082311867515911,0.13066603883783784,0.16333254854729728,0.008231190467124503,0.1306660978201021,0.008231186753379081,0.13066603886622116,0.0017969463567196965,0.001796949128316402,True,True,23
k=30|vol=0.80,30,0.8,2025-12-31,2026-01-30,0.008225002590823337,0.130567868329083,0.16320983541135373,0.00822500259529326,0.1305678684000408,0.00822500259529326,0.1305678684000408,0.001391152782953915,0.001391152782953915,True,True,24
k=30|vol=0.80,30,0.8,2026-01-30,2026-02-27,0.008235528524319,0.13073496234316098,0.16341870292895122,0.00823552880005269,0.1307349667202976,0.008235528524365338,0.13073496234389656,0.0018233575924522522,0.0018233575200743025,True,True,23
k=30|vol=0.80,30,0.8,2026-02-27,2026-03-31,0.00822131586299421,0.1305093433391583,0.1631366791739479,0.008221316781201214,0.1305093579152426,0.008221315863698727,0.13050934335034214,0.002369518135405629,0.0023695709795674537,True,True,24
k=30|vol=0.80,30,0.8,2026-03-31,2026-04-30,0.008387499519815128,0.133147427106627,0.16643428388328374,0.008387499611224892,0.133147428557712,0.00838749961122489,0.13314742855771197,0.001823872866169695,0.001823872866169695,True,True,24
k=30|vol=0.80,30,0.8,2026-04-30,2026-05-26,0.008399259471088227,0.13333411054562014,0.16666763818202518,0.008399259532416567,0.13333411151917735,0.008399259532416567,0.13333411151917735,0.002369712610703093,0.002369712610703093,True,True,22
k=30|vol=1.00,30,1.0,2010-07-30,2010-08-31,0.012737137968759799,0.2021957968803409,0.2021957968803409,0.012737137968841069,0.20219579688163103,0.01273713796884107,0.20219579688163106,0.0012623876468329227,0.0012623876468329232,True,True,22
k=30|vol=1.00,30,1.0,2010-08-31,2010-09-30,0.012517287389436228,0.19870577712943902,0.19870577712943902,0.012517287414261037,0.19870577752352064,0.012517287414261034,0.1987057775235206,0.001203445291134942,0.0012034452911349417,True,True,21
k=30|vol=1.00,30,1.0,2010-09-30,2010-10-29,0.012308535207840398,0.19539193898057045,0.19539193898057045,0.01230853520888045,0.19539193899708077,0.012308535208880452,0.1953919389970808,0.0018694672588686408,0.0018694672588686408,True,True,21
k=30|vol=1.00,30,1.0,2010-10-29,2010-11-30,0.011854719800580652,0.18818784272813774,0.18818784272813774,0.011854719800890664,0.18818784273305902,0.011854719800890664,0.18818784273305902,0.0021020047603675313,0.0021020047603675313,True,True,22
k=30|vol=1.00,30,1.0,2010-11-30,2010-12-31,0.011634348757903066,0.18468956087762836,0.18468956087762836,0.011634348761699739,0.18468956093789868,0.011634348761699739,0.18468956093789868,0.0020297587437510204,0.0020297587437510204,True,True,21
k=30|vol=1.00,30,1.0,2010-12-31,2011-01-31,0.011247158878943495,0.178543112098299,0.178543112098299,0.011247159113434225,0.17854311582072396,0.011247159113434225,0.17854311582072396,0.0022648099893626023,0.0022648099893626023,True,True,22
k=30|vol=1.00,30,1.0,2011-01-31,2011-02-28,0.010958566554134599,0.17396185096794115,0.17396185096794115,0.01095856655448156,0.173961850973449,0.010958566554481559,0.17396185097344896,0.0020920966034728913,0.002092096603472891,True,True,21
k=30|vol=1.00,30,1.0,2011-02-28,2011-03-31,0.010754937077917852,0.17072933324591,0.17072933324591,0.010754937084420492,0.17072933334913623,0.010754937084420492,0.17072933334913623,0.0022041270891380795,0.0022041270891380795,True,True,21
k=30|vol=1.00,30,1.0,2011-03-31,2011-04-29,0.01070648401158731,0.16996016466329522,0.16996016466329522,0.010706484018922113,0.1699601647797316,0.010706484018922113,0.1699601647797316,0.002006932122198576,0.002006932122198576,True,True,22
k=30|vol=1.00,30,1.0,2011-04-29,2011-05-31,0.010466520041141888,0.1661508547268098,0.1661508547268098,0.010466520045728107,0.16615085479961375,0.010466520045728107,0.16615085479961375,0.002344717663424941,0.002344717663424941,True,True,21
k=30|vol=1.00,30,1.0,2011-05-31,2011-06-30,0.010281785120383507,0.1632182787740344,0.1632182787740344,0.010140327939539926,0.16097271564397594,0.010140327939539926,0.16097271564397594,0.0018961055780172124,0.0018961055780172124,True,True,20
k=30|vol=1.00,30,1.0,2011-06-30,2011-07-29,0.010279902804101501,0.16318839792940865,0.16318839792940865,0.00985597968359962,0.156458827018258,0.00985597968359962,0.156458827018258,0.001684364017120197,0.001684364017120197,True,True,20
k=30|vol=1.00,30,1.0,2011-07-29,2011-08-31,0.010251660450614025,0.16274006446680642,0.16274006446680642,0.009652419646518912,0.15322741160833814,0.009652419646518912,0.15322741160833814,0.0012418216169851452,0.0012418216169851454,True,True,20
k=30|vol=1.00,30,1.0,2011-08-31,2011-09-30,0.011985979308272908,0.1902715228155366,0.1902715228155366,0.012556810447598803,0.1993331862271445,0.012556810447568739,0.19933318622666724,0.0006082987533825088,0.0006082987633206171,False,False,21
k=30|vol=1.00,30,1.0,2011-09-30,2011-10-31,0.012351760963591082,0.19607812658026522,0.19607812658026522,0.01277880443050587,0.20285723145509343,0.012778792075027887,0.202857035317961,0.0002678995558624951,0.00026658813104588243,False,False,22
k=30|vol=1.00,30,1.0,2011-10-31,2011-11-30,0.012692285147350619,0.20148378041405118,0.20148378041405118,0.013027925844152553,0.20681191129571327,0.013027936154474075,0.2068120749669934,0.0008908285109914094,0.0008914814386068832,False,False,22
k=30|vol=1.00,30,1.0,2011-11-30,2011-12-30,0.013020606870138042,0.20669572618514606,0.20669572618514606,0.013169911139875114,0.20906585798957245,0.013169872896451645,0.20906525089404573,0.000883051677782879,0.0008827055708396886,False,False,21
k=30|vol=1.00,30,1.0,2011-12-30,2012-01-31,0.012964026855757172,0.2057975463017766,0.2057975463017766,0.012964026870966792,0.20579754654322183,0.012964026870966792,0.20579754654322183,0.0011502154299134074,0.0011502154299134074,True,True,21
k=30|vol=1.00,30,1.0,2012-01-31,2012-02-29,0.01284275945166159,0.2038724859415249,0.2038724859415249,0.012842759458632431,0.20387248605218355,0.012842759458632433,0.20387248605218358,0.001363879162125046,0.001363879162125046,True,True,21
k=30|vol=1.00,30,1.0,2012-02-29,2012-03-30,0.012725713338137476,0.20201443649165626,0.20201443649165626,0.012725713343314989,0.20201443657384674,0.012725713343314989,0.20201443657384674,0.0016933469258001127,0.0016933469258001127,True,True,23
k=30|vol=1.00,30,1.0,2012-03-30,2012-04-30,0.012770128292361356,0.20271950203186848,0.20271950203186848,0.01277012838151429,0.2027195034471274,0.01277012838151429,0.2027195034471274,0.0020775339136458577,0.0020775339136458577,True,True,24
k=30|vol=1.00,30,1.0,2012-04-30,2012-05-31,0.012755775211635295,0.20249165393897572,0.20249165393897572,0.012755775223948215,0.20249165413443726,0.012755775223948215,0.20249165413443726,0.002119672035231509,0.002119672035231509,True,True,21
k=30|vol=1.00,30,1.0,2012-05-31,2012-06-29,0.012163077211949085,0.19308286488056484,0.19308286488056484,0.012163077401504727,0.19308286788966736,0.012163077401504727,0.19308286788966736,0.0013738029361128402,0.0013738029361128402,True,True,21
k=30|vol=1.00,30,1.0,2012-06-29,2012-07-31,0.0120595808542895,0.1914399111367553,0.1914399111367553,0.012059580883389924,0.1914399115987102,0.012059580883389919,0.19143991159871013,0.0016736037221769264,0.0016736037221769262,True,True,21
k=30|vol=1.00,30,1.0,2012-07-31,2012-08-31,0.011885197411202735,0.1886716597977067,0.1886716597977067,0.011885197411952757,0.18867165980961292,0.011885197472502397,0.18867166077080866,0.001505218359190225,0.0015053276207048008,True,True,21
k=30|vol=1.00,30,1.0,2012-08-31,2012-09-28,0.011676681037156167,0.18536156497763384,0.18536156497763384,0.011676681095797652,0.18536156590853856,0.011676681095797652,0.18536156590853856,0.0015784316225546334,0.0015784316225546334,True,True,21
k=30|vol=1.00,30,1.0,2012-09-28,2012-10-31,0.011651097054395607,0.1849554318420478,0.1849554318420478,0.011651097450179042,0.18495543812491508,0.011651097450179042,0.18495543812491508,0.0017034578282049925,0.0017034578282049925,True,True,21
k=30|vol=1.00,30,1.0,2012-10-31,2012-11-30,0.011656708847366078,0.18504451629370208,0.18504451629370208,0.011656708849920466,0.18504451633425173,0.011656708849920466,0.18504451633425173,0.0016626637905923407,0.0016626637905923407,True,True,21
k=30|vol=1.00,30,1.0,2012-11-30,2012-12-31,0.01166365264397906,0.18515474564765746,0.18515474564765746,0.011375723910530619,0.1805840187035712,0.01137572391053062,0.18058401870357121,0.0016718225950511263,0.001671822595051127,True,True,20
k=30|vol=1.00,30,1.0,2012-12-31,2013-01-31,0.011685966764166918,0.18550897132411115,0.18550897132411115,0.011685966764280496,0.18550897132591412,0.011685966764280496,0.18550897132591412,0.0016780823550055961,0.0016780823550055961,True,True,21
k=30|vol=1.00,30,1.0,2013-01-31,2013-02-28,0.0116965939139983,0.1856776720977067,0.1856776720977067,0.01156978180487498,0.18366459227387535,0.01156978180487498,0.18366459227387535,0.0018871936847105065,0.0018871936847105065,True,True,20
k=30|vol=1.00,30,1.0,2013-02-28,2013-03-28,0.0117181647858455,0.1860200990725299,0.1860200990725299,0.010764421417096059,0.17087989246280194,0.010764421417096059,0.17087989246280194,0.001764176177990202,0.001764176177990202,True,True,21
k=30|vol=1.00,30,1.0,2013-03-28,2013-04-30,0.01156528716132542,0.18359324201949126,0.18359324201949126,0.00931788891490123,0.14791690087772486,0.00931788891490123,0.14791690087772486,0.0021628283717294904,0.0021628283717294904,True,True,20
k=30|vol=1.00,30,1.0,2013-04-30,2013-05-31,0.011649222608147398,0.1849256759303355,0.1849256759303355,0.011018061257916663,0.17490630011113792,0.011018061257916661,0.1749063001111379,0.0022435221280107946,0.002243522128010794,True,True,20
k=30|vol=1.00,30,1.0,2013-05-31,2013-06-28,0.01165638655618533,0.18503940007981803,0.18503940007981803,0.011264021565252849,0.1788107989447653,0.011264021565252849,0.1788107989447653,0.0024443810416240387,0.0024443810416240387,True,True,21
k=30|vol=1.00,30,1.0,2013-06-28,2013-07-31,0.011672570934578574,0.1852963191219342,0.1852963191219342,0.010465467908741172,0.16613415264273812,0.010465467908741172,0.16613415264273812,0.0017812492070409405,0.0017812492070409405,True,True,21
k=30|vol=1.00,30,1.0,2013-07-31,2013-08-30,0.011530646523189518,0.1830433389369062,0.1830433389369062,0.010323474765246648,0.16388008136936122,0.01032347476524665,0.16388008136936125,0.002043867995139733,0.0020438679951397336,True,True,21
k=30|vol=1.00,30,1.0,2013-08-30,2013-09-30,0.009895374911908743,0.15708420687994928,0.15708420687994928,0.009720998706871641,0.15431607044137702,0.009720998706871641,0.15431607044137702,0.00168575918144501,0.00168575918144501,True,True,21
k=30|vol=1.00,30,1.0,2013-09-30,2013-10-31,0.009347619309654387,0.14838885626310466,0.14838885626310466,0.009347621535941158,0.14838889160431154,0.009347621535941153,0.14838889160431146,0.0022297516503937964,0.0022297516503937955,True,True,22
k=30|vol=1.00,30,1.0,2013-10-31,2013-11-29,0.008663683205967927,0.13753170720502753,0.13753170720502753,0.008663683207866696,0.13753170723516955,0.008663683207866696,0.13753170723516955,0.00252639822828595,0.00252639822828595,True,True,22
k=30|vol=1.00,30,1.0,2013-11-29,2013-12-31,0.007964368330017945,0.1264304277056777,0.1264304277056777,0.007964368357647524,0.12643042814428365,0.007964368357647524,0.12643042814428365,0.0022411583891880464,0.0022411583891880464,True,True,25
k=30|vol=1.00,30,1.0,2013-12-31,2014-01-31,0.0075066249759623855,0.1191639772309361,0.1191639772309361,0.007506624989475189,0.11916397744544521,0.00750662498947519,0.11916397744544523,0.00205336106325397,0.00205336106325397,True,True,25
k=30|vol=1.00,30,1.0,2014-01-31,2014-02-28,0.007591959361035707,0.12051861859805589,0.12051861859805589,0.007591959440326237,0.12051861985675402,0.007591959440326237,0.12051861985675402,0.0013673035767304271,0.0013673035767304271,True,True,24
k=30|vol=1.00,30,1.0,2014-02-28,2014-03-31,0.00767194795738682,0.12178839820005292,0.12178839820005292,0.007671948233245241,0.1217884025791696,0.007671947961081044,0.12178839825869692,0.0018070976018365946,0.0018070976155192024,True,True,24
k=30|vol=1.00,30,1.0,2014-03-31,2014-04-30,0.0076374539533306815,0.12124082286132055,0.12124082286132055,0.007637455202480458,0.12124084269095851,0.007637453954244624,0.12124082287582894,0.0016099307069923202,0.0016099317091670408,True,True,24
k=30|vol=1.00,30,1.0,2014-04-30,2014-05-30,0.007602426633589571,0.12068478139855182,0.12068478139855182,0.007602426634111873,0.1206847814068431,0.00760242663682631,0.12068478144993347,0.0013717315671903964,0.0013718292518932098,True,True,21
k=30|vol=1.00,30,1.0,2014-05-30,2014-06-30,0.007495751363311773,0.1189913639813779,0.1189913639813779,0.007495751625145647,0.11899136813786179,0.007495751625145647,0.11899136813786179,0.0015187447704859498,0.0015187447704859498,True,True,22
k=30|vol=1.00,30,1.0,2014-06-30,2014-07-31,0.007105577999554321,0.11279755384915534,0.11279755384915534,0.007105578525619105,0.1127975622001749,0.007105578525619105,0.1127975622001749,0.0016646368077773482,0.0016646368077773482,True,True,22
k=30|vol=1.00,30,1.0,2014-07-31,2014-08-29,0.006929988784892437,0.11001016147975246,0.11001016147975246,0.006929988980159163,0.11001016457951562,0.006929988980159163,0.11001016457951562,0.0012032220222851075,0.0012032220222851075,True,True,21
k=30|vol=1.00,30,1.0,2014-08-29,2014-09-30,0.0069047358896178156,0.10960928419506641,0.10960928419506641,0.006904735905379045,0.10960928444526817,0.006904735905379045,0.10960928444526817,0.0015222394433615722,0.001522239443361572,True,True,22
k=30|vol=1.00,30,1.0,2014-09-30,2014-10-31,0.0068724643958941,0.1090969901140892,0.1090969901140892,0.006872464397210339,0.10909699013498386,0.006872464397210339,0.10909699013498386,0.0010923940134038256,0.0010923940134038256,True,True,22
k=30|vol=1.00,30,1.0,2014-10-31,2014-11-28,0.007124639114867766,0.11310013967414075,0.11310013967414075,0.0071246391148774525,0.11310013967429451,0.007124639114877453,0.11310013967429453,0.0015402853635827403,0.0015402853635827403,True,True,23
k=30|vol=1.00,30,1.0,2014-11-28,2014-12-31,0.006883520499880325,0.10927250032379014,0.10927250032379014,0.006883520500969611,0.10927250034108202,0.006883520500969611,0.10927250034108202,0.0018505179487086731,0.0018505179487086731,True,True,21
k=30|vol=1.00,30,1.0,2014-12-31,2015-01-30,0.007022661983381883,0.11148130289817645,0.11148130289817645,0.007022662031257621,0.11148130365818024,0.007022662031257621,0.11148130365818024,0.0015750413340210431,0.0015750413340210431,True,True,23
k=30|vol=1.00,30,1.0,2015-01-30,2015-02-27,0.007216715438927064,0.11456180600472812,0.11456180600472812,0.007216715439134594,0.11456180600802256,0.007216715439134594,0.11456180600802256,0.001494978380957765,0.001494978380957765,True,True,21
k=30|vol=1.00,30,1.0,2015-02-27,2015-03-31,0.00713929778979401,0.11333283892456822,0.11333283892456822,0.007139297798222319,0.11333283905836349,0.00713929779822232,0.1133328390583635,0.0016127817524072018,0.001612781752407202,True,True,23
k=30|vol=1.00,30,1.0,2015-03-31,2015-04-30,0.0073060643973948056,0.11598017674877781,0.11598017674877781,0.007306064458830963,0.11598017772404658,0.007306064458830963,0.11598017772404658,0.00116034314690751,0.00116034314690751,True,True,27
k=30|vol=1.00,30,1.0,2015-04-30,2015-05-29,0.007159366149773331,0.11365141426292545,0.11365141426292545,0.007159366522780027,0.11365142018422318,0.00715936673995356,0.11365142363174613,0.001162835335416666,0.0011628433619437818,True,True,25
k=30|vol=1.00,30,1.0,2015-05-29,2015-06-30,0.007182472928272383,0.11401822299997552,0.11401822299997552,0.007182473119462019,0.1140182260350169,0.007182472928476879,0.1140182230032218,0.0013330657515857659,0.0013330656510711024,True,True,27
k=30|vol=1.00,30,1.0,2015-06-30,2015-07-31,0.006979030464834831,0.11078867401377884,0.11078867401377884,0.006979030524927962,0.11078867496772772,0.006979030524927964,0.11078867496772775,0.0009065892231892346,0.0009065892231892349,True,True,27
k=30|vol=1.00,30,1.0,2015-07-31,2015-08-31,0.0070718274351626795,0.1122617802492252,0.1122617802492252,0.007071827436005778,0.11226178026260898,0.007071827436005777,0.11226178026260897,0.0013066666414382646,0.0013066666414382646,True,True,22
k=30|vol=1.00,30,1.0,2015-08-31,2015-09-30,0.007736733647487592,0.12281683914718698,0.12281683914718698,0.008246655818358374,0.13091160265992063,0.008246648533308764,0.1309114870133433,-3.164725686319654e-05,-3.351836104210496e-05,False,False,25
k=30|vol=1.00,30,1.0,2015-09-30,2015-10-30,0.008171303033877171,0.12971541428991956,0.12971541428991956,0.00887789570296089,0.1409322251736208,0.008877918113080717,0.14093258092324432,-1.610408573212506e-05,-1.4996587017139255e-05,False,False,24
k=30|vol=1.00,30,1.0,2015-10-30,2015-11-30,0.008193477495343387,0.13006742295289792,0.13006742295289792,0.008477301402553677,0.13457298780057653,0.008477335116115743,0.1345735229867827,0.0004987471979587107,0.0004988409639408361,False,False,27
k=30|vol=1.00,30,1.0,2015-11-30,2015-12-31,0.008252092164130977,0.13099790197365221,0.13099790197365221,0.008252092342360262,0.1309979048029544,0.008252092164294495,0.13099790197624797,0.0006383316093275458,0.0006383313476575112,True,True,28
k=30|vol=1.00,30,1.0,2015-12-31,2016-01-29,0.00849111352131088,0.1347922483884392,0.1347922483884392,0.008491113579612436,0.1347922493139477,0.008491113521332043,0.13479224838877515,0.0005236294380108648,0.0005236293792442938,True,True,26
k=30|vol=1.00,30,1.0,2016-01-29,2016-02-29,0.008843246942077592,0.14038219314641834,0.14038219314641834,0.008871980288920094,0.14083832088689727,0.00887202802236644,0.1408390786318668,-0.00012661097675632487,-0.00012593135473530303,False,False,22
k=30|vol=1.00,30,1.0,2016-02-29,2016-03-31,0.00899299555068837,0.14275937861179072,0.14275937861179072,0.00899299559797332,0.14275937936241603,0.00899299559797332,0.14275937936241603,0.0004544202454514912,0.0004544202454514912,True,True,23
k=30|vol=1.00,30,1.0,2016-03-31,2016-04-29,0.009038245802673005,0.14347770409287683,0.14347770409287683,0.009038246004570592,0.14347770729790166,0.009038246004570594,0.14347770729790169,0.0012845444546909994,0.0012845444546909996,True,True,25
k=30|vol=1.00,30,1.0,2016-04-29,2016-05-31,0.008981945294168287,0.14258396122773706,0.14258396122773706,0.008981945495187698,0.1425839644188213,0.008981945495187696,0.14258396441882126,0.0013395215376162167,0.001339521537616217,True,True,23
k=30|vol=1.00,30,1.0,2016-05-31,2016-06-30,0.009030381053915966,0.14335285507686604,0.14335285507686604,0.009030381156678226,0.14335285670816636,0.009030381156678228,0.1433528567081664,0.0017341119737795249,0.0017341119737795253,True,True,24
k=30|vol=1.00,30,1.0,2016-06-30,2016-07-29,0.009308337199080016,0.14776527208978352,0.14776527208978352,0.009308337495663987,0.1477652767979081,0.009308337199744101,0.14776527210032556,0.001827302313240516,0.0018273022926081743,True,True,23
k=30|vol=1.00,30,1.0,2016-07-29,2016-08-31,0.00930878514216319,0.14777238296578105,0.14777238296578105,0.00930878517736916,0.1477723835246585,0.009308785177369158,0.14777238352465846,0.002156401239521942,0.0021564012395219414,True,True,21
k=30|vol=1.00,30,1.0,2016-08-31,2016-09-30,0.009237657111148804,0.14664326047792253,0.14664326047792253,0.009237657111460108,0.14664326048286433,0.009237657111460108,0.14664326048286433,0.0018920429216064947,0.0018920429216064951,True,True,24
k=30|vol=1.00,30,1.0,2016-09-30,2016-10-31,0.009312880505105321,0.14783739483702163,0.14783739483702163,0.009312880507268409,0.14783739487135958,0.009312880507268407,0.14783739487135955,0.0016635648991533975,0.0016635648991533975,True,True,23
k=30|vol=1.00,30,1.0,2016-10-31,2016-11-30,0.009080200821226698,0.14414371936494186,0.14414371936494186,0.00908020082140251,0.1441437193677328,0.00908020082140251,0.1441437193677328,0.001378835523568917,0.001378835523568917,True,True,22
k=30|vol=1.00,30,1.0,2016-11-30,2016-12-30,0.009144770006775873,0.14516872340886847,0.14516872340886847,0.009144770102667434,0.1451687249310998,0.009144770102667432,0.14516872493109978,0.0018540390580385885,0.0018540390580385885,True,True,24
k=30|vol=1.00,30,1.0,2016-12-30,2017-01-31,0.008989718363095854,0.1427073548715737,0.1427073548715737,0.008989718528801295,0.14270735750206603,0.008989718528801295,0.14270735750206603,0.0018159227626084473,0.0018159227626084473,True,True,22
k=30|vol=1.00,30,1.0,2017-01-31,2017-02-28,0.00878157684928935,0.13940321077333054,0.13940321077333054,0.008781576979659264,0.13940321284288876,0.008781576979659264,0.13940321284288876,0.0017416957669397072,0.0017416957669397072,True,True,21
k=30|vol=1.00,30,1.0,2017-02-28,2017-03-31,0.008719138377640651,0.13841203076397804,0.13841203076397804,0.00871913838636571,0.13841203090248405,0.00871913838636571,0.13841203090248405,0.0023051882724703567,0.002305188272470357,True,True,21
k=30|vol=1.00,30,1.0,2017-03-31,2017-04-28,0.008594090182548331,0.13642695220730744,0.13642695220730744,0.008594090183212746,0.1364269522178547,0.008594090183212744,0.13642695221785467,0.0021065454503442537,0.0021065454503442532,True,True,22
k=30|vol=1.00,30,1.0,2017-04-28,2017-05-31,0.008588849599048931,0.13634376052332176,0.13634376052332176,0.008588853294903222,0.13634381919318977,0.008588853294903222,0.13634381919318977,0.002059950469070704,0.002059950469070704,True,True,21
k=30|vol=1.00,30,1.0,2017-05-31,2017-06-30,0.008532585900016,0.13545060199043144,0.13545060199043144,0.008107270831892659,0.1286989345958143,0.008107270831892659,0.1286989345958143,0.0022091235705274225,0.0022091235705274225,True,True,20
k=30|vol=1.00,30,1.0,2017-06-30,2017-07-31,0.008455239898027286,0.13422277227342796,0.13422277227342796,0.008190642525836232,0.1300224192071556,0.008190642525836232,0.1300224192071556,0.0017145036735957027,0.0017145036735957027,True,True,21
k=30|vol=1.00,30,1.0,2017-07-31,2017-08-31,0.008356599237705832,0.13265690033520938,0.13265690033520938,0.007923966044807225,0.1257890613112801,0.007923966044807227,0.12578906131128012,0.001991610113282229,0.001991610113282229,True,True,20
k=30|vol=1.00,30,1.0,2017-08-31,2017-09-29,0.00759948078262874,0.1206380174643009,0.1206380174643009,0.00759948166607754,0.12063803148861584,0.00759948166607754,0.12063803148861584,0.001746627757292372,0.001746627757292372,True,True,22
k=30|vol=1.00,30,1.0,2017-09-29,2017-10-31,0.007206234442949893,0.11439542535164093,0.11439542535164093,0.007206234483152204,0.11439542598983284,0.0072062344831522055,0.11439542598983286,0.001798314414338264,0.0017983144143382643,True,True,21
k=30|vol=1.00,30,1.0,2017-10-31,2017-11-30,0.0070211157741750276,0.11145675758795914,0.11145675758795914,0.0070211158365670505,0.1114567585784018,0.007021115836567051,0.11145675857840182,0.0020772379756992154,0.002077237975699216,True,True,23
k=30|vol=1.00,30,1.0,2017-11-30,2017-12-29,0.006901472192586178,0.10955747461086418,0.10955747461086418,0.006540174499724009,0.103822051543416,0.00654017449972401,0.10382205154341602,0.0020736890862858544,0.0020736890862858544,True,True,21
k=30|vol=1.00,30,1.0,2017-12-29,2018-01-31,0.006550903501856552,0.10399236917216755,0.10399236917216755,0.005837602514495036,0.09266906703719516,0.005837602514495036,0.09266906703719516,0.0019257863889923861,0.0019257863889923861,True,True,20
k=30|vol=1.00,30,1.0,2018-01-31,2018-02-28,0.005952394909824002,0.0944913398198463,0.0944913398198463,0.0059523952149810105,0.09449134466406363,0.005952395214981011,0.09449134466406364,0.0022742738648989062,0.0022742738648989062,True,True,23
k=30|vol=1.00,30,1.0,2018-02-28,2018-03-29,0.006423211452280929,0.10196532072670417,0.10196532072670417,0.006423211486172466,0.10196532126471564,0.006423211486172464,0.10196532126471561,0.0009738463296322053,0.0009738463296322052,True,True,28
k=30|vol=1.00,30,1.0,2018-03-29,2018-04-30,0.006744878943078287,0.10707163383972797,0.10707163383972797,0.0067448789867134915,0.10707163453241537,0.0067448789867134915,0.10707163453241537,0.0006483379391544924,0.0006483379391544924,True,True,24
k=30|vol=1.00,30,1.0,2018-04-30,2018-05-31,0.0069638730853552,0.11054805807399562,0.11054805807399562,0.00696387420943783,0.11054807591825418,0.006963873085367762,0.11054805807419504,0.0008477824764997494,0.0008477918811467336,True,True,24
k=30|vol=1.00,30,1.0,2018-05-31,2018-06-29,0.006950095062487325,0.11032933874159627,0.11032933874159627,0.006950095231328575,0.11032934142186802,0.006950095089528588,0.11032933917086302,0.0009657279853374024,0.0009657282964142897,True,True,28
k=30|vol=1.00,30,1.0,2018-06-29,2018-07-31,0.006639254201051101,0.10539489304153225,0.10539489304153225,0.0066392542513340775,0.10539489383974976,0.006639254251334079,0.10539489383974979,0.0010769284163236977,0.001076928416323698,True,True,28
k=30|vol=1.00,30,1.0,2018-07-31,2018-08-31,0.006635086522404485,0.10532873319407197,0.10532873319407197,0.006635087141750621,0.10532874302588709,0.006635086522446266,0.10532873319473522,0.001434406551963796,0.0014344557737584168,True,True,27
k=30|vol=1.00,30,1.0,2018-08-31,2018-09-28,0.006659774425666872,0.10572064150861535,0.10572064150861535,0.006659776751398496,0.10572067842846031,0.006659774553820639,0.10572064354299333,0.0018022161134302927,0.001802236106398948,True,True,23
k=30|vol=1.00,30,1.0,2018-09-28,2018-10-31,0.006472545025298055,0.10274846691964154,0.10274846691964154,0.006472545062138676,0.10274846750446827,0.006472545062138676,0.10274846750446827,0.0017679514260906084,0.0017679514260906084,True,True,24
k=30|vol=1.00,30,1.0,2018-10-31,2018-11-30,0.007061403652523594,0.11209630782972353,0.11209630782972353,0.007061403723089169,0.1120963089499173,0.007061403723089171,0.11209630894991733,0.0007302548283255636,0.0007302548283255636,True,True,24
k=30|vol=1.00,30,1.0,2018-11-30,2018-12-31,0.007322676822314843,0.11624389081885073,0.11624389081885073,0.007322676909369634,0.11624389220080268,0.007322676909369633,0.11624389220080267,0.0011392796697350298,0.0011392796697350298,True,True,25
k=30|vol=1.00,30,1.0,2018-12-31,2019-01-31,0.008144187186039977,0.12928496355012425,0.12928496355012425,0.008302147632104653,0.13179250789375604,0.008302169299165187,0.13179285184767894,-0.0004681835570458369,-0.0004685091062588408,False,False,24
k=30|vol=1.00,30,1.0,2019-01-31,2019-02-28,0.008445847527037155,0.1340736730062611,0.1340736730062611,0.008445847728436307,0.13407367620337354,0.008445847527293349,0.13407367301032805,0.0007629771330835524,0.0007629789535428234,True,True,24
k=30|vol=1.00,30,1.0,2019-02-28,2019-03-29,0.008482518286475976,0.13465580326543908,0.13465580326543908,0.00848251830199568,0.13465580351180673,0.00848251830199568,0.13465580351180673,0.001479587465117756,0.001479587465117756,True,True,22
k=30|vol=1.00,30,1.0,2019-03-29,2019-04-30,0.008540086428807991,0.13556966919374197,0.13556966919374197,0.008540086429761404,0.13556966920887692,0.008540086429761406,0.13556966920887695,0.0016504343831064809,0.001650434383106481,True,True,22
k=30|vol=1.00,30,1.0,2019-04-30,2019-05-31,0.008531960665557494,0.13544067670110155,0.13544067670110155,0.008531961144302673,0.13544068430094566,0.008531960758277033,0.1354406781729786,0.001713493116686947,0.0017135613942414146,True,True,25
k=30|vol=1.00,30,1.0,2019-05-31,2019-06-28,0.008708972127550771,0.13825064654695457,0.13825064654695457,0.008373499246996523,0.1329251796656365,0.008373499246996523,0.1329251796656365,0.0014090917170751286,0.0014090917170751286,True,True,21
k=30|vol=1.00,30,1.0,2019-06-28,2019-07-31,0.008791279354966318,0.13955723327602323,0.13955723327602323,0.008791279363512566,0.1395572334116907,0.008791279363512568,0.13955723341169074,0.001696134740982832,0.0016961347409828326,True,True,22
k=30|vol=1.00,30,1.0,2019-07-31,2019-08-30,0.008814151366001806,0.13992031519512618,0.13992031519512618,0.008814151372104955,0.13992031529201068,0.008814151372104955,0.13992031529201068,0.0016680999739954417,0.0016680999739954417,True,True,21
k=30|vol=1.00,30,1.0,2019-08-30,2019-09-30,0.009225050351879842,0.14644313437873774,0.14644313437873774,0.00922505035196833,0.14644313438014245,0.009225050351968331,0.14644313438014248,0.0016215483762063892,0.0016215483762063894,True,True,21
k=30|vol=1.00,30,1.0,2019-09-30,2019-10-31,0.009257607124242496,0.14695995711771287,0.14695995711771287,0.008839844729196966,0.14032818469128172,0.008839844729196966,0.14032818469128172,0.0014069357482438614,0.0014069357482438614,True,True,20
k=30|vol=1.00,30,1.0,2019-10-31,2019-11-29,0.009388183371897826,0.14903279078828077,0.14903279078828077,0.009388183375371454,0.1490327908434229,0.009388183495005788,0.1490327927425591,0.001604676819676943,0.0016055294216233617,True,True,21
k=30|vol=1.00,30,1.0,2019-11-29,2019-12-31,0.00938737696876676,0.1490199895354332,0.1490199895354332,0.00938737696879836,0.14901998953593484,0.009387376968798362,0.14901998953593487,0.0019590735067841402,0.0019590735067841402,True,True,21
k=30|vol=1.00,30,1.0,2019-12-31,2020-01-31,0.009406621676154199,0.14932548979424143,0.14932548979424143,0.009406621716712294,0.14932549043808122,0.009406621716712289,0.14932549043808113,0.0020247549495694974,0.002024754949569497,True,True,22
k=30|vol=1.00,30,1.0,2020-01-31,2020-02-28,0.009455539255377647,0.15010203229042868,0.15010203229042868,0.009295525877924775,0.14756189867132583,0.009295525877924775,0.14756189867132583,0.0017831838812790604,0.0017831838812790604,True,True,20
k=30|vol=1.00,30,1.0,2020-02-28,2020-03-31,0.00938900271548416,0.14904579746448732,0.14904579746448732,0.009389002716383082,0.14904579747875726,0.009389002716383082,0.14904579747875726,0.0006633089132536922,0.0006633089132536922,True,True,22
k=30|vol=1.00,30,1.0,2020-03-31,2020-04-30,0.014674166219372203,0.23294516708210242,0.23294516708210242,0.023248131817126642,0.36905265140979143,0.023248131430922254,0.36905264527898685,-0.0005029598137348335,-0.000503098357733767,False,False,23
k=30|vol=1.00,30,1.0,2020-04-30,2020-05-29,0.015421227163695572,0.24480439191943462,0.24480439191943462,0.023148025180602168,0.36746350782080606,0.02314802518018347,0.3674635078141595,0.0005312556681039927,0.0005312558424944901,False,False,21
k=30|vol=1.00,30,1.0,2020-05-29,2020-06-30,0.015623739308574861,0.2480191725563599,0.2480191725563599,0.02138800392210566,0.33952403650779395,0.021388005603984753,0.33952406320679684,0.0010169250368892472,0.0010168655680018054,False,False,21
k=30|vol=1.00,30,1.0,2020-06-30,2020-07-31,0.0160067349476228,0.25409903984121857,0.25409903984121857,0.01994032929514705,0.3165429142541698,0.019940327619802235,0.3165428876588954,0.0007632920000221816,0.0007632178546902571,False,False,22
k=30|vol=1.00,30,1.0,2020-07-31,2020-08-31,0.0160638600472132,0.2550058726840346,0.2550058726840346,0.017972262552002422,0.2853008232585447,0.017972262551954502,0.28530082325778405,0.0012715313310553496,0.001271531357173684,False,False,21
k=30|vol=1.00,30,1.0,2020-08-31,2020-09-30,0.01608030057072191,0.25526685790380105,0.25526685790380105,0.016134041347071068,0.25611996628070155,0.016134042005134987,0.25611997672714243,0.0012884294598075505,0.0012865785358794624,False,False,23
k=30|vol=1.00,30,1.0,2020-09-30,2020-10-30,0.016362031018114984,0.2597391901071433,0.2597391901071433,0.016362031615845356,0.2597391995958188,0.01636203101814372,0.25973919010759944,0.0015760709712360238,0.0015760707364590805,True,True,23
k=30|vol=1.00,30,1.0,2020-10-30,2020-11-30,0.01630518059842101,0.2588367176725039,0.2588367176725039,0.016305180600119446,0.2588367176994657,0.01630518060011944,0.25883671769946565,0.0015469174233249223,0.0015469174233249219,True,True,25
k=30|vol=1.00,30,1.0,2020-11-30,2020-12-31,0.01627713790280236,0.2583915536803109,0.2583915536803109,0.016277137902918952,0.25839155368216177,0.016277137902918952,0.25839155368216177,0.002487511645935422,0.002487511645935422,True,True,25
k=30|vol=1.00,30,1.0,2020-12-31,2021-01-29,0.015882691695687894,0.2521299142626056,0.2521299142626056,0.01588269169590882,0.2521299142661127,0.015882691695908818,0.25212991426611264,0.002717900498467797,0.0027179004984677966,True,True,21
k=30|vol=1.00,30,1.0,2021-01-29,2021-02-26,0.015838011440603008,0.25142063720178837,0.25142063720178837,0.015838011890867143,0.25142064434950995,0.015838011890867143,0.25142064434950995,0.0025058412683482034,0.0025058412683482034,True,True,23
k=30|vol=1.00,30,1.0,2021-02-26,2021-03-31,0.015896690134350043,0.252352132587265,0.252352132587265,0.015896690141781578,0.252352132705237,0.015896690141781578,0.252352132705237,0.0026449112349642874,0.002644911234964288,True,True,22
k=30|vol=1.00,30,1.0,2021-03-31,2021-04-30,0.015967035479750587,0.2534688303261897,0.2534688303261897,0.015967037057502003,0.253468855372217,0.01596703547983173,0.25346883032747786,0.0025074626293941507,0.0025074624640661113,True,True,24
k=30|vol=1.00,30,1.0,2021-04-30,2021-05-28,0.01600751974760358,0.25411149815468703,0.25411149815468703,0.01600752001847043,0.25411150245456493,0.016007520018470434,0.254111502454565,0.0028369154967159923,0.0028369154967159923,True,True,21
k=30|vol=1.00,30,1.0,2021-05-28,2021-06-30,0.015986112013189516,0.2537716609063294,0.2537716609063294,0.015803382766063728,0.250870924035412,0.015803382766063728,0.250870924035412,0.002689651594552335,0.002689651594552335,True,True,20
k=30|vol=1.00,30,1.0,2021-06-30,2021-07-30,0.015946932900467954,0.25314971177323287,0.25314971177323287,0.013477926626305382,0.21395545225187892,0.01347792662630538,0.2139554522518789,0.00227556912316043,0.0022755691231604296,True,True,20
k=30|vol=1.00,30,1.0,2021-07-30,2021-08-31,0.0159772573142013,0.25363109691758645,0.25363109691758645,0.011441895459760371,0.18163445948234994,0.011441895459760371,0.18163445948234994,0.002250512675829303,0.002250512675829303,True,True,20
k=30|vol=1.00,30,1.0,2021-08-31,2021-09-30,0.015732505628050796,0.24974578435047867,0.24974578435047867,0.011298636306001456,0.17936029091907202,0.011298636306001454,0.179360290919072,0.002326441501223852,0.0023264415012238518,True,True,21
k=30|vol=1.00,30,1.0,2021-09-30,2021-10-29,0.01578186908540359,0.2505294049425377,0.2505294049425377,0.012686396453199439,0.20139030029242552,0.012686396453199439,0.20139030029242552,0.0015793104699689522,0.0015793104699689522,True,True,20
k=30|vol=1.00,30,1.0,2021-10-29,2021-11-30,0.01576800697032742,0.25030935068771626,0.25030935068771626,0.01128654692597567,0.1791683779607529,0.01128654692597567,0.1791683779607529,0.0022286416098949656,0.0022286416098949656,True,True,20
k=30|vol=1.00,30,1.0,2021-11-30,2021-12-31,0.015835191816259298,0.2513758770529639,0.2513758770529639,0.0112878043887357,0.17918833956322872,0.0112878043887357,0.17918833956322872,0.001968439550669691,0.001968439550669691,True,True,20
k=30|vol=1.00,30,1.0,2021-12-31,2022-01-31,0.01595371081598476,0.2532573078464221,0.2532573078464221,0.011288449828417752,0.17919858560053872,0.011288449828417755,0.17919858560053878,0.002218764016537544,0.002218764016537544,True,True,20
k=30|vol=1.00,30,1.0,2022-01-31,2022-02-28,0.01606276172137824,0.2549884373019276,0.2549884373019276,0.011661155402322433,0.18511510316533508,0.011661155402322433,0.18511510316533508,0.0015920426219464053,0.0015920426219464053,True,True,20
k=30|vol=1.00,30,1.0,2022-02-28,2022-03-31,0.015986029446421312,0.25377035019951805,0.25377035019951805,0.011338970848074328,0.18000058192449497,0.011338970848074328,0.18000058192449497,0.001579428887677041,0.001579428887677041,True,True,20
k=30|vol=1.00,30,1.0,2022-03-31,2022-04-29,0.011246752439044341,0.1785366600649227,0.1785366600649227,0.010191985680638645,0.16179275686140737,0.010191985680638645,0.16179275686140737,0.001979604644498109,0.001979604644498109,True,True,20
k=30|vol=1.00,30,1.0,2022-04-29,2022-05-31,0.010700111454044746,0.16985900344845678,0.16985900344845678,0.0107001114545489,0.16985900345646,0.0107001114545489,0.16985900345646,0.001037554616111364,0.001037554616111364,True,True,21
k=30|vol=1.00,30,1.0,2022-05-31,2022-06-30,0.01105689579122791,0.1755227792156748,0.1755227792156748,0.0110568958911856,0.17552278080245393,0.0110568958911856,0.17552278080245393,0.001353127416138305,0.001353127416138305,True,True,22
k=30|vol=1.00,30,1.0,2022-06-30,2022-07-29,0.011106462283198094,0.1763096228823647,0.1763096228823647,0.011106462284094844,0.17630962289660018,0.011106462284094844,0.17630962289660018,0.0003406670570781851,0.0003406670570781852,True,True,22
k=30|vol=1.00,30,1.0,2022-07-29,2022-08-31,0.011251713581012972,0.17861541575213,0.17861541575213,0.011251714240102434,0.17861542621485083,0.011251713581017557,0.17861541575220277,0.0008358083166466933,0.0008358081748449178,True,True,25
k=30|vol=1.00,30,1.0,2022-08-31,2022-09-30,0.011479010158517333,0.18222363705972594,0.18222363705972594,0.01147901016003113,0.18222363708375672,0.011479010160031132,0.18222363708375675,0.0007995902469880927,0.0007995902469880927,True,True,23
k=30|vol=1.00,30,1.0,2022-09-30,2022-10-31,0.011495605897395945,0.18248708624710297,0.18248708624710297,0.011495605899204758,0.182487086275817,0.011495605899204758,0.182487086275817,-5.7476121233844574e-05,-5.747612123384452e-05,True,True,22
k=30|vol=1.00,30,1.0,2022-10-31,2022-11-30,0.01175632532587223,0.18662587886536983,0.18662587886536983,0.011889515629865456,0.18874020939383684,0.011889531215599628,0.18874045680969656,0.00017639730292639944,0.00017784522116669354,False,False,23
k=30|vol=1.00,30,1.0,2022-11-30,2022-12-30,0.012066263129172217,0.19154598896194636,0.19154598896194636,0.012066263151404404,0.19154598931487138,0.012066263151404404,0.19154598931487138,0.0015070121772132559,0.0015070121772132559,True,True,24
k=30|vol=1.00,30,1.0,2022-12-30,2023-01-31,0.012239735311520379,0.19429977448523164,0.19429977448523164,0.012239735331424209,0.19429977480119517,0.012239735331424209,0.19429977480119517,0.0012264123621878026,0.0012264123621878026,True,True,22
k=30|vol=1.00,30,1.0,2023-01-31,2023-02-28,0.012256977050895517,0.1945734786125725,0.1945734786125725,0.012256977050974683,0.1945734786138292,0.012256977050974687,0.19457347861382926,0.0015163263044094331,0.0015163263044094336,True,True,24
k=30|vol=1.00,30,1.0,2023-02-28,2023-03-31,0.012279427709161685,0.19492987176382434,0.19492987176382434,0.01227942782646472,0.19492987362595232,0.01227942782646472,0.19492987362595232,0.0012317878418148331,0.0012317878418148334,True,True,24
k=30|vol=1.00,30,1.0,2023-03-31,2023-04-28,0.012321512963747358,0.19559795446880354,0.19559795446880354,0.012321514151271775,0.19559797332016923,0.012321512963748154,0.19559795446881617,0.0013378577736550509,0.0013378575419155491,True,True,21
k=30|vol=1.00,30,1.0,2023-04-28,2023-05-31,0.012333068471769603,0.1957813924718028,0.1957813924718028,0.012333068525620081,0.19578139332665262,0.012333068525620085,0.19578139332665268,0.0014396147694649218,0.0014396147694649224,True,True,21
k=30|vol=1.00,30,1.0,2023-05-31,2023-06-30,0.01231632467284259,0.1955155929040227,0.1955155929040227,0.012316324672901191,0.19551559290495296,0.012316324672901191,0.19551559290495296,0.0014060759509428235,0.0014060759509428235,True,True,21
k=30|vol=1.00,30,1.0,2023-06-30,2023-07-31,0.012349842295956443,0.19604766867580617,0.19604766867580617,0.012349842915894074,0.19604767851701096,0.012349842295958193,0.19604766867583395,0.0019876023124452196,0.0019876402102193855,True,True,21
k=30|vol=1.00,30,1.0,2023-07-31,2023-08-31,0.01231112132791455,0.19543299236403097,0.19543299236403097,0.012311121435647842,0.195432994074244,0.012311121435647844,0.19543299407424403,0.0021496244713035276,0.002149624471303528,True,True,22
k=30|vol=1.00,30,1.0,2023-08-31,2023-09-29,0.012367178587770379,0.19632287377658048,0.19632287377658048,0.01176209793610731,0.1867175162119562,0.01176209793610731,0.1867175162119562,0.001943224070380213,0.0019432240703802133,True,True,20
k=30|vol=1.00,30,1.0,2023-09-29,2023-10-31,0.012348548883610968,0.19602713639135344,0.19602713639135344,0.010363533789807136,0.1645159986698665,0.010363533789807136,0.1645159986698665,0.0011563217389485853,0.0011563217389485853,True,True,20
k=30|vol=1.00,30,1.0,2023-10-31,2023-11-30,0.012376175018060829,0.19646568767999564,0.19646568767999564,0.009997245149497977,0.15870134676791034,0.009997245149497977,0.15870134676791034,0.0008903233174165366,0.0008903233174165366,True,True,20
k=30|vol=1.00,30,1.0,2023-11-30,2023-12-29,0.01241083799871776,0.19701594543910653,0.19701594543910653,0.010621568681811333,0.16861217559278957,0.010621568681811333,0.16861217559278957,0.0016988964915631557,0.0016988964915631557,True,True,20
k=30|vol=1.00,30,1.0,2023-12-29,2024-01-31,0.01224384565980626,0.19436502424142946,0.19436502424142946,0.01108385052305277,0.1759506723180649,0.01108385052305277,0.1759506723180649,0.0021954913022817963,0.0021954913022817963,True,True,20
k=30|vol=1.00,30,1.0,2024-01-31,2024-02-29,0.012170907813428037,0.193207171825341,0.193207171825341,0.010440403944685133,0.1657362745481677,0.010440403944685133,0.1657362745481677,0.0020733248756919734,0.0020733248756919734,True,True,21
k=30|vol=1.00,30,1.0,2024-02-29,2024-03-28,0.011894152821282042,0.1888138225254574,0.1888138225254574,0.010208989072361466,0.16206267733706656,0.01020898907236147,0.1620626773370666,0.0024019441296267412,0.002401944129626742,True,True,21
k=30|vol=1.00,30,1.0,2024-03-28,2024-04-30,0.011591572753212332,0.1840105128546727,0.1840105128546727,0.00949530242200032,0.1507332529917728,0.009495302422000317,0.15073325299177273,0.002382514737052562,0.002382514737052561,True,True,20
k=30|vol=1.00,30,1.0,2024-04-30,2024-05-31,0.01141245994534691,0.18116718517724228,0.18116718517724228,0.009419456347466583,0.14952923388495235,0.009419456347466583,0.14952923388495235,0.0015979544686694827,0.0015979544686694827,True,True,21
k=30|vol=1.00,30,1.0,2024-05-31,2024-06-28,0.010608479436269852,0.16840439026147627,0.16840439026147627,0.008862256295731091,0.14068395728052574,0.008862256295731091,0.14068395728052574,0.001786113562740576,0.001786113562740576,True,True,20
k=30|vol=1.00,30,1.0,2024-06-28,2024-07-31,0.009968264935780157,0.15824130013727725,0.15824130013727725,0.008668180600943697,0.13760310113694862,0.008668180600943697,0.13760310113694862,0.0016465078479940853,0.0016465078479940853,True,True,20
k=30|vol=1.00,30,1.0,2024-07-31,2024-08-30,0.009800517140541478,0.15557838644219166,0.15557838644219166,0.00846609710404353,0.1343951250757398,0.00846609710404353,0.1343951250757398,0.0016062059787242348,0.0016062059787242348,True,True,20
k=30|vol=1.00,30,1.0,2024-08-30,2024-09-30,0.00976679718974793,0.15504309881806527,0.15504309881806527,0.008370845904771775,0.1328830591636175,0.008370845904771777,0.13288305916361753,0.001948058252191638,0.001948058252191638,True,True,20
k=30|vol=1.00,30,1.0,2024-09-30,2024-10-31,0.009471060785141022,0.15034842893675573,0.15034842893675573,0.008236991499011156,0.13075818634641992,0.008236991499011156,0.13075818634641992,0.0019595943711774384,0.0019595943711774384,True,True,21
k=30|vol=1.00,30,1.0,2024-10-31,2024-11-29,0.008789939946056912,0.13953597081875455,0.13953597081875455,0.007355216172502355,0.11676043698936951,0.007355216172502355,0.11676043698936951,0.001607346883072413,0.001607346883072413,True,True,20
k=30|vol=1.00,30,1.0,2024-11-29,2024-12-31,0.008299270247037593,0.13174683082187436,0.13174683082187436,0.007894351103681214,0.1253189386954126,0.007894351103681214,0.1253189386954126,0.002324558623019939,0.002324558623019939,True,True,20
k=30|vol=1.00,30,1.0,2024-12-31,2025-01-31,0.00808345885231916,0.12832093113876053,0.12832093113876053,0.008083458852559943,0.12832093114258283,0.008083458852559943,0.12832093114258283,0.0015405398519147,0.0015405398519147,True,True,23
k=30|vol=1.00,30,1.0,2025-01-31,2025-02-28,0.008005165299938784,0.12707805952561083,0.12707805952561083,0.008005165301322437,0.12707805954757564,0.008005165301322437,0.12707805954757564,0.0017999917021215,0.0017999917021215002,True,True,22
k=30|vol=1.00,30,1.0,2025-02-28,2025-03-31,0.007894158025585782,0.12531587367566785,0.12531587367566785,0.0077386134866764865,0.12284668066917863,0.007738613486676488,0.12284668066917866,0.0015430678794446599,0.00154306787944466,True,True,21
k=30|vol=1.00,30,1.0,2025-03-31,2025-04-30,0.008035977001962872,0.12756718013176901,0.12756718013176901,0.007840111820798567,0.12445791677262481,0.007840111820798567,0.12445791677262481,0.0013319385335272527,0.0013319385335272527,True,True,20
k=30|vol=1.00,30,1.0,2025-04-30,2025-05-30,0.01031058709557076,0.16367549595571193,0.16367549595571193,0.010310587095946917,0.16367549596168324,0.010310587095946917,0.16367549596168324,0.0008473678119667789,0.0008473678119667789,True,True,23
k=30|vol=1.00,30,1.0,2025-05-30,2025-06-30,0.010385148634379646,0.16485912369006356,0.16485912369006356,0.010385148776072991,0.16485912593937568,0.010385148634547122,0.16485912369272215,0.001244619010676556,0.0012446189663654912,True,True,24
k=30|vol=1.00,30,1.0,2025-06-30,2025-07-31,0.01037284198268961,0.16466376165100116,0.16466376165100116,0.010372842156334713,0.16466376440753172,0.010372842156334714,0.16466376440753175,0.0014742322815421572,0.0014742322815421577,True,True,23
k=30|vol=1.00,30,1.0,2025-07-31,2025-08-29,0.010345367592931412,0.16422761923466048,0.16422761923466048,0.010345367743653404,0.16422762162729793,0.010345367743653404,0.16422762162729793,0.0015973603744068507,0.0015973603744068507,True,True,24
k=30|vol=1.00,30,1.0,2025-08-29,2025-09-30,0.010337288066158738,0.16409936072335096,0.16409936072335096,0.010337288229018122,0.16409936330866354,0.010337288229018122,0.16409936330866354,0.0017040345462354498,0.0017040345462354498,True,True,25
k=30|vol=1.00,30,1.0,2025-09-30,2025-10-31,0.010251266599071236,0.16273381226739222,0.16273381226739222,0.010251267310010671,0.16273382355320587,0.010251267310010671,0.16273382355320587,0.0017217428309648773,0.0017217428309648773,True,True,22
k=30|vol=1.00,30,1.0,2025-10-31,2025-11-28,0.010254399297305504,0.16278354231015513,0.16278354231015513,0.010254399305098014,0.1627835424338574,0.010254399305098014,0.1627835424338574,0.0019961118314033594,0.00199611183140336,True,True,23
k=30|vol=1.00,30,1.0,2025-11-28,2025-12-31,0.010288983439488872,0.16333254854729728,0.16333254854729728,0.010288983480045725,0.16333254919111737,0.010288983480045725,0.16333254919111737,0.0022167175974084114,0.0022167175974084114,True,True,22
k=30|vol=1.00,30,1.0,2025-12-31,2026-01-30,0.010281253238529171,0.16320983541135373,0.16320983541135373,0.010281253719315892,0.16320984304360633,0.010281253719315892,0.16320984304360633,0.0016930821480042422,0.0016930821480042422,True,True,22
k=30|vol=1.00,30,1.0,2026-01-30,2026-02-27,0.010294410655398751,0.16341870292895122,0.16341870292895122,0.010294412172178776,0.16341872700708765,0.010294410655424522,0.16341870292936034,0.0022099897138101623,0.0022099951904930447,True,True,21
k=30|vol=1.00,30,1.0,2026-02-27,2026-03-31,0.010276644828742765,0.1631366791739479,0.1631366791739479,0.01027664786754964,0.16313672741351154,0.010276647867549638,0.1631367274135115,0.0026524302153815823,0.0026524302153815823,True,True,21
k=30|vol=1.00,30,1.0,2026-03-31,2026-04-30,0.01048437439976891,0.16643428388328374,0.16643428388328374,0.010484374834027956,0.1664342907769324,0.010484374834027956,0.1664342907769324,0.001960170871251052,0.001960170871251052,True,True,21
k=30|vol=1.00,30,1.0,2026-04-30,2026-05-26,0.010499074338860284,0.16666763818202518,0.16666763818202518,0.010499074634885938,0.16666764288128674,0.010499074634885938,0.16666764288128674,0.002671857860675313,0.002671857860675312,True,True,22
k=30|vol=1.20,30,1.2,2010-07-30,2010-08-31,0.01528456556251176,0.24263495625640907,0.2021957968803409,0.015284565641146908,0.24263495750470337,0.015284565641146906,0.24263495750470335,0.0014953106764990921,0.0014953106764990921,True,True,21
k=30|vol=1.20,30,1.2,2010-08-31,2010-09-30,0.015020744867323474,0.2384469325553268,0.19870577712943902,0.012786546925462508,0.20298013975218807,0.012786546925462508,0.20298013975218807,0.0012151636588545861,0.0012151636588545863,True,True,20
k=30|vol=1.20,30,1.2,2010-09-30,2010-10-29,0.014770242249408478,0.23447032677668453,0.19539193898057045,0.01477024225392522,0.23447032684838562,0.01477024225392522,0.23447032684838562,0.0020061855498196453,0.0020061855498196453,True,True,21
k=30|vol=1.20,30,1.2,2010-10-29,2010-11-30,0.014225663760696781,0.22582541127376526,0.18818784272813774,0.014053602717959147,0.22309402689732785,0.014053602717959147,0.22309402689732785,0.002207525668991659,0.002207525668991659,True,True,20
k=30|vol=1.20,30,1.2,2010-11-30,2010-12-31,0.013961218509483678,0.22162747305315403,0.18468956087762836,0.01285448137967467,0.20405856577997775,0.012854481379674671,0.20405856577997777,0.002093752215057043,0.002093752215057043,True,True,20
k=30|vol=1.20,30,1.2,2010-12-31,2011-01-31,0.013496590654732193,0.21425173451795881,0.178543112098299,0.011859899941908772,0.18827007492239997,0.011859899941908772,0.18827007492239997,0.0023137195535725542,0.0023137195535725547,True,True,20
k=30|vol=1.20,30,1.2,2011-01-31,2011-02-28,0.013150279864961518,0.20875422116152936,0.17396185096794115,0.012242121177903086,0.19433764893989208,0.012242121177903086,0.19433764893989208,0.0021560779088788647,0.0021560779088788647,True,True,21
k=30|vol=1.20,30,1.2,2011-02-28,2011-03-31,0.012905924493501421,0.20487519989509198,0.17072933324591,0.011467824230106742,0.18204606595117917,0.011467824230106744,0.1820460659511792,0.0022349647798275848,0.002234964779827585,True,True,20
k=30|vol=1.20,30,1.2,2011-03-31,2011-04-29,0.012847780813904771,0.20395219759595426,0.16996016466329522,0.011406347013448332,0.1810701453917316,0.011406347013448332,0.1810701453917316,0.002054173649637011,0.002054173649637011,True,True,20
k=30|vol=1.20,30,1.2,2011-04-29,2011-05-31,0.012559824049370266,0.19938102567217175,0.1661508547268098,0.01092016372199385,0.17335222490703125,0.010920163721993854,0.1733522249070313,0.002349963296955869,0.0023499632969558692,True,True,20
k=30|vol=1.20,30,1.2,2011-05-31,2011-06-30,0.01233814214446021,0.19586193452884126,0.1632182787740344,0.010140327939539926,0.16097271564397594,0.010140327939539926,0.16097271564397594,0.0018961055780172126,0.0018961055780172126,True,True,20
k=30|vol=1.20,30,1.2,2011-06-30,2011-07-29,0.012335883364921802,0.19582607751529038,0.16318839792940865,0.009855979683599619,0.15645882701825797,0.009855979683599619,0.15645882701825797,0.0016843640171201964,0.0016843640171201961,True,True,20
k=30|vol=1.20,30,1.2,2011-07-29,2011-08-31,0.01230199254073683,0.1952880773601677,0.16274006446680642,0.009652419646518914,0.15322741160833817,0.009652419646518914,0.15322741160833817,0.0012418216169851454,0.0012418216169851454,True,True,20
k=30|vol=1.20,30,1.2,2011-08-31,2011-09-30,0.014383175169927489,0.22832582737864393,0.1902715228155366,0.014383175170038478,0.22832582738040583,0.014383175170038478,0.22832582738040583,0.0010609962499169808,0.0010609962499169808,True,True,21
k=30|vol=1.20,30,1.2,2011-09-30,2011-10-31,0.014822113156309297,0.23529375189631824,0.19607812658026522,0.014132507988569,0.2243466092363234,0.014132507988569,0.2243466092363234,0.0006629276300729456,0.0006629276300729456,True,True,21
k=30|vol=1.20,30,1.2,2011-10-31,2011-11-30,0.01523074217682074,0.2417805364968614,0.20148378041405118,0.015230744856915602,0.24178057904204836,0.015230744856915602,0.24178057904204836,0.001397209284852884,0.001397209284852884,True,True,21
k=30|vol=1.20,30,1.2,2011-11-30,2011-12-30,0.01562472824416565,0.24803487142217526,0.20669572618514606,0.0156247283464633,0.2480348730461001,0.015624728244215716,0.24803487142297004,0.0014352839176791552,0.0014353345058367463,True,True,22
k=30|vol=1.20,30,1.2,2011-12-30,2012-01-31,0.015556832226908604,0.2469570555621319,0.2057975463017766,0.015556832227266344,0.24695705556781083,0.015556832227266344,0.24695705556781083,0.0014504599592925552,0.0014504599592925552,True,True,21
k=30|vol=1.20,30,1.2,2012-01-31,2012-02-29,0.015411311341993908,0.24464698312982988,0.2038724859415249,0.015411311470800767,0.24464698517457537,0.015411311470800769,0.2446469851745754,0.0016509570472515867,0.0016509570472515867,True,True,21
k=30|vol=1.20,30,1.2,2012-02-29,2012-03-30,0.015270856005764971,0.2424173237899875,0.20201443649165626,0.015270856007884154,0.2424173238236285,0.015270856007884156,0.24241732382362852,0.0019729940010513643,0.001972994001051365,True,True,21
k=30|vol=1.20,30,1.2,2012-03-30,2012-04-30,0.015324153950833625,0.24326340243824215,0.20271950203186848,0.015324153953106639,0.24326340247432512,0.015324153953106639,0.24326340247432512,0.002335328184160502,0.002335328184160502,True,True,22
k=30|vol=1.20,30,1.2,2012-04-30,2012-05-31,0.015306930253962353,0.24298998472677086,0.20249165393897572,0.014450124179592884,0.22938860995922408,0.014450124179592884,0.22938860995922408,0.002183176320019212,0.002183176320019212,True,True,20
k=30|vol=1.20,30,1.2,2012-05-31,2012-06-29,0.014595692654338901,0.2316994378566778,0.19308286488056484,0.012724040839492587,0.20198788639876145,0.012724040839492587,0.20198788639876145,0.001376274262400121,0.001376274262400121,True,True,21
k=30|vol=1.20,30,1.2,2012-06-29,2012-07-31,0.0144714970251474,0.22972789336410634,0.1914399111367553,0.01403205765292297,0.22275200959292923,0.01403205765292297,0.22275200959292923,0.00172223170327879,0.00172223170327879,True,True,20
k=30|vol=1.20,30,1.2,2012-07-31,2012-08-31,0.01426223689344328,0.22640599175724802,0.1886716597977067,0.013204455349949197,0.20961423032413162,0.013204455349949197,0.20961423032413162,0.001516592391062663,0.001516592391062663,True,True,20
k=30|vol=1.20,30,1.2,2012-08-31,2012-09-28,0.0140120172445874,0.2224338779731606,0.18536156497763384,0.012342717673691484,0.19593456880361604,0.012342717673691484,0.19593456880361604,0.0015857647866733106,0.0015857647866733106,True,True,20
k=30|vol=1.20,30,1.2,2012-09-28,2012-10-31,0.013981316465274727,0.22194651821045736,0.1849554318420478,0.01231803112676368,0.19554268202021666,0.01231803112676368,0.19554268202021666,0.0017128863935030798,0.0017128863935030802,True,True,20
k=30|vol=1.20,30,1.2,2012-10-31,2012-11-30,0.013988050616839292,0.22205341955244248,0.18504451629370208,0.012113687984674977,0.1922988352036872,0.012113687984674977,0.1922988352036872,0.0016686144218803318,0.0016686144218803318,True,True,20
k=30|vol=1.20,30,1.2,2012-11-30,2012-12-31,0.01399638317277487,0.22218569477718894,0.18515474564765746,0.011375723910530622,0.18058401870357124,0.011375723910530622,0.18058401870357124,0.0016718225950511268,0.0016718225950511268,True,True,20
k=30|vol=1.20,30,1.2,2012-12-31,2013-01-31,0.014023160117000302,0.22261076558893336,0.18550897132411115,0.011714119833528562,0.1859558874451555,0.011714119833528562,0.1859558874451555,0.0016784316000249934,0.0016784316000249934,True,True,20
k=30|vol=1.20,30,1.2,2013-01-31,2013-02-28,0.01403591269679796,0.22281320651724804,0.1856776720977067,0.011569781804874982,0.18366459227387538,0.011569781804874984,0.1836645922738754,0.001887193684710507,0.0018871936847105074,True,True,20
k=30|vol=1.20,30,1.2,2013-02-28,2013-03-28,0.014061797743014599,0.22322411888703586,0.1860200990725299,0.01080326888073299,0.1714965768298956,0.01080326888073299,0.1714965768298956,0.001764226619744119,0.0017642266197441187,True,True,21
k=30|vol=1.20,30,1.2,2013-03-28,2013-04-30,0.013878344593590504,0.2203118904233895,0.18359324201949126,0.00931788891490123,0.14791690087772486,0.00931788891490123,0.14791690087772486,0.00216282837172949,0.00216282837172949,True,True,20
k=30|vol=1.20,30,1.2,2013-04-30,2013-05-31,0.013979067129776876,0.22191081111640257,0.1849256759303355,0.011018061257916661,0.1749063001111379,0.011018061257916661,0.1749063001111379,0.002243522128010794,0.002243522128010794,True,True,20
k=30|vol=1.20,30,1.2,2013-05-31,2013-06-28,0.013987663867422395,0.22204728009578165,0.18503940007981803,0.011264021567894451,0.1788107989866994,0.011264021567894451,0.1788107989866994,0.002444381041573998,0.002444381041573998,True,True,21
k=30|vol=1.20,30,1.2,2013-06-28,2013-07-31,0.014007085121494291,0.22235558294632105,0.1852963191219342,0.01053699026039327,0.16726953477666193,0.010536990260393269,0.1672695347766619,0.0017811663309922627,0.0017811663309922627,True,True,21
k=30|vol=1.20,30,1.2,2013-07-31,2013-08-30,0.01383677582782742,0.21965200672428742,0.1830433389369062,0.01032334179037659,0.16387797045874045,0.010323341790376592,0.16387797045874047,0.0020438701089413357,0.002043870108941336,True,True,21
k=30|vol=1.20,30,1.2,2013-08-30,2013-09-30,0.011874449894290491,0.18850104825593914,0.15708420687994928,0.009617466869861662,0.15267255348034053,0.009617466869861662,0.15267255348034053,0.0016860606837946126,0.0016860606837946126,True,True,20
k=30|vol=1.20,30,1.2,2013-09-30,2013-10-31,0.011217143171585262,0.17806662751572558,0.14838885626310466,0.009789471269706689,0.1554030386787337,0.009789471269706689,0.1554030386787337,0.002234691394009942,0.002234691394009942,True,True,21
k=30|vol=1.20,30,1.2,2013-10-31,2013-11-29,0.010396419847161513,0.16503804864603303,0.13753170720502753,0.010186178879910844,0.16170057675757538,0.010186178879910844,0.16170057675757538,0.0027297055019480433,0.0027297055019480446,True,True,20
k=30|vol=1.20,30,1.2,2013-11-29,2013-12-31,0.009557241996021534,0.15171651324681323,0.1264304277056777,0.00955724199665435,0.1517165132568589,0.00955724199665435,0.1517165132568589,0.0025631526522448857,0.0025631526522448857,True,True,21
k=30|vol=1.20,30,1.2,2013-12-31,2014-01-31,0.00900794997115486,0.1429967726771233,0.1191639772309361,0.009007950035261711,0.142996773694788,0.009007950035261711,0.142996773694788,0.002355907385372134,0.002355907385372134,True,True,21
k=30|vol=1.20,30,1.2,2014-01-31,2014-02-28,0.00911035123324285,0.14462234231766707,0.12051861859805589,0.009110351233558803,0.1446223423226827,0.009110351233558802,0.14462234232268267,0.0017066230815544453,0.001706623081554445,True,True,22
k=30|vol=1.20,30,1.2,2014-02-28,2014-03-31,0.009206337548864183,0.1461460778400635,0.12178839820005292,0.00920633769157766,0.1461460801055697,0.00920633769157766,0.1461460801055697,0.002186283202326671,0.002186283202326671,True,True,21
k=30|vol=1.20,30,1.2,2014-03-31,2014-04-30,0.009164944743996817,0.14548898743358465,0.12124082286132055,0.00916494475253176,0.14548898756907266,0.00916494475253176,0.14548898756907266,0.0017477895348246865,0.0017477895348246865,True,True,21
k=30|vol=1.20,30,1.2,2014-04-30,2014-05-30,0.009122911960307484,0.14482173767826217,0.12068478139855182,0.008044735866267284,0.12770622279207003,0.008044735866267284,0.12770622279207003,0.0013777660871953311,0.0013777660871953311,True,True,20
k=30|vol=1.20,30,1.2,2014-05-30,2014-06-30,0.008994901635974127,0.14278963677765347,0.1189913639813779,0.008593209128961525,0.13641296591521299,0.008593209128961528,0.13641296591521304,0.0015319540448781224,0.0015319540448781226,True,True,20
k=30|vol=1.20,30,1.2,2014-06-30,2014-07-31,0.008526693599465184,0.1353570646189864,0.11279755384915534,0.0081025719119007,0.12862434155343844,0.0081025719119007,0.12862434155343844,0.001695032579627311,0.001695032579627311,True,True,21
k=30|vol=1.20,30,1.2,2014-07-31,2014-08-29,0.008315986541870924,0.13201219377570295,0.11001016147975246,0.007745916890847779,0.12296261861614721,0.0077459168908477795,0.12296261861614723,0.0012349919352965652,0.0012349919352965652,True,True,20
k=30|vol=1.20,30,1.2,2014-08-29,2014-09-30,0.008285683067541377,0.13153114103407967,0.10960928419506641,0.007924395249635402,0.12579587472670128,0.007924395249635402,0.12579587472670128,0.001554286439904714,0.001554286439904714,True,True,21
k=30|vol=1.20,30,1.2,2014-09-30,2014-10-31,0.008246957275072919,0.13091638813690704,0.1090969901140892,0.008246959447192326,0.13091642261823366,0.008246959447192326,0.13091642261823366,0.0011528859872059016,0.0011528859872059016,True,True,21
k=30|vol=1.20,30,1.2,2014-10-31,2014-11-28,0.008549566937841318,0.13572016760896888,0.11310013967414075,0.008024882834352648,0.1273910656807695,0.008024882834352648,0.1273910656807695,0.0016191595256331984,0.0016191595256331984,True,True,20
k=30|vol=1.20,30,1.2,2014-11-28,2014-12-31,0.00826022459985639,0.13112700038854816,0.10927250032379014,0.008260224781900867,0.13112700327841464,0.008260224781900867,0.13112700327841464,0.001944227098309176,0.001944227098309176,True,True,22
k=30|vol=1.20,30,1.2,2014-12-31,2015-01-30,0.00842719438005826,0.13377756347781175,0.11148130289817645,0.00813765248430108,0.12918122837596566,0.008137652484301079,0.12918122837596563,0.0017590136356015736,0.0017590136356015731,True,True,22
k=30|vol=1.20,30,1.2,2015-01-30,2015-02-27,0.008660058526712476,0.13747416720567374,0.11456180600472812,0.008293093054215678,0.1316487709258307,0.008293093054215678,0.1316487709258307,0.0016574525951760068,0.001657452595176007,True,True,21
k=30|vol=1.20,30,1.2,2015-02-27,2015-03-31,0.008567157347752812,0.13599940670948185,0.11333283892456822,0.008567157609570967,0.13599941086571624,0.008567157609570969,0.13599941086571626,0.001853986376537042,0.0018539863765370422,True,True,23
k=30|vol=1.20,30,1.2,2015-03-31,2015-04-30,0.008767277276873766,0.13917621209853337,0.11598017674877781,0.008767277276891269,0.13917621209881123,0.008767277276891269,0.13917621209881123,0.0015885174262627077,0.0015885174262627077,True,True,21
k=30|vol=1.20,30,1.2,2015-04-30,2015-05-29,0.008591239379727998,0.13638169711551054,0.11365141426292545,0.008591239561947706,0.13638170000815875,0.008591239561947706,0.13638170000815875,0.0016740516805600401,0.0016740516805600401,True,True,24
k=30|vol=1.20,30,1.2,2015-05-29,2015-06-30,0.00861896751392686,0.13682186759997061,0.11401822299997552,0.008618967514075034,0.13682186760232282,0.008618967514075034,0.13682186760232282,0.0018327093458528464,0.0018327093458528464,True,True,21
k=30|vol=1.20,30,1.2,2015-06-30,2015-07-31,0.008374836557801796,0.1329464088165346,0.11078867401377884,0.008374836557826853,0.13294640881693234,0.008374836557826853,0.13294640881693234,0.0013983197872779974,0.0013983197872779974,True,True,22
k=30|vol=1.20,30,1.2,2015-07-31,2015-08-31,0.008486192922195214,0.13471413629907023,0.1122617802492252,0.008486193842448619,0.13471415090764013,0.008486193842448619,0.13471415090764013,0.0015528003988484283,0.0015528003988484283,True,True,22
k=30|vol=1.20,30,1.2,2015-08-31,2015-09-30,0.00928408037698511,0.14738020697662438,0.12281683914718698,0.00928408037743847,0.14738020698382123,0.009284080377438468,0.1473802069838212,0.0007412078196196924,0.0007412078196196922,True,True,22
k=30|vol=1.20,30,1.2,2015-09-30,2015-10-30,0.009805563640652605,0.15565849714790347,0.12971541428991956,0.009805563756478583,0.15565849898658385,0.009805563756478583,0.15565849898658385,0.0007052917370208579,0.000705291737020858,True,True,23
k=30|vol=1.20,30,1.2,2015-10-30,2015-11-30,0.009832172994412065,0.1560809075434775,0.13006742295289792,0.00983217312168858,0.15608090956392956,0.00983217312168858,0.15608090956392956,0.0013614371964152216,0.0013614371964152216,True,True,22
k=30|vol=1.20,30,1.2,2015-11-30,2015-12-31,0.009902510596957173,0.15719748236838266,0.13099790197365221,0.009902510617721736,0.15719748269800987,0.009902510617721736,0.15719748269800987,0.0013583191699648096,0.0013583191699648096,True,True,23
k=30|vol=1.20,30,1.2,2015-12-31,2016-01-29,0.010189336225573055,0.16175069806612705,0.1347922483884392,0.010189336229289893,0.16175069812513002,0.010189336229289893,0.16175069812513002,0.0011844587312093066,0.0011844587312093066,True,True,23
k=30|vol=1.20,30,1.2,2016-01-29,2016-02-29,0.010611896330493111,0.168458631775702,0.14038219314641834,0.01061189633223109,0.16845863180329157,0.010611896332231096,0.16845863180329165,0.0006979494376413622,0.0006979494376413624,True,True,22
k=30|vol=1.20,30,1.2,2016-02-29,2016-03-31,0.010791594660826045,0.17131125433414887,0.14275937861179072,0.010791594662642035,0.1713112543629768,0.010791594662642035,0.1713112543629768,0.0008283450804888232,0.0008283450804888232,True,True,21
k=30|vol=1.20,30,1.2,2016-03-31,2016-04-29,0.010845894963207606,0.1721732449114522,0.14347770409287683,0.010845894963281711,0.17217324491262856,0.010845894963281711,0.17217324491262856,0.0016103253283979632,0.0016103253283979632,True,True,22
k=30|vol=1.20,30,1.2,2016-04-29,2016-05-31,0.010778334353001944,0.17110075347328446,0.14258396122773706,0.010778334374627673,0.17110075381658227,0.010778334374627673,0.17110075381658227,0.001647548670138463,0.0016475486701384631,True,True,23
k=30|vol=1.20,30,1.2,2016-05-31,2016-06-30,0.01083645726469916,0.17202342609223925,0.14335285507686604,0.010836457617416402,0.1720234316914519,0.010836457617416402,0.1720234316914519,0.002041917635536472,0.002041917635536472,True,True,21
k=30|vol=1.20,30,1.2,2016-06-30,2016-07-29,0.011170004638896018,0.1773183265077402,0.14776527208978352,0.011170004767717675,0.17731832855272062,0.011170004767717675,0.17731832855272062,0.0021055140579413567,0.0021055140579413567,True,True,21
k=30|vol=1.20,30,1.2,2016-07-29,2016-08-31,0.011170542170595828,0.17732685955893726,0.14777238296578105,0.011170542172191211,0.1773268595842632,0.011170542172191211,0.1773268595842632,0.0023078981972149363,0.0023078981972149363,True,True,21
k=30|vol=1.20,30,1.2,2016-08-31,2016-09-30,0.011085188533378565,0.17597191257350703,0.14664326047792253,0.011085188611129703,0.17597191380776808,0.011085188611129703,0.17597191380776808,0.002084843748270557,0.002084843748270557,True,True,21
k=30|vol=1.20,30,1.2,2016-09-30,2016-10-31,0.011175456606126385,0.17740487380442596,0.14783739483702163,0.011175457230624504,0.17740488371802624,0.011175457230624504,0.17740488371802624,0.001961770942219671,0.001961770942219671,True,True,22
k=30|vol=1.20,30,1.2,2016-10-31,2016-11-30,0.010896240985472037,0.17297246323793022,0.14414371936494186,0.010896240985480409,0.17297246323806312,0.010896240985480409,0.17297246323806312,0.00156279870748729,0.00156279870748729,True,True,21
k=30|vol=1.20,30,1.2,2016-11-30,2016-12-30,0.010973724008131047,0.17420246809064216,0.14516872340886847,0.010973724008279048,0.1742024680929916,0.010973724008279047,0.17420246809299159,0.0021376059043264747,0.0021376059043264747,True,True,21
k=30|vol=1.20,30,1.2,2016-12-30,2017-01-31,0.010787662035715025,0.17124882584588844,0.1427073548715737,0.010511633534693471,0.1668670092350746,0.010511633534693471,0.1668670092350746,0.0018756455857620946,0.0018756455857620946,True,True,21
k=30|vol=1.20,30,1.2,2017-01-31,2017-02-28,0.01053789221914722,0.16728385292799663,0.13940321077333054,0.009521588639000218,0.15115053375031523,0.009521588639000218,0.15115053375031523,0.0017694307067547628,0.0017694307067547628,True,True,20
k=30|vol=1.20,30,1.2,2017-02-28,2017-03-31,0.01046296605316878,0.16609443691677364,0.13841203076397804,0.009433026490202204,0.14974465322255698,0.009433026490202204,0.14974465322255698,0.0023197389700919634,0.0023197389700919634,True,True,20
k=30|vol=1.20,30,1.2,2017-03-31,2017-04-28,0.010312908219057995,0.1637123426487689,0.13642695220730744,0.009046635224983121,0.14361088204333322,0.009046635224983121,0.14361088204333322,0.0021300993056991365,0.0021300993056991365,True,True,20
k=30|vol=1.20,30,1.2,2017-04-28,2017-05-31,0.010306619518858716,0.1636125126279861,0.13634376052332176,0.008624103181710075,0.13690339379859442,0.008624103181710075,0.13690339379859442,0.002060072890671735,0.0020600728906717356,True,True,20
k=30|vol=1.20,30,1.2,2017-05-31,2017-06-30,0.010239103080019199,0.16254072238851772,0.13545060199043144,0.008107270831892657,0.12869893459581427,0.008107270831892659,0.1286989345958143,0.002209123570527423,0.002209123570527424,True,True,20
k=30|vol=1.20,30,1.2,2017-06-30,2017-07-31,0.010146287877632743,0.16106732672811355,0.13422277227342796,0.008174329447051735,0.1297634571096661,0.008174329447051735,0.1297634571096661,0.0017145332824521052,0.0017145332824521052,True,True,21
k=30|vol=1.20,30,1.2,2017-07-31,2017-08-31,0.010027919085246997,0.15918828040225125,0.13265690033520938,0.007923966044807227,0.12578906131128012,0.007923966044807227,0.12578906131128012,0.0019916101132822295,0.00199161011328223,True,True,20
k=30|vol=1.20,30,1.2,2017-08-31,2017-09-29,0.009119376939154489,0.14476562095716108,0.1206380174643009,0.008246152929043897,0.13090361953954202,0.008246152929043897,0.13090361953954202,0.0017687198103435492,0.0017687198103435492,True,True,20
k=30|vol=1.20,30,1.2,2017-09-29,2017-10-31,0.00864748133153987,0.13727451042196911,0.11439542535164093,0.007860870584579929,0.12478745193156852,0.007860870584579932,0.12478745193156858,0.0018128704584320118,0.0018128704584320122,True,True,20
k=30|vol=1.20,30,1.2,2017-10-31,2017-11-30,0.008425338929010031,0.13374810910555096,0.11145675758795914,0.0074041654277522415,0.11753748232688765,0.0074041654277522415,0.11753748232688765,0.002095978631282745,0.002095978631282745,True,True,20
k=30|vol=1.20,30,1.2,2017-11-30,2017-12-29,0.008281766631103414,0.13146896953303702,0.10955747461086418,0.006531949971240497,0.10369149120130716,0.006531949971240498,0.10369149120130718,0.002073677429518844,0.002073677429518844,True,True,21
k=30|vol=1.20,30,1.2,2017-12-29,2018-01-31,0.007861084202227862,0.12479084300660105,0.10399236917216755,0.005837602514495034,0.09266906703719513,0.005837602514495034,0.09266906703719513,0.001925786388992386,0.001925786388992386,True,True,20
k=30|vol=1.20,30,1.2,2018-01-31,2018-02-28,0.007142873891788802,0.11338960778381554,0.0944913398198463,0.006374603210958769,0.10119368881746428,0.006374603210958769,0.10119368881746428,0.0023078743970448064,0.0023078743970448064,True,True,20
k=30|vol=1.20,30,1.2,2018-02-28,2018-03-29,0.007707853742737114,0.12235838487204499,0.10196532072670417,0.007707853774875867,0.12235838538223189,0.007707853774875868,0.1223583853822319,0.0017745260333369881,0.0017745260333369883,True,True,26
k=30|vol=1.20,30,1.2,2018-03-29,2018-04-30,0.008093854731693944,0.12848596060767356,0.10707163383972797,0.008093854732538519,0.12848596062108078,0.008093854732538519,0.12848596062108078,0.001315109974400459,0.001315109974400459,True,True,22
k=30|vol=1.20,30,1.2,2018-04-30,2018-05-31,0.00835664770242624,0.13265766968879475,0.11054805807399562,0.008356647763422067,0.13265767065707348,0.008356647763422067,0.13265767065707348,0.0014288065703342771,0.0014288065703342771,True,True,23
k=30|vol=1.20,30,1.2,2018-05-31,2018-06-29,0.008340114074984788,0.1323952064899155,0.11032933874159627,0.008340114083145563,0.13239520661946377,0.00834011408314556,0.13239520661946375,0.0016469468116884047,0.0016469468116884045,True,True,24
k=30|vol=1.20,30,1.2,2018-06-29,2018-07-31,0.007967105041261321,0.1264738716498387,0.10539489304153225,0.007967105041507471,0.1264738716537462,0.007967105041507471,0.1264738716537462,0.001563472673163718,0.001563472673163718,True,True,22
k=30|vol=1.20,30,1.2,2018-07-31,2018-08-31,0.007962103826885383,0.12639447983288638,0.10532873319407197,0.007962103833061854,0.1263944799309348,0.007962103833061854,0.1263944799309348,0.0016869653092106633,0.0016869653092106633,True,True,23
k=30|vol=1.20,30,1.2,2018-08-31,2018-09-28,0.007991729310800246,0.12686476981033842,0.10572064150861535,0.007991729420071824,0.12686477154497094,0.007991729420071824,0.12686477154497094,0.0020452039065251212,0.0020452039065251212,True,True,21
k=30|vol=1.20,30,1.2,2018-09-28,2018-10-31,0.007767054030357666,0.12329816030356984,0.10274846691964154,0.00776705415636681,0.12329816230390299,0.007767054156366811,0.123298162303903,0.0019744873157323583,0.0019744873157323587,True,True,22
k=30|vol=1.20,30,1.2,2018-10-31,2018-11-30,0.008473684383028313,0.13451556939566822,0.11209630782972353,0.008473684400779682,0.1345155696774625,0.008473684400779679,0.13451556967746245,0.0008774615125676566,0.0008774615125676563,True,True,21
k=30|vol=1.20,30,1.2,2018-11-30,2018-12-31,0.008787212186777811,0.13949266898262086,0.11624389081885073,0.00876599192376154,0.13915580775044226,0.00876599192376154,0.13915580775044226,0.0012774590569379944,0.0012774590569379946,True,True,20
k=30|vol=1.20,30,1.2,2018-12-31,2019-01-31,0.009773024623247972,0.1551419562601491,0.12928496355012425,0.009773024623394263,0.1551419562624714,0.009773024623394263,0.1551419562624714,0.0005298223351461759,0.0005298223351461759,True,True,21
k=30|vol=1.20,30,1.2,2019-01-31,2019-02-28,0.010135017032444587,0.16088840760751333,0.1340736730062611,0.010135017036746793,0.16088840767580875,0.010135017036746793,0.16088840767580875,0.0013203080045928414,0.0013203080045928414,True,True,21
k=30|vol=1.20,30,1.2,2019-02-28,2019-03-29,0.010179021943771172,0.1615869639185269,0.13465580326543908,0.010179022630741085,0.1615869748238362,0.010179022630741087,0.16158697482383622,0.001690964146572977,0.001690964146572977,True,True,21
k=30|vol=1.20,30,1.2,2019-03-29,2019-04-30,0.010248103714569589,0.16268360303249035,0.13556966919374197,0.010248104435706415,0.16268361448018256,0.010248104435706415,0.16268361448018256,0.001748512457497144,0.001748512457497144,True,True,22
k=30|vol=1.20,30,1.2,2019-04-30,2019-05-31,0.010238352798668993,0.16252881204132186,0.13544067670110155,0.010238352819638023,0.1625288123741949,0.010238352819638023,0.1625288123741949,0.0018962685821605312,0.0018962685821605312,True,True,23
k=30|vol=1.20,30,1.2,2019-05-31,2019-06-28,0.010450766553060924,0.16590077585634547,0.13825064654695457,0.008647733627718002,0.13727851549963352,0.008647733627718002,0.13727851549963352,0.0014091332464713838,0.0014091332464713838,True,True,21
k=30|vol=1.20,30,1.2,2019-06-28,2019-07-31,0.010549535225959581,0.16746867993122788,0.13955723327602323,0.009788816127153982,0.15539263861312716,0.009788816127153982,0.15539263861312716,0.0017339717881354095,0.0017339717881354095,True,True,20
k=30|vol=1.20,30,1.2,2019-07-31,2019-08-30,0.010576981639202166,0.1679043782341514,0.13992031519512618,0.009698263797562176,0.1539551649447023,0.009698263797562176,0.1539551649447023,0.0016922162195896252,0.0016922162195896252,True,True,20
k=30|vol=1.20,30,1.2,2019-08-30,2019-09-30,0.01107006042225581,0.17573176125448528,0.14644313437873774,0.0100370208693738,0.15933276674597033,0.0100370208693738,0.15933276674597033,0.001631702240702768,0.001631702240702768,True,True,20
k=30|vol=1.20,30,1.2,2019-09-30,2019-10-31,0.011109128549090994,0.17635194854125544,0.14695995711771287,0.008839844729196964,0.1403281846912817,0.008839844729196966,0.14032818469128172,0.001406935748243861,0.0014069357482438614,True,True,20
k=30|vol=1.20,30,1.2,2019-10-31,2019-11-29,0.011265820046277391,0.17883934894593692,0.14903279078828077,0.009739353698779688,0.1546074469048088,0.009739353698779688,0.1546074469048088,0.0016084224401474764,0.0016084224401474764,True,True,20
k=30|vol=1.20,30,1.2,2019-11-29,2019-12-31,0.011264852362520112,0.17882398744251982,0.1490199895354332,0.010667595726964652,0.1693428322831425,0.010667595726964652,0.1693428322831425,0.0020527088288228978,0.0020527088288228978,True,True,20
k=30|vol=1.20,30,1.2,2019-12-31,2020-01-31,0.011287946011385039,0.17919058775308971,0.14932548979424143,0.009960998261878906,0.15812594526526935,0.00996099826187891,0.1581259452652694,0.0020344081783893195,0.00203440817838932,True,True,20
k=30|vol=1.20,30,1.2,2020-01-31,2020-02-28,0.011346647106453176,0.1801224387485144,0.15010203229042868,0.009295525877924773,0.1475618986713258,0.009295525877924775,0.14756189867132583,0.00178318388127906,0.00178318388127906,True,True,20
k=30|vol=1.20,30,1.2,2020-02-28,2020-03-31,0.01126680325858099,0.17885495695738476,0.14904579746448732,0.010835804643555812,0.17201306605276542,0.010835804643555812,0.17201306605276542,0.0008628847841420468,0.0008628847841420468,True,True,20
k=30|vol=1.20,30,1.2,2020-03-31,2020-04-30,0.017608999463246643,0.2795342004985229,0.23294516708210242,0.023248131817126642,0.36905265140979143,0.023248131430922254,0.36905264527898685,-0.0005029598137348335,-0.000503098357733767,False,False,23
k=30|vol=1.20,30,1.2,2020-04-30,2020-05-29,0.018505472596434685,0.29376527030332156,0.24480439191943462,0.023148025180602168,0.36746350782080606,0.02314802518018347,0.3674635078141595,0.0005312556681039927,0.0005312558424944901,False,False,21
k=30|vol=1.20,30,1.2,2020-05-29,2020-06-30,0.018748487170289832,0.2976230070676319,0.2480191725563599,0.02138800392210566,0.33952403650779395,0.021388005603984753,0.33952406320679684,0.0010169250368892472,0.0010168655680018054,False,False,21
k=30|vol=1.20,30,1.2,2020-06-30,2020-07-31,0.01920808193714736,0.30491884780946227,0.25409903984121857,0.01994032929514705,0.3165429142541698,0.019940327619802235,0.3165428876588954,0.0007632920000221816,0.0007632178546902571,False,False,22
k=30|vol=1.20,30,1.2,2020-07-31,2020-08-31,0.01927663205665584,0.3060070472208415,0.2550058726840346,0.01927663206216552,0.3060070473083049,0.01927663205895078,0.30600704725727246,0.0021899652053454324,0.002190030474792853,True,True,22
k=30|vol=1.20,30,1.2,2020-08-31,2020-09-30,0.019296360684866287,0.3063202294845612,0.25526685790380105,0.019296360684976775,0.30632022948631515,0.019296360684976786,0.3063202294863153,0.002753259922471755,0.0027532599224717553,True,True,22
k=30|vol=1.20,30,1.2,2020-09-30,2020-10-30,0.01963443722173798,0.31168702812857196,0.2597391901071433,0.019634437221853138,0.31168702813040006,0.019634437221853138,0.31168702813040006,0.0023299570864762677,0.002329957086476268,True,True,21
k=30|vol=1.20,30,1.2,2020-10-30,2020-11-30,0.019566216718105208,0.3106040612070046,0.2588367176725039,0.019566217405675216,0.3106040721218401,0.019566217405675216,0.3106040721218401,0.0020784542713804264,0.0020784542713804264,True,True,22
k=30|vol=1.20,30,1.2,2020-11-30,2020-12-31,0.01953256548336283,0.3100698644163731,0.2583915536803109,0.019532565646390086,0.3100698670043505,0.019532565646390086,0.3100698670043505,0.003110257197287828,0.003110257197287828,True,True,22
k=30|vol=1.20,30,1.2,2020-12-31,2021-01-29,0.019059230034825472,0.3025558971151267,0.2521299142626056,0.019059230064136512,0.30255589758042506,0.019059230064136512,0.30255589758042506,0.0031305284237625234,0.0031305284237625234,True,True,21
k=30|vol=1.20,30,1.2,2021-01-29,2021-02-26,0.019005613728723607,0.301704764642146,0.25142063720178837,0.01869031921842454,0.29669961945817463,0.01869031921842454,0.29669961945817463,0.002691560174634703,0.002691560174634703,True,True,20
k=30|vol=1.20,30,1.2,2021-02-26,2021-03-31,0.01907602816122005,0.302822559104718,0.252352132587265,0.019076028475869474,0.30282256409962277,0.019076028475869474,0.30282256409962277,0.0031028386381372524,0.0031028386381372524,True,True,22
k=30|vol=1.20,30,1.2,2021-03-31,2021-04-30,0.019160442575700706,0.3041625963914277,0.2534688303261897,0.01916044299534582,0.30416260305308734,0.019160442995345823,0.3041626030530874,0.0027735449960737376,0.002773544996073738,True,True,22
k=30|vol=1.20,30,1.2,2021-04-30,2021-05-28,0.019209023697124298,0.3049337977856244,0.25411149815468703,0.017380216507930254,0.27590238367465747,0.017380216507930254,0.27590238367465747,0.0028668899999300217,0.0028668899999300212,True,True,20
k=30|vol=1.20,30,1.2,2021-05-28,2021-06-30,0.019183334415827417,0.30452599308759526,0.2537716609063294,0.015803382766063728,0.250870924035412,0.015803382766063728,0.250870924035412,0.0026896515945523344,0.0026896515945523344,True,True,20
k=30|vol=1.20,30,1.2,2021-06-30,2021-07-30,0.019136319480561544,0.30377965412787944,0.25314971177323287,0.013477926626305385,0.21395545225187898,0.013477926626305385,0.21395545225187898,0.0022755691231604296,0.0022755691231604296,True,True,20
k=30|vol=1.20,30,1.2,2021-07-30,2021-08-31,0.01917270877704156,0.30435731630110374,0.25363109691758645,0.011441895459760371,0.18163445948234994,0.011441895459760371,0.18163445948234994,0.002250512675829303,0.002250512675829303,True,True,20
k=30|vol=1.20,30,1.2,2021-08-31,2021-09-30,0.018879006753660953,0.2996949412205744,0.24974578435047867,0.011298636292154858,0.1793602906992641,0.011298636292154858,0.1793602906992641,0.002326441501235332,0.002326441501235332,True,True,21
k=30|vol=1.20,30,1.2,2021-09-30,2021-10-29,0.01893824290248431,0.30063528593104527,0.2505294049425377,0.012686396453199435,0.20139030029242547,0.012686396453199437,0.2013903002924255,0.001579310469968952,0.001579310469968952,True,True,20
k=30|vol=1.20,30,1.2,2021-10-29,2021-11-30,0.018921608364392904,0.3003712208252595,0.25030935068771626,0.011286546925975667,0.17916837796075288,0.01128654692597567,0.1791683779607529,0.002228641609894965,0.0022286416098949656,True,True,20
k=30|vol=1.20,30,1.2,2021-11-30,2021-12-31,0.019002230179511158,0.30165105246355667,0.2513758770529639,0.0112878043887357,0.17918833956322872,0.0112878043887357,0.17918833956322872,0.0019684395506696906,0.001968439550669691,True,True,20
k=30|vol=1.20,30,1.2,2021-12-31,2022-01-31,0.019144452979181707,0.3039087694157065,0.2532573078464221,0.011288449828417752,0.17919858560053872,0.011288449828417752,0.17919858560053872,0.002218764016537544,0.002218764016537544,True,True,20
k=30|vol=1.20,30,1.2,2022-01-31,2022-02-28,0.019275314065653887,0.3059861247623131,0.2549884373019276,0.011661155402322428,0.185115103165335,0.011661155402322432,0.18511510316533505,0.0015920426219464036,0.001592042621946404,True,True,20
k=30|vol=1.20,30,1.2,2022-02-28,2022-03-31,0.019183235335705574,0.30452442023942167,0.25377035019951805,0.011338970848074328,0.18000058192449497,0.01133897084807433,0.180000581924495,0.0015794288876770407,0.0015794288876770412,True,True,20
k=30|vol=1.20,30,1.2,2022-03-31,2022-04-29,0.01349610292685321,0.21424399207790723,0.1785366600649227,0.010191985680638645,0.16179275686140737,0.010191985680638645,0.16179275686140737,0.001979604644498109,0.001979604644498109,True,True,20
k=30|vol=1.20,30,1.2,2022-04-29,2022-05-31,0.012840133744853694,0.20383080413814814,0.16985900344845678,0.010733657752255092,0.1703915344232851,0.010733657752255092,0.1703915344232851,0.0010380154286354698,0.0010380154286354698,True,True,20
k=30|vol=1.20,30,1.2,2022-05-31,2022-06-30,0.013268274949473493,0.21062733505880976,0.1755227792156748,0.012386380317481255,0.19662769178592404,0.012386380317481255,0.19662769178592404,0.0014383908598261238,0.0014383908598261238,True,True,20
k=30|vol=1.20,30,1.2,2022-06-30,2022-07-29,0.013327754739837711,0.21157154745883763,0.1763096228823647,0.011989340674388433,0.19032488284837934,0.011989340674388433,0.19032488284837934,0.0004218874852183229,0.0004218874852183229,True,True,20
k=30|vol=1.20,30,1.2,2022-07-29,2022-08-31,0.013502056297215567,0.214338498902556,0.17861541575213,0.013502059664796584,0.21433855236124735,0.013502059664796584,0.21433855236124735,0.001099688627069529,0.001099688627069529,True,True,21
k=30|vol=1.20,30,1.2,2022-08-31,2022-09-30,0.0137748121902208,0.21866836447167112,0.18222363705972594,0.012866510057759618,0.2042495151248595,0.012866510057759618,0.2042495151248595,0.0008544592659993482,0.0008544592659993482,True,True,21
k=30|vol=1.20,30,1.2,2022-09-30,2022-10-31,0.013794727076875134,0.21898450349652357,0.18248708624710297,0.013794727235221129,0.21898450601018832,0.013794727235221132,0.21898450601018837,0.00023705313292187057,0.0002370531329218706,True,True,21
k=30|vol=1.20,30,1.2,2022-10-31,2022-11-30,0.014107590391046676,0.22395105463844378,0.18662587886536983,0.01410759040198006,0.2239510548120059,0.01410759040198006,0.2239510548120059,0.0014765028521924774,0.0014765028521924774,True,True,23
k=30|vol=1.20,30,1.2,2022-11-30,2022-12-30,0.01447951575500666,0.2298551867543356,0.19154598896194636,0.014479517358553776,0.2298552122098569,0.014479515755984763,0.2298551867698625,0.002121818762595556,0.002121818799024206,True,True,22
k=30|vol=1.20,30,1.2,2022-12-30,2023-01-31,0.014687682373824453,0.23315972938227797,0.19429977448523164,0.014687684410098507,0.23315976170712643,0.014687684410098507,0.23315976170712643,0.0014911073821913582,0.0014911073821913582,True,True,21
k=30|vol=1.20,30,1.2,2023-01-31,2023-02-28,0.01470837246107462,0.23348817433508698,0.1945734786125725,0.014708372499268185,0.233488174941391,0.014708372499268183,0.23348817494139099,0.0019101387614296338,0.0019101387614296338,True,True,22
k=30|vol=1.20,30,1.2,2023-02-28,2023-03-31,0.01473531325099402,0.2339158461165892,0.19492987176382434,0.014735313463598182,0.23391584949157562,0.014735313463598182,0.23391584949157562,0.0015697873884812012,0.0015697873884812012,True,True,21
k=30|vol=1.20,30,1.2,2023-03-31,2023-04-28,0.014785815556496829,0.23471754536256423,0.19559795446880354,0.014785815558340524,0.23471754539183198,0.014785815558340526,0.234717545391832,0.0016526204728713086,0.0016526204728713088,True,True,21
k=30|vol=1.20,30,1.2,2023-04-28,2023-05-31,0.014799682166123524,0.23493767096616333,0.1957813924718028,0.013316863634536756,0.21139865652206397,0.013316863634536756,0.21139865652206397,0.0014605422006685345,0.0014605422006685345,True,True,21
k=30|vol=1.20,30,1.2,2023-05-31,2023-06-30,0.014779589607411108,0.23461871148482724,0.1955155929040227,0.013815489463452065,0.21931409616556405,0.013815489463452065,0.21931409616556405,0.0015238997888870401,0.0015238997888870401,True,True,20
k=30|vol=1.20,30,1.2,2023-06-30,2023-07-31,0.014819810755147732,0.2352572024109674,0.19604766867580617,0.013491686948574189,0.21417389059597913,0.013491686948574189,0.21417389059597913,0.0020467670275236653,0.0020467670275236653,True,True,20
k=30|vol=1.20,30,1.2,2023-07-31,2023-08-31,0.014773345593497458,0.23451959083683716,0.19543299236403097,0.0127968702162273,0.20314401691264075,0.0127968702162273,0.20314401691264075,0.0021612610552392557,0.0021612610552392557,True,True,21
k=30|vol=1.20,30,1.2,2023-08-31,2023-09-29,0.014840614305324453,0.23558744853189656,0.19632287377658048,0.011762097936107307,0.18671751621195615,0.011762097936107307,0.18671751621195615,0.0019432240703802128,0.0019432240703802128,True,True,20
k=30|vol=1.20,30,1.2,2023-09-29,2023-10-31,0.01481825866033316,0.2352325636696241,0.19602713639135344,0.010363533789807132,0.16451599866986644,0.010363533789807132,0.16451599866986644,0.0011563217389485858,0.0011563217389485858,True,True,20
k=30|vol=1.20,30,1.2,2023-10-31,2023-11-30,0.014851410021672994,0.23575882521599476,0.19646568767999564,0.009997245149497977,0.15870134676791034,0.009997245149497977,0.15870134676791034,0.0008903233174165365,0.0008903233174165365,True,True,20
k=30|vol=1.20,30,1.2,2023-11-30,2023-12-29,0.01489300559846131,0.2364191345269278,0.19701594543910653,0.010621568681811331,0.16861217559278954,0.010621568681811331,0.16861217559278954,0.0016988964915631546,0.0016988964915631546,True,True,20
k=30|vol=1.20,30,1.2,2023-12-29,2024-01-31,0.01469261479176751,0.23323802908971533,0.19436502424142946,0.011083850523052774,0.17595067231806497,0.011083850523052774,0.17595067231806497,0.0021954913022817976,0.0021954913022817976,True,True,20
k=30|vol=1.20,30,1.2,2024-01-31,2024-02-29,0.014605089376113645,0.2318486061904092,0.193207171825341,0.010440403968993256,0.1657362749340472,0.010440403968993258,0.16573627493404722,0.0020733248755407723,0.0020733248755407723,True,True,21
k=30|vol=1.20,30,1.2,2024-02-29,2024-03-28,0.014272983385538451,0.22657658703054886,0.1888138225254574,0.010208989083654148,0.16206267751633233,0.010208989083654151,0.16206267751633238,0.002401944129632623,0.002401944129632623,True,True,21
k=30|vol=1.20,30,1.2,2024-03-28,2024-04-30,0.013909887303854798,0.22081261542560723,0.1840105128546727,0.009495302422000319,0.15073325299177276,0.009495302422000319,0.15073325299177276,0.0023825147370525614,0.0023825147370525614,True,True,20
k=30|vol=1.20,30,1.2,2024-04-30,2024-05-31,0.013694951934416291,0.21740062221269074,0.18116718517724228,0.009419456352390686,0.14952923396312007,0.009419456352390686,0.14952923396312007,0.0015979544686514613,0.0015979544686514613,True,True,21
k=30|vol=1.20,30,1.2,2024-05-31,2024-06-28,0.012730175323523822,0.20208526831377152,0.16840439026147627,0.008862256295731093,0.14068395728052577,0.008862256295731093,0.14068395728052577,0.0017861135627405763,0.0017861135627405763,True,True,20
k=30|vol=1.20,30,1.2,2024-06-28,2024-07-31,0.011961917922936188,0.18988956016473268,0.15824130013727725,0.008668180600943699,0.13760310113694865,0.008668180600943699,0.13760310113694865,0.0016465078479940853,0.0016465078479940853,True,True,20
k=30|vol=1.20,30,1.2,2024-07-31,2024-08-30,0.011760620568649774,0.18669406373063,0.15557838644219166,0.008466097104043528,0.13439512507573978,0.008466097104043528,0.13439512507573978,0.0016062059787242352,0.0016062059787242352,True,True,20
k=30|vol=1.20,30,1.2,2024-08-30,2024-09-30,0.011720156627697516,0.18605171858167832,0.15504309881806527,0.008370845904771775,0.1328830591636175,0.008370845904771773,0.13288305916361748,0.0019480582521916377,0.0019480582521916377,True,True,20
k=30|vol=1.20,30,1.2,2024-09-30,2024-10-31,0.011365272942169225,0.18041811472410688,0.15034842893675573,0.008236991519257286,0.13075818666781727,0.008236991519257286,0.13075818666781727,0.0019595943711686052,0.0019595943711686052,True,True,21
k=30|vol=1.20,30,1.2,2024-10-31,2024-11-29,0.010547927935268294,0.16744316498250544,0.13953597081875455,0.0073552161725023565,0.11676043698936954,0.007355216172502355,0.11676043698936951,0.001607346883072413,0.0016073468830724127,True,True,20
k=30|vol=1.20,30,1.2,2024-11-29,2024-12-31,0.00995912429644511,0.15809619698624922,0.13174683082187436,0.007894351103681212,0.12531893869541258,0.007894351103681212,0.12531893869541258,0.0023245586230199377,0.0023245586230199377,True,True,20
k=30|vol=1.20,30,1.2,2024-12-31,2025-01-31,0.009700150622782991,0.15398511736651263,0.12832093113876053,0.009019684121063009,0.14318304653214556,0.009019684121063009,0.14318304653214556,0.0016238872141838565,0.0016238872141838567,True,True,21
k=30|vol=1.20,30,1.2,2025-01-31,2025-02-28,0.00960619835992654,0.15249367143073297,0.12707805952561083,0.008508109959727247,0.1350620584837804,0.008508109959727245,0.13506205848378036,0.0018361344286847922,0.001836134428684792,True,True,20
k=30|vol=1.20,30,1.2,2025-02-28,2025-03-31,0.009472989630702937,0.1503790484108014,0.12531587367566785,0.007738548087175127,0.12284564248427984,0.007738548087175128,0.12284564248427986,0.0015431054841868208,0.0015431054841868208,True,True,21
k=30|vol=1.20,30,1.2,2025-03-31,2025-04-30,0.009643172402355448,0.15308061615812282,0.12756718013176901,0.007840111820798567,0.12445791677262481,0.007840111820798567,0.12445791677262481,0.0013319385335272532,0.0013319385335272532,True,True,20
k=30|vol=1.20,30,1.2,2025-04-30,2025-05-30,0.012372704514684911,0.1964105951468543,0.16367549595571193,0.0121489606911338,0.19285877205983656,0.0121489606911338,0.19285877205983656,0.001271969437035161,0.0012719694370351613,True,True,20
k=30|vol=1.20,30,1.2,2025-05-30,2025-06-30,0.012462178361255577,0.19783094842807628,0.16485912369006356,0.01246217838224151,0.19783094876121765,0.01246217838224151,0.19783094876121765,0.001565353708055927,0.001565353708055927,True,True,21
k=30|vol=1.20,30,1.2,2025-06-30,2025-07-31,0.01244741037922753,0.1975965139812014,0.16466376165100116,0.012447410380237077,0.19759651399722744,0.012447410380237077,0.19759651399722744,0.0017534809548904963,0.0017534809548904963,True,True,21
k=30|vol=1.20,30,1.2,2025-07-31,2025-08-29,0.012414441111517694,0.19707314308159257,0.16422761923466048,0.012414441111583916,0.1970731430826438,0.012414441111583917,0.19707314308264381,0.0018027133872596287,0.001802713387259629,True,True,21
k=30|vol=1.20,30,1.2,2025-08-29,2025-09-30,0.012404745679390485,0.19691923286802115,0.16409936072335096,0.012404745806018382,0.1969192348781767,0.012404745806018382,0.1969192348781767,0.0018980679525777598,0.0018980679525777598,True,True,22
k=30|vol=1.20,30,1.2,2025-09-30,2025-10-31,0.012301519918885482,0.19528057472087065,0.16273381226739222,0.012301519919692002,0.19528057473367375,0.012301519919692002,0.19528057473367375,0.0018117128073455683,0.0018117128073455683,True,True,21
k=30|vol=1.20,30,1.2,2025-10-31,2025-11-28,0.012305279156766604,0.19534025077218614,0.16278354231015513,0.012305279156844349,0.1953402507734203,0.012305279156844352,0.19534025077342035,0.0022217445775912542,0.0022217445775912547,True,True,21
k=30|vol=1.20,30,1.2,2025-11-28,2025-12-31,0.012346780127386646,0.19599905825675673,0.16333254854729728,0.012346780127501872,0.19599905825858588,0.012346780127501872,0.19599905825858588,0.002367686443291935,0.002367686443291935,True,True,21
k=30|vol=1.20,30,1.2,2025-12-31,2026-01-30,0.012337503886235003,0.19585180249362447,0.16320983541135373,0.011776399053725599,0.18694453941608585,0.011776399053725599,0.18694453941608585,0.0017949708063168925,0.0017949708063168925,True,True,20
k=30|vol=1.20,30,1.2,2026-01-30,2026-02-27,0.0123532927864785,0.19610244351474146,0.16341870292895122,0.011501666848735853,0.18258330086682614,0.011501666848735853,0.18258330086682614,0.002285429845913502,0.002285429845913502,True,True,20
k=30|vol=1.20,30,1.2,2026-02-27,2026-03-31,0.012331973794491318,0.19576401500873747,0.1631366791739479,0.01044085135392245,0.16574337694962496,0.010440851353922451,0.165743376949625,0.0026545472124444762,0.0026545472124444762,True,True,20
k=30|vol=1.20,30,1.2,2026-03-31,2026-04-30,0.01258124927972269,0.19972114065994048,0.16643428388328374,0.010607004753640322,0.16838098040047336,0.010607004753640323,0.1683809804004734,0.0019604266360631543,0.0019604266360631543,True,True,21
k=30|vol=1.20,30,1.2,2026-04-30,2026-05-26,0.01259888920663234,0.20000116581843022,0.16666763818202518,0.010860104983052555,0.17239882198326234,0.010860104983052557,0.17239882198326237,0.002693176138655157,0.0026931761386551575,True,True,20
k=50|vol=0.80,50,0.8,2010-07-30,2010-08-31,0.010189710375007838,0.16175663750427272,0.2021957968803409,0.010189710375026738,0.16175663750457273,0.010189710375026738,0.16175663750457273,0.0004201783482425669,0.0004201783482425668,True,True,25
k=50|vol=0.80,50,0.8,2010-08-31,2010-09-30,0.010013829911548982,0.15896462170355122,0.19870577712943902,0.010013829919266097,0.1589646218260566,0.010013829919266097,0.1589646218260566,0.0004484152467299736,0.00044841524672997355,True,True,24
k=50|vol=0.80,50,0.8,2010-09-30,2010-10-29,0.009846828166272319,0.15631355118445636,0.19539193898057045,0.009846828312991131,0.1563135535135453,0.009846828312991133,0.15631355351354534,0.0013672934213240899,0.0013672934213240899,True,True,22
k=50|vol=0.80,50,0.8,2010-10-29,2010-11-30,0.009483775840464522,0.1505502741825102,0.18818784272813774,0.009483775840901019,0.15055027418943936,0.009483775840901022,0.15055027418943942,0.0016487859840307107,0.0016487859840307113,True,True,23
k=50|vol=0.80,50,0.8,2010-11-30,2010-12-31,0.009307479006322452,0.1477516487021027,0.18468956087762836,0.009307479006410276,0.14775164870349686,0.009307479006410279,0.14775164870349689,0.0015593342847783477,0.001559334284778348,True,True,22
k=50|vol=0.80,50,0.8,2010-12-31,2011-01-31,0.008997727103154796,0.1428344896786392,0.178543112098299,0.008997727181135876,0.14283449091655048,0.008997727181135876,0.14283449091655048,0.0018250639935011796,0.0018250639935011796,True,True,24
k=50|vol=0.80,50,0.8,2011-01-31,2011-02-28,0.008766853243307681,0.13916948077435293,0.17396185096794115,0.008766854504645765,0.13916950079747428,0.008766853247002597,0.13916948083300792,0.0017068786758821753,0.0017068785811344815,True,True,22
k=50|vol=0.80,50,0.8,2011-02-28,2011-03-31,0.008603949662334283,0.13658346659672801,0.17072933324591,0.0086039497530081,0.13658346803613025,0.0086039497530081,0.13658346803613025,0.0019254291249949469,0.0019254291249949469,True,True,23
k=50|vol=0.80,50,0.8,2011-03-31,2011-04-29,0.008565187209269848,0.13596813173063618,0.16996016466329522,0.008565187312049775,0.13596813336221694,0.008565187312049775,0.13596813336221694,0.001680296486686296,0.001680296486686296,True,True,24
k=50|vol=0.80,50,0.8,2011-04-29,2011-05-31,0.008373216032913511,0.13292068378144783,0.1661508547268098,0.008373216266461096,0.13292068748890082,0.00837321603305579,0.13292068378370644,0.002040721374460317,0.0020407493604756455,True,True,24
k=50|vol=0.80,50,0.8,2011-05-31,2011-06-30,0.008225428096306806,0.1305746230192275,0.1632182787740344,0.008225428101186691,0.1305746230966933,0.008225428097392923,0.1305746230364691,0.0017533616373974807,0.0017533706894659845,True,True,22
k=50|vol=0.80,50,0.8,2011-06-30,2011-07-29,0.0082239222432812,0.1305507183435269,0.16318839792940865,0.008223922387928581,0.13055072063973291,0.008223922387928578,0.13055072063973286,0.0015304166004283502,0.00153041660042835,True,True,23
k=50|vol=0.80,50,0.8,2011-07-29,2011-08-31,0.00820132836049122,0.13019205157344513,0.16274006446680642,0.008201328387181845,0.13019205199714567,0.008201328387181845,0.13019205199714567,0.0011659312773282342,0.0011659312773282342,True,True,22
k=50|vol=0.80,50,0.8,2011-08-31,2011-09-30,0.009588783446618326,0.1522172182524293,0.1902715228155366,0.012556810447598803,0.1993331862271445,0.012556810447554752,0.19933318622644522,0.0006082987533825088,0.0006082987679443209,False,False,21
k=50|vol=0.80,50,0.8,2011-09-30,2011-10-31,0.009881408770872867,0.1568625012642122,0.19607812658026522,0.01277880443050587,0.20285723145509343,0.012778802552141767,0.2028572016369877,0.0002678995558624951,0.00026772939198949335,False,False,22
k=50|vol=0.80,50,0.8,2011-10-31,2011-11-30,0.010153828117880495,0.16118702433124096,0.20148378041405118,0.013027925844152553,0.20681191129571327,0.013027945314763076,0.2068122203820732,0.0008908285109914094,0.0008909028449645634,False,False,22
k=50|vol=0.80,50,0.8,2011-11-30,2011-12-30,0.010416485496110435,0.16535658094811687,0.20669572618514606,0.013169911139875114,0.20906585798957245,0.01316991235453303,0.2090658772716691,0.000883051677782879,0.0008830633902093674,False,False,22
k=50|vol=0.80,50,0.8,2011-12-30,2012-01-31,0.010371221484605739,0.1646380370414213,0.2057975463017766,0.012417527411402278,0.19712213657338842,0.012417527352415615,0.19712213563700418,0.0008271767307766473,0.0008271163244444399,False,False,21
k=50|vol=0.80,50,0.8,2012-01-31,2012-02-29,0.010274207561329273,0.16309798875321993,0.2038724859415249,0.011316790943712154,0.1796484868582219,0.011316791004565702,0.17964848782424203,0.0009473716437035304,0.0009474095802817079,False,False,22
k=50|vol=0.80,50,0.8,2012-02-29,2012-03-30,0.01018057067050998,0.16161154919332502,0.20201443649165626,0.010260431165400695,0.16287929524768124,0.010260433518229662,0.1628793325976832,0.0008778959403019077,0.0008779105667730397,False,False,21
k=50|vol=0.80,50,0.8,2012-03-30,2012-04-30,0.010216102633889085,0.1621756016254948,0.20271950203186848,0.010216102673662216,0.16217560225687366,0.010216102673662217,0.1621756022568737,0.0015324505623099032,0.0015324505623099036,True,True,23
k=50|vol=0.80,50,0.8,2012-04-30,2012-05-31,0.010204620169308237,0.1619933231511806,0.20249165393897572,0.010204620208918543,0.16199332377997472,0.010204620208918543,0.16199332377997472,0.0016738233575460924,0.0016738233575460924,True,True,22
k=50|vol=0.80,50,0.8,2012-05-31,2012-06-29,0.00973046176955927,0.15446629190445188,0.19308286488056484,0.009730461781509664,0.15446629209415852,0.009730461781509664,0.15446629209415852,0.0011019723296144934,0.0011019723296144934,True,True,22
k=50|vol=0.80,50,0.8,2012-06-29,2012-07-31,0.0096476646834316,0.15315192890940424,0.1914399111367553,0.009647665452942527,0.1531519411250115,0.009647664693392847,0.1531519290675341,0.001328172993238526,0.0013282013743574613,True,True,23
k=50|vol=0.80,50,0.8,2012-07-31,2012-08-31,0.00950815792896219,0.15093732783816538,0.1886716597977067,0.00950815792898287,0.15093732783849367,0.00950815792898287,0.15093732783849367,0.0013274613462359189,0.0013274613462359189,True,True,22
k=50|vol=0.80,50,0.8,2012-08-31,2012-09-28,0.009341344829724934,0.14828925198210707,0.18536156497763384,0.009341344866424444,0.14828925256469375,0.009341344866424444,0.14828925256469375,0.0013081734839049156,0.0013081734839049156,True,True,24
k=50|vol=0.80,50,0.8,2012-09-28,2012-10-31,0.009320877643516485,0.14796434547363824,0.1849554318420478,0.00932087764490377,0.1479643454956607,0.00932087764490377,0.1479643454956607,0.001520450927422923,0.001520450927422923,True,True,23
k=50|vol=0.80,50,0.8,2012-10-31,2012-11-30,0.009325367077892863,0.14803561303496168,0.18504451629370208,0.009325367078745208,0.14803561304849222,0.009325367078745206,0.1480356130484922,0.0014945723025457562,0.001494572302545756,True,True,22
k=50|vol=0.80,50,0.8,2012-11-30,2012-12-31,0.009330922115183249,0.148123796518126,0.18515474564765746,0.009330922116724396,0.14812379654259095,0.009330922116724398,0.14812379654259097,0.0015387139351144374,0.0015387139351144374,True,True,21
k=50|vol=0.80,50,0.8,2012-12-31,2013-01-31,0.009348773411333536,0.14840717705928894,0.18550897132411115,0.009348773415917703,0.1484071771320603,0.009348773418190964,0.14840717716814722,0.0014889432311797162,0.0014889855276378674,True,True,22
k=50|vol=0.80,50,0.8,2013-01-31,2013-02-28,0.00935727513119864,0.14854213767816535,0.1856776720977067,0.009357277549191566,0.14854217606261308,0.009357275131257036,0.14854213767909236,0.0017720081864225868,0.001772007988100388,True,True,23
k=50|vol=0.80,50,0.8,2013-02-28,2013-03-28,0.0093745318286764,0.14881607925802393,0.1860200990725299,0.009374531875101871,0.14881607999500543,0.00937453187510187,0.1488160799950054,0.0017204372300589016,0.0017204372300589016,True,True,21
k=50|vol=0.80,50,0.8,2013-03-28,2013-04-30,0.009252229729060337,0.14687459361559302,0.18359324201949126,0.00925222986506054,0.1468745957745293,0.00925222986506054,0.1468745957745293,0.002161837492552515,0.0021618374925525146,True,True,21
k=50|vol=0.80,50,0.8,2013-04-30,2013-05-31,0.00931937808651792,0.1479405407442684,0.1849256759303355,0.009319378086842455,0.14794054074942026,0.009319378086842455,0.14794054074942026,0.0021756425542736857,0.0021756425542736857,True,True,21
k=50|vol=0.80,50,0.8,2013-05-31,2013-06-28,0.009325109244948263,0.14803152006385442,0.18503940007981803,0.009325109293444971,0.1480315208337158,0.009325109293444971,0.1480315208337158,0.0022174233003635136,0.0022174233003635136,True,True,23
k=50|vol=0.80,50,0.8,2013-06-28,2013-07-31,0.00933805674766286,0.14823705529754735,0.1852963191219342,0.00933805683205792,0.1482370566372774,0.009338056832057918,0.14823705663727738,0.0016980709949051837,0.0016980709949051833,True,True,23
k=50|vol=0.80,50,0.8,2013-07-31,2013-08-30,0.009224517218551616,0.14643467114952496,0.1830433389369062,0.009224517257597379,0.14643467176935726,0.009224517257597382,0.14643467176935732,0.0019873129203696028,0.001987312920369603,True,True,21
k=50|vol=0.80,50,0.8,2013-08-30,2013-09-30,0.007916299929526993,0.12566736550395943,0.15708420687994928,0.007916300141004036,0.1256673688610534,0.007916300141004036,0.1256673688610534,0.0014610753687784204,0.0014610753687784204,True,True,23
k=50|vol=0.80,50,0.8,2013-09-30,2013-10-31,0.007478095447723509,0.11871108501048373,0.14838885626310466,0.007478095586285869,0.118711087210093,0.007478095450348649,0.11871108505215652,0.0017568509573251154,0.001756851036063523,True,True,27
k=50|vol=0.80,50,0.8,2013-10-31,2013-11-29,0.006930946564774342,0.11002536576402203,0.13753170720502753,0.006930946617890395,0.11002536660721322,0.006930946565724866,0.11002536577911111,0.0017988347380537924,0.0017988348304658422,True,True,26
k=50|vol=0.80,50,0.8,2013-11-29,2013-12-31,0.006371494664014356,0.10114434216454216,0.1264304277056777,0.006371494718013501,0.10114434302175201,0.006371494718013501,0.10114434302175201,0.0015306363076308515,0.0015306363076308515,True,True,26
k=50|vol=0.80,50,0.8,2013-12-31,2014-01-31,0.006005299980769908,0.09533118178474888,0.1191639772309361,0.006005300495139026,0.09533118995010548,0.006005300004980857,0.09533118216908577,0.0013552889340659598,0.0013552901215377997,True,True,27
k=50|vol=0.80,50,0.8,2014-01-31,2014-02-28,0.006073567488828566,0.09641489487844472,0.12051861859805589,0.006150996542672481,0.09764404300277689,0.0061509945407504235,0.09764401122324944,0.0004606583392612964,0.00046068153823003845,False,False,25
k=50|vol=0.80,50,0.8,2014-02-28,2014-03-31,0.006137558365909456,0.09743071856004235,0.12178839820005292,0.00623340810527668,0.09895228600161854,0.006233403939226038,0.09895221986761485,0.000803410055858434,0.0008032451699589998,False,False,22
k=50|vol=0.80,50,0.8,2014-03-31,2014-04-30,0.006109963162664546,0.09699265828905645,0.12124082286132055,0.006109963180270952,0.0969926585685495,0.006109963180270952,0.0969926585685495,0.0010457693959541666,0.0010457693959541666,True,True,27
k=50|vol=0.80,50,0.8,2014-04-30,2014-05-30,0.006081941306871658,0.09654782511884147,0.12068478139855182,0.0060819413672494734,0.09654782607730958,0.0060819413077267594,0.09654782513241579,0.0011198494957138806,0.0011198495838108094,True,True,24
k=50|vol=0.80,50,0.8,2014-05-30,2014-06-30,0.005996601090649419,0.09519309118510233,0.1189913639813779,0.005996601091491704,0.09519309119847319,0.005996601091491702,0.09519309119847316,0.0013541552016280776,0.0013541552016280765,True,True,23
k=50|vol=0.80,50,0.8,2014-06-30,2014-07-31,0.005684462399643457,0.09023804307932427,0.11279755384915534,0.005684462414390301,0.09023804331342317,0.005684462414390301,0.09023804331342317,0.0014142413640467891,0.0014142413640467891,True,True,24
k=50|vol=0.80,50,0.8,2014-07-31,2014-08-29,0.00554399102791395,0.08800812918380196,0.11001016147975246,0.005543991159566984,0.08800813127372908,0.005543991159566982,0.08800813127372906,0.0010179588304214148,0.0010179588304214144,True,True,23
k=50|vol=0.80,50,0.8,2014-08-29,2014-09-30,0.005523788711694252,0.08768742735605313,0.10960928419506641,0.005523788760311525,0.0876874281278284,0.0055237887603115255,0.08768742812782841,0.0013836567369557417,0.001383656736955742,True,True,23
k=50|vol=0.80,50,0.8,2014-09-30,2014-10-31,0.00549797151671528,0.08727759209127137,0.1090969901140892,0.00549797158570686,0.08727759318647875,0.005497971585706859,0.08727759318647874,0.0008786413691995504,0.0008786413691995504,True,True,24
k=50|vol=0.80,50,0.8,2014-10-31,2014-11-28,0.005699711291894213,0.0904801117393126,0.11310013967414075,0.0056997113406952946,0.09048011251400576,0.0056997113406952946,0.09048011251400576,0.0010065645942306729,0.0010065645942306729,True,True,21
k=50|vol=0.80,50,0.8,2014-11-28,2014-12-31,0.005506816399904261,0.08741800025903212,0.10927250032379014,0.005506816424021288,0.08741800064187806,0.005506816424021288,0.08741800064187806,0.001357846251876904,0.001357846251876904,True,True,25
k=50|vol=0.80,50,0.8,2014-12-31,2015-01-30,0.005618129586705507,0.08918504231854117,0.11148130289817645,0.0061006134160461935,0.09684423566281469,0.006100617824293007,0.0968443056415634,0.0009796884111321251,0.0009796723293875936,False,False,28
k=50|vol=0.80,50,0.8,2015-01-30,2015-02-27,0.005773372351141652,0.09164944480378251,0.11456180600472812,0.006482833477049734,0.10291179102790653,0.006482834452813361,0.1029118065176739,0.0008426097811854123,0.0008425131416371706,False,False,26
k=50|vol=0.80,50,0.8,2015-02-27,2015-03-31,0.005711438231835208,0.09066627113965459,0.11333283892456822,0.006297711323265921,0.09997306794142277,0.006297623467556799,0.09997167327527721,0.0009308209483040389,0.0009326629307578448,False,False,25
k=50|vol=0.80,50,0.8,2015-03-31,2015-04-30,0.005844851517915844,0.09278414139902225,0.11598017674877781,0.0069096918646646185,0.1096879578599325,0.006909670548811877,0.10968761948126048,0.0007525436569578865,0.0007536210429061439,False,False,27
k=50|vol=0.80,50,0.8,2015-04-30,2015-05-29,0.005727492919818665,0.09092113141034036,0.11365141426292545,0.006588921233123179,0.10459588194622182,0.006588901216631365,0.10459556419426506,0.0005646218047521965,0.0005645672456939316,False,False,28
k=50|vol=0.80,50,0.8,2015-05-29,2015-06-30,0.005745978342617907,0.09121457839998043,0.11401822299997552,0.00645620807023677,0.10248912579800835,0.006456200436187209,0.10248900461122855,0.0006577247707714354,0.0006587152489501083,False,False,30
k=50|vol=0.80,50,0.8,2015-06-30,2015-07-31,0.005583224371867865,0.08863093921102308,0.11078867401377884,0.006460086529601952,0.1025506944317104,0.006460077736430434,0.10255055484443996,0.00035635020886472604,0.00035586286827545585,False,False,27
k=50|vol=0.80,50,0.8,2015-07-31,2015-08-31,0.005657461948130144,0.08980942419938016,0.1122617802492252,0.006311606293708224,0.10019364375901234,0.006311580725249346,0.10019323787231074,0.0006477430057592943,0.0006478498500279163,False,False,28
k=50|vol=0.80,50,0.8,2015-08-31,2015-09-30,0.0061893869179900736,0.09825347131774959,0.12281683914718698,0.008246655818358374,0.13091160265992063,0.008246662296480346,0.13091170549691883,-3.164725686319654e-05,-3.2087529593944503e-05,False,False,26
k=50|vol=0.80,50,0.8,2015-09-30,2015-10-30,0.006537042427101737,0.10377233143193565,0.12971541428991956,0.00887789570296089,0.1409322251736208,0.008877895222647106,0.1409322175488759,-1.610408573212506e-05,-1.618031057074888e-05,False,False,24
k=50|vol=0.80,50,0.8,2015-10-30,2015-11-30,0.00655478199627471,0.10405393836231834,0.13006742295289792,0.008477301402553677,0.13457298780057653,0.008477296256881808,0.13457290611556794,0.0004987471979587107,0.0004985420696874223,False,False,27
k=50|vol=0.80,50,0.8,2015-11-30,2015-12-31,0.006601673731304782,0.10479832157892177,0.13099790197365221,0.008168863213317118,0.12967668333924642,0.008168845426051919,0.12967640097516508,0.00038133481641054306,0.00038061965030724876,False,False,27
k=50|vol=0.80,50,0.8,2015-12-31,2016-01-29,0.006792890817048704,0.10783379871075137,0.1347922483884392,0.008341947546890193,0.13242431195410065,0.008341945342305302,0.13242427695740044,0.00025988789124796756,0.00025980052870392214,False,False,24
k=50|vol=0.80,50,0.8,2016-01-29,2016-02-29,0.007074597553662075,0.11230575451713468,0.14038219314641834,0.008871980288920094,0.14083832088689727,0.0088719971587242,0.14083858868673527,-0.00012661097675632487,-0.0001262898496618298,False,False,22
k=50|vol=0.80,50,0.8,2016-02-29,2016-03-31,0.007194396440550697,0.11420750288943259,0.14275937861179072,0.008830279371473244,0.14017633934485169,0.00883031213797336,0.14017685949691552,0.00030524618547758203,0.0003056610303942131,False,False,24
k=50|vol=0.80,50,0.8,2016-03-31,2016-04-29,0.007230596642138405,0.11478216327430146,0.14347770409287683,0.0082379211038164,0.13077294336521342,0.008237924169614384,0.1307729920332476,0.0008973803288109159,0.0008973516569090678,False,False,22
k=50|vol=0.80,50,0.8,2016-04-29,2016-05-31,0.00718555623533463,0.11406716898218966,0.14258396122773706,0.007916567490879716,0.12567161290875797,0.007916535914009929,0.12567111164149014,0.0008561437573017596,0.000857216574399622,False,False,24
k=50|vol=0.80,50,0.8,2016-05-31,2016-06-30,0.007224304843132773,0.11468228406149283,0.14335285507686604,0.007557146196291316,0.11996597674046722,0.00755715602416187,0.11996613275307563,0.0008694335779843838,0.0008692502209846032,False,False,27
k=50|vol=0.80,50,0.8,2016-06-30,2016-07-29,0.007446669759264014,0.11821221767182682,0.14776527208978352,0.00789893512558506,0.12539170778718492,0.0078989705408601,0.12539226998724712,0.0009811019895767398,0.000979458366462007,False,False,24
k=50|vol=0.80,50,0.8,2016-07-29,2016-08-31,0.007447028113730552,0.11821790637262485,0.14777238296578105,0.007447028131532719,0.11821790665522548,0.007447028131532719,0.11821790665522548,0.0012754862891225381,0.0012754862891225381,True,True,24
k=50|vol=0.80,50,0.8,2016-08-31,2016-09-30,0.007390125688919044,0.11731460838233804,0.14664326047792253,0.007390126286211593,0.1173146178640633,0.007390125688966944,0.11731460838309843,0.0013452861022702834,0.0013452857857324842,True,True,26
k=50|vol=0.80,50,0.8,2016-09-30,2016-10-31,0.007450304404084258,0.11826991586961731,0.14783739483702163,0.007450304427568002,0.1182699162424102,0.007450304427568002,0.1182699162424102,0.0009595839989053335,0.0009595839989053335,True,True,25
k=50|vol=0.80,50,0.8,2016-10-31,2016-11-30,0.007264160656981359,0.11531497549195349,0.14414371936494186,0.007264161258830859,0.11531498504601813,0.007264160679838776,0.11531497585480374,0.0007938188950503284,0.0007938267009805871,True,True,26
k=50|vol=0.80,50,0.8,2016-11-30,2016-12-30,0.007315816005420698,0.11613497872709477,0.14516872340886847,0.007315816028276387,0.11613497908991759,0.007315816028276387,0.11613497908991759,0.0012359177602680293,0.0012359177602680293,True,True,24
k=50|vol=0.80,50,0.8,2016-12-30,2017-01-31,0.007191774690476684,0.11416588389725897,0.1427073548715737,0.0071917747787943465,0.11416588529925839,0.007191774778794347,0.1141658852992584,0.0014156321224245713,0.0014156321224245716,True,True,25
k=50|vol=0.80,50,0.8,2017-01-31,2017-02-28,0.007025261479431481,0.11152256861866444,0.13940321077333054,0.007025261549931046,0.11152256973781034,0.0070252615499310465,0.11152256973781036,0.0014042601335178101,0.0014042601335178101,True,True,25
k=50|vol=0.80,50,0.8,2017-02-28,2017-03-31,0.006975310702112521,0.11072962461118244,0.13841203076397804,0.00697531076946956,0.11072962568044228,0.0069753107694695594,0.11072962568044227,0.0020494264198116117,0.0020494264198116117,True,True,26
k=50|vol=0.80,50,0.8,2017-03-31,2017-04-28,0.006875272146038665,0.10914156176584595,0.13642695220730744,0.006875272296305765,0.10914156415126222,0.006875272296305765,0.10914156415126222,0.0018468685209578342,0.0018468685209578342,True,True,22
k=50|vol=0.80,50,0.8,2017-04-28,2017-05-31,0.006871079679239145,0.10907500841865742,0.13634376052332176,0.006871079679323302,0.10907500841999336,0.006871079679323302,0.10907500841999336,0.001881610196817112,0.001881610196817112,True,True,21
k=50|vol=0.80,50,0.8,2017-05-31,2017-06-30,0.0068260687200128005,0.10836048159234515,0.13545060199043144,0.0068260687763957665,0.10836048248739699,0.0068260687763957665,0.10836048248739699,0.002122681384506505,0.002122681384506505,True,True,22
k=50|vol=0.80,50,0.8,2017-06-30,2017-07-31,0.006764191918421829,0.10737821781874238,0.13422277227342796,0.0067641919186623625,0.10737821782256073,0.006764191918662363,0.10737821782256074,0.0016145320156069217,0.001614532015606922,True,True,23
k=50|vol=0.80,50,0.8,2017-07-31,2017-08-31,0.006685279390164666,0.10612552026816752,0.13265690033520938,0.006685279390475325,0.10612552027309909,0.006685279390475325,0.10612552027309909,0.0018841964864661069,0.0018841964864661069,True,True,22
k=50|vol=0.80,50,0.8,2017-08-31,2017-09-29,0.006079584626102992,0.09651041397144072,0.1206380174643009,0.006079586882999216,0.09651044979855758,0.0060795846328574946,0.09651041407866513,0.0016421668963081965,0.0016421668594673445,True,True,23
k=50|vol=0.80,50,0.8,2017-09-29,2017-10-31,0.005764987554359915,0.09151634028131275,0.11439542535164093,0.005764987802779757,0.0915163442248555,0.005764987802779755,0.09151634422485547,0.0016585306477662606,0.0016585306477662598,True,True,23
k=50|vol=0.80,50,0.8,2017-10-31,2017-11-30,0.005616892619340023,0.08916540607036733,0.11145675758795914,0.005616892622693559,0.08916540612360307,0.005616892622693559,0.08916540612360307,0.001913593695940011,0.001913593695940011,True,True,24
k=50|vol=0.80,50,0.8,2017-11-30,2017-12-29,0.005521177754068943,0.08764597968869135,0.10955747461086418,0.005521177788905079,0.08764598024169787,0.005521177788905079,0.08764598024169787,0.0020234176792972274,0.0020234176792972274,True,True,22
k=50|vol=0.80,50,0.8,2017-12-29,2018-01-31,0.005240722801485242,0.08319389533773404,0.10399236917216755,0.005240727047230596,0.08319396273685206,0.005240723052546198,0.08319389932320317,0.0018474667189051568,0.0018474804583320118,True,True,22
k=50|vol=0.80,50,0.8,2018-01-31,2018-02-28,0.004761915927859202,0.07559307185587705,0.0944913398198463,0.004761916050883825,0.07559307380883239,0.004761915930037292,0.07559307189045315,0.001962132451160588,0.001962132515935515,True,True,25
k=50|vol=0.80,50,0.8,2018-02-28,2018-03-29,0.005138569161824744,0.08157225658136334,0.10196532072670417,0.006232049448306406,0.09893071799085619,0.006232065079313861,0.098930966125407,0.0004906421084859325,0.0004907232031022489,False,False,27
k=50|vol=0.80,50,0.8,2018-03-29,2018-04-30,0.005395903154462629,0.08565730707178237,0.10707163383972797,0.006657790177708162,0.10568914254878595,0.006657805948741992,0.10568939290618655,0.00036011842581660836,0.00036098563307492536,False,False,24
k=50|vol=0.80,50,0.8,2018-04-30,2018-05-31,0.005571098468284161,0.0884384464591965,0.11054805807399562,0.006675362146376389,0.10596808890363763,0.006675371155654457,0.10596823192149318,0.0003882788293622729,0.00038758744787209895,False,False,27
k=50|vol=0.80,50,0.8,2018-05-31,2018-06-29,0.005560076049989861,0.08826347099327703,0.11032933874159627,0.0065031988850768,0.10323508185783437,0.006503239882306187,0.10323573266867478,0.00023816480627789736,0.00023951349579404567,False,False,25
k=50|vol=0.80,50,0.8,2018-06-29,2018-07-31,0.005311403360840881,0.08431591443322581,0.10539489304153225,0.005952628624525137,0.09449504992570795,0.005952711929749014,0.0944963723551397,0.00027977885325715444,0.00028081454063990795,False,False,26
k=50|vol=0.80,50,0.8,2018-07-31,2018-08-31,0.005308069217923588,0.08426298655525759,0.10532873319407197,0.0056811325088714885,0.09018518270207045,0.005681160298306487,0.09018562384567494,0.0006499866117408287,0.000649950861276065,False,False,28
k=50|vol=0.80,50,0.8,2018-08-31,2018-09-28,0.005327819540533498,0.08457651320689229,0.10572064150861535,0.005345749379136415,0.08486114057083735,0.005345794686395313,0.08486185980127513,0.0007913921798752398,0.0007910613086552279,False,False,29
k=50|vol=0.80,50,0.8,2018-09-28,2018-10-31,0.005178036020238444,0.08219877353571324,0.10274846691964154,0.005178036191443439,0.08219877625350827,0.005178036027255873,0.08219877364711146,0.0011070172891492005,0.001107017217282503,True,True,29
k=50|vol=0.80,50,0.8,2018-10-31,2018-11-30,0.005649122922018876,0.08967704626377883,0.11209630782972353,0.006518211210672923,0.10347339513860279,0.006518243347223435,0.10347390529052669,0.00024542531783599707,0.00024783206999193973,False,False,28
k=50|vol=0.80,50,0.8,2018-11-30,2018-12-31,0.005858141457851875,0.09299511265508059,0.11624389081885073,0.006718355791222066,0.106650591856945,0.006718358633284949,0.10665063697329459,0.0004042953473190784,0.00040451375187925315,False,False,29
k=50|vol=0.80,50,0.8,2018-12-31,2019-01-31,0.006515349748831983,0.10342797084009941,0.12928496355012425,0.008302147632104653,0.13179250789375604,0.008302152070959218,0.13179257835838776,-0.0004681835570458369,-0.0004687950161456243,False,False,24
k=50|vol=0.80,50,0.8,2019-01-31,2019-02-28,0.006756678021629724,0.10725893840500889,0.1340736730062611,0.008257238045476808,0.13107959030755612,0.008257296517745824,0.13108051852605057,0.0004325845133590101,0.00043105677310834755,False,False,23
k=50|vol=0.80,50,0.8,2019-02-28,2019-03-29,0.006786014629180781,0.10772464261235126,0.13465580326543908,0.00763519881389601,0.12120502363262506,0.007635180303172042,0.12120472978399183,0.0007865144355646056,0.000786408881354438,False,False,26
k=50|vol=0.80,50,0.8,2019-03-29,2019-04-30,0.006832069143046394,0.10845573535499359,0.13556966919374197,0.007162268668162256,0.11369749031392277,0.007162271431462029,0.11369753417994675,0.0008286911775107206,0.0008297083359825353,False,False,25
k=50|vol=0.80,50,0.8,2019-04-30,2019-05-31,0.006825568532445995,0.10835254136088124,0.13544067670110155,0.006825568704483883,0.10835254409189804,0.006825568536604545,0.10835254142689617,0.0012321799769484342,0.0012321799865655364,True,True,27
k=50|vol=0.80,50,0.8,2019-05-31,2019-06-28,0.006967177702040616,0.11060051723756366,0.13825064654695457,0.006967177707916891,0.11060051733084662,0.006967177707916891,0.11060051733084662,0.001221410634638753,0.001221410634638753,True,True,21
k=50|vol=0.80,50,0.8,2019-06-28,2019-07-31,0.007033023483973055,0.11164578662081859,0.13955723327602323,0.007033023865873225,0.11164579268329584,0.00703302348441563,0.11164578662784426,0.0014266805697357124,0.0014266815292693748,True,True,27
k=50|vol=0.80,50,0.8,2019-07-31,2019-08-30,0.007051321092801445,0.11193625215610095,0.13992031519512618,0.007051321153752897,0.11193625312367525,0.007051321153752897,0.11193625312367525,0.0015041110451980552,0.0015041110451980552,True,True,22
k=50|vol=0.80,50,0.8,2019-08-30,2019-09-30,0.007380040281503874,0.1171545075029902,0.14644313437873774,0.007380040526675157,0.11715451139496365,0.007380040281829538,0.11715450750815995,0.001004720652294074,0.0010047210537112987,True,True,25
k=50|vol=0.80,50,0.8,2019-09-30,2019-10-31,0.0074060856993939965,0.1175679656941703,0.14695995711771287,0.007406085699518397,0.1175679656961451,0.007406085699518397,0.1175679656961451,0.0012723588666743242,0.0012723588666743242,True,True,24
k=50|vol=0.80,50,0.8,2019-10-31,2019-11-29,0.007510546697518261,0.11922623263062462,0.14903279078828077,0.007510546701615803,0.11922623269567108,0.0075105467016158035,0.11922623269567109,0.0014522458947555438,0.001452245894755544,True,True,22
k=50|vol=0.80,50,0.8,2019-11-29,2019-12-31,0.007509901575013409,0.11921599162834656,0.1490199895354332,0.007509908199821253,0.1192160967939108,0.007509901631021647,0.11921599251744978,0.0016308558385889468,0.001630877861575595,True,True,26
k=50|vol=0.80,50,0.8,2019-12-31,2020-01-31,0.00752529734092336,0.11946039183539314,0.14932548979424143,0.007525297639762401,0.11946039657931586,0.007525297639762401,0.11946039657931586,0.0018134338248244207,0.0018134338248244207,True,True,24
k=50|vol=0.80,50,0.8,2020-01-31,2020-02-28,0.007564431404302118,0.12008162583234294,0.15010203229042868,0.007564435938992066,0.1200816978183142,0.007564431404593952,0.12008162583697567,0.0016968488218832205,0.001696861767618274,True,True,25
k=50|vol=0.80,50,0.8,2020-02-28,2020-03-31,0.007511202172387328,0.11923663797158986,0.14904579746448732,0.007815727730620529,0.12407083134127886,0.007815728789105834,0.12407084814421215,-0.00023959679602675605,-0.00023935362120151306,False,False,26
k=50|vol=0.80,50,0.8,2020-03-31,2020-04-30,0.011739332975497762,0.18635613366568193,0.23294516708210242,0.023248131817126642,0.36905265140979143,0.023248131021051343,0.36905263877248784,-0.0005029598137348335,-0.0005033666669702868,False,False,23
k=50|vol=0.80,50,0.8,2020-04-30,2020-05-29,0.012336981730956457,0.19584351353554771,0.24480439191943462,0.023148025180602168,0.36746350782080606,0.02314802518024624,0.3674635078151559,0.0005312556681039927,0.0005312558162860811,False,False,21
k=50|vol=0.80,50,0.8,2020-05-29,2020-06-30,0.012498991446859889,0.19841533804508793,0.2480191725563599,0.02138800392210566,0.33952403650779395,0.0213880038649612,0.33952403560065375,0.0010169250368892472,0.0010169272745455024,False,False,21
k=50|vol=0.80,50,0.8,2020-06-30,2020-07-31,0.012805387958098241,0.20327923187297486,0.25409903984121857,0.01994032929514705,0.3165429142541698,0.01994032810180367,0.31654289531043095,0.0007632920000221816,0.0007632389560283237,False,False,22
k=50|vol=0.80,50,0.8,2020-07-31,2020-08-31,0.012851088037770563,0.20400469814722766,0.2550058726840346,0.017972262552002422,0.2853008232585447,0.017972262551989346,0.28530082325833717,0.0012715313310553496,0.0012715313381786851,False,False,21
k=50|vol=0.80,50,0.8,2020-08-31,2020-09-30,0.012864240456577527,0.20421348632304084,0.25526685790380105,0.016134041347071068,0.25611996628070155,0.016134042269972313,0.2561199809313046,0.0012884294598075505,0.0012885120420277278,False,False,23
k=50|vol=0.80,50,0.8,2020-09-30,2020-10-30,0.013089624814491987,0.20779135208571464,0.2597391901071433,0.015441873274247338,0.24513213876379897,0.01544187300734505,0.24513213452685648,0.000950219202523261,0.0009498279671368,False,False,22
k=50|vol=0.80,50,0.8,2020-10-30,2020-11-30,0.013044144478736808,0.2070693741380031,0.2588367176725039,0.01440695495284824,0.22870331972968036,0.014406954842618582,0.2287033179798388,0.0005487203869102905,0.0005487969044401034,False,False,24
k=50|vol=0.80,50,0.8,2020-11-30,2020-12-31,0.01302171032224189,0.20671324294424875,0.2583915536803109,0.013542587241175554,0.21498190769128092,0.013542588870499625,0.2149819335559987,0.0010559987658377234,0.001055941458328895,False,False,25
k=50|vol=0.80,50,0.8,2020-12-31,2021-01-29,0.012706153356550317,0.2017039314100845,0.2521299142626056,0.012706153418040688,0.2017039323862139,0.012706153418040687,0.20170393238621387,0.001501519069478914,0.0015015190694789137,True,True,26
k=50|vol=0.80,50,0.8,2021-01-29,2021-02-26,0.012670409152482407,0.20113650976143072,0.25142063720178837,0.0126704092278784,0.201136510958305,0.0126704092278784,0.201136510958305,0.0016388740763979657,0.0016388740763979657,True,True,24
k=50|vol=0.80,50,0.8,2021-02-26,2021-03-31,0.012717352107480035,0.20188170606981204,0.252352132587265,0.012717352494443213,0.20188171221266205,0.012717352247968158,0.20188170829999183,0.0018049959468463014,0.001805005215476678,True,True,24
k=50|vol=0.80,50,0.8,2021-03-31,2021-04-30,0.012773628383800471,0.2027750642609518,0.2534688303261897,0.012773628418429987,0.2027750648106783,0.012773628418429987,0.2027750648106783,0.002026908464933621,0.002026908464933621,True,True,26
k=50|vol=0.80,50,0.8,2021-04-30,2021-05-28,0.012806015798082866,0.20328919852374963,0.25411149815468703,0.012806015821677752,0.20328919889830682,0.012806015821677752,0.20328919889830682,0.0024825647958356977,0.0024825647958356977,True,True,25
k=50|vol=0.80,50,0.8,2021-05-28,2021-06-30,0.012788889610551614,0.20301732872506353,0.2537716609063294,0.012788889611192589,0.2030173287352387,0.012788889611192589,0.2030173287352387,0.0024098584145068234,0.0024098584145068234,True,True,23
k=50|vol=0.80,50,0.8,2021-06-30,2021-07-30,0.012757546320374362,0.2025197694185863,0.25314971177323287,0.012757546320405721,0.2025197694190841,0.01275754632040572,0.20251976941908406,0.00224743736713548,0.00224743736713548,True,True,21
k=50|vol=0.80,50,0.8,2021-07-30,2021-08-31,0.01278180585136104,0.20290487753406916,0.25363109691758645,0.011441895459760371,0.18163445948234994,0.011441895459760371,0.18163445948234994,0.002250512675829304,0.002250512675829304,True,True,20
k=50|vol=0.80,50,0.8,2021-08-31,2021-09-30,0.012586004502440637,0.19979662748038296,0.24974578435047867,0.011298636362040431,0.17936029180866317,0.011298636362040431,0.17936029180866317,0.002326441501177392,0.002326441501177392,True,True,21
k=50|vol=0.80,50,0.8,2021-09-30,2021-10-29,0.012625495268322873,0.20042352395403018,0.2505294049425377,0.01262549540876705,0.20042352618351236,0.01262549540876705,0.20042352618351236,0.0015776343101011256,0.0015776343101011256,True,True,21
k=50|vol=0.80,50,0.8,2021-10-29,2021-11-30,0.012614405576261938,0.20024748055017302,0.25030935068771626,0.011286546925975667,0.17916837796075288,0.011286546925975667,0.17916837796075288,0.002228641609894965,0.002228641609894965,True,True,20
k=50|vol=0.80,50,0.8,2021-11-30,2021-12-31,0.012668153453007439,0.20110070164237112,0.2513758770529639,0.011287804388735698,0.1791883395632287,0.0112878043887357,0.17918833956322872,0.0019684395506696906,0.0019684395506696906,True,True,20
k=50|vol=0.80,50,0.8,2021-12-31,2022-01-31,0.012762968652787808,0.20260584627713768,0.2532573078464221,0.011288449828417752,0.17919858560053872,0.011288449828417754,0.17919858560053875,0.002218764016537544,0.0022187640165375446,True,True,20
k=50|vol=0.80,50,0.8,2022-01-31,2022-02-28,0.012850209377102592,0.20399074984154209,0.2549884373019276,0.011661155402322433,0.18511510316533508,0.011661155402322433,0.18511510316533508,0.0015920426219464049,0.0015920426219464049,True,True,20
k=50|vol=0.80,50,0.8,2022-02-28,2022-03-31,0.012788823557137051,0.20301628015961445,0.25377035019951805,0.011338970848074328,0.18000058192449497,0.011338970848074328,0.18000058192449497,0.0015794288876770407,0.0015794288876770407,True,True,20
k=50|vol=0.80,50,0.8,2022-03-31,2022-04-29,0.008997401951235473,0.14282932805193815,0.1785366600649227,0.00899740208649275,0.14282933019908087,0.008997402086492749,0.14282933019908084,0.0018984436177878188,0.0018984436177878188,True,True,22
k=50|vol=0.80,50,0.8,2022-04-29,2022-05-31,0.008560089163235796,0.13588720275876542,0.16985900344845678,0.008775533232429501,0.13930727132994744,0.008775545907904577,0.13930747254687623,0.00022598299141654118,0.00022645817599435057,False,False,27
k=50|vol=0.80,50,0.8,2022-05-31,2022-06-30,0.00884551663298233,0.14041822337253984,0.1755227792156748,0.009277034474989709,0.14726835674997257,0.0092770372494617,0.14726840079335002,0.0005271294767278932,0.0005268719025696849,False,False,25
k=50|vol=0.80,50,0.8,2022-06-30,2022-07-29,0.008885169826558476,0.14104769830589178,0.1763096228823647,0.010301294295029696,0.16352797732042204,0.010301300627524197,0.16352807784565582,-0.00022035473469807405,-0.0002191241350908811,False,False,23
k=50|vol=0.80,50,0.8,2022-07-29,2022-08-31,0.009001370864810378,0.142892332601704,0.17861541575213,0.010022627845447697,0.15910428457443432,0.010022618957232268,0.15910414347838855,0.00017171077501648146,0.00017165500321978202,False,False,23
k=50|vol=0.80,50,0.8,2022-08-31,2022-09-30,0.009183208126813867,0.14577890964778076,0.18222363705972594,0.009813128022728448,0.1557785779906708,0.009813127471090257,0.155778569233686,-0.00011672919363705677,-0.00011673415983350204,False,False,22
k=50|vol=0.80,50,0.8,2022-09-30,2022-10-31,0.009196484717916755,0.14598966899768237,0.18248708624710297,0.010432883125698504,0.16561688524800278,0.010432892184148487,0.1656170290464383,-0.0007885540655332268,-0.0007903163335132796,False,False,23
k=50|vol=0.80,50,0.8,2022-10-31,2022-11-30,0.009405060260697784,0.14930070309229587,0.18662587886536983,0.011889515629865456,0.18874020939383684,0.011889519982645508,0.188740278492078,0.00017639730292639944,0.0001767620668722686,False,False,23
k=50|vol=0.80,50,0.8,2022-11-30,2022-12-30,0.009653010503337776,0.1532367911695571,0.19154598896194636,0.011836316542292537,0.1878957000596759,0.011836336514107806,0.1878960171024145,0.0010771819117951133,0.0010793217538455984,False,False,23
k=50|vol=0.80,50,0.8,2022-12-30,2023-01-31,0.009791788249216303,0.1554398195881853,0.19429977448523164,0.011200434207699402,0.17780138093708028,0.011200401911447073,0.17780086824996866,0.0005273679235644792,0.0005287219626113606,False,False,24
k=50|vol=0.80,50,0.8,2023-01-31,2023-02-28,0.009805581640716415,0.155658782890058,0.1945734786125725,0.010640499286634525,0.16891268962797082,0.010640492518207771,0.16891258218252708,0.000500589635676005,0.0005007062254044731,False,False,22
k=50|vol=0.80,50,0.8,2023-02-28,2023-03-31,0.00982354216732935,0.1559438974110595,0.19492987176382434,0.0100236480246376,0.15912047941700955,0.010023641914990616,0.15912038242937043,3.0231289798184177e-05,3.090818401615112e-05,False,False,24
k=50|vol=0.80,50,0.8,2023-03-31,2023-04-28,0.009857210370997889,0.15647836357504286,0.19559795446880354,0.010308976090943509,0.16364992205008386,0.010308979256966593,0.16364997230914222,0.0002847022192635041,0.00028421474487294823,False,False,23
k=50|vol=0.80,50,0.8,2023-04-28,2023-05-31,0.009866454777415684,0.15662511397744225,0.1957813924718028,0.009866454802269591,0.15662511437198579,0.009866454802269591,0.15662511437198579,0.0008739176564508274,0.0008739176564508274,True,True,25
k=50|vol=0.80,50,0.8,2023-05-31,2023-06-30,0.009853059738274073,0.15641247432321817,0.1955155929040227,0.009853059747746843,0.15641247447359372,0.009853059747746843,0.15641247447359372,0.0008205774663204748,0.0008205774663204748,True,True,23
k=50|vol=0.80,50,0.8,2023-06-30,2023-07-31,0.009879873836765155,0.15683813494064494,0.19604766867580617,0.009879873837560432,0.15683813495326956,0.009879873837560432,0.15683813495326956,0.0014718700501225427,0.0014718700501225427,True,True,25
k=50|vol=0.80,50,0.8,2023-07-31,2023-08-31,0.00984889706233164,0.1563463938912248,0.19543299236403097,0.009848897127056912,0.15634639491870664,0.009848897127056912,0.15634639491870664,0.0018433312920994817,0.0018433312920994817,True,True,24
k=50|vol=0.80,50,0.8,2023-08-31,2023-09-29,0.009893742870216304,0.1570582990212644,0.19632287377658048,0.009893743175676277,0.15705830387029115,0.009893743175676277,0.15705830387029115,0.0018618922486272169,0.0018618922486272169,True,True,22
k=50|vol=0.80,50,0.8,2023-09-29,2023-10-31,0.009878839106888776,0.15682170911308277,0.19602713639135344,0.00987883912827479,0.15682170945257523,0.009878839128274789,0.1568217094525752,0.0011395590558343689,0.0011395590558343687,True,True,21
k=50|vol=0.80,50,0.8,2023-10-31,2023-11-30,0.009900940014448665,0.15717255014399653,0.19646568767999564,0.009900940017274304,0.15717255018885218,0.009900940017274304,0.15717255018885218,0.000890074908022118,0.000890074908022118,True,True,21
k=50|vol=0.80,50,0.8,2023-11-30,2023-12-29,0.00992867039897421,0.15761275635128524,0.19701594543910653,0.009928670414415114,0.157612756596402,0.009928670414415114,0.157612756596402,0.0016513103180752454,0.0016513103180752454,True,True,21
k=50|vol=0.80,50,0.8,2023-12-29,2024-01-31,0.009795076527845009,0.15549201939314358,0.19436502424142946,0.009795076945300994,0.1554920260200519,0.009795076527979708,0.15549201939528187,0.0021075647745701412,0.0021075647327527744,True,True,22
k=50|vol=0.80,50,0.8,2024-01-31,2024-02-29,0.00973672625074243,0.1545657374602728,0.193207171825341,0.00973672681714517,0.15456574645163756,0.00973672681714517,0.15456574645163756,0.0020330126705637684,0.0020330126705637684,True,True,23
k=50|vol=0.80,50,0.8,2024-02-29,2024-03-28,0.009515322257025635,0.15105105802036592,0.1888138225254574,0.009515322257180011,0.15105105802281657,0.00951532225718001,0.15105105802281654,0.002383586486808482,0.0023835864868084816,True,True,22
k=50|vol=0.80,50,0.8,2024-03-28,2024-04-30,0.009273258202569868,0.14720841028373818,0.1840105128546727,0.009273258209880678,0.1472084103997937,0.009273258209880678,0.1472084103997937,0.002371189651156667,0.0023711896511566665,True,True,21
k=50|vol=0.80,50,0.8,2024-04-30,2024-05-31,0.009129967956277529,0.14493374814179383,0.18116718517724228,0.009129967958036105,0.14493374816971036,0.009129967958036105,0.14493374816971036,0.0015937607180721777,0.0015937607180721777,True,True,21
k=50|vol=0.80,50,0.8,2024-05-31,2024-06-28,0.008486783549015883,0.13472351220918102,0.16840439026147627,0.008486783859207293,0.134723517133317,0.008486783859207293,0.134723517133317,0.0017654729693817688,0.0017654729693817688,True,True,22
k=50|vol=0.80,50,0.8,2024-06-28,2024-07-31,0.007974611948624127,0.1265930401098218,0.15824130013727725,0.007974612316902673,0.1265930459560625,0.007974612316902673,0.1265930459560625,0.0016278361224941838,0.0016278361224941833,True,True,21
k=50|vol=0.80,50,0.8,2024-07-31,2024-08-30,0.007840413712433183,0.12446270915375333,0.15557838644219166,0.007840413712507122,0.12446270915492708,0.007840413712507122,0.12446270915492708,0.0016040402437192249,0.0016040402437192249,True,True,22
k=50|vol=0.80,50,0.8,2024-08-30,2024-09-30,0.007813437751798344,0.12403447905445221,0.15504309881806527,0.007813437752770202,0.12403447906987998,0.007813437752770202,0.12403447906987998,0.001938893618016715,0.001938893618016715,True,True,21
k=50|vol=0.80,50,0.8,2024-09-30,2024-10-31,0.007576848628112818,0.1202787431494046,0.15034842893675573,0.007576851313751214,0.12027878578259245,0.00757684862848902,0.12027874315537662,0.001938827386799411,0.001938966317783645,True,True,21
k=50|vol=0.80,50,0.8,2024-10-31,2024-11-29,0.00703195195684553,0.11162877665500365,0.13953597081875455,0.007031952119910342,0.1116287792435773,0.007031952119910342,0.1116287792435773,0.0015936853773080232,0.0015936853773080232,True,True,22
k=50|vol=0.80,50,0.8,2024-11-29,2024-12-31,0.006639416197630074,0.1053974646574995,0.13174683082187436,0.00663941619771493,0.10539746465884653,0.006639416197714931,0.10539746465884654,0.0021004905410450985,0.0021004905410450985,True,True,24
k=50|vol=0.80,50,0.8,2024-12-31,2025-01-31,0.006466767081855328,0.10265674491100843,0.12832093113876053,0.006466767611454207,0.10265675331813,0.006466767149321426,0.10265674598199953,0.0010097005704226723,0.001009708806798255,True,True,27
k=50|vol=0.80,50,0.8,2025-01-31,2025-02-28,0.006404132239951027,0.10166244762048866,0.12707805952561083,0.006404132739873532,0.1016624555565124,0.006404132251993179,0.1016624478116519,0.001363584746940808,0.0013635986006126503,True,True,26
k=50|vol=0.80,50,0.8,2025-02-28,2025-03-31,0.006315326420468626,0.10025269894053429,0.12531587367566785,0.00631532648345136,0.1002526999403542,0.006315326483451359,0.10025269994035418,0.0013653935960305816,0.0013653935960305816,True,True,27
k=50|vol=0.80,50,0.8,2025-03-31,2025-04-30,0.0064287816015702985,0.10205374410541522,0.12756718013176901,0.0064287816973651705,0.10205374562611166,0.0064287816973651705,0.10205374562611166,0.0009314653425228745,0.0009314653425228745,True,True,26
k=50|vol=0.80,50,0.8,2025-04-30,2025-05-30,0.008248469676456609,0.13094039676456956,0.16367549595571193,0.009987171143702274,0.15854142688366044,0.00998716619217222,0.15854134828055763,0.0003851962391678417,0.00038528895404063427,False,False,22
k=50|vol=0.80,50,0.8,2025-05-30,2025-06-30,0.008308118907503716,0.13188729895205084,0.16485912369006356,0.009669782848475809,0.15350304389438857,0.009669778589143472,0.1535029762795839,0.0006075164567834262,0.0006062477521713947,False,False,25
k=50|vol=0.80,50,0.8,2025-06-30,2025-07-31,0.008298273586151686,0.13173100932080092,0.16466376165100116,0.00902605527606968,0.14328418548241695,0.009026059131520929,0.1432842466858081,0.0005600864225990196,0.0005599291086699113,False,False,25
k=50|vol=0.80,50,0.8,2025-07-31,2025-08-29,0.008276294074345129,0.13138209538772838,0.16422761923466048,0.008438353947104406,0.1339547161126713,0.008438346755995448,0.13395460195735556,0.0005463441698980156,0.0005471156865485195,False,False,26
k=50|vol=0.80,50,0.8,2025-08-29,2025-09-30,0.00826983045292699,0.13127948857868077,0.16409936072335096,0.008269831428021537,0.13127950405782682,0.008269830508985537,0.13127948946858262,0.0012791746098608963,0.0012791820064746114,True,True,24
k=50|vol=0.80,50,0.8,2025-09-30,2025-10-31,0.008201013279256989,0.1301870498139138,0.16273381226739222,0.008201013329703135,0.13018705061472152,0.008201013329703135,0.13018705061472152,0.0013849976765061296,0.0013849976765061296,True,True,24
k=50|vol=0.80,50,0.8,2025-10-31,2025-11-28,0.008203519437844404,0.1302268338481241,0.16278354231015513,0.008203520151291305,0.13022684517374256,0.008203519438137599,0.13022683385277845,0.001552995924551684,0.0015529980734368348,True,True,24
k=50|vol=0.80,50,0.8,2025-11-28,2025-12-31,0.0082311867515911,0.13066603883783784,0.16333254854729728,0.008231190682913123,0.13066610124564024,0.00823118675349558,0.13066603886807054,0.0017969463566372195,0.0017969491016088036,True,True,23
k=50|vol=0.80,50,0.8,2025-12-31,2026-01-30,0.008225002590823337,0.130567868329083,0.16320983541135373,0.008225002596100558,0.13056786841285628,0.008225002596100558,0.13056786841285628,0.0013911527834169493,0.0013911527834169493,True,True,24
k=50|vol=0.80,50,0.8,2026-01-30,2026-02-27,0.008235528524319,0.13073496234316098,0.16341870292895122,0.008235528799904183,0.13073496671794013,0.00823552852436526,0.13073496234389534,0.0018233575925354815,0.0018233575201973247,True,True,23
k=50|vol=0.80,50,0.8,2026-02-27,2026-03-31,0.00822131586299421,0.1305093433391583,0.1631366791739479,0.008221316781146041,0.13050935791436677,0.00822131586369772,0.13050934335032618,0.0023695181355137995,0.0023695709796748648,True,True,24
k=50|vol=0.80,50,0.8,2026-03-31,2026-04-30,0.008387499519815128,0.133147427106627,0.16643428388328374,0.008387499611262693,0.13314742855831208,0.008387499611262693,0.13314742855831208,0.0018238728661761016,0.0018238728661761016,True,True,24
k=50|vol=0.80,50,0.8,2026-04-30,2026-05-26,0.008399259471088227,0.13333411054562014,0.16666763818202518,0.00839925953243237,0.13333411151942823,0.00839925953243237,0.13333411151942823,0.0023697126107096577,0.0023697126107096577,True,True,22
k=50|vol=1.00,50,1.0,2010-07-30,2010-08-31,0.012737137968759799,0.2021957968803409,0.2021957968803409,0.012737137968841069,0.20219579688163103,0.01273713796884107,0.20219579688163106,0.0012623876468329227,0.001262387646832923,True,True,22
k=50|vol=1.00,50,1.0,2010-08-31,2010-09-30,0.012517287389436228,0.19870577712943902,0.19870577712943902,0.012517287414267457,0.19870577752362256,0.012517287414267456,0.19870577752362253,0.0012034452911352301,0.00120344529113523,True,True,21
k=50|vol=1.00,50,1.0,2010-09-30,2010-10-29,0.012308535207840398,0.19539193898057045,0.19539193898057045,0.012308535208880684,0.19539193899708449,0.012308535208880683,0.19539193899708446,0.00186946725886852,0.0018694672588685198,True,True,21
k=50|vol=1.00,50,1.0,2010-10-29,2010-11-30,0.011854719800580652,0.18818784272813774,0.18818784272813774,0.011854719800890904,0.18818784273306283,0.011854719800890904,0.18818784273306283,0.0021020047603364954,0.0021020047603364954,True,True,22
k=50|vol=1.00,50,1.0,2010-11-30,2010-12-31,0.011634348757903066,0.18468956087762836,0.18468956087762836,0.011634348761698641,0.18468956093788125,0.011634348761698641,0.18468956093788125,0.0020297587437508955,0.0020297587437508955,True,True,21
k=50|vol=1.00,50,1.0,2010-12-31,2011-01-31,0.011247158878943495,0.178543112098299,0.178543112098299,0.011247159113638928,0.17854311582397353,0.011247159113638928,0.17854311582397353,0.0022648099894063867,0.0022648099894063867,True,True,22
k=50|vol=1.00,50,1.0,2011-01-31,2011-02-28,0.010958566554134599,0.17396185096794115,0.17396185096794115,0.010958566554483611,0.17396185097348155,0.010958566554483611,0.17396185097348155,0.002092096603473208,0.002092096603473208,True,True,21
k=50|vol=1.00,50,1.0,2011-02-28,2011-03-31,0.010754937077917852,0.17072933324591,0.17072933324591,0.010754937084414657,0.17072933334904358,0.010754937084414657,0.17072933334904358,0.0022041270891355134,0.0022041270891355134,True,True,21
k=50|vol=1.00,50,1.0,2011-03-31,2011-04-29,0.01070648401158731,0.16996016466329522,0.16996016466329522,0.010706484018912684,0.16996016477958195,0.010706484018912684,0.16996016477958195,0.0020069321221987922,0.0020069321221987922,True,True,22
k=50|vol=1.00,50,1.0,2011-04-29,2011-05-31,0.010466520041141888,0.1661508547268098,0.1661508547268098,0.010466520045728112,0.16615085479961383,0.010466520045728112,0.16615085479961383,0.002344717663424941,0.002344717663424941,True,True,21
k=50|vol=1.00,50,1.0,2011-05-31,2011-06-30,0.010281785120383507,0.1632182787740344,0.1632182787740344,0.010140327939539926,0.16097271564397594,0.010140327939539926,0.16097271564397594,0.0018961055780172126,0.0018961055780172126,True,True,20
k=50|vol=1.00,50,1.0,2011-06-30,2011-07-29,0.010279902804101501,0.16318839792940865,0.16318839792940865,0.009855979683599619,0.15645882701825797,0.009855979683599619,0.15645882701825797,0.0016843640171201964,0.0016843640171201964,True,True,20
k=50|vol=1.00,50,1.0,2011-07-29,2011-08-31,0.010251660450614025,0.16274006446680642,0.16274006446680642,0.009652419646518912,0.15322741160833814,0.009652419646518914,0.15322741160833817,0.0012418216169851446,0.001241821616985145,True,True,20
k=50|vol=1.00,50,1.0,2011-08-31,2011-09-30,0.011985979308272908,0.1902715228155366,0.1902715228155366,0.012556810447598803,0.1993331862271445,0.012556810447554752,0.19933318622644522,0.0006082987533825088,0.0006082987679443209,False,False,21
k=50|vol=1.00,50,1.0,2011-09-30,2011-10-31,0.012351760963591082,0.19607812658026522,0.19607812658026522,0.01277880443050587,0.20285723145509343,0.012778802552141767,0.2028572016369877,0.0002678995558624951,0.00026772939198949335,False,False,22
k=50|vol=1.00,50,1.0,2011-10-31,2011-11-30,0.012692285147350619,0.20148378041405118,0.20148378041405118,0.013027925844152553,0.20681191129571327,0.013027945314763076,0.2068122203820732,0.0008908285109914094,0.0008909028449645634,False,False,22
k=50|vol=1.00,50,1.0,2011-11-30,2011-12-30,0.013020606870138042,0.20669572618514606,0.20669572618514606,0.013169911139875114,0.20906585798957245,0.01316991235453303,0.2090658772716691,0.000883051677782879,0.0008830633902093674,False,False,22
k=50|vol=1.00,50,1.0,2011-12-30,2012-01-31,0.012964026855757172,0.2057975463017766,0.2057975463017766,0.012964026878345672,0.20579754666035793,0.012964026878345672,0.20579754666035793,0.0011502154316244979,0.0011502154316244979,True,True,21
k=50|vol=1.00,50,1.0,2012-01-31,2012-02-29,0.01284275945166159,0.2038724859415249,0.2038724859415249,0.012842759458632513,0.20387248605218486,0.012842759458632513,0.20387248605218486,0.001363879162125238,0.001363879162125238,True,True,21
k=50|vol=1.00,50,1.0,2012-02-29,2012-03-30,0.012725713338137476,0.20201443649165626,0.20201443649165626,0.012725713343311273,0.20201443657378773,0.012725713343311271,0.2020144365737877,0.0016933469257969795,0.0016933469257969793,True,True,23
k=50|vol=1.00,50,1.0,2012-03-30,2012-04-30,0.012770128292361356,0.20271950203186848,0.20271950203186848,0.012770128381430521,0.20271950344579764,0.012770128381430523,0.20271950344579767,0.002077533913585674,0.002077533913585674,True,True,24
k=50|vol=1.00,50,1.0,2012-04-30,2012-05-31,0.012755775211635295,0.20249165393897572,0.20249165393897572,0.012755775223953362,0.20249165413451897,0.012755775223953363,0.202491654134519,0.002119672035231857,0.0021196720352318573,True,True,21
k=50|vol=1.00,50,1.0,2012-05-31,2012-06-29,0.012163077211949085,0.19308286488056484,0.19308286488056484,0.01216307740148368,0.19308286788933324,0.01216307740148368,0.19308286788933324,0.0013738029361125195,0.0013738029361125195,True,True,21
k=50|vol=1.00,50,1.0,2012-06-29,2012-07-31,0.0120595808542895,0.1914399111367553,0.1914399111367553,0.012059580883391267,0.19143991159873153,0.012059580883391267,0.19143991159873153,0.0016736037221770275,0.0016736037221770275,True,True,21
k=50|vol=1.00,50,1.0,2012-07-31,2012-08-31,0.011885197411202735,0.1886716597977067,0.1886716597977067,0.011885197411953355,0.18867165980962242,0.011885197472500253,0.18867166077077463,0.0015052183593002911,0.0015053276207046935,True,True,21
k=50|vol=1.00,50,1.0,2012-08-31,2012-09-28,0.011676681037156167,0.18536156497763384,0.18536156497763384,0.011676681095785107,0.1853615659083394,0.011676681095785107,0.1853615659083394,0.0015784316225541913,0.0015784316225541913,True,True,21
k=50|vol=1.00,50,1.0,2012-09-28,2012-10-31,0.011651097054395607,0.1849554318420478,0.1849554318420478,0.011651097450180517,0.18495543812493848,0.011651097450180515,0.18495543812493845,0.001703457828205018,0.001703457828205018,True,True,21
k=50|vol=1.00,50,1.0,2012-10-31,2012-11-30,0.011656708847366078,0.18504451629370208,0.18504451629370208,0.011656708849920467,0.18504451633425176,0.011656708849920467,0.18504451633425176,0.0016626637905923407,0.0016626637905923407,True,True,21
k=50|vol=1.00,50,1.0,2012-11-30,2012-12-31,0.01166365264397906,0.18515474564765746,0.18515474564765746,0.011375723910530624,0.18058401870357127,0.01137572391053062,0.18058401870357121,0.0016718225950511272,0.0016718225950511268,True,True,20
k=50|vol=1.00,50,1.0,2012-12-31,2013-01-31,0.011685966764166918,0.18550897132411115,0.18550897132411115,0.011685966764280497,0.18550897132591415,0.011685966764280499,0.18550897132591418,0.0016780823550055955,0.001678082355005596,True,True,21
k=50|vol=1.00,50,1.0,2013-01-31,2013-02-28,0.0116965939139983,0.1856776720977067,0.1856776720977067,0.011569781804874982,0.18366459227387538,0.011569781804874982,0.18366459227387538,0.001887193684710507,0.001887193684710507,True,True,20
k=50|vol=1.00,50,1.0,2013-02-28,2013-03-28,0.0117181647858455,0.1860200990725299,0.1860200990725299,0.010764421422614766,0.1708798925504087,0.010764421422614768,0.17087989255040872,0.0017641761779974114,0.0017641761779974116,True,True,21
k=50|vol=1.00,50,1.0,2013-03-28,2013-04-30,0.01156528716132542,0.18359324201949126,0.18359324201949126,0.00931788891490123,0.14791690087772486,0.009317888914901228,0.14791690087772483,0.00216282837172949,0.0021628283717294895,True,True,20
k=50|vol=1.00,50,1.0,2013-04-30,2013-05-31,0.011649222608147398,0.1849256759303355,0.1849256759303355,0.011018061257916663,0.17490630011113792,0.011018061257916663,0.17490630011113792,0.0022435221280107946,0.0022435221280107946,True,True,20
k=50|vol=1.00,50,1.0,2013-05-31,2013-06-28,0.01165638655618533,0.18503940007981803,0.18503940007981803,0.011264021565829022,0.17881079895391175,0.011264021565829022,0.17881079895391175,0.002444381041613124,0.002444381041613124,True,True,21
k=50|vol=1.00,50,1.0,2013-06-28,2013-07-31,0.011672570934578574,0.1852963191219342,0.1852963191219342,0.01046546790393063,0.16613415256637318,0.01046546790393063,0.16613415256637318,0.0017812492070385048,0.0017812492070385048,True,True,21
k=50|vol=1.00,50,1.0,2013-07-31,2013-08-30,0.011530646523189518,0.1830433389369062,0.1830433389369062,0.01032347477832934,0.1638800815770425,0.01032347477832934,0.1638800815770425,0.0020438679949327052,0.0020438679949327052,True,True,21
k=50|vol=1.00,50,1.0,2013-08-30,2013-09-30,0.009895374911908743,0.15708420687994928,0.15708420687994928,0.009720998621955492,0.15431606909337495,0.009720998621955492,0.15431606909337495,0.0016857591816782723,0.0016857591816782723,True,True,21
k=50|vol=1.00,50,1.0,2013-09-30,2013-10-31,0.009347619309654387,0.14838885626310466,0.14838885626310466,0.009347621561516462,0.1483888920103069,0.00934762156151646,0.14838889201030686,0.002229751651087909,0.0022297516510879087,True,True,22
k=50|vol=1.00,50,1.0,2013-10-31,2013-11-29,0.008663683205967927,0.13753170720502753,0.13753170720502753,0.00866368320786649,0.13753170723516628,0.00866368320786649,0.13753170723516628,0.002526398228273492,0.002526398228273492,True,True,22
k=50|vol=1.00,50,1.0,2013-11-29,2013-12-31,0.007964368330017945,0.1264304277056777,0.1264304277056777,0.007964368357669371,0.12643042814463049,0.007964368357669371,0.12643042814463049,0.002241158389192418,0.002241158389192418,True,True,25
k=50|vol=1.00,50,1.0,2013-12-31,2014-01-31,0.0075066249759623855,0.1191639772309361,0.1191639772309361,0.0075066249894776725,0.11916397744548463,0.0075066249894776725,0.11916397744548463,0.0020533610632622688,0.0020533610632622688,True,True,25
k=50|vol=1.00,50,1.0,2014-01-31,2014-02-28,0.007591959361035707,0.12051861859805589,0.12051861859805589,0.007591959440326607,0.1205186198567599,0.007591959440326607,0.1205186198567599,0.0013673035767254999,0.0013673035767254999,True,True,24
k=50|vol=1.00,50,1.0,2014-02-28,2014-03-31,0.00767194795738682,0.12178839820005292,0.12178839820005292,0.00767194823323661,0.12178840257903259,0.007671947961080793,0.12178839825869293,0.0018070976018407041,0.0018070976155258242,True,True,24
k=50|vol=1.00,50,1.0,2014-03-31,2014-04-30,0.0076374539533306815,0.12124082286132055,0.12124082286132055,0.007637455207386272,0.12124084276883589,0.007637453954246764,0.12124082287586291,0.0016099307111314542,0.0016099317095811846,True,True,24
k=50|vol=1.00,50,1.0,2014-04-30,2014-05-30,0.007602426633589571,0.12068478139855182,0.12068478139855182,0.007602426634111689,0.12068478140684019,0.007602426636826268,0.12068478144993279,0.0013717315656055916,0.0013718292518932085,True,True,21
k=50|vol=1.00,50,1.0,2014-05-30,2014-06-30,0.007495751363311773,0.1189913639813779,0.1189913639813779,0.00749575162514801,0.1189913681378993,0.00749575162514801,0.1189913681378993,0.0015187447704870345,0.0015187447704870345,True,True,22
k=50|vol=1.00,50,1.0,2014-06-30,2014-07-31,0.007105577999554321,0.11279755384915534,0.11279755384915534,0.007105578525612731,0.1127975622000737,0.007105578525612731,0.1127975622000737,0.001664636807797708,0.001664636807797708,True,True,22
k=50|vol=1.00,50,1.0,2014-07-31,2014-08-29,0.006929988784892437,0.11001016147975246,0.11001016147975246,0.0069299889801541035,0.11001016457943531,0.0069299889801541035,0.11001016457943531,0.0012032220222847742,0.0012032220222847742,True,True,21
k=50|vol=1.00,50,1.0,2014-08-29,2014-09-30,0.0069047358896178156,0.10960928419506641,0.10960928419506641,0.0069047359053783595,0.10960928444525729,0.0069047359053783595,0.10960928444525729,0.001522239443387277,0.0015222394433872773,True,True,22
k=50|vol=1.00,50,1.0,2014-09-30,2014-10-31,0.0068724643958941,0.1090969901140892,0.1090969901140892,0.006872464397211095,0.10909699013499585,0.006872464397211094,0.10909699013499584,0.0010923940134038646,0.0010923940134038646,True,True,22
k=50|vol=1.00,50,1.0,2014-10-31,2014-11-28,0.007124639114867766,0.11310013967414075,0.11310013967414075,0.007124639114877452,0.1131001396742945,0.007124639114877452,0.1131001396742945,0.001540285363580794,0.001540285363580794,True,True,23
k=50|vol=1.00,50,1.0,2014-11-28,2014-12-31,0.006883520499880325,0.10927250032379014,0.10927250032379014,0.006883520500970268,0.10927250034109244,0.006883520500970268,0.10927250034109244,0.001850517948642403,0.001850517948642403,True,True,21
k=50|vol=1.00,50,1.0,2014-12-31,2015-01-30,0.007022661983381883,0.11148130289817645,0.11148130289817645,0.007022662031268016,0.11148130365834524,0.007022662031268016,0.11148130365834524,0.0015750413340130582,0.0015750413340130582,True,True,23
k=50|vol=1.00,50,1.0,2015-01-30,2015-02-27,0.007216715438927064,0.11456180600472812,0.11456180600472812,0.007216715439134019,0.11456180600801343,0.007216715439134019,0.11456180600801343,0.00149497838095762,0.00149497838095762,True,True,21
k=50|vol=1.00,50,1.0,2015-02-27,2015-03-31,0.00713929778979401,0.11333283892456822,0.11333283892456822,0.007139297798225722,0.1133328390584175,0.007139297798225722,0.1133328390584175,0.0016127817524074824,0.0016127817524074824,True,True,23
k=50|vol=1.00,50,1.0,2015-03-31,2015-04-30,0.0073060643973948056,0.11598017674877781,0.11598017674877781,0.007306064458789379,0.11598017772338645,0.007306064458789379,0.11598017772338645,0.0011603431469125547,0.0011603431469125547,True,True,27
k=50|vol=1.00,50,1.0,2015-04-30,2015-05-29,0.007159366149773331,0.11365141426292545,0.11365141426292545,0.0071593665229604045,0.11365142018708659,0.007159366739316255,0.11365142362162924,0.0011628353355148866,0.0011628433616737827,True,True,25
k=50|vol=1.00,50,1.0,2015-05-29,2015-06-30,0.007182472928272383,0.11401822299997552,0.11401822299997552,0.0071824731194713495,0.11401822603516502,0.007182472928476755,0.11401822300321983,0.0013330657515935706,0.001333065651072915,True,True,27
k=50|vol=1.00,50,1.0,2015-06-30,2015-07-31,0.006979030464834831,0.11078867401377884,0.11078867401377884,0.006979030524921367,0.11078867496762303,0.006979030524921367,0.11078867496762303,0.0009065892231908352,0.0009065892231908352,True,True,27
k=50|vol=1.00,50,1.0,2015-07-31,2015-08-31,0.0070718274351626795,0.1122617802492252,0.1122617802492252,0.007071827435997512,0.11226178026247775,0.0070718274359975125,0.11226178026247777,0.0013066666414351933,0.0013066666414351933,True,True,22
k=50|vol=1.00,50,1.0,2015-08-31,2015-09-30,0.007736733647487592,0.12281683914718698,0.12281683914718698,0.008246655818358374,0.13091160265992063,0.008246662296480346,0.13091170549691883,-3.164725686319654e-05,-3.2087529593944503e-05,False,False,26
k=50|vol=1.00,50,1.0,2015-09-30,2015-10-30,0.008171303033877171,0.12971541428991956,0.12971541428991956,0.00887789570296089,0.1409322251736208,0.008877895222647106,0.1409322175488759,-1.610408573212506e-05,-1.618031057074888e-05,False,False,24
k=50|vol=1.00,50,1.0,2015-10-30,2015-11-30,0.008193477495343387,0.13006742295289792,0.13006742295289792,0.008477301402553677,0.13457298780057653,0.008477296256881808,0.13457290611556794,0.0004987471979587107,0.0004985420696874223,False,False,27
k=50|vol=1.00,50,1.0,2015-11-30,2015-12-31,0.008252092164130977,0.13099790197365221,0.13099790197365221,0.008252092169189063,0.13099790205394685,0.008252092169189063,0.13099790205394685,0.0006383314664980597,0.0006383314664980597,True,True,28
k=50|vol=1.00,50,1.0,2015-12-31,2016-01-29,0.00849111352131088,0.1347922483884392,0.1347922483884392,0.008491114039693005,0.13479225661750033,0.008491113530018555,0.13479224852666927,0.0005236164651841457,0.0005236165071173869,True,True,26
k=50|vol=1.00,50,1.0,2016-01-29,2016-02-29,0.008843246942077592,0.14038219314641834,0.14038219314641834,0.008871980288920094,0.14083832088689727,0.0088719971587242,0.14083858868673527,-0.00012661097675632487,-0.0001262898496618298,False,False,22
k=50|vol=1.00,50,1.0,2016-02-29,2016-03-31,0.00899299555068837,0.14275937861179072,0.14275937861179072,0.00899299562518539,0.14275937979439424,0.00899299562518539,0.14275937979439424,0.0004544202925555368,0.0004544202925555368,True,True,23
k=50|vol=1.00,50,1.0,2016-03-31,2016-04-29,0.009038245802673005,0.14347770409287683,0.14347770409287683,0.009038245805561595,0.14347770413873176,0.009038245805561595,0.14347770413873176,0.001284544931880289,0.001284544931880289,True,True,25
k=50|vol=1.00,50,1.0,2016-04-29,2016-05-31,0.008981945294168287,0.14258396122773706,0.14258396122773706,0.008981945455979367,0.1425839637964083,0.008981945455979367,0.1425839637964083,0.001339505025834002,0.001339505025834002,True,True,23
k=50|vol=1.00,50,1.0,2016-05-31,2016-06-30,0.009030381053915966,0.14335285507686604,0.14335285507686604,0.009030381073994074,0.1433528553955961,0.009030381073994074,0.1433528553955961,0.0017341186437929326,0.0017341186437929326,True,True,24
k=50|vol=1.00,50,1.0,2016-06-30,2016-07-29,0.009308337199080016,0.14776527208978352,0.14776527208978352,0.009308337262235355,0.14776527309234344,0.009308337262235355,0.14776527309234344,0.0018273112976164596,0.0018273112976164596,True,True,23
k=50|vol=1.00,50,1.0,2016-07-29,2016-08-31,0.00930878514216319,0.14777238296578105,0.14777238296578105,0.009308785180283333,0.14777238357091957,0.009308785180283332,0.14777238357091954,0.002156401240168619,0.0021564012401686186,True,True,21
k=50|vol=1.00,50,1.0,2016-08-31,2016-09-30,0.009237657111148804,0.14664326047792253,0.14664326047792253,0.009237657111459725,0.14664326048285825,0.009237657111459723,0.14664326048285822,0.0018920429216015948,0.0018920429216015945,True,True,24
k=50|vol=1.00,50,1.0,2016-09-30,2016-10-31,0.009312880505105321,0.14783739483702163,0.14783739483702163,0.009312880507259145,0.14783739487121253,0.009312880507259145,0.14783739487121253,0.001663564899176078,0.0016635648991760782,True,True,23
k=50|vol=1.00,50,1.0,2016-10-31,2016-11-30,0.009080200821226698,0.14414371936494186,0.14414371936494186,0.009080200821401008,0.14414371936770895,0.009080200821401008,0.14414371936770895,0.0013788355235701138,0.0013788355235701138,True,True,22
k=50|vol=1.00,50,1.0,2016-11-30,2016-12-30,0.009144770006775873,0.14516872340886847,0.14516872340886847,0.009144770102654395,0.14516872493089283,0.009144770102654394,0.1451687249308928,0.001854039058036094,0.0018540390580360935,True,True,24
k=50|vol=1.00,50,1.0,2016-12-30,2017-01-31,0.008989718363095854,0.1427073548715737,0.1427073548715737,0.008989718528801104,0.14270735750206298,0.008989718528801104,0.14270735750206298,0.0018159227626087307,0.0018159227626087307,True,True,22
k=50|vol=1.00,50,1.0,2017-01-31,2017-02-28,0.00878157684928935,0.13940321077333054,0.13940321077333054,0.008781576979654008,0.13940321284280532,0.008781576979654008,0.13940321284280532,0.0017416957669380167,0.0017416957669380167,True,True,21
k=50|vol=1.00,50,1.0,2017-02-28,2017-03-31,0.008719138377640651,0.13841203076397804,0.13841203076397804,0.008719138386364237,0.13841203090246068,0.008719138386364237,0.13841203090246068,0.0023051882724703108,0.0023051882724703108,True,True,21
k=50|vol=1.00,50,1.0,2017-03-31,2017-04-28,0.008594090182548331,0.13642695220730744,0.13642695220730744,0.008594090183207968,0.13642695221777887,0.008594090183207968,0.13642695221777887,0.0021065454503438295,0.0021065454503438295,True,True,22
k=50|vol=1.00,50,1.0,2017-04-28,2017-05-31,0.008588849599048931,0.13634376052332176,0.13634376052332176,0.00858885329424289,0.13634381918270733,0.008588853294242891,0.13634381918270735,0.0020599504690683884,0.002059950469068389,True,True,21
k=50|vol=1.00,50,1.0,2017-05-31,2017-06-30,0.008532585900016,0.13545060199043144,0.13545060199043144,0.008107270831892659,0.1286989345958143,0.008107270831892659,0.1286989345958143,0.0022091235705274243,0.0022091235705274243,True,True,20
k=50|vol=1.00,50,1.0,2017-06-30,2017-07-31,0.008455239898027286,0.13422277227342796,0.13422277227342796,0.008190642560570626,0.13002241975854703,0.008190642560570628,0.13002241975854706,0.0017145036735332277,0.0017145036735332284,True,True,21
k=50|vol=1.00,50,1.0,2017-07-31,2017-08-31,0.008356599237705832,0.13265690033520938,0.13265690033520938,0.007923966044807221,0.12578906131128004,0.007923966044807221,0.12578906131128004,0.0019916101132822278,0.0019916101132822278,True,True,20
k=50|vol=1.00,50,1.0,2017-08-31,2017-09-29,0.00759948078262874,0.1206380174643009,0.1206380174643009,0.007599481666109613,0.12063803148912497,0.007599481666109613,0.12063803148912497,0.0017466277572950894,0.0017466277572950894,True,True,22
k=50|vol=1.00,50,1.0,2017-09-29,2017-10-31,0.007206234442949893,0.11439542535164093,0.11439542535164093,0.007206234483184154,0.11439542599034003,0.007206234483184154,0.11439542599034003,0.0017983144143433416,0.0017983144143433416,True,True,21
k=50|vol=1.00,50,1.0,2017-10-31,2017-11-30,0.0070211157741750276,0.11145675758795914,0.11145675758795914,0.007021115836457399,0.11145675857666114,0.0070211158364573995,0.11145675857666115,0.002077237975624467,0.002077237975624467,True,True,23
k=50|vol=1.00,50,1.0,2017-11-30,2017-12-29,0.006901472192586178,0.10955747461086418,0.10955747461086418,0.006540174486012232,0.1038220513257483,0.006540174486012232,0.1038220513257483,0.002073689086267111,0.002073689086267111,True,True,21
k=50|vol=1.00,50,1.0,2017-12-29,2018-01-31,0.006550903501856552,0.10399236917216755,0.10399236917216755,0.005837602514495034,0.09266906703719513,0.005837602514495034,0.09266906703719513,0.0019257863889923855,0.0019257863889923855,True,True,20
k=50|vol=1.00,50,1.0,2018-01-31,2018-02-28,0.005952394909824002,0.0944913398198463,0.0944913398198463,0.005952395214036739,0.09449134464907379,0.005952395214036739,0.09449134464907379,0.0022742738647629737,0.0022742738647629737,True,True,23
k=50|vol=1.00,50,1.0,2018-02-28,2018-03-29,0.006423211452280929,0.10196532072670417,0.10196532072670417,0.006423211486165157,0.1019653212645996,0.006423211486165157,0.1019653212645996,0.0009738463296224753,0.0009738463296224753,True,True,28
k=50|vol=1.00,50,1.0,2018-03-29,2018-04-30,0.006744878943078287,0.10707163383972797,0.10707163383972797,0.006744878986722948,0.10707163453256549,0.006744878986722948,0.10707163453256549,0.0006483379391759769,0.0006483379391759769,True,True,24
k=50|vol=1.00,50,1.0,2018-04-30,2018-05-31,0.0069638730853552,0.11054805807399562,0.11054805807399562,0.0069638742093540255,0.11054807591692382,0.006963873085367844,0.11054805807419633,0.0008477824764343128,0.0008477918811458176,True,True,24
k=50|vol=1.00,50,1.0,2018-05-31,2018-06-29,0.006950095062487325,0.11032933874159627,0.11032933874159627,0.006950095231329535,0.11032934142188326,0.0069500950895307915,0.11032933917089799,0.000965727985327102,0.0009657282964078404,True,True,28
k=50|vol=1.00,50,1.0,2018-06-29,2018-07-31,0.006639254201051101,0.10539489304153225,0.10539489304153225,0.006639254251299115,0.10539489383919474,0.006639254251299115,0.10539489383919474,0.0010769284163107057,0.0010769284163107057,True,True,28
k=50|vol=1.00,50,1.0,2018-07-31,2018-08-31,0.006635086522404485,0.10532873319407197,0.10532873319407197,0.006635087141693985,0.10532874302498801,0.00663508652244576,0.1053287331947272,0.0014344065477849331,0.0014344557737195438,True,True,27
k=50|vol=1.00,50,1.0,2018-08-31,2018-09-28,0.006659774425666872,0.10572064150861535,0.10572064150861535,0.006659776753001023,0.10572067845389964,0.006659774553804684,0.10572064354274005,0.0018022161141142802,0.0018022361063968631,True,True,23
k=50|vol=1.00,50,1.0,2018-09-28,2018-10-31,0.006472545025298055,0.10274846691964154,0.10274846691964154,0.006472545062128482,0.10274846750430644,0.006472545062128483,0.10274846750430645,0.001767951426095359,0.001767951426095359,True,True,24
k=50|vol=1.00,50,1.0,2018-10-31,2018-11-30,0.007061403652523594,0.11209630782972353,0.11209630782972353,0.007061403723062278,0.11209630894949044,0.007061403723062279,0.11209630894949045,0.0007302548283044413,0.0007302548283044414,True,True,24
k=50|vol=1.00,50,1.0,2018-11-30,2018-12-31,0.007322676822314843,0.11624389081885073,0.11624389081885073,0.007322676907944539,0.11624389217818,0.007322676907944539,0.11624389217818,0.0011392796693780534,0.0011392796693780534,True,True,25
k=50|vol=1.00,50,1.0,2018-12-31,2019-01-31,0.008144187186039977,0.12928496355012425,0.12928496355012425,0.008302147632104653,0.13179250789375604,0.008302152070959218,0.13179257835838776,-0.0004681835570458369,-0.0004687950161456243,False,False,24
k=50|vol=1.00,50,1.0,2019-01-31,2019-02-28,0.008445847527037155,0.1340736730062611,0.1340736730062611,0.008445847830685327,0.1340736778265264,0.00844584753895936,0.13407367319552022,0.0007629671946677497,0.0007629792786329866,True,True,24
k=50|vol=1.00,50,1.0,2019-02-28,2019-03-29,0.008482518286475976,0.13465580326543908,0.13465580326543908,0.008482518485986723,0.134655806432574,0.008482518485986723,0.134655806432574,0.0014795875065413096,0.0014795875065413096,True,True,23
k=50|vol=1.00,50,1.0,2019-03-29,2019-04-30,0.008540086428807991,0.13556966919374197,0.13556966919374197,0.008540086429759165,0.13556966920884136,0.008540086429759165,0.13556966920884136,0.0016504343828843328,0.0016504343828843328,True,True,22
k=50|vol=1.00,50,1.0,2019-04-30,2019-05-31,0.008531960665557494,0.13544067670110155,0.13544067670110155,0.008531961143490923,0.13544068428805953,0.008531960758858741,0.13544067818221292,0.001713493115878461,0.0017135613937362022,True,True,25
k=50|vol=1.00,50,1.0,2019-05-31,2019-06-28,0.008708972127550771,0.13825064654695457,0.13825064654695457,0.008373500079843525,0.13292519288667276,0.008373500079843525,0.13292519288667276,0.0014090917172079203,0.0014090917172079203,True,True,21
k=50|vol=1.00,50,1.0,2019-06-28,2019-07-31,0.008791279354966318,0.13955723327602323,0.13955723327602323,0.008791279363505964,0.1395572334115859,0.00879127936350596,0.13955723341158585,0.0016961347410141168,0.0016961347410141168,True,True,22
k=50|vol=1.00,50,1.0,2019-07-31,2019-08-30,0.008814151366001806,0.13992031519512618,0.13992031519512618,0.008814151372103356,0.1399203152919853,0.008814151372103356,0.1399203152919853,0.0016680999739974163,0.0016680999739974163,True,True,21
k=50|vol=1.00,50,1.0,2019-08-30,2019-09-30,0.009225050351879842,0.14644313437873774,0.14644313437873774,0.009225050351968328,0.14644313438014242,0.00922505035196833,0.14644313438014245,0.0016215483762063892,0.0016215483762063894,True,True,21
k=50|vol=1.00,50,1.0,2019-09-30,2019-10-31,0.009257607124242496,0.14695995711771287,0.14695995711771287,0.008839844729196966,0.14032818469128172,0.008839844729196964,0.1403281846912817,0.0014069357482438614,0.0014069357482438612,True,True,20
k=50|vol=1.00,50,1.0,2019-10-31,2019-11-29,0.009388183371897826,0.14903279078828077,0.14903279078828077,0.009388183375370665,0.1490327908434104,0.009388183552963544,0.14903279366260994,0.0016046768196715103,0.0016055294117126929,True,True,21
k=50|vol=1.00,50,1.0,2019-11-29,2019-12-31,0.00938737696876676,0.1490199895354332,0.1490199895354332,0.009387376968825377,0.1490199895363637,0.009387376968825377,0.1490199895363637,0.001959073506787649,0.001959073506787649,True,True,21
k=50|vol=1.00,50,1.0,2019-12-31,2020-01-31,0.009406621676154199,0.14932548979424143,0.14932548979424143,0.00940662171664957,0.1493254904370855,0.00940662171664957,0.1493254904370855,0.0020247549495740103,0.0020247549495740103,True,True,22
k=50|vol=1.00,50,1.0,2020-01-31,2020-02-28,0.009455539255377647,0.15010203229042868,0.15010203229042868,0.009295525877924775,0.14756189867132583,0.009295525877924775,0.14756189867132583,0.0017831838812790604,0.0017831838812790604,True,True,20
k=50|vol=1.00,50,1.0,2020-02-28,2020-03-31,0.00938900271548416,0.14904579746448732,0.14904579746448732,0.009389002716382218,0.14904579747874355,0.009389002716382216,0.14904579747874352,0.0006633089132535066,0.0006633089132535065,True,True,22
k=50|vol=1.00,50,1.0,2020-03-31,2020-04-30,0.014674166219372203,0.23294516708210242,0.23294516708210242,0.023248131817126642,0.36905265140979143,0.023248131021051343,0.36905263877248784,-0.0005029598137348335,-0.0005033666669702868,False,False,23
k=50|vol=1.00,50,1.0,2020-04-30,2020-05-29,0.015421227163695572,0.24480439191943462,0.24480439191943462,0.023148025180602168,0.36746350782080606,0.02314802518024624,0.3674635078151559,0.0005312556681039927,0.0005312558162860811,False,False,21
k=50|vol=1.00,50,1.0,2020-05-29,2020-06-30,0.015623739308574861,0.2480191725563599,0.2480191725563599,0.02138800392210566,0.33952403650779395,0.0213880038649612,0.33952403560065375,0.0010169250368892472,0.0010169272745455024,False,False,21
k=50|vol=1.00,50,1.0,2020-06-30,2020-07-31,0.0160067349476228,0.25409903984121857,0.25409903984121857,0.01994032929514705,0.3165429142541698,0.01994032810180367,0.31654289531043095,0.0007632920000221816,0.0007632389560283237,False,False,22
k=50|vol=1.00,50,1.0,2020-07-31,2020-08-31,0.0160638600472132,0.2550058726840346,0.2550058726840346,0.017972262552002422,0.2853008232585447,0.017972262551989346,0.28530082325833717,0.0012715313310553496,0.0012715313381786851,False,False,21
k=50|vol=1.00,50,1.0,2020-08-31,2020-09-30,0.01608030057072191,0.25526685790380105,0.25526685790380105,0.016134041347071068,0.25611996628070155,0.016134042269972313,0.2561199809313046,0.0012884294598075505,0.0012885120420277278,False,False,23
k=50|vol=1.00,50,1.0,2020-09-30,2020-10-30,0.016362031018114984,0.2597391901071433,0.2597391901071433,0.016362031131713285,0.25973919191046047,0.016362031131713285,0.25973919191046047,0.001576070821975675,0.0015760708219756748,True,True,23
k=50|vol=1.00,50,1.0,2020-10-30,2020-11-30,0.01630518059842101,0.2588367176725039,0.2588367176725039,0.016305180600427165,0.2588367177043506,0.016305180600427165,0.2588367177043506,0.0015469174206358264,0.0015469174206358264,True,True,25
k=50|vol=1.00,50,1.0,2020-11-30,2020-12-31,0.01627713790280236,0.2583915536803109,0.2583915536803109,0.01627713790291726,0.2583915536821349,0.01627713790291726,0.2583915536821349,0.0024875116459180738,0.0024875116459180738,True,True,25
k=50|vol=1.00,50,1.0,2020-12-31,2021-01-29,0.015882691695687894,0.2521299142626056,0.2521299142626056,0.015882691695912204,0.2521299142661664,0.015882691695912204,0.2521299142661664,0.002717900498468353,0.002717900498468353,True,True,21
k=50|vol=1.00,50,1.0,2021-01-29,2021-02-26,0.015838011440603008,0.25142063720178837,0.25142063720178837,0.015838011890168376,0.2514206443384173,0.015838011890168376,0.2514206443384173,0.0025058412682780213,0.0025058412682780213,True,True,23
k=50|vol=1.00,50,1.0,2021-02-26,2021-03-31,0.015896690134350043,0.252352132587265,0.252352132587265,0.015896690141783153,0.25235213270526197,0.015896690141783153,0.25235213270526197,0.0026449112349646604,0.002644911234964661,True,True,22
k=50|vol=1.00,50,1.0,2021-03-31,2021-04-30,0.015967035479750587,0.2534688303261897,0.2534688303261897,0.015967037063859855,0.25346885547314474,0.015967035479831283,0.25346883032747075,0.0025074626296579692,0.0025074624636287845,True,True,24
k=50|vol=1.00,50,1.0,2021-04-30,2021-05-28,0.01600751974760358,0.25411149815468703,0.25411149815468703,0.016007520018457167,0.2541115024543544,0.016007520018457167,0.2541115024543544,0.002836915496715396,0.002836915496715396,True,True,21
k=50|vol=1.00,50,1.0,2021-05-28,2021-06-30,0.015986112013189516,0.2537716609063294,0.2537716609063294,0.01580338276606373,0.25087092403541206,0.01580338276606373,0.25087092403541206,0.002689651594552335,0.002689651594552335,True,True,20
k=50|vol=1.00,50,1.0,2021-06-30,2021-07-30,0.015946932900467954,0.25314971177323287,0.25314971177323287,0.01347792662630538,0.2139554522518789,0.013477926626305382,0.21395545225187892,0.0022755691231604296,0.00227556912316043,True,True,20
k=50|vol=1.00,50,1.0,2021-07-30,2021-08-31,0.0159772573142013,0.25363109691758645,0.25363109691758645,0.011441895459760371,0.18163445948234994,0.011441895459760371,0.18163445948234994,0.002250512675829304,0.002250512675829304,True,True,20
k=50|vol=1.00,50,1.0,2021-08-31,2021-09-30,0.015732505628050796,0.24974578435047867,0.24974578435047867,0.011298636360095655,0.1793602917777908,0.011298636360095655,0.1793602917777908,0.0023264415011790057,0.0023264415011790057,True,True,21
k=50|vol=1.00,50,1.0,2021-09-30,2021-10-29,0.01578186908540359,0.2505294049425377,0.2505294049425377,0.01268639645319944,0.20139030029242555,0.01268639645319944,0.20139030029242555,0.001579310469968953,0.001579310469968953,True,True,20
k=50|vol=1.00,50,1.0,2021-10-29,2021-11-30,0.01576800697032742,0.25030935068771626,0.25030935068771626,0.01128654692597567,0.1791683779607529,0.01128654692597567,0.1791683779607529,0.0022286416098949648,0.0022286416098949648,True,True,20
k=50|vol=1.00,50,1.0,2021-11-30,2021-12-31,0.015835191816259298,0.2513758770529639,0.2513758770529639,0.011287804388735698,0.1791883395632287,0.0112878043887357,0.17918833956322872,0.001968439550669691,0.001968439550669691,True,True,20
k=50|vol=1.00,50,1.0,2021-12-31,2022-01-31,0.01595371081598476,0.2532573078464221,0.2532573078464221,0.01128844982841775,0.1791985856005387,0.011288449828417752,0.17919858560053872,0.002218764016537544,0.002218764016537544,True,True,20
k=50|vol=1.00,50,1.0,2022-01-31,2022-02-28,0.01606276172137824,0.2549884373019276,0.2549884373019276,0.011661155402322435,0.1851151031653351,0.011661155402322435,0.1851151031653351,0.0015920426219464055,0.0015920426219464055,True,True,20
k=50|vol=1.00,50,1.0,2022-02-28,2022-03-31,0.015986029446421312,0.25377035019951805,0.25377035019951805,0.011338970848074328,0.18000058192449497,0.011338970848074328,0.18000058192449497,0.0015794288876770407,0.0015794288876770407,True,True,20
k=50|vol=1.00,50,1.0,2022-03-31,2022-04-29,0.011246752439044341,0.1785366600649227,0.1785366600649227,0.010191985680638647,0.1617927568614074,0.010191985680638647,0.1617927568614074,0.0019796046444981092,0.0019796046444981092,True,True,20
k=50|vol=1.00,50,1.0,2022-04-29,2022-05-31,0.010700111454044746,0.16985900344845678,0.16985900344845678,0.010700111454548899,0.16985900345645996,0.010700111454548899,0.16985900345645996,0.0010375546161113644,0.0010375546161113642,True,True,21
k=50|vol=1.00,50,1.0,2022-05-31,2022-06-30,0.01105689579122791,0.1755227792156748,0.1755227792156748,0.011056895891199355,0.17552278080267228,0.011056895891199355,0.17552278080267228,0.0013531274161409246,0.0013531274161409246,True,True,22
k=50|vol=1.00,50,1.0,2022-06-30,2022-07-29,0.011106462283198094,0.1763096228823647,0.1763096228823647,0.011106462284093288,0.17630962289657548,0.011106462284093288,0.17630962289657548,0.0003406670570778726,0.0003406670570778726,True,True,22
k=50|vol=1.00,50,1.0,2022-07-29,2022-08-31,0.011251713581012972,0.17861541575213,0.17861541575213,0.011251714240242126,0.17861542621706838,0.011251713581017515,0.1786154157522021,0.0008358083166687944,0.0008358081748369459,True,True,25
k=50|vol=1.00,50,1.0,2022-08-31,2022-09-30,0.011479010158517333,0.18222363705972594,0.18222363705972594,0.011479010160031855,0.18222363708376824,0.011479010160031857,0.18222363708376826,0.0007995902469882336,0.0007995902469882337,True,True,23
k=50|vol=1.00,50,1.0,2022-09-30,2022-10-31,0.011495605897395945,0.18248708624710297,0.18248708624710297,0.011495605899202444,0.18248708627578025,0.011495605899202444,0.18248708627578025,-5.747612123819242e-05,-5.747612123819242e-05,True,True,22
k=50|vol=1.00,50,1.0,2022-10-31,2022-11-30,0.01175632532587223,0.18662587886536983,0.18662587886536983,0.011889515629865456,0.18874020939383684,0.011889519982645508,0.188740278492078,0.00017639730292639944,0.0001767620668722686,False,False,23
k=50|vol=1.00,50,1.0,2022-11-30,2022-12-30,0.012066263129172217,0.19154598896194636,0.19154598896194636,0.012066263221581873,0.19154599042890416,0.012066263129515021,0.1915459889673882,0.0015070122779494584,0.0015070122123476651,True,True,24
k=50|vol=1.00,50,1.0,2022-12-30,2023-01-31,0.012239735311520379,0.19429977448523164,0.19429977448523164,0.012239737138388891,0.19429980348587023,0.012239735311600095,0.1942997744864971,0.00122641273755514,0.0012264122807221869,True,True,22
k=50|vol=1.00,50,1.0,2023-01-31,2023-02-28,0.012256977050895517,0.1945734786125725,0.1945734786125725,0.012256977050972418,0.19457347861379326,0.012256977050972418,0.19457347861379326,0.0015163263083204871,0.0015163263083204871,True,True,24
k=50|vol=1.00,50,1.0,2023-02-28,2023-03-31,0.012279427709161685,0.19492987176382434,0.19492987176382434,0.012279427827681877,0.19492987364527406,0.012279427827681877,0.19492987364527406,0.001231787841550843,0.001231787841550843,True,True,24
k=50|vol=1.00,50,1.0,2023-03-31,2023-04-28,0.012321512963747358,0.19559795446880354,0.19559795446880354,0.012321514130325771,0.19559797298766174,0.012321512963748133,0.19559795446881584,0.0013378577695675332,0.001337857541915537,True,True,21
k=50|vol=1.00,50,1.0,2023-04-28,2023-05-31,0.012333068471769603,0.1957813924718028,0.1957813924718028,0.01233306852562008,0.1957813933266526,0.01233306852562008,0.1957813933266526,0.0014396147694649216,0.0014396147694649222,True,True,21
k=50|vol=1.00,50,1.0,2023-05-31,2023-06-30,0.01231632467284259,0.1955155929040227,0.1955155929040227,0.012316324672901164,0.19551559290495252,0.012316324672901164,0.19551559290495252,0.001406075950939942,0.001406075950939942,True,True,21
k=50|vol=1.00,50,1.0,2023-06-30,2023-07-31,0.012349842295956443,0.19604766867580617,0.19604766867580617,0.012349842915688561,0.19604767851374855,0.012349842295958195,0.19604766867583398,0.001987602312298596,0.0019876402102193855,True,True,21
k=50|vol=1.00,50,1.0,2023-07-31,2023-08-31,0.01231112132791455,0.19543299236403097,0.19543299236403097,0.012311121435656179,0.19543299407437634,0.012311121435656179,0.19543299407437634,0.002149624471635591,0.002149624471635591,True,True,22
k=50|vol=1.00,50,1.0,2023-08-31,2023-09-29,0.012367178587770379,0.19632287377658048,0.19632287377658048,0.01176209793610731,0.1867175162119562,0.01176209793610731,0.1867175162119562,0.001943224070380214,0.001943224070380214,True,True,20
k=50|vol=1.00,50,1.0,2023-09-29,2023-10-31,0.012348548883610968,0.19602713639135344,0.19602713639135344,0.010363533789807138,0.16451599866986652,0.010363533789807134,0.16451599866986646,0.001156321738948586,0.0011563217389485856,True,True,20
k=50|vol=1.00,50,1.0,2023-10-31,2023-11-30,0.012376175018060829,0.19646568767999564,0.19646568767999564,0.009997245149497975,0.1587013467679103,0.009997245149497975,0.1587013467679103,0.0008903233174165362,0.0008903233174165365,True,True,20
k=50|vol=1.00,50,1.0,2023-11-30,2023-12-29,0.01241083799871776,0.19701594543910653,0.19701594543910653,0.010621568681811331,0.16861217559278954,0.010621568681811334,0.1686121755927896,0.0016988964915631549,0.001698896491563155,True,True,20
k=50|vol=1.00,50,1.0,2023-12-29,2024-01-31,0.01224384565980626,0.19436502424142946,0.19436502424142946,0.011083850523052772,0.17595067231806494,0.011083850523052772,0.17595067231806494,0.0021954913022817968,0.0021954913022817968,True,True,20
k=50|vol=1.00,50,1.0,2024-01-31,2024-02-29,0.012170907813428037,0.193207171825341,0.193207171825341,0.010440403966736194,0.16573627489821743,0.010440403966736194,0.16573627489821743,0.002073324875554811,0.002073324875554811,True,True,21
k=50|vol=1.00,50,1.0,2024-02-29,2024-03-28,0.011894152821282042,0.1888138225254574,0.1888138225254574,0.010208989087815574,0.16206267758239293,0.010208989087815574,0.16206267758239293,0.00240194412963479,0.00240194412963479,True,True,21
k=50|vol=1.00,50,1.0,2024-03-28,2024-04-30,0.011591572753212332,0.1840105128546727,0.1840105128546727,0.009495302422000317,0.15073325299177273,0.009495302422000319,0.15073325299177276,0.0023825147370525606,0.002382514737052562,True,True,20
k=50|vol=1.00,50,1.0,2024-04-30,2024-05-31,0.01141245994534691,0.18116718517724228,0.18116718517724228,0.009419456352838883,0.14952923397023496,0.009419456352838883,0.14952923397023496,0.0015979544686498214,0.0015979544686498214,True,True,21
k=50|vol=1.00,50,1.0,2024-05-31,2024-06-28,0.010608479436269852,0.16840439026147627,0.16840439026147627,0.008862256295731093,0.14068395728052577,0.008862256295731093,0.14068395728052577,0.0017861135627405763,0.0017861135627405763,True,True,20
k=50|vol=1.00,50,1.0,2024-06-28,2024-07-31,0.009968264935780157,0.15824130013727725,0.15824130013727725,0.008668180600943699,0.13760310113694865,0.008668180600943699,0.13760310113694865,0.0016465078479940855,0.0016465078479940855,True,True,20
k=50|vol=1.00,50,1.0,2024-07-31,2024-08-30,0.009800517140541478,0.15557838644219166,0.15557838644219166,0.008466097104043531,0.13439512507573984,0.008466097104043531,0.13439512507573984,0.0016062059787242354,0.0016062059787242354,True,True,20
k=50|vol=1.00,50,1.0,2024-08-30,2024-09-30,0.00976679718974793,0.15504309881806527,0.15504309881806527,0.008370845904771775,0.1328830591636175,0.008370845904771775,0.1328830591636175,0.0019480582521916377,0.0019480582521916377,True,True,20
k=50|vol=1.00,50,1.0,2024-09-30,2024-10-31,0.009471060785141022,0.15034842893675573,0.15034842893675573,0.00823699152524396,0.13075818676285278,0.00823699152524396,0.13075818676285278,0.001959594371165993,0.001959594371165993,True,True,21
k=50|vol=1.00,50,1.0,2024-10-31,2024-11-29,0.008789939946056912,0.13953597081875455,0.13953597081875455,0.0073552161725023565,0.11676043698936954,0.007355216172502355,0.11676043698936951,0.0016073468830724127,0.0016073468830724122,True,True,20
k=50|vol=1.00,50,1.0,2024-11-29,2024-12-31,0.008299270247037593,0.13174683082187436,0.13174683082187436,0.007894351103681214,0.1253189386954126,0.007894351103681214,0.1253189386954126,0.002324558623019939,0.002324558623019939,True,True,20
k=50|vol=1.00,50,1.0,2024-12-31,2025-01-31,0.00808345885231916,0.12832093113876053,0.12832093113876053,0.008083458852560102,0.1283209311425854,0.008083458852560102,0.1283209311425854,0.0015405398519026915,0.0015405398519026915,True,True,23
k=50|vol=1.00,50,1.0,2025-01-31,2025-02-28,0.008005165299938784,0.12707805952561083,0.12707805952561083,0.008005165301322415,0.12707805954757528,0.008005165301322415,0.12707805954757528,0.0017999917021002511,0.001799991702100251,True,True,22
k=50|vol=1.00,50,1.0,2025-02-28,2025-03-31,0.007894158025585782,0.12531587367566785,0.12531587367566785,0.007738613487078767,0.12284668067556463,0.007738613487078767,0.12284668067556463,0.0015430678793840842,0.0015430678793840842,True,True,21
k=50|vol=1.00,50,1.0,2025-03-31,2025-04-30,0.008035977001962872,0.12756718013176901,0.12756718013176901,0.007840111820798567,0.12445791677262481,0.007840111820798567,0.12445791677262481,0.001331938533527253,0.001331938533527253,True,True,20
k=50|vol=1.00,50,1.0,2025-04-30,2025-05-30,0.01031058709557076,0.16367549595571193,0.16367549595571193,0.010310587095948084,0.16367549596170178,0.010310587095948082,0.16367549596170175,0.00084736781197501,0.0008473678119750099,True,True,23
k=50|vol=1.00,50,1.0,2025-05-30,2025-06-30,0.010385148634379646,0.16485912369006356,0.16485912369006356,0.010385148776078308,0.1648591259394601,0.01038514863454694,0.16485912369271927,0.0012446190107002254,0.0012446189663865043,True,True,24
k=50|vol=1.00,50,1.0,2025-06-30,2025-07-31,0.01037284198268961,0.16466376165100116,0.16466376165100116,0.01037284215639691,0.16466376440851907,0.01037284215639691,0.16466376440851907,0.001474232281545362,0.001474232281545362,True,True,23
k=50|vol=1.00,50,1.0,2025-07-31,2025-08-29,0.010345367592931412,0.16422761923466048,0.16422761923466048,0.01034536774374062,0.16422762162868243,0.010345367743740624,0.16422762162868249,0.0015973603744247793,0.0015973603744247795,True,True,24
k=50|vol=1.00,50,1.0,2025-08-29,2025-09-30,0.010337288066158738,0.16409936072335096,0.16409936072335096,0.01033728822905974,0.1640993633093242,0.01033728822905974,0.1640993633093242,0.0017040345462135348,0.0017040345462135348,True,True,25
k=50|vol=1.00,50,1.0,2025-09-30,2025-10-31,0.010251266599071236,0.16273381226739222,0.16273381226739222,0.010251267310013936,0.16273382355325772,0.010251267310013936,0.16273382355325772,0.0017217428309497316,0.0017217428309497316,True,True,22
k=50|vol=1.00,50,1.0,2025-10-31,2025-11-28,0.010254399297305504,0.16278354231015513,0.16278354231015513,0.01025439930511383,0.16278354243410845,0.010254399305113833,0.1627835424341085,0.001996111831404245,0.001996111831404246,True,True,23
k=50|vol=1.00,50,1.0,2025-11-28,2025-12-31,0.010288983439488872,0.16333254854729728,0.16333254854729728,0.010288983480012514,0.16333254919059015,0.010288983480012514,0.16333254919059015,0.002216717597416542,0.002216717597416542,True,True,22
k=50|vol=1.00,50,1.0,2025-12-31,2026-01-30,0.010281253238529171,0.16320983541135373,0.16320983541135373,0.010281253721273902,0.16320984307468878,0.010281253721273902,0.16320984307468878,0.0016930821481945392,0.0016930821481945392,True,True,22
k=50|vol=1.00,50,1.0,2026-01-30,2026-02-27,0.010294410655398751,0.16341870292895122,0.16341870292895122,0.010294412172242525,0.16341872700809965,0.010294410655424593,0.16341870292936148,0.00220998971383735,0.0022099951904925195,True,True,21
k=50|vol=1.00,50,1.0,2026-02-27,2026-03-31,0.010276644828742765,0.1631366791739479,0.1631366791739479,0.010276647867443945,0.1631367274118337,0.010276647867443945,0.1631367274118337,0.002652430215380002,0.002652430215380002,True,True,21
k=50|vol=1.00,50,1.0,2026-03-31,2026-04-30,0.01048437439976891,0.16643428388328374,0.16643428388328374,0.010484374834027957,0.16643429077693242,0.010484374834027957,0.16643429077693242,0.001960170871251052,0.001960170871251052,True,True,21
k=50|vol=1.00,50,1.0,2026-04-30,2026-05-26,0.010499074338860284,0.16666763818202518,0.16666763818202518,0.010499074634911612,0.1666676428816943,0.010499074634911612,0.1666676428816943,0.002671857860701103,0.002671857860701103,True,True,22
k=50|vol=1.20,50,1.2,2010-07-30,2010-08-31,0.01528456556251176,0.24263495625640907,0.2021957968803409,0.015284565641146908,0.24263495750470337,0.015284565641146908,0.24263495750470337,0.0014953106764990921,0.0014953106764990921,True,True,21
k=50|vol=1.20,50,1.2,2010-08-31,2010-09-30,0.015020744867323474,0.2384469325553268,0.19870577712943902,0.012786546925462508,0.20298013975218807,0.01278654692546251,0.2029801397521881,0.0012151636588545857,0.0012151636588545863,True,True,20
k=50|vol=1.20,50,1.2,2010-09-30,2010-10-29,0.014770242249408478,0.23447032677668453,0.19539193898057045,0.014770242253925226,0.2344703268483857,0.014770242253925226,0.2344703268483857,0.0020061855498196457,0.0020061855498196457,True,True,21
k=50|vol=1.20,50,1.2,2010-10-29,2010-11-30,0.014225663760696781,0.22582541127376526,0.18818784272813774,0.014053602717959149,0.22309402689732788,0.014053602717959149,0.22309402689732788,0.00220752566899166,0.00220752566899166,True,True,20
k=50|vol=1.20,50,1.2,2010-11-30,2010-12-31,0.013961218509483678,0.22162747305315403,0.18468956087762836,0.012854481379674673,0.2040585657799778,0.012854481379674675,0.20405856577997783,0.002093752215057042,0.002093752215057042,True,True,20
k=50|vol=1.20,50,1.2,2010-12-31,2011-01-31,0.013496590654732193,0.21425173451795881,0.178543112098299,0.011859899941908772,0.18827007492239997,0.011859899941908772,0.18827007492239997,0.0023137195535725542,0.0023137195535725542,True,True,20
k=50|vol=1.20,50,1.2,2011-01-31,2011-02-28,0.013150279864961518,0.20875422116152936,0.17396185096794115,0.012242121180293216,0.19433764897783423,0.012242121180293216,0.19433764897783423,0.0021560779089364367,0.0021560779089364367,True,True,21
k=50|vol=1.20,50,1.2,2011-02-28,2011-03-31,0.012905924493501421,0.20487519989509198,0.17072933324591,0.011467824230106746,0.18204606595117923,0.011467824230106746,0.18204606595117923,0.0022349647798275848,0.0022349647798275848,True,True,20
k=50|vol=1.20,50,1.2,2011-03-31,2011-04-29,0.012847780813904771,0.20395219759595426,0.16996016466329522,0.011406347013448339,0.18107014539173172,0.011406347013448337,0.1810701453917317,0.0020541736496370116,0.002054173649637011,True,True,20
k=50|vol=1.20,50,1.2,2011-04-29,2011-05-31,0.012559824049370266,0.19938102567217175,0.1661508547268098,0.01092016372199385,0.17335222490703125,0.010920163721993854,0.1733522249070313,0.0023499632969558692,0.0023499632969558692,True,True,20
k=50|vol=1.20,50,1.2,2011-05-31,2011-06-30,0.01233814214446021,0.19586193452884126,0.1632182787740344,0.010140327939539926,0.16097271564397594,0.010140327939539926,0.16097271564397594,0.0018961055780172124,0.0018961055780172124,True,True,20
k=50|vol=1.20,50,1.2,2011-06-30,2011-07-29,0.012335883364921802,0.19582607751529038,0.16318839792940865,0.00985597968359962,0.156458827018258,0.009855979683599619,0.15645882701825797,0.0016843640171201966,0.001684364017120196,True,True,20
k=50|vol=1.20,50,1.2,2011-07-29,2011-08-31,0.01230199254073683,0.1952880773601677,0.16274006446680642,0.009652419646518912,0.15322741160833814,0.009652419646518912,0.15322741160833814,0.001241821616985145,0.001241821616985145,True,True,20
k=50|vol=1.20,50,1.2,2011-08-31,2011-09-30,0.014383175169927489,0.22832582737864393,0.1902715228155366,0.01438317517003805,0.22832582738039903,0.01438317517003805,0.22832582738039903,0.0010609962499169773,0.0010609962499169773,True,True,21
k=50|vol=1.20,50,1.2,2011-09-30,2011-10-31,0.014822113156309297,0.23529375189631824,0.19607812658026522,0.014132507968859117,0.22434660892343872,0.014132507968859117,0.22434660892343872,0.0006629276300804343,0.0006629276300804343,True,True,21
k=50|vol=1.20,50,1.2,2011-10-31,2011-11-30,0.01523074217682074,0.2417805364968614,0.20148378041405118,0.015230744846209667,0.24178057887209692,0.015230744846209667,0.24178057887209692,0.0013972092847853502,0.0013972092847853502,True,True,21
k=50|vol=1.20,50,1.2,2011-11-30,2011-12-30,0.01562472824416565,0.24803487142217526,0.20669572618514606,0.01562472834647025,0.2480348730462104,0.015624728244215777,0.24803487142297098,0.0014352839191945387,0.0014353345058361422,True,True,22
k=50|vol=1.20,50,1.2,2011-12-30,2012-01-31,0.015556832226908604,0.2469570555621319,0.2057975463017766,0.015556832227265843,0.2469570555678029,0.015556832227265843,0.2469570555678029,0.0014504599592925463,0.0014504599592925465,True,True,21
k=50|vol=1.20,50,1.2,2012-01-31,2012-02-29,0.015411311341993908,0.24464698312982988,0.2038724859415249,0.01541131147082705,0.2446469851749926,0.015411311470827053,0.24464698517499264,0.0016509570472536847,0.001650957047253685,True,True,21
k=50|vol=1.20,50,1.2,2012-02-29,2012-03-30,0.015270856005764971,0.2424173237899875,0.20201443649165626,0.015270856007886717,0.24241732382366918,0.015270856007886717,0.24241732382366918,0.001972994001073575,0.001972994001073575,True,True,21
k=50|vol=1.20,50,1.2,2012-03-30,2012-04-30,0.015324153950833625,0.24326340243824215,0.20271950203186848,0.01532415395310551,0.2432634024743072,0.01532415395310551,0.2432634024743072,0.0023353281841602827,0.0023353281841602827,True,True,22
k=50|vol=1.20,50,1.2,2012-04-30,2012-05-31,0.015306930253962353,0.24298998472677086,0.20249165393897572,0.014450124179592882,0.22938860995922405,0.014450124179592882,0.22938860995922405,0.0021831763200192123,0.0021831763200192123,True,True,20
k=50|vol=1.20,50,1.2,2012-05-31,2012-06-29,0.014595692654338901,0.2316994378566778,0.19308286488056484,0.0127240408361172,0.20198788634517884,0.0127240408361172,0.20198788634517884,0.0013762742624028204,0.0013762742624028204,True,True,21
k=50|vol=1.20,50,1.2,2012-06-29,2012-07-31,0.0144714970251474,0.22972789336410634,0.1914399111367553,0.014032057652922971,0.22275200959292926,0.014032057652922971,0.22275200959292926,0.0017222317032787899,0.0017222317032787899,True,True,20
k=50|vol=1.20,50,1.2,2012-07-31,2012-08-31,0.01426223689344328,0.22640599175724802,0.1886716597977067,0.013204455349949202,0.2096142303241317,0.013204455349949202,0.2096142303241317,0.0015165923910626644,0.0015165923910626644,True,True,20
k=50|vol=1.20,50,1.2,2012-08-31,2012-09-28,0.0140120172445874,0.2224338779731606,0.18536156497763384,0.012342717673691484,0.19593456880361604,0.012342717673691484,0.19593456880361604,0.0015857647866733106,0.0015857647866733106,True,True,20
k=50|vol=1.20,50,1.2,2012-09-28,2012-10-31,0.013981316465274727,0.22194651821045736,0.1849554318420478,0.012318031126763683,0.1955426820202167,0.012318031126763683,0.1955426820202167,0.0017128863935030809,0.0017128863935030809,True,True,20
k=50|vol=1.20,50,1.2,2012-10-31,2012-11-30,0.013988050616839292,0.22205341955244248,0.18504451629370208,0.012113687984674982,0.1922988352036873,0.012113687984674982,0.1922988352036873,0.001668614421880332,0.001668614421880332,True,True,20
k=50|vol=1.20,50,1.2,2012-11-30,2012-12-31,0.01399638317277487,0.22218569477718894,0.18515474564765746,0.011375723910530624,0.18058401870357127,0.011375723910530624,0.18058401870357127,0.001671822595051127,0.001671822595051127,True,True,20
k=50|vol=1.20,50,1.2,2012-12-31,2013-01-31,0.014023160117000302,0.22261076558893336,0.18550897132411115,0.011714119833528557,0.18595588744515543,0.01171411983352856,0.18595588744515548,0.0016784316000249926,0.0016784316000249932,True,True,20
k=50|vol=1.20,50,1.2,2013-01-31,2013-02-28,0.01403591269679796,0.22281320651724804,0.1856776720977067,0.01156978180487498,0.18366459227387535,0.01156978180487498,0.18366459227387535,0.001887193684710507,0.001887193684710507,True,True,20
k=50|vol=1.20,50,1.2,2013-02-28,2013-03-28,0.014061797743014599,0.22322411888703586,0.1860200990725299,0.010803268878357761,0.17149657679219002,0.010803268878357765,0.17149657679219008,0.0017642266197410539,0.0017642266197410545,True,True,21
k=50|vol=1.20,50,1.2,2013-03-28,2013-04-30,0.013878344593590504,0.2203118904233895,0.18359324201949126,0.009317888914901233,0.1479169008777249,0.009317888914901233,0.1479169008777249,0.002162828371729489,0.002162828371729489,True,True,20
k=50|vol=1.20,50,1.2,2013-04-30,2013-05-31,0.013979067129776876,0.22191081111640257,0.1849256759303355,0.011018061257916663,0.17490630011113792,0.011018061257916663,0.17490630011113792,0.002243522128010794,0.002243522128010794,True,True,20
k=50|vol=1.20,50,1.2,2013-05-31,2013-06-28,0.013987663867422395,0.22204728009578165,0.18503940007981803,0.011264021565094394,0.17881079894224988,0.01126402156509439,0.17881079894224983,0.00244438104162704,0.0024443810416270397,True,True,21
k=50|vol=1.20,50,1.2,2013-06-28,2013-07-31,0.014007085121494291,0.22235558294632105,0.1852963191219342,0.010536990091324245,0.16726953209277434,0.010536990091324245,0.16726953209277434,0.0017811663311648066,0.0017811663311648066,True,True,21
k=50|vol=1.20,50,1.2,2013-07-31,2013-08-30,0.01383677582782742,0.21965200672428742,0.1830433389369062,0.010323341771995218,0.16387797016694522,0.010323341771995218,0.16387797016694522,0.0020438701092348605,0.0020438701092348605,True,True,21
k=50|vol=1.20,50,1.2,2013-08-30,2013-09-30,0.011874449894290491,0.18850104825593914,0.15708420687994928,0.009617466869861663,0.15267255348034056,0.009617466869861663,0.15267255348034056,0.001686060683794614,0.001686060683794614,True,True,20
k=50|vol=1.20,50,1.2,2013-09-30,2013-10-31,0.011217143171585262,0.17806662751572558,0.14838885626310466,0.00978947125231635,0.1554030384026706,0.00978947125231635,0.1554030384026706,0.002234691394014475,0.002234691394014475,True,True,21
k=50|vol=1.20,50,1.2,2013-10-31,2013-11-29,0.010396419847161513,0.16503804864603303,0.13753170720502753,0.010186178879910846,0.1617005767575754,0.010186178879910846,0.1617005767575754,0.0027297055019480446,0.0027297055019480446,True,True,20
k=50|vol=1.20,50,1.2,2013-11-29,2013-12-31,0.009557241996021534,0.15171651324681323,0.1264304277056777,0.009557241996654005,0.1517165132568534,0.009557241996654005,0.1517165132568534,0.0025631526522448714,0.0025631526522448714,True,True,21
k=50|vol=1.20,50,1.2,2013-12-31,2014-01-31,0.00900794997115486,0.1429967726771233,0.1191639772309361,0.009007950035237166,0.14299677369439837,0.009007950035237166,0.14299677369439837,0.0023559073853692243,0.002355907385369224,True,True,21
k=50|vol=1.20,50,1.2,2014-01-31,2014-02-28,0.00911035123324285,0.14462234231766707,0.12051861859805589,0.009110351233555474,0.14462234232262985,0.009110351233555474,0.14462234232262985,0.0017066230815443002,0.0017066230815443002,True,True,22
k=50|vol=1.20,50,1.2,2014-02-28,2014-03-31,0.009206337548864183,0.1461460778400635,0.12178839820005292,0.009206337691587659,0.14614608010572844,0.00920633769158766,0.14614608010572847,0.002186283202327821,0.0021862832023278214,True,True,21
k=50|vol=1.20,50,1.2,2014-03-31,2014-04-30,0.009164944743996817,0.14548898743358465,0.12124082286132055,0.00916494475253681,0.14548898756915285,0.00916494475253681,0.14548898756915285,0.0017477895348248676,0.0017477895348248676,True,True,21
k=50|vol=1.20,50,1.2,2014-04-30,2014-05-30,0.009122911960307484,0.14482173767826217,0.12068478139855182,0.008044735866267284,0.12770622279207003,0.008044735866267286,0.12770622279207006,0.001377766087195331,0.001377766087195331,True,True,20
k=50|vol=1.20,50,1.2,2014-05-30,2014-06-30,0.008994901635974127,0.14278963677765347,0.1189913639813779,0.008593209128961526,0.136412965915213,0.008593209128961526,0.136412965915213,0.001531954044878122,0.001531954044878122,True,True,20
k=50|vol=1.20,50,1.2,2014-06-30,2014-07-31,0.008526693599465184,0.1353570646189864,0.11279755384915534,0.008102571906516698,0.12862434146797005,0.0081025719065167,0.12862434146797008,0.0016950325796365176,0.0016950325796365176,True,True,21
k=50|vol=1.20,50,1.2,2014-07-31,2014-08-29,0.008315986541870924,0.13201219377570295,0.11001016147975246,0.007745916890847778,0.1229626186161472,0.007745916890847779,0.12296261861614721,0.0012349919352965645,0.0012349919352965648,True,True,20
k=50|vol=1.20,50,1.2,2014-08-29,2014-09-30,0.008285683067541377,0.13153114103407967,0.10960928419506641,0.007924395272089088,0.1257958750831425,0.00792439527208909,0.12579587508314252,0.0015542864399456782,0.0015542864399456784,True,True,21
k=50|vol=1.20,50,1.2,2014-09-30,2014-10-31,0.008246957275072919,0.13091638813690704,0.1090969901140892,0.008246959449275396,0.13091642265130138,0.008246959449275396,0.13091642265130138,0.0011528859872307652,0.001152885987230765,True,True,21
k=50|vol=1.20,50,1.2,2014-10-31,2014-11-28,0.008549566937841318,0.13572016760896888,0.11310013967414075,0.00802488283435265,0.12739106568076952,0.008024882834352648,0.1273910656807695,0.0016191595256331986,0.0016191595256331984,True,True,20
k=50|vol=1.20,50,1.2,2014-11-28,2014-12-31,0.00826022459985639,0.13112700038854816,0.10927250032379014,0.008260224781893913,0.13112700327830426,0.008260224781893913,0.13112700327830426,0.0019442270983252255,0.0019442270983252255,True,True,22
k=50|vol=1.20,50,1.2,2014-12-31,2015-01-30,0.00842719438005826,0.13377756347781175,0.11148130289817645,0.008137652484655863,0.12918122838159765,0.008137652484655864,0.12918122838159768,0.0017590136355925446,0.001759013635592545,True,True,22
k=50|vol=1.20,50,1.2,2015-01-30,2015-02-27,0.008660058526712476,0.13747416720567374,0.11456180600472812,0.008293093059101283,0.13164877100338726,0.008293093059101283,0.13164877100338726,0.0016574525951641521,0.001657452595164152,True,True,21
k=50|vol=1.20,50,1.2,2015-02-27,2015-03-31,0.008567157347752812,0.13599940670948185,0.11333283892456822,0.008567157611433982,0.13599941089529066,0.008567157611433982,0.13599941089529066,0.001853986376660667,0.001853986376660667,True,True,23
k=50|vol=1.20,50,1.2,2015-03-31,2015-04-30,0.008767277276873766,0.13917621209853337,0.11598017674877781,0.008767277276892419,0.13917621209882947,0.008767277276892419,0.13917621209882947,0.00158851742626284,0.00158851742626284,True,True,21
k=50|vol=1.20,50,1.2,2015-04-30,2015-05-29,0.008591239379727998,0.13638169711551054,0.11365141426292545,0.008591239561828357,0.13638170000626412,0.008591239561828355,0.1363817000062641,0.0016740516805466242,0.001674051680546624,True,True,24
k=50|vol=1.20,50,1.2,2015-05-29,2015-06-30,0.00861896751392686,0.13682186759997061,0.11401822299997552,0.008618967514075032,0.1368218676023228,0.008618967514075036,0.13682186760232284,0.0018327093458528451,0.0018327093458528462,True,True,21
k=50|vol=1.20,50,1.2,2015-06-30,2015-07-31,0.008374836557801796,0.1329464088165346,0.11078867401377884,0.008374836557826877,0.13294640881693273,0.008374836557826877,0.13294640881693273,0.001398319787277747,0.001398319787277747,True,True,22
k=50|vol=1.20,50,1.2,2015-07-31,2015-08-31,0.008486192922195214,0.13471413629907023,0.1122617802492252,0.008486193842436209,0.13471415090744313,0.008486193842436209,0.13471415090744313,0.0015528003988452392,0.0015528003988452392,True,True,22
k=50|vol=1.20,50,1.2,2015-08-31,2015-09-30,0.00928408037698511,0.14738020697662438,0.12281683914718698,0.009284080377436662,0.14738020698379253,0.009284080377436662,0.14738020698379253,0.0007412078196196163,0.0007412078196196163,True,True,22
k=50|vol=1.20,50,1.2,2015-09-30,2015-10-30,0.009805563640652605,0.15565849714790347,0.12971541428991956,0.009805563756543487,0.1556584989876142,0.009805563756543487,0.1556584989876142,0.0007052917369942378,0.0007052917369942378,True,True,23
k=50|vol=1.20,50,1.2,2015-10-30,2015-11-30,0.009832172994412065,0.1560809075434775,0.13006742295289792,0.00983217312101623,0.15608090955325632,0.00983217312101623,0.15608090955325632,0.001361437196366141,0.001361437196366141,True,True,22
k=50|vol=1.20,50,1.2,2015-11-30,2015-12-31,0.009902510596957173,0.15719748236838266,0.13099790197365221,0.009902510617714733,0.1571974826978987,0.009902510617714735,0.15719748269789874,0.0013583191699529389,0.001358319169952939,True,True,23
k=50|vol=1.20,50,1.2,2015-12-31,2016-01-29,0.010189336225573055,0.16175069806612705,0.1347922483884392,0.010189336229291024,0.16175069812514795,0.010189336229291024,0.16175069812514795,0.001184458731196466,0.001184458731196466,True,True,23
k=50|vol=1.20,50,1.2,2016-01-29,2016-02-29,0.010611896330493111,0.168458631775702,0.14038219314641834,0.010611896332231474,0.16845863180329768,0.010611896332231472,0.16845863180329765,0.000697949437642276,0.0006979494376422758,True,True,22
k=50|vol=1.20,50,1.2,2016-02-29,2016-03-31,0.010791594660826045,0.17131125433414887,0.14275937861179072,0.010791594662641825,0.17131125436297348,0.010791594662641825,0.17131125436297348,0.0008283450804888118,0.0008283450804888118,True,True,21
k=50|vol=1.20,50,1.2,2016-03-31,2016-04-29,0.010845894963207606,0.1721732449114522,0.14347770409287683,0.010845894963281583,0.17217324491262653,0.010845894963281583,0.17217324491262653,0.0016103253283975974,0.0016103253283975974,True,True,22
k=50|vol=1.20,50,1.2,2016-04-29,2016-05-31,0.010778334353001944,0.17110075347328446,0.14258396122773706,0.010778334374614455,0.17110075381637244,0.010778334374614453,0.1711007538163724,0.0016475486701783002,0.0016475486701783,True,True,23
k=50|vol=1.20,50,1.2,2016-05-31,2016-06-30,0.01083645726469916,0.17202342609223925,0.14335285507686604,0.010836457617701944,0.17202343169598475,0.010836457617701944,0.17202343169598475,0.0020419176355496683,0.0020419176355496683,True,True,21
k=50|vol=1.20,50,1.2,2016-06-30,2016-07-29,0.011170004638896018,0.1773183265077402,0.14776527208978352,0.011170004767724645,0.17731832855283125,0.011170004767724645,0.17731832855283125,0.002105514057941546,0.002105514057941546,True,True,21
k=50|vol=1.20,50,1.2,2016-07-29,2016-08-31,0.011170542170595828,0.17732685955893726,0.14777238296578105,0.011170542172193336,0.17732685958429692,0.011170542172193336,0.17732685958429692,0.0023078981972149966,0.002307898197214997,True,True,21
k=50|vol=1.20,50,1.2,2016-08-31,2016-09-30,0.011085188533378565,0.17597191257350703,0.14664326047792253,0.011085188611225698,0.17597191380929195,0.011085188611225698,0.17597191380929195,0.0020848437482756826,0.002084843748275682,True,True,21
k=50|vol=1.20,50,1.2,2016-09-30,2016-10-31,0.011175456606126385,0.17740487380442596,0.14783739483702163,0.011175457230643384,0.17740488371832597,0.011175457230643384,0.17740488371832597,0.0019617709421843434,0.0019617709421843434,True,True,22
k=50|vol=1.20,50,1.2,2016-10-31,2016-11-30,0.010896240985472037,0.17297246323793022,0.14414371936494186,0.010896240985480445,0.1729724632380637,0.010896240985480445,0.1729724632380637,0.0015627987074872923,0.0015627987074872923,True,True,21
k=50|vol=1.20,50,1.2,2016-11-30,2016-12-30,0.010973724008131047,0.17420246809064216,0.14516872340886847,0.010973724008282176,0.17420246809304127,0.010973724008282176,0.17420246809304127,0.002137605904327505,0.002137605904327505,True,True,21
k=50|vol=1.20,50,1.2,2016-12-30,2017-01-31,0.010787662035715025,0.17124882584588844,0.1427073548715737,0.010511633541165459,0.16686700933781423,0.010511633541165459,0.16686700933781423,0.0018756455857468833,0.0018756455857468833,True,True,21
k=50|vol=1.20,50,1.2,2017-01-31,2017-02-28,0.01053789221914722,0.16728385292799663,0.13940321077333054,0.009521588639000218,0.15115053375031523,0.009521588639000217,0.1511505337503152,0.0017694307067547624,0.0017694307067547624,True,True,20
k=50|vol=1.20,50,1.2,2017-02-28,2017-03-31,0.01046296605316878,0.16609443691677364,0.13841203076397804,0.009433026490202206,0.149744653222557,0.009433026490202206,0.149744653222557,0.0023197389700919634,0.0023197389700919634,True,True,20
k=50|vol=1.20,50,1.2,2017-03-31,2017-04-28,0.010312908219057995,0.1637123426487689,0.13642695220730744,0.009046635224983121,0.14361088204333322,0.009046635224983123,0.14361088204333325,0.002130099305699136,0.0021300993056991365,True,True,20
k=50|vol=1.20,50,1.2,2017-04-28,2017-05-31,0.010306619518858716,0.1636125126279861,0.13634376052332176,0.008624103181710073,0.1369033937985944,0.008624103181710073,0.1369033937985944,0.0020600728906717356,0.0020600728906717356,True,True,20
k=50|vol=1.20,50,1.2,2017-05-31,2017-06-30,0.010239103080019199,0.16254072238851772,0.13545060199043144,0.008107270831892659,0.1286989345958143,0.008107270831892659,0.1286989345958143,0.0022091235705274225,0.0022091235705274225,True,True,20
k=50|vol=1.20,50,1.2,2017-06-30,2017-07-31,0.010146287877632743,0.16106732672811355,0.13422277227342796,0.008174329471088712,0.1297634574912413,0.008174329471088709,0.12976345749124124,0.0017145332824080749,0.0017145332824080742,True,True,21
k=50|vol=1.20,50,1.2,2017-07-31,2017-08-31,0.010027919085246997,0.15918828040225125,0.13265690033520938,0.007923966044807227,0.12578906131128012,0.007923966044807227,0.12578906131128012,0.00199161011328223,0.00199161011328223,True,True,20
k=50|vol=1.20,50,1.2,2017-08-31,2017-09-29,0.009119376939154489,0.14476562095716108,0.1206380174643009,0.008246152929043897,0.13090361953954202,0.008246152929043897,0.13090361953954202,0.0017687198103435494,0.0017687198103435494,True,True,20
k=50|vol=1.20,50,1.2,2017-09-29,2017-10-31,0.00864748133153987,0.13727451042196911,0.11439542535164093,0.007860870584579929,0.12478745193156852,0.007860870584579929,0.12478745193156852,0.0018128704584320118,0.0018128704584320118,True,True,20
k=50|vol=1.20,50,1.2,2017-10-31,2017-11-30,0.008425338929010031,0.13374810910555096,0.11145675758795914,0.007404165427752239,0.11753748232688761,0.007404165427752239,0.11753748232688761,0.002095978631282744,0.002095978631282744,True,True,20
k=50|vol=1.20,50,1.2,2017-11-30,2017-12-29,0.008281766631103414,0.13146896953303702,0.10955747461086418,0.006531949897063808,0.10369149002378873,0.006531949897063808,0.10369149002378873,0.002073677429409688,0.002073677429409688,True,True,21
k=50|vol=1.20,50,1.2,2017-12-29,2018-01-31,0.007861084202227862,0.12479084300660105,0.10399236917216755,0.005837602514495035,0.09266906703719514,0.005837602514495035,0.09266906703719514,0.0019257863889923857,0.0019257863889923857,True,True,20
k=50|vol=1.20,50,1.2,2018-01-31,2018-02-28,0.007142873891788802,0.11338960778381554,0.0944913398198463,0.006374603210958775,0.10119368881746438,0.006374603210958773,0.10119368881746435,0.0023078743970448077,0.0023078743970448073,True,True,20
k=50|vol=1.20,50,1.2,2018-02-28,2018-03-29,0.007707853742737114,0.12235838487204499,0.10196532072670417,0.00770785377487934,0.12235838538228701,0.00770785377487934,0.12235838538228701,0.001774526033336826,0.001774526033336826,True,True,26
k=50|vol=1.20,50,1.2,2018-03-29,2018-04-30,0.008093854731693944,0.12848596060767356,0.10707163383972797,0.008093854732538238,0.1284859606210763,0.008093854732538238,0.1284859606210763,0.0013151099744040597,0.0013151099744040597,True,True,22
k=50|vol=1.20,50,1.2,2018-04-30,2018-05-31,0.00835664770242624,0.13265766968879475,0.11054805807399562,0.00835664776343057,0.13265767065720846,0.00835664776343057,0.13265767065720846,0.0014288065703034545,0.0014288065703034545,True,True,23
k=50|vol=1.20,50,1.2,2018-05-31,2018-06-29,0.008340114074984788,0.1323952064899155,0.11032933874159627,0.008340114083140405,0.1323952066193819,0.008340114083140405,0.1323952066193819,0.001646946811688082,0.001646946811688082,True,True,24
k=50|vol=1.20,50,1.2,2018-06-29,2018-07-31,0.007967105041261321,0.1264738716498387,0.10539489304153225,0.007967105041507298,0.12647387165374346,0.007967105041507298,0.12647387165374346,0.0015634726731653427,0.0015634726731653427,True,True,22
k=50|vol=1.20,50,1.2,2018-07-31,2018-08-31,0.007962103826885383,0.12639447983288638,0.10532873319407197,0.007962103833070071,0.12639447993106526,0.00796210383307007,0.12639447993106523,0.0016869653091914456,0.001686965309191445,True,True,23
k=50|vol=1.20,50,1.2,2018-08-31,2018-09-28,0.007991729310800246,0.12686476981033842,0.10572064150861535,0.007991729420628053,0.1268647715538008,0.007991729420628053,0.1268647715538008,0.002045203906600881,0.002045203906600881,True,True,21
k=50|vol=1.20,50,1.2,2018-09-28,2018-10-31,0.007767054030357666,0.12329816030356984,0.10274846691964154,0.007767054156364903,0.12329816230387272,0.007767054156364903,0.12329816230387272,0.001974487315739214,0.001974487315739214,True,True,22
k=50|vol=1.20,50,1.2,2018-10-31,2018-11-30,0.008473684383028313,0.13451556939566822,0.11209630782972353,0.00847368440077554,0.13451556967739672,0.00847368440077554,0.13451556967739672,0.0008774615125675188,0.0008774615125675188,True,True,21
k=50|vol=1.20,50,1.2,2018-11-30,2018-12-31,0.008787212186777811,0.13949266898262086,0.11624389081885073,0.00876599192376154,0.13915580775044226,0.008765991923761539,0.13915580775044223,0.0012774590569379954,0.001277459056937995,True,True,20
k=50|vol=1.20,50,1.2,2018-12-31,2019-01-31,0.009773024623247972,0.1551419562601491,0.12928496355012425,0.009773024623394149,0.15514195626246957,0.00977302462339415,0.1551419562624696,0.0005298223351461674,0.0005298223351461675,True,True,21
k=50|vol=1.20,50,1.2,2019-01-31,2019-02-28,0.010135017032444587,0.16088840760751333,0.1340736730062611,0.010135017036716785,0.16088840767533238,0.010135017036716785,0.16088840767533238,0.0013203080045883489,0.0013203080045883489,True,True,21
k=50|vol=1.20,50,1.2,2019-02-28,2019-03-29,0.010179021943771172,0.1615869639185269,0.13465580326543908,0.010179022630736945,0.16158697482377046,0.010179022630736945,0.16158697482377046,0.0016909641465726914,0.0016909641465726914,True,True,21
k=50|vol=1.20,50,1.2,2019-03-29,2019-04-30,0.010248103714569589,0.16268360303249035,0.13556966919374197,0.010248104435535357,0.1626836144774671,0.010248104435535357,0.1626836144774671,0.001748512457489392,0.001748512457489392,True,True,22
k=50|vol=1.20,50,1.2,2019-04-30,2019-05-31,0.010238352798668993,0.16252881204132186,0.13544067670110155,0.010238352819633314,0.16252881237412012,0.010238352819633315,0.16252881237412015,0.0018962685823016598,0.0018962685823016602,True,True,23
k=50|vol=1.20,50,1.2,2019-05-31,2019-06-28,0.010450766553060924,0.16590077585634547,0.13825064654695457,0.008647733726555315,0.13727851706862723,0.008647733726555315,0.13727851706862723,0.0014091332464856578,0.0014091332464856578,True,True,21
k=50|vol=1.20,50,1.2,2019-06-28,2019-07-31,0.010549535225959581,0.16746867993122788,0.13955723327602323,0.009788816127153984,0.1553926386131272,0.009788816127153984,0.1553926386131272,0.0017339717881354097,0.0017339717881354097,True,True,20
k=50|vol=1.20,50,1.2,2019-07-31,2019-08-30,0.010576981639202166,0.1679043782341514,0.13992031519512618,0.009698263797562176,0.1539551649447023,0.009698263797562176,0.1539551649447023,0.0016922162195896254,0.0016922162195896254,True,True,20
k=50|vol=1.20,50,1.2,2019-08-30,2019-09-30,0.01107006042225581,0.17573176125448528,0.14644313437873774,0.010037020869373798,0.1593327667459703,0.010037020869373796,0.15933276674597027,0.0016317022407027681,0.0016317022407027677,True,True,20
k=50|vol=1.20,50,1.2,2019-09-30,2019-10-31,0.011109128549090994,0.17635194854125544,0.14695995711771287,0.008839844729196964,0.1403281846912817,0.008839844729196964,0.1403281846912817,0.0014069357482438608,0.001406935748243861,True,True,20
k=50|vol=1.20,50,1.2,2019-10-31,2019-11-29,0.011265820046277391,0.17883934894593692,0.14903279078828077,0.009739353698779688,0.1546074469048088,0.009739353698779688,0.1546074469048088,0.0016084224401474773,0.0016084224401474773,True,True,20
k=50|vol=1.20,50,1.2,2019-11-29,2019-12-31,0.011264852362520112,0.17882398744251982,0.1490199895354332,0.010667595726964654,0.16934283228314254,0.010667595726964655,0.16934283228314256,0.002052708828822898,0.0020527088288228986,True,True,20
k=50|vol=1.20,50,1.2,2019-12-31,2020-01-31,0.011287946011385039,0.17919058775308971,0.14932548979424143,0.00996099826187891,0.1581259452652694,0.00996099826187891,0.1581259452652694,0.00203440817838932,0.00203440817838932,True,True,20
k=50|vol=1.20,50,1.2,2020-01-31,2020-02-28,0.011346647106453176,0.1801224387485144,0.15010203229042868,0.009295525877924775,0.14756189867132583,0.009295525877924775,0.14756189867132583,0.0017831838812790602,0.0017831838812790602,True,True,20
k=50|vol=1.20,50,1.2,2020-02-28,2020-03-31,0.01126680325858099,0.17885495695738476,0.14904579746448732,0.010835804643555812,0.17201306605276542,0.010835804643555812,0.17201306605276542,0.0008628847841420466,0.0008628847841420466,True,True,20
k=50|vol=1.20,50,1.2,2020-03-31,2020-04-30,0.017608999463246643,0.2795342004985229,0.23294516708210242,0.023248131817126642,0.36905265140979143,0.023248131021051343,0.36905263877248784,-0.0005029598137348335,-0.0005033666669702868,False,False,23
k=50|vol=1.20,50,1.2,2020-04-30,2020-05-29,0.018505472596434685,0.29376527030332156,0.24480439191943462,0.023148025180602168,0.36746350782080606,0.02314802518024624,0.3674635078151559,0.0005312556681039927,0.0005312558162860811,False,False,21
k=50|vol=1.20,50,1.2,2020-05-29,2020-06-30,0.018748487170289832,0.2976230070676319,0.2480191725563599,0.02138800392210566,0.33952403650779395,0.0213880038649612,0.33952403560065375,0.0010169250368892472,0.0010169272745455024,False,False,21
k=50|vol=1.20,50,1.2,2020-06-30,2020-07-31,0.01920808193714736,0.30491884780946227,0.25409903984121857,0.01994032929514705,0.3165429142541698,0.01994032810180367,0.31654289531043095,0.0007632920000221816,0.0007632389560283237,False,False,22
k=50|vol=1.20,50,1.2,2020-07-31,2020-08-31,0.01927663205665584,0.3060070472208415,0.2550058726840346,0.019276632062733487,0.3060070473173211,0.01927663205840207,0.306007047248562,0.002189963078863665,0.002190030941003971,True,True,22
k=50|vol=1.20,50,1.2,2020-08-31,2020-09-30,0.019296360684866287,0.3063202294845612,0.25526685790380105,0.0192963606849769,0.30632022948631715,0.0192963606849769,0.30632022948631715,0.002753259922288685,0.002753259922288685,True,True,22
k=50|vol=1.20,50,1.2,2020-09-30,2020-10-30,0.01963443722173798,0.31168702812857196,0.2597391901071433,0.019634437221852766,0.3116870281303941,0.019634437221852766,0.3116870281303941,0.002329957086476232,0.002329957086476232,True,True,21
k=50|vol=1.20,50,1.2,2020-10-30,2020-11-30,0.019566216718105208,0.3106040612070046,0.2588367176725039,0.019566217405623844,0.3106040721210246,0.019566217405623844,0.3106040721210246,0.002078454271348009,0.002078454271348009,True,True,22
k=50|vol=1.20,50,1.2,2020-11-30,2020-12-31,0.01953256548336283,0.3100698644163731,0.2583915536803109,0.019532565646343376,0.31006986700360906,0.019532565646343376,0.31006986700360906,0.00311025719729888,0.00311025719729888,True,True,22
k=50|vol=1.20,50,1.2,2020-12-31,2021-01-29,0.019059230034825472,0.3025558971151267,0.2521299142626056,0.01905923006412145,0.302555897580186,0.019059230064121448,0.3025558975801859,0.003130528423761932,0.003130528423761932,True,True,21
k=50|vol=1.20,50,1.2,2021-01-29,2021-02-26,0.019005613728723607,0.301704764642146,0.25142063720178837,0.01869031921842454,0.29669961945817463,0.01869031921842454,0.29669961945817463,0.002691560174634703,0.002691560174634703,True,True,20
k=50|vol=1.20,50,1.2,2021-02-26,2021-03-31,0.01907602816122005,0.302822559104718,0.252352132587265,0.019076028472682208,0.30282256404902647,0.019076028472682208,0.30282256404902647,0.003102838637837399,0.003102838637837399,True,True,22
k=50|vol=1.20,50,1.2,2021-03-31,2021-04-30,0.019160442575700706,0.3041625963914277,0.2534688303261897,0.019160442995357865,0.3041626030532786,0.019160442995357865,0.3041626030532786,0.0027735449935730487,0.00277354499357305,True,True,22
k=50|vol=1.20,50,1.2,2021-04-30,2021-05-28,0.019209023697124298,0.3049337977856244,0.25411149815468703,0.01738021650793025,0.2759023836746574,0.01738021650793025,0.2759023836746574,0.0028668899999300212,0.0028668899999300212,True,True,20
k=50|vol=1.20,50,1.2,2021-05-28,2021-06-30,0.019183334415827417,0.30452599308759526,0.2537716609063294,0.01580338276606373,0.25087092403541206,0.01580338276606373,0.25087092403541206,0.002689651594552335,0.002689651594552335,True,True,20
k=50|vol=1.20,50,1.2,2021-06-30,2021-07-30,0.019136319480561544,0.30377965412787944,0.25314971177323287,0.013477926626305384,0.21395545225187895,0.013477926626305384,0.21395545225187895,0.0022755691231604305,0.0022755691231604305,True,True,20
k=50|vol=1.20,50,1.2,2021-07-30,2021-08-31,0.01917270877704156,0.30435731630110374,0.25363109691758645,0.01144189545976037,0.1816344594823499,0.01144189545976037,0.1816344594823499,0.0022505126758293036,0.0022505126758293036,True,True,20
k=50|vol=1.20,50,1.2,2021-08-31,2021-09-30,0.018879006753660953,0.2996949412205744,0.24974578435047867,0.011298636398126108,0.17936029238150553,0.011298636398126108,0.17936029238150553,0.002326441501147476,0.002326441501147476,True,True,21
k=50|vol=1.20,50,1.2,2021-09-30,2021-10-29,0.01893824290248431,0.30063528593104527,0.2505294049425377,0.01268639645319944,0.20139030029242555,0.01268639645319944,0.20139030029242555,0.0015793104699689529,0.0015793104699689529,True,True,20
k=50|vol=1.20,50,1.2,2021-10-29,2021-11-30,0.018921608364392904,0.3003712208252595,0.25030935068771626,0.011286546925975667,0.17916837796075288,0.01128654692597567,0.1791683779607529,0.002228641609894965,0.0022286416098949656,True,True,20
k=50|vol=1.20,50,1.2,2021-11-30,2021-12-31,0.019002230179511158,0.30165105246355667,0.2513758770529639,0.0112878043887357,0.17918833956322872,0.0112878043887357,0.17918833956322872,0.00196843955066969,0.00196843955066969,True,True,20
k=50|vol=1.20,50,1.2,2021-12-31,2022-01-31,0.019144452979181707,0.3039087694157065,0.2532573078464221,0.011288449828417752,0.17919858560053872,0.011288449828417752,0.17919858560053872,0.002218764016537544,0.002218764016537544,True,True,20
k=50|vol=1.20,50,1.2,2022-01-31,2022-02-28,0.019275314065653887,0.3059861247623131,0.2549884373019276,0.011661155402322433,0.18511510316533508,0.011661155402322433,0.18511510316533508,0.0015920426219464049,0.0015920426219464049,True,True,20
k=50|vol=1.20,50,1.2,2022-02-28,2022-03-31,0.019183235335705574,0.30452442023942167,0.25377035019951805,0.011338970848074326,0.18000058192449495,0.011338970848074326,0.18000058192449495,0.0015794288876770407,0.0015794288876770407,True,True,20
k=50|vol=1.20,50,1.2,2022-03-31,2022-04-29,0.01349610292685321,0.21424399207790723,0.1785366600649227,0.010191985680638645,0.16179275686140737,0.010191985680638647,0.1617927568614074,0.001979604644498109,0.001979604644498109,True,True,20
k=50|vol=1.20,50,1.2,2022-04-29,2022-05-31,0.012840133744853694,0.20383080413814814,0.16985900344845678,0.01073365775225509,0.17039153442328508,0.01073365775225509,0.17039153442328508,0.0010380154286354698,0.0010380154286354698,True,True,20
k=50|vol=1.20,50,1.2,2022-05-31,2022-06-30,0.013268274949473493,0.21062733505880976,0.1755227792156748,0.012386380317481255,0.19662769178592404,0.012386380317481255,0.19662769178592404,0.0014383908598261238,0.0014383908598261238,True,True,20
k=50|vol=1.20,50,1.2,2022-06-30,2022-07-29,0.013327754739837711,0.21157154745883763,0.1763096228823647,0.011989340674388437,0.1903248828483794,0.011989340674388437,0.1903248828483794,0.0004218874852183231,0.0004218874852183231,True,True,20
k=50|vol=1.20,50,1.2,2022-07-29,2022-08-31,0.013502056297215567,0.214338498902556,0.17861541575213,0.013502059664771431,0.21433855236084806,0.013502059664771433,0.2143385523608481,0.0010996886270694456,0.0010996886270694456,True,True,21
k=50|vol=1.20,50,1.2,2022-08-31,2022-09-30,0.0137748121902208,0.21866836447167112,0.18222363705972594,0.012866510059936505,0.20424951515941653,0.012866510059936505,0.20424951515941653,0.0008544592660008053,0.0008544592660008053,True,True,21
k=50|vol=1.20,50,1.2,2022-09-30,2022-10-31,0.013794727076875134,0.21898450349652357,0.18248708624710297,0.013794727235206836,0.21898450600996142,0.013794727235206836,0.21898450600996142,0.00023705313292138842,0.00023705313292138842,True,True,21
k=50|vol=1.20,50,1.2,2022-10-31,2022-11-30,0.014107590391046676,0.22395105463844378,0.18662587886536983,0.014107590401924809,0.2239510548111288,0.014107590401924809,0.2239510548111288,0.0014765028516669787,0.0014765028516669787,True,True,23
k=50|vol=1.20,50,1.2,2022-11-30,2022-12-30,0.01447951575500666,0.2298551867543356,0.19154598896194636,0.014479517358775444,0.2298552122133758,0.014479515755986277,0.22985518676988656,0.00212181876262711,0.0021218187990458687,True,True,22
k=50|vol=1.20,50,1.2,2022-12-30,2023-01-31,0.014687682373824453,0.23315972938227797,0.19429977448523164,0.01468768441003632,0.23315976170613925,0.01468768441003632,0.23315976170613925,0.001491107382016269,0.001491107382016269,True,True,21
k=50|vol=1.20,50,1.2,2023-01-31,2023-02-28,0.01470837246107462,0.23348817433508698,0.1945734786125725,0.014708372499270574,0.23348817494142896,0.014708372499270574,0.23348817494142896,0.001910138761474296,0.001910138761474296,True,True,22
k=50|vol=1.20,50,1.2,2023-02-28,2023-03-31,0.01473531325099402,0.2339158461165892,0.19492987176382434,0.014735313463603907,0.23391584949166652,0.014735313463603907,0.23391584949166652,0.001569787388481624,0.001569787388481624,True,True,21
k=50|vol=1.20,50,1.2,2023-03-31,2023-04-28,0.014785815556496829,0.23471754536256423,0.19559795446880354,0.014785815558341775,0.23471754539185183,0.014785815558341771,0.23471754539185177,0.0016526204728713905,0.00165262047287139,True,True,21
k=50|vol=1.20,50,1.2,2023-04-28,2023-05-31,0.014799682166123524,0.23493767096616333,0.1957813924718028,0.013316863626805535,0.2113986563993346,0.013316863626805535,0.2113986563993346,0.0014605422006597132,0.0014605422006597132,True,True,21
k=50|vol=1.20,50,1.2,2023-05-31,2023-06-30,0.014779589607411108,0.23461871148482724,0.1955155929040227,0.013815489463452067,0.21931409616556408,0.013815489463452067,0.21931409616556408,0.0015238997888870408,0.0015238997888870408,True,True,20
k=50|vol=1.20,50,1.2,2023-06-30,2023-07-31,0.014819810755147732,0.2352572024109674,0.19604766867580617,0.013491686948574185,0.21417389059597908,0.013491686948574185,0.21417389059597908,0.002046767027523665,0.002046767027523665,True,True,20
k=50|vol=1.20,50,1.2,2023-07-31,2023-08-31,0.014773345593497458,0.23451959083683716,0.19543299236403097,0.012796870216329529,0.2031440169142636,0.012796870216329527,0.20314401691426356,0.0021612610552341166,0.002161261055234116,True,True,21
k=50|vol=1.20,50,1.2,2023-08-31,2023-09-29,0.014840614305324453,0.23558744853189656,0.19632287377658048,0.01176209793610731,0.1867175162119562,0.01176209793610731,0.1867175162119562,0.0019432240703802137,0.0019432240703802137,True,True,20
k=50|vol=1.20,50,1.2,2023-09-29,2023-10-31,0.01481825866033316,0.2352325636696241,0.19602713639135344,0.010363533789807134,0.16451599866986646,0.010363533789807134,0.16451599866986646,0.0011563217389485858,0.0011563217389485858,True,True,20
k=50|vol=1.20,50,1.2,2023-10-31,2023-11-30,0.014851410021672994,0.23575882521599476,0.19646568767999564,0.009997245149497977,0.15870134676791034,0.009997245149497977,0.15870134676791034,0.0008903233174165365,0.0008903233174165365,True,True,20
k=50|vol=1.20,50,1.2,2023-11-30,2023-12-29,0.01489300559846131,0.2364191345269278,0.19701594543910653,0.010621568681811333,0.16861217559278957,0.010621568681811333,0.16861217559278957,0.0016988964915631549,0.0016988964915631549,True,True,20
k=50|vol=1.20,50,1.2,2023-12-29,2024-01-31,0.01469261479176751,0.23323802908971533,0.19436502424142946,0.011083850523052774,0.17595067231806497,0.011083850523052772,0.17595067231806494,0.002195491302281797,0.0021954913022817963,True,True,20
k=50|vol=1.20,50,1.2,2024-01-31,2024-02-29,0.014605089376113645,0.2318486061904092,0.193207171825341,0.010440403963265652,0.16573627484312428,0.010440403963265652,0.16573627484312428,0.0020733248755763992,0.0020733248755763992,True,True,21
k=50|vol=1.20,50,1.2,2024-02-29,2024-03-28,0.014272983385538451,0.22657658703054886,0.1888138225254574,0.010208989074018775,0.16206267736337554,0.010208989074018777,0.16206267736337557,0.0024019441296276047,0.002401944129627605,True,True,21
k=50|vol=1.20,50,1.2,2024-03-28,2024-04-30,0.013909887303854798,0.22081261542560723,0.1840105128546727,0.00949530242200032,0.1507332529917728,0.00949530242200032,0.1507332529917728,0.0023825147370525614,0.0023825147370525614,True,True,20
k=50|vol=1.20,50,1.2,2024-04-30,2024-05-31,0.013694951934416291,0.21740062221269074,0.18116718517724228,0.009419456350661154,0.1495292339356646,0.009419456350661154,0.1495292339356646,0.0015979544686577911,0.0015979544686577911,True,True,21
k=50|vol=1.20,50,1.2,2024-05-31,2024-06-28,0.012730175323523822,0.20208526831377152,0.16840439026147627,0.008862256295731091,0.14068395728052574,0.008862256295731091,0.14068395728052574,0.001786113562740576,0.001786113562740576,True,True,20
k=50|vol=1.20,50,1.2,2024-06-28,2024-07-31,0.011961917922936188,0.18988956016473268,0.15824130013727725,0.008668180600943699,0.13760310113694865,0.008668180600943699,0.13760310113694865,0.0016465078479940844,0.0016465078479940844,True,True,20
k=50|vol=1.20,50,1.2,2024-07-31,2024-08-30,0.011760620568649774,0.18669406373063,0.15557838644219166,0.00846609710404353,0.1343951250757398,0.00846609710404353,0.1343951250757398,0.0016062059787242352,0.0016062059787242352,True,True,20
k=50|vol=1.20,50,1.2,2024-08-30,2024-09-30,0.011720156627697516,0.18605171858167832,0.15504309881806527,0.008370845904771775,0.1328830591636175,0.008370845904771775,0.1328830591636175,0.0019480582521916377,0.0019480582521916377,True,True,20
k=50|vol=1.20,50,1.2,2024-09-30,2024-10-31,0.011365272942169225,0.18041811472410688,0.15034842893675573,0.008236991294020144,0.13075818309228848,0.008236991294020144,0.13075818309228848,0.0019595943712668817,0.0019595943712668817,True,True,21
k=50|vol=1.20,50,1.2,2024-10-31,2024-11-29,0.010547927935268294,0.16744316498250544,0.13953597081875455,0.007355216172502355,0.11676043698936951,0.007355216172502353,0.11676043698936948,0.0016073468830724133,0.0016073468830724127,True,True,20
k=50|vol=1.20,50,1.2,2024-11-29,2024-12-31,0.00995912429644511,0.15809619698624922,0.13174683082187436,0.007894351103681214,0.1253189386954126,0.007894351103681214,0.1253189386954126,0.002324558623019939,0.002324558623019939,True,True,20
k=50|vol=1.20,50,1.2,2024-12-31,2025-01-31,0.009700150622782991,0.15398511736651263,0.12832093113876053,0.009019684120983423,0.14318304653088218,0.009019684120983423,0.14318304653088218,0.0016238872141830453,0.0016238872141830453,True,True,21
k=50|vol=1.20,50,1.2,2025-01-31,2025-02-28,0.00960619835992654,0.15249367143073297,0.12707805952561083,0.008508109959727245,0.13506205848378036,0.008508109959727247,0.1350620584837804,0.0018361344286847926,0.0018361344286847926,True,True,20
k=50|vol=1.20,50,1.2,2025-02-28,2025-03-31,0.009472989630702937,0.1503790484108014,0.12531587367566785,0.007738548087018805,0.1228456424817983,0.0077385480870188076,0.12284564248179834,0.0015431054841373926,0.0015431054841373935,True,True,21
k=50|vol=1.20,50,1.2,2025-03-31,2025-04-30,0.009643172402355448,0.15308061615812282,0.12756718013176901,0.007840111820798567,0.12445791677262481,0.007840111820798567,0.12445791677262481,0.0013319385335272525,0.0013319385335272525,True,True,20
k=50|vol=1.20,50,1.2,2025-04-30,2025-05-30,0.012372704514684911,0.1964105951468543,0.16367549595571193,0.0121489606911338,0.19285877205983656,0.0121489606911338,0.19285877205983656,0.0012719694370351613,0.0012719694370351613,True,True,20
k=50|vol=1.20,50,1.2,2025-05-30,2025-06-30,0.012462178361255577,0.19783094842807628,0.16485912369006356,0.012462178382243698,0.19783094876125237,0.012462178382243698,0.19783094876125237,0.0015653537080559806,0.0015653537080559804,True,True,21
k=50|vol=1.20,50,1.2,2025-06-30,2025-07-31,0.01244741037922753,0.1975965139812014,0.16466376165100116,0.012447410380237747,0.19759651399723807,0.012447410380237748,0.1975965139972381,0.0017534809548905388,0.0017534809548905394,True,True,21
k=50|vol=1.20,50,1.2,2025-07-31,2025-08-29,0.012414441111517694,0.19707314308159257,0.16422761923466048,0.012414441111584058,0.19707314308264606,0.012414441111584058,0.19707314308264606,0.0018027133872596322,0.0018027133872596322,True,True,21
k=50|vol=1.20,50,1.2,2025-08-29,2025-09-30,0.012404745679390485,0.19691923286802115,0.16409936072335096,0.01240474580598215,0.19691923487760155,0.01240474580598215,0.19691923487760155,0.0018980679525641207,0.001898067952564121,True,True,22
k=50|vol=1.20,50,1.2,2025-09-30,2025-10-31,0.012301519918885482,0.19528057472087065,0.16273381226739222,0.012301519919692852,0.19528057473368723,0.012301519919692853,0.19528057473368726,0.00181171280734558,0.0018117128073455802,True,True,21
k=50|vol=1.20,50,1.2,2025-10-31,2025-11-28,0.012305279156766604,0.19534025077218614,0.16278354231015513,0.012305279156844599,0.19534025077342426,0.012305279156844597,0.19534025077342423,0.0022217445775912638,0.0022217445775912633,True,True,21
k=50|vol=1.20,50,1.2,2025-11-28,2025-12-31,0.012346780127386646,0.19599905825675673,0.16333254854729728,0.012346780127502118,0.1959990582585898,0.012346780127502118,0.1959990582585898,0.0023676864432919417,0.0023676864432919417,True,True,21
k=50|vol=1.20,50,1.2,2025-12-31,2026-01-30,0.012337503886235003,0.19585180249362447,0.16320983541135373,0.011776399053725597,0.18694453941608583,0.011776399053725597,0.18694453941608583,0.0017949708063168923,0.0017949708063168923,True,True,20
k=50|vol=1.20,50,1.2,2026-01-30,2026-02-27,0.0123532927864785,0.19610244351474146,0.16341870292895122,0.011501666848735853,0.18258330086682614,0.011501666848735853,0.18258330086682614,0.0022854298459135023,0.0022854298459135023,True,True,20
k=50|vol=1.20,50,1.2,2026-02-27,2026-03-31,0.012331973794491318,0.19576401500873747,0.1631366791739479,0.01044085135392245,0.16574337694962496,0.01044085135392245,0.16574337694962496,0.002654547212444476,0.002654547212444476,True,True,20
k=50|vol=1.20,50,1.2,2026-03-31,2026-04-30,0.01258124927972269,0.19972114065994048,0.16643428388328374,0.010607004781820917,0.16838098084782643,0.010607004781820917,0.16838098084782643,0.001960426636115704,0.001960426636115704,True,True,21
k=50|vol=1.20,50,1.2,2026-04-30,2026-05-26,0.01259888920663234,0.20000116581843022,0.16666763818202518,0.010860104983052557,0.17239882198326237,0.010860104983052557,0.17239882198326237,0.0026931761386551575,0.0026931761386551575,True,True,20
