date,k=20|vol=1.00,SPY
2010-08-02,1.0063304062399203,1.0225812190373573
2010-08-03,1.0006793714379674,1.0176842970096678
2010-08-04,1.0114261376867182,1.024485526684458
2010-08-05,1.0137315283376809,1.023397036641768
2010-08-06,1.0219849375342733,1.0192256524364038
2010-08-09,1.0230611929064466,1.0246670027946405
2010-08-10,1.0302185098558443,1.019135097690515
2010-08-11,1.0156750212478454,0.9912038162776189
2010-08-12,1.021597095649633,0.9851275744975472
2010-08-13,1.0183633305894324,0.9822257898266509
2010-08-16,1.0276399348083463,0.9817720995511948
2010-08-17,1.0404518579309672,0.9938333867832415
2010-08-18,1.0379792755304782,0.9956473229936557
2010-08-19,1.0314716223568379,0.9783259782043526
2010-08-20,1.0428533507797035,0.975152162677385
2010-08-23,1.0307730907769355,0.9714340104744712
2010-08-24,1.0263726653611343,0.95701490862907
2010-08-25,1.027403870613575,0.960733335795787
2010-08-26,1.0208280813502086,0.9542943251045528
2010-08-27,1.0315614903842298,0.9690758292427123
2010-08-30,1.0197661294135478,0.9550193129992713
2010-08-31,1.0212554069548743,0.9550193129992713
2010-09-01,1.0458775442784913,0.9835860357616091
2010-09-02,1.0615917710101306,0.992745171704355
2010-09-03,1.0580212814517918,1.0056226431592168
2010-09-07,1.0585915053094248,0.9942867104402932
2010-09-08,1.0703845602985211,1.0012697828436703
2010-09-09,1.0774913216950786,1.005894490706086
2010-09-10,1.0749275457162544,1.0109733471169633
2010-09-13,1.0831122866517446,1.0222185417807959
2010-09-14,1.0957172347627786,1.0215832837405565
2010-09-15,1.0857527545397017,1.0254829120536526
2010-09-16,1.084269497722635,1.0252112478159856
2010-09-17,1.10261679576491,1.0255938141209862
2010-09-20,1.1169371259112117,1.0412756414057727
2010-09-21,1.1174223348442915,1.0391785841325538
2010-09-22,1.1278833660442988,1.0340729645781546
2010-09-23,1.1220982056126796,1.025685193758285
2010-09-24,1.1341803985370713,1.046836967636852
2010-09-27,1.1407795637661897,1.0418224527559485
2010-09-28,1.1381576354087497,1.0454696642976093
2010-09-29,1.1535315184275885,1.0436460126994784
2010-09-30,1.1353738444168784,1.0405463457448025
2010-10-01,1.1200898408333717,1.0449225779836302
2010-10-04,1.1270459658149774,1.0370813435501332
2010-10-05,1.1377687992187553,1.05796035333582
2010-10-06,1.1203302887000208,1.0578686987347177
2010-10-07,1.1193466442073998,1.0565926833781725
2010-10-08,1.1176726302903124,1.0625186116124365
2010-10-11,1.128564892630594,1.0635215879122981
2010-10-12,1.1324616769900968,1.0668037391777685
2010-10-13,1.1331607197753713,1.0751003136695416
2010-10-14,1.1360406578429927,1.0709064740869072
2010-10-15,1.1482312396241405,1.0730943610698183
2010-10-18,1.1454738956282213,1.078382556589613
2010-10-19,1.1238966911805115,1.0642510668824705
2010-10-20,1.1355172446469468,1.0746443320290577
2010-10-21,1.1602263467542593,1.0770147949773643
2010-10-22,1.2008336457497968,1.0790207475770874
2010-10-25,1.2085904232833098,1.0822117025144613
2010-10-26,1.2367335912760045,1.0823941868252558
2010-10-27,1.2370057690984542,1.0792944282159787
2010-10-28,1.2249184651384977,1.0794767292175709
2010-10-29,1.2266015681038525,1.0802972212066377
2010-11-01,1.2294620254227353,1.0806615482460191
2010-11-02,1.2304553777834177,1.0892318033766835
2010-11-03,1.2354773807348884,1.09360794396091
2010-11-04,1.2382779181578143,1.1146687964751836
2010-11-05,1.2451013303633978,1.1188626360578178
2010-11-08,1.2403306398873684,1.1167658537484024
2010-11-09,1.2372957305169014,1.1087426849317172
2010-11-10,1.239917072528393,1.1132104801170464
2010-11-11,1.2388126951643117,1.109016640534412
2010-11-12,1.2243517486020195,1.0958876688541255
2010-11-15,1.2191627401568736,1.0943375145856837
2010-11-16,1.2078246817655998,1.0772883839616543
2010-11-17,1.2122776836206108,1.0778353786210322
2010-11-18,1.2327892703794294,1.0936992319436079
2010-11-19,1.2341823220438406,1.0967080691885918
2010-11-22,1.249175526029727,1.0957965641806302
2010-11-23,1.24590387622696,1.0799328941672568
2010-11-24,1.2548331393824081,1.0958876688541255
2010-11-26,1.252481733735624,1.0831237574500294
2010-11-29,1.2572956189575146,1.0864055420970955
2010-11-30,1.2593781275029519,1.080297221206638
2010-12-01,1.2672842313419195,1.1032725550287348
2010-12-02,1.2665686229007485,1.1174039530812763
2010-12-03,1.2597801217459863,1.12041279032626
2010-12-06,1.2643178231758554,1.1192275130248057
2010-12-07,1.2559128079053434,1.1198658873214826
2010-12-08,1.258351637135124,1.1239685305760203
2010-12-09,1.2738956640108126,1.1283448544694488
2010-12-10,1.2774664752149334,1.134909615273395
2010-12-13,1.248087034511069,1.1356383610067589
2010-12-14,1.2316611461048916,1.1366417039250247
2010-12-15,1.2361910796460507,1.1314445214241244
2010-12-16,1.254113976757613,1.1380090989188687
2010-12-17,1.2519810534532645,1.1392281967681295
2010-12-20,1.2478354657033164,1.141977559837393
2010-12-21,1.2599715593780436,1.149217998360665
2010-12-22,1.2534964668307682,1.1527926194582527
2010-12-23,1.244532255619315,1.151143111602216
2010-12-27,1.2465984400165346,1.1516008346801205
2010-12-28,1.2477613060998876,1.1532508008091629
2010-12-29,1.2474671120340437,1.1540756005644819
2010-12-30,1.2485177189132142,1.1522424168878365
2010-12-31,1.241087483386526,1.152517380691143
2011-01-03,1.2637324551909013,1.1644322955252293
2011-01-04,1.2961183826445308,1.1637906216629128
2011-01-05,1.316695562760979,1.169839458717255
2011-01-06,1.2953888115032528,1.1675481853443006
2011-01-07,1.2832362192138886,1.1652569119713463
2011-01-10,1.303153970498818,1.1637906216629126
2011-01-11,1.2958106011570978,1.1679149870579115
2011-01-12,1.3047089526269373,1.1784548079116615
2011-01-13,1.3109775894540205,1.1765301529431158
2011-01-14,1.3111015500705827,1.18505384753642
2011-01-18,1.2923340857242083,1.1870702487606692
2011-01-19,1.2776285761763015,1.1754304810390914
2011-01-20,1.2594392435645012,1.1738726277841574
2011-01-21,1.2568710089487862,1.176530152943116
2011-01-24,1.264130580646642,1.183220847168977
2011-01-25,1.270663531650275,1.1838622460674904
2011-01-26,1.320977679398226,1.1884447011587977
2011-01-27,1.3346611243364177,1.1913781066670743
2011-01-28,1.3133833364136331,1.1705730621444772
2011-01-31,1.3174383623227284,1.1793714455772846
2011-02-01,1.343109948220155,1.198251651822134
2011-02-02,1.3444848892128505,1.1959604701037805
2011-02-03,1.3434775951398037,1.198617720298936
2011-02-04,1.3647265570160618,1.2020091238489208
2011-02-07,1.3535259061429152,1.2095248011393027
2011-02-08,1.3537194897464173,1.2150237105870316
2011-02-09,1.3521199201041014,1.2122744391723694
2011-02-10,1.3534551427493846,1.2127325288686785
2011-02-11,1.3639882966284536,1.2199731507011526
2011-02-14,1.384060589557949,1.2229060979364237
2011-02-15,1.366037756009063,1.2190563297263273
2011-02-16,1.3784958586528273,1.226755407873515
2011-02-17,1.3972550320058839,1.2304211336445983
2011-02-18,1.4022031285526757,1.2329874624754604
2011-02-22,1.3556117091628674,1.2082413617600685
2011-02-23,1.337482643000386,1.2008177973437943
2011-02-24,1.3470287352519352,1.1999929059338743
2011-02-25,1.3546445660543762,1.2128240918151798
2011-02-28,1.345814303177277,1.2203395857963595
2011-03-01,1.3216678216278437,1.1999929059338743
2011-03-02,1.329076486836983,1.2025592347647365
2011-03-03,1.3585250339639185,1.2232724413770293
2011-03-04,1.365587863075694,1.2141073478852118
2011-03-07,1.341822491549461,1.2045754526797832
2011-03-08,1.3299833539575918,1.215115548497336
2011-03-09,1.3100776949311121,1.2133742027309953
2011-03-10,1.2811325356449965,1.1909195586977603
2011-03-11,1.3028481785236923,1.1991681978331565
2011-03-14,1.2989045833685382,1.1919277593098845
2011-03-15,1.297553625197189,1.178271498709457
2011-03-16,1.271455807116925,1.1564586201931397
2011-03-17,1.2963350736232604,1.1717639303765983
2011-03-18,1.2850226969117815,1.1760264192554581
2011-03-21,1.3186949897988731,1.1942522116484375
2011-03-22,1.304944080085474,1.1901096986424207
2011-03-23,1.3126401829794094,1.1935157669285814
2011-03-24,1.3356257121707622,1.2049298810222453
2011-03-25,1.3445608790340655,1.208612012966926
2011-03-28,1.3354475973825055,1.205666509051304
2011-03-29,1.3498373421479568,1.2137664844237126
2011-03-30,1.3649477425117484,1.2221429817276466
2011-03-31,1.3671582435286183,1.220486233158123
2011-04-01,1.3592121045829704,1.2256407962695108
2011-04-04,1.3750486878940529,1.2266538545754937
2011-04-05,1.3852856651276666,1.2264699037910816
2011-04-06,1.366218485446533,1.2303352532833651
2011-04-07,1.3512572841346806,1.2272062568563364
2011-04-08,1.3512048744260579,1.2229716309762115
2011-04-11,1.3387321358081439,1.219289499031531
2011-04-12,1.3221303568478657,1.210176923626145
2011-04-13,1.341483209796802,1.2100848107520374
2011-04-14,1.3414078688448354,1.211005114601705
2011-04-15,1.348651686045861,1.2154231413386352
2011-04-18,1.3250626788023556,1.2017998763946045
2011-04-19,1.3381177132509183,1.208703759222629
2011-04-20,1.3644741735331722,1.2251808734811798
2011-04-21,1.3798010785813037,1.2314399661904503
2011-04-25,1.3778492282015273,1.230151210844352
2011-04-26,1.3607258235337139,1.240737042307855
2011-04-27,1.3785665620275669,1.2488374759532692
2011-04-28,1.4173748688664176,1.2528876927759762
2011-04-29,1.4226508710017425,1.2558331050369973
2011-05-02,1.4142416323551785,1.2539005677727568
2011-05-03,1.4085443239522348,1.2493895116157079
2011-05-04,1.3952473851278548,1.241105768768089
2011-05-05,1.3870680587575341,1.229875330495034
2011-05-06,1.3888459942496407,1.2353064155379474
2011-05-09,1.413763813931478,1.2400925271529042
2011-05-10,1.4185962932532477,1.2506785419256097
2011-05-11,1.4028279430863895,1.23751519976991
2011-05-12,1.4163889416356865,1.243406940837963
2011-05-13,1.4135617832000664,1.2338332511344317
2011-05-16,1.4014771281926242,1.226009339420543
2011-05-17,1.4031632108021874,1.2258250220177263
2011-05-18,1.4226844759610031,1.236779213323059
2011-05-19,1.4320203536951401,1.239724442274878
2011-05-20,1.4281023226929874,1.2298753304950345
2011-05-23,1.4101112636199775,1.215607550396053
2011-05-24,1.410255768665675,1.2145948587084747
2011-05-25,1.426288953871037,1.218645167185783
2011-05-26,1.4363854923095447,1.224260661286114
2011-05-27,1.437635363163696,1.228954843336165
2011-05-31,1.4613770157722428,1.2417497339954338
2011-06-01,1.4513626455488753,1.2138585972978204
2011-06-02,1.4479236871505323,1.2125699336063234
2011-06-03,1.4377644952011739,1.2005114876669107
2011-06-06,1.4128426467505466,1.1878084349179463
2011-06-07,1.4176538740708136,1.1870722651618932
2011-06-08,1.411391787772346,1.1821013778711142
2011-06-09,1.4143931327974286,1.1911223903299992
2011-06-10,1.3910789630162859,1.1745533465065432
2011-06-13,1.3887769527415696,1.1754738336654127
2011-06-14,1.4043119656266054,1.1903860372647441
2011-06-15,1.373411127908087,1.1692147409561424
2011-06-16,1.3547582946591072,1.1717917017207324
2011-06-17,1.3377860220203295,1.175288874680389
2011-06-20,1.3503413191258664,1.1813015081672957
2011-06-21,1.38196203100825,1.1974901853961772
2011-06-22,1.374509558221185,1.190274676924405
2011-06-23,1.3873220469162237,1.1868517441916413
2011-06-24,1.3810890242141356,1.1730685419686875
2011-06-27,1.3929372126083885,1.1835214742605924
2011-06-28,1.4155636059652026,1.198970132240175
2011-06-29,1.420774750859742,1.2092386554746621
2011-06-30,1.4301328587677016,1.220801524985915
2011-07-01,1.4544920010819307,1.2388398837196406
2011-07-05,1.4770899494376275,1.2378226093020073
2011-07-06,1.480355063083814,1.2393031060736113
2011-07-07,1.475120830058476,1.2521611467530396
2011-07-08,1.4772644968872282,1.2432807324522455
2011-07-11,1.4538498247669347,1.220801524985915
2011-07-12,1.4418559095507035,1.2155290024029086
2011-07-13,1.4580394065144557,1.2195990166194537
2011-07-14,1.4397474956249012,1.2111809081266192
2011-07-15,1.4369543247473897,1.2182115492679682
2011-07-18,1.419264437824999,1.2082206478202195
2011-07-19,1.4388616647767407,1.2278321661272638
2011-07-20,1.384459474495791,1.2270915969503582
2011-07-21,1.3816451199517272,1.24411350615786
2011-07-22,1.3880105561596046,1.244946096554273
2011-07-25,1.3761322536462255,1.2380081182146379
2011-07-26,1.3614522775418418,1.2333823104970087
2011-07-27,1.3322128181183723,1.2081283516369097
2011-07-28,1.3302515775568846,1.2046130310662353
2011-07-29,1.337243885866923,1.1963800648676275
2011-08-01,1.3324405202529044,1.191292317960443
2011-08-02,1.2984235475638184,1.1608579493914455
2011-08-03,1.305679777117374,1.1671482046650907
2011-08-04,1.2413145945770236,1.1124768766898245
2011-08-05,1.241820030808546,1.1108119708608029
2011-08-08,1.1660863282178917,1.038472202121859
2011-08-09,1.232603175097204,1.0867605203671649
2011-08-10,1.1831137564192058,1.0387499155631987
2011-08-11,1.2269533940253459,1.0853729613610783
2011-08-12,1.2422145257947328,1.0926809493253626
2011-08-15,1.262245881790852,1.1158072382754747
2011-08-16,1.2487915999616843,1.1062793758724945
2011-08-17,1.247316470439691,1.1070193034671927
2011-08-18,1.1917323399907107,1.0592861371407631
2011-08-19,1.1709702775025441,1.0419875226925335
2011-08-22,1.1654616934627453,1.0428202047435473
2011-08-23,1.2246937247437617,1.0771398118532682
2011-08-24,1.2300143807449482,1.0923108480461121
2011-08-25,1.2176441038234294,1.0756596817000685
2011-08-26,1.2456182891579164,1.091293115355473
2011-08-29,1.2766445049274864,1.1226526454679966
2011-08-30,1.289496431991932,1.1256129057743962
2011-08-31,1.2896982517005349,1.1306083564982703
2011-09-01,1.2840332567299722,1.1187674985818745
2011-09-02,1.2754792302318994,1.0901830864815238
2011-09-06,1.276589449109646,1.0822275587604524
2011-09-07,1.2889163078591805,1.1127546817857654
2011-09-08,1.2854391703231074,1.101191354001507
2011-09-09,1.2391327095588167,1.072329228459817
2011-09-12,1.2497841767828985,1.0792673901086538
2011-09-13,1.2506955002625948,1.089165445445486
2011-09-14,1.2618690546586708,1.1042443687642223
2011-09-15,1.277075588355933,1.1233000019155817
2011-09-16,1.2825788147998336,1.1299487183341377
2011-09-19,1.2910294114113157,1.1186976577758347
2011-09-20,1.308343747758794,1.1173959791309809
2011-09-21,1.2795020623397058,1.084479512309534
2011-09-22,1.247408519559678,1.0494237354437603
2011-09-23,1.2602151139394944,1.0557469863738025
2011-09-26,1.2806110471785672,1.0808528313985204
2011-09-27,1.2827904187796895,1.0929409734286901
2011-09-28,1.2547683649511208,1.0706245445339173
2011-09-29,1.25673020276764,1.0790862806168764
2011-09-30,1.2344576341708768,1.052120305462789
2011-10-03,1.2338922373040693,1.0221794969207267
2011-10-04,1.2503360879314398,1.0445888635810174
2011-10-05,1.2763195702074819,1.0639293592326022
2011-10-06,1.2817723983531941,1.0831777420100797
2011-10-07,1.2800503966070678,1.0759246551518553
2011-10-10,1.3035122923219613,1.1119099013274065
2011-10-11,1.3084275327606572,1.1130252461682195
2011-10-12,1.3030969968838046,1.1227889358598355
2011-10-13,1.3006722706935716,1.1205574212868
2011-10-14,1.304846419947745,1.1397121330619506
2011-10-17,1.300231155731678,1.1179537890332891
2011-10-18,1.3041704031947416,1.1398051624820693
2011-10-19,1.2848191019370931,1.126322220732326
2011-10-20,1.2882662941231144,1.1312503969789918
2011-10-21,1.294145535774858,1.1527298360564988
2011-10-24,1.2979583351577906,1.1668635254740682
2011-10-25,1.2810727419303385,1.144175528826427
2011-10-26,1.2760870044268848,1.155798523756003
2011-10-27,1.3023864814629653,1.1960606485827874
2011-10-28,1.2878905609758704,1.1957820185954366
2011-10-31,1.267573262362909,1.1669566465487884
2011-11-01,1.2629472418290284,1.1344120224440133
2011-11-02,1.2670684425193037,1.1529156199329338
2011-11-03,1.2966035395780764,1.173930278528252
2011-11-04,1.294548955018842,1.1667704960539496
2011-11-07,1.3060044183197805,1.1740233079483706
2011-11-08,1.3104572009508488,1.1890867416395206
2011-11-09,1.28518156596125,1.1451981192109246
2011-11-10,1.2828675920351853,1.1559842159778362
2011-11-11,1.3166901421333086,1.177742834970301
2011-11-14,1.3028986153680406,1.1665846205229145
2011-11-15,1.3117406155562585,1.1723497865868453
2011-11-16,1.2830537439617176,1.1537524264409968
2011-11-17,1.2652715775057286,1.1354350711015162
2011-11-18,1.2518327234043378,1.1342259636037757
2011-11-21,1.2550449093375695,1.1126535867607505
2011-11-22,1.2513713691572672,1.1082835870347976
2011-11-23,1.232784656280099,1.0838285813325068
2011-11-25,1.2388850752578722,1.0817828506359053
2011-11-28,1.2571317340320884,1.1131186422067434
2011-11-29,1.2638533142545028,1.1162798093987587
2011-11-30,1.2938619808501761,1.1622141625239564
2011-12-01,1.2988583135164278,1.1620282869929208
2011-12-02,1.2832827030939826,1.1610056966084232
2011-12-05,1.310088055313546,1.1736512819224965
2011-12-06,1.3073429933187775,1.1740233079483702
2011-12-07,1.3018137187703787,1.178393490983525
2011-12-08,1.2891214658854533,1.152544143834666
2011-12-09,1.3184028410203457,1.1720706983264884
2011-12-12,1.3130152512407016,1.1549617172479392
2011-12-13,1.2901746585030742,1.1441755288264268
2011-12-14,1.2773934091779116,1.1319945406853404
2011-12-15,1.2841649555712427,1.1360860937331447
2011-12-16,1.292626424418477,1.1377695137915889
2011-12-19,1.2818122332048043,1.1256051151333026
2011-12-20,1.3151007034094333,1.1596661646133137
2011-12-21,1.3159610087798446,1.1619120689587226
2011-12-22,1.3080348026815005,1.1722051556263051
2011-12-23,1.3275045900092823,1.182685950916945
2011-12-27,1.3274297812102114,1.183621194466592
2011-12-28,1.3153571279008458,1.168088030944793
2011-12-29,1.322315263906239,1.1801590335645566
2011-12-30,1.313205244992324,1.1743575722785895
2012-01-03,1.3110069426272402,1.193072158659247
2012-01-04,1.3102884661956813,1.1949439289229566
2012-01-05,1.3363842364731124,1.198125443436417
2012-01-06,1.3282622438876046,1.195037416616081
2012-01-09,1.316814782138242,1.1979383763955673
2012-01-10,1.3246519449610639,1.2083252257200776
2012-01-11,1.3291067685438758,1.208980006190352
2012-01-12,1.3353371098267144,1.2118806910060351
2012-01-13,1.332627293928638,1.2056116995998454
2012-01-17,1.3419354454683645,1.210289933749305
2012-01-18,1.3500091286201088,1.2236710472372236
2012-01-19,1.3432447244049819,1.2301277472664707
2012-01-20,1.3145791343965918,1.2347129519958113
2012-01-23,1.3093095492176459,1.23153134582775
2012-01-24,1.306846696516685,1.2301277472664707
2012-01-25,1.3295449448773689,1.2404210172432553
2012-01-26,1.3214138590175537,1.234058079870936
2012-01-27,1.3209260470193713,1.2334965121299828
2012-01-30,1.3154823052181364,1.2292854414823413
2012-01-31,1.3167579442884803,1.228817819707518
2012-02-01,1.3605237089691868,1.2395785281499239
2012-02-02,1.3600203474122488,1.2415439694159598
2012-02-03,1.3927764361996426,1.2589487198922658
2012-02-06,1.3949963174470037,1.2581065974173387
2012-02-07,1.4043815022163715,1.261288295240001
2012-02-08,1.4012810423971298,1.2650311025306116
2012-02-09,1.4059944288848534,1.2666220430965436
2012-02-10,1.4034020216993761,1.2572642916332093
2012-02-13,1.416493996159902,1.2666220430965436
2012-02-14,1.4228596398054842,1.2650311025306116
2012-02-15,1.4100110625012103,1.259135970242318
2012-02-16,1.4269035288203422,1.273078559816589
2012-02-17,1.3963907517371297,1.2764469580616966
2012-02-21,1.3907855266581666,1.2770087091118523
2012-02-22,1.3943649250458423,1.2728910345027336
2012-02-23,1.4070640378685906,1.2785057037116547
2012-02-24,1.4134557202169333,1.2813127175250114
2012-02-27,1.4116144592803712,1.2834649508680935
2012-02-28,1.4315397474418037,1.2872083080863106
2012-02-29,1.4236665539476243,1.282155206618343
2012-03-01,1.4407359448276367,1.2887988820338385
2012-03-02,1.439746711472164,1.284868457774772
2012-03-05,1.4342613432361182,1.2796287475389603
2012-03-06,1.4191087341994313,1.2609134279214935
2012-03-07,1.4275169318780627,1.2697099782622792
2012-03-08,1.4485422687825298,1.282342731932198
2012-03-09,1.4573528282155854,1.287301979088637
2012-03-12,1.4638892869935722,1.2873954667817613
2012-03-13,1.4878624427210876,1.310601861853237
2012-03-14,1.5095025295928088,1.3091982632919574
2012-03-15,1.500935508291194,1.3167774572209032
2012-03-16,1.4974892631559442,1.318600925509832
2012-03-19,1.515885297208218,1.3237704283211997
2012-03-20,1.5271373416482747,1.3199169939270592
2012-03-21,1.5285477105375571,1.3177552285054621
2012-03-22,1.5342072806575815,1.3082626531239063
2012-03-23,1.5293277472341795,1.3124922380009705
2012-03-26,1.5553713520253554,1.3309127047666915
2012-03-27,1.5621413849157044,1.3267775241287625
2012-03-28,1.5653026959808027,1.3201988318254483
2012-03-29,1.5517762124662131,1.3179431204377217
2012-03-30,1.5466465193515597,1.3233940945290739
2012-04-02,1.5780180962945902,1.3330745618428894
2012-04-03,1.5903893130926732,1.3276230378239304
2012-04-04,1.5759910319715953,1.3144654699081002
2012-04-05,1.588704300174555,1.3138078481451918
2012-04-09,1.5892899013002468,1.299052007295341
2012-04-10,1.551799568022027,1.277247469347724
2012-04-11,1.5633821399107193,1.2875862916612566
2012-04-12,1.5752046719995287,1.304409402038968
2012-04-13,1.5564970577844115,1.2889022684238824
2012-04-16,1.5305441036569531,1.2880555632189001
2012-04-17,1.5772677708148368,1.307135026566546
2012-04-18,1.581732361591473,1.3027179163756268
2012-04-19,1.551327162230272,1.2943529675514316
2012-04-20,1.5274615369486495,1.2965147329730287
2012-04-23,1.5198776880872524,1.2856126014811218
2012-04-24,1.4993799772485947,1.290499349848089
2012-04-25,1.5768069524087114,1.3081686155031762
2012-04-26,1.6169938536328359,1.3172854986748141
2012-04-27,1.6120891112711828,1.3194469891326077
2012-04-30,1.580143084554497,1.314559507528832
2012-05-01,1.5902263187453858,1.3227361978023633
2012-05-02,1.6046143392371952,1.318789000751295
2012-05-03,1.588098292666347,1.3087328412275616
2012-05-04,1.561949345531912,1.2875862916612573
2012-05-07,1.5676786979086559,1.2885263012501615
2012-05-08,1.5509462592001606,1.2833569817479964
2012-05-09,1.5567520983213816,1.2757446088534516
2012-05-10,1.5650857184960048,1.2783756458326916
2012-05-11,1.5660899805651527,1.2745224864023543
2012-05-14,1.5379878293008815,1.2604241756608108
2012-05-15,1.5336843540073408,1.2531874949761836
2012-05-16,1.5279710225778234,1.2483946925753464
2012-05-17,1.4471761759560355,1.2298797299158892
2012-05-18,1.4227169682782608,1.2193532906339004
2012-05-21,1.4688912660666635,1.2403122232317483
2012-05-22,1.451419013932105,1.242473622034941
2012-05-23,1.473882667149987,1.243131793725456
2012-05-24,1.4765030340632646,1.2455748471178354
2012-05-25,1.4745944244695999,1.2415336124460363
2012-05-29,1.48247516118563,1.2565708329212708
2012-05-30,1.4597783916180198,1.2383384413970118
2012-05-31,1.4543402053852164,1.2356127252148328
2012-06-01,1.406709582597379,1.2045043287093296
2012-06-04,1.4148487876494673,1.2039401029849441
2012-06-05,1.4349318893509813,1.21305680284738
2012-06-06,1.4487122503188596,1.240312223231748
2012-06-07,1.4485471443186944,1.2410637909607862
2012-06-08,1.4686729105224352,1.2509323335160634
2012-06-11,1.4513273963992075,1.2350487744542509
2012-06-12,1.4811500878274322,1.249240847852722
2012-06-13,1.4542506964908282,1.2412522328206523
2012-06-14,1.4598485996170334,1.2544097090818818
2012-06-15,1.470899161473186,1.267238511943558
2012-06-18,1.5015497305993875,1.2696949469076988
2012-06-19,1.4948087550914388,1.2819762051823906
2012-06-20,1.4879203949557434,1.2798977537931955
2012-06-21,1.4469247716626026,1.2511789760476293
2012-06-22,1.465615817302989,1.2608144409523034
2012-06-25,1.4508820338003001,1.2405980022779846
2012-06-26,1.4800614801679837,1.246833264790969
2012-06-27,1.4622822559219124,1.2580753431983638
2012-06-28,1.4341566482072414,1.2544851408185886
2012-06-29,1.4678347617433973,1.2857553076950374
2012-07-02,1.471819792953685,1.2896290894106228
2012-07-03,1.4752886656628876,1.2981310618634658
2012-07-05,1.4768517199891522,1.2922738745800284
2012-07-06,1.471382127030033,1.2799924329961343
2012-07-09,1.4520191056715464,1.278386277766419
2012-07-10,1.4486392378208135,1.2672385119435583
2012-07-11,1.4352621635151983,1.2674280536586378
2012-07-12,1.438822333608292,1.261287103730188
2012-07-13,1.4548298816889478,1.2824489596148765
2012-07-16,1.4370508733669098,1.2794252743245143
2012-07-17,1.449482633033087,1.2882118343137796
2012-07-18,1.4384772263263752,1.2977528949793184
2012-07-19,1.462131726872309,1.3011541055716207
2012-07-20,1.4589359578693764,1.2892508308718744
2012-07-23,1.4413308562558516,1.2762136971018923
2012-07-24,1.4405834942968356,1.2652548314119032
2012-07-25,1.429182189461421,1.2655385024023145
2012-07-26,1.4840078637183596,1.2864163206781871
2012-07-27,1.5061010995378654,1.310129015766151
2012-07-30,1.5038573608771666,1.310129015766151
2012-07-31,1.4878686911421395,1.3009648388203445
2012-08-01,1.4785989610256443,1.2998315296777156
2012-08-02,1.4766909082042574,1.2908567111377862
2012-08-03,1.4965769621316471,1.3164584992090682
2012-08-06,1.5028395744870933,1.3190088801393387
2012-08-07,1.5117110834884893,1.3256223095364705
2012-08-08,1.5188339279523546,1.32722800649318
2012-08-09,1.5232633953192238,1.3283614072904102
2012-08-10,1.540012156011212,1.3305344462279425
2012-08-13,1.5350319855721442,1.3298737082085965
2012-08-14,1.5412405452107512,1.3300626999960694
2012-08-15,1.5377061254307107,1.3315740843682446
2012-08-16,1.5365872465401282,1.3413989993333975
2012-08-17,1.5500035841937017,1.3431935047683776
2012-08-20,1.5427754250365617,1.343288825553524
2012-08-21,1.529409302943374,1.3392259603958647
2012-08-22,1.541035849916593,1.3397933023766875
2012-08-23,1.529704035558488,1.3288343450320972
2012-08-24,1.5481711696355205,1.3368636547070563
2012-08-27,1.5475553796689216,1.3371477839704728
2012-08-28,1.542986620656358,1.3358251164219668
2012-08-29,1.5495141453131087,1.336863654707056
2012-08-30,1.5262839940170114,1.3272280064931794
2012-08-31,1.5312621799241428,1.3335579482091022
2012-09-04,1.5355558004730079,1.332329226626726
2012-09-05,1.5297279646479855,1.3311962841025013
2012-09-06,1.5463957571118487,1.3582150523068235
2012-09-07,1.540564321136564,1.363505630846247
2012-09-10,1.531349213835278,1.355758800651885
2012-09-11,1.5240579590370489,1.3595371699277228
2012-09-12,1.5313463729748293,1.3640716896626541
2012-09-13,1.5561863956494137,1.3848556536269978
2012-09-14,1.559421328228463,1.390996695210049
2012-09-17,1.5472496661768904,1.3862727254146396
2012-09-18,1.5439047119652003,1.3851387746898027
2012-09-19,1.56154859176303,1.3858949251488961
2012-09-20,1.5580505769368307,1.3859892377334304
2012-09-21,1.5696353799763096,1.3854103472728687
2012-09-24,1.5664755327664213,1.3833208056769404
2012-09-25,1.552724036714447,1.368599426957104
2012-09-26,1.5386035725993727,1.3609066729773927
2012-09-27,1.5658338574372104,1.3737284184347844
2012-09-28,1.5633826881107422,1.367364381207252
2012-10-01,1.5690833394639527,1.3709737393986574
2012-10-02,1.5922166509034743,1.372398235208988
2012-10-03,1.6063985113768977,1.3780019058657769
2012-10-04,1.6176127099386644,1.3878794305719622
2012-10-05,1.618774520462946,1.3879747513571086
2012-10-08,1.6055699259403315,1.3832257598555984
2012-10-09,1.5832007906042995,1.369549060279125
2012-10-10,1.5547290649246406,1.3608109855738424
2012-10-11,1.544637975736568,1.3615706189077776
2012-10-12,1.5478467124945332,1.357107406452504
2012-10-15,1.5507291584462402,1.3684093353144187
2012-10-16,1.567870778161193,1.3822754849513703
2012-10-17,1.581579781243363,1.3885440180845543
2012-10-18,1.5604983134929127,1.3849352098207555
2012-10-19,1.5357650784759227,1.3618565812632164
2012-10-22,1.5363845278789996,1.3620463062874981
2012-10-23,1.5159689624628812,1.3431461193396081
2012-10-24,1.5442879276661987,1.339346577850916
2012-10-25,1.5006187011931884,1.3432407068879455
2012-10-26,1.4960235321972288,1.3424811652086115
2012-10-31,1.5069828113575892,1.3424811652086115
2012-11-01,1.520408299012156,1.356537406488249
2012-11-02,1.5130359284792176,1.3444759359470002
2012-11-05,1.5060739649008514,1.3472297900917174
2012-11-06,1.509468468443756,1.3577725438927024
2012-11-07,1.4804639037153553,1.3269999698456376
2012-11-08,1.4628418527458804,1.3110439119943533
2012-11-09,1.4663415744934436,1.3121836369590596
2012-11-12,1.5301194180142106,1.3132286827208273
2012-11-13,1.5302354859911367,1.3086693245889973
2012-11-14,1.507794910532916,1.291004091736359
2012-11-15,1.5080287265944625,1.2888195043190875
2012-11-16,1.517006571549898,1.2951831749282159
2012-11-19,1.5408243338103402,1.321396757461855
2012-11-20,1.5558104605655725,1.3219663908077055
2012-11-21,1.554184940010458,1.3244356574160006
2012-11-23,1.576595996900265,1.3424811652086122
2012-11-26,1.5692786853440461,1.3396321735879508
2012-11-27,1.555474401673599,1.3327932738721076
2012-11-28,1.5669191008061583,1.3435263026249806
2012-11-29,1.5755512008553476,1.3497943774851595
2012-11-30,1.5836651086328126,1.3500792399853851
2012-12-03,1.5780377090829967,1.3434309818398344
2012-12-04,1.5651041383206887,1.3415313485773899
2012-12-05,1.558057501684999,1.3439054777097408
2012-12-06,1.5586821080153843,1.3484644692231664
2012-12-07,1.5601017930856054,1.3525484149390792
2012-12-10,1.5509149449150772,1.353118873176339
2012-12-11,1.5623279573038424,1.3623310771331234
2012-12-12,1.5602633415727212,1.3629958479549178
2012-12-13,1.5443003814253573,1.3546385981172153
2012-12-14,1.5392812312016673,1.3496041941878727
2012-12-17,1.5760815657241014,1.3654655728362184
2012-12-18,1.578841054163136,1.3806610808075566
2012-12-19,1.5531234806410432,1.3704041977074095
2012-12-20,1.5540346389397035,1.3782867683660034
2012-12-21,1.537622883388002,1.3657759153155502
2012-12-24,1.5392457406634,1.361567777615144
2012-12-26,1.532839159899493,1.3558285498033251
2012-12-27,1.5325237630502022,1.354011039063468
2012-12-28,1.52298875699245,1.3393772821422854
2012-12-31,1.5507887242822551,1.3621412604542402
2013-01-02,1.5913281182067156,1.397053414560087
2013-01-03,1.585055683423269,1.3938965551343232
2013-01-04,1.5926452811330778,1.4000178909781371
2013-01-07,1.5910972732697912,1.3961922279281305
2013-01-08,1.592458466272514,1.3921749151072191
2013-01-09,1.5895550812539834,1.3957143408379837
2013-01-10,1.6049995283004737,1.4068098635382162
2013-01-11,1.602742604389961,1.40671371786166
2013-01-14,1.5976165828861542,1.4057573937537593
2013-01-15,1.6044292208563773,1.40671371786166
2013-01-16,1.6094761428657167,1.4065224347091596
2013-01-17,1.6110780226760086,1.4156089802078324
2013-01-18,1.6109838087364858,1.418765747978995
2013-01-22,1.6190373136935272,1.4264173490428118
2013-01-23,1.62553926318413,1.4287132051458216
2013-01-24,1.6707432272455822,1.4290961380692266
2013-01-25,1.6927705180719241,1.437130488747246
2013-01-28,1.6783667403762985,1.435408848720142
2013-01-29,1.702077507920416,1.4410513809277983
2013-01-30,1.6926016826676198,1.4354088487201422
2013-01-31,1.6906397831178934,1.4318700645715854
2013-02-01,1.7196745058129606,1.4465999671693244
2013-02-04,1.7073255820287694,1.430339157769375
2013-02-05,1.7353299687707386,1.4447821814656643
2013-02-06,1.7401676406061015,1.445834376286318
2013-02-07,1.7374754242226125,1.4439216364159155
2013-02-08,1.7548040975180996,1.4519555288209296
2013-02-11,1.749795362041486,1.4516693831562884
2013-02-12,1.7475724995555428,1.4540604683898428
2013-02-13,1.7602437633647599,1.455303304780789
2013-02-14,1.7722698122740292,1.4566430200851004
2013-02-15,1.7730420083108336,1.454921196748794
2013-02-19,1.786345450139087,1.4658249780235206
2013-02-20,1.7278652978173934,1.4475567495502304
2013-02-21,1.7191545702591893,1.4387562580615973
2013-02-22,1.732024936444728,1.4528164404890824
2013-02-25,1.6908625324822486,1.4251741460334615
2013-02-26,1.7151831276355196,1.4349305033569892
2013-02-27,1.7441912503597596,1.4530083652237904
2013-02-28,1.7468189257585867,1.4501385680086787
2013-03-01,1.7686984226075568,1.4549211967487934
2013-03-04,1.7810837344326096,1.462668760179964
2013-03-05,1.798483761650642,1.475772526844947
2013-03-06,1.7943179695084124,1.4777820539741133
2013-03-07,1.783580386616787,1.4804599264545169
2013-03-08,1.7891093540190837,1.4867726371054324
2013-03-11,1.7744905079308397,1.492415535931493
2013-03-12,1.795543136695053,1.4890678516262343
2013-03-13,1.7931764303137305,1.491171782994536
2013-03-14,1.7961462173791558,1.4991120043972237
2013-03-15,1.7845579024825424,1.4971319900496123
2013-03-18,1.7774398141325791,1.4888699693424547
2013-03-19,1.7684620083354359,1.485410924696857
2013-03-20,1.7853073542625437,1.4957868671238355
2013-03-21,1.772003080672213,1.483009207529574
2013-03-22,1.7872132077064167,1.4949221059624362
2013-03-25,1.7809987723712575,1.4886773113709375
2013-03-26,1.813192219237626,1.5005909430406084
2013-03-27,1.829935609401052,1.5005909430406084
2013-03-28,1.8471969069332181,1.5052020860220612
2013-04-01,1.813470584051091,1.4992456368056304
2013-04-02,1.819879621530578,1.506642804696787
2013-04-03,1.7857043025457948,1.4913675572224898
2013-04-04,1.7953817355700759,1.4974200604608765
2013-04-05,1.7853935489336008,1.4906955456872086
2013-04-08,1.793678242356455,1.5007825011569127
2013-04-09,1.815508545512357,1.5059704265431013
2013-04-10,1.8613398090596611,1.5244169232155353
2013-04-11,1.8848106082903846,1.529413290485421
2013-04-12,1.902701009558814,1.5256660837739577
2013-04-15,1.8546411997870522,1.4903097714711695
2013-04-16,1.8906947926201536,1.5123117334295608
2013-04-17,1.857751085422183,1.4902146339952256
2013-04-18,1.823243519457781,1.4808951941551518
2013-04-19,1.8713533401525106,1.4937690910805708
2013-04-22,1.9061945009644334,1.5003987433420976
2013-04-23,1.9549334804734764,1.5158660988603048
2013-04-24,1.8992679985616474,1.5168269140436592
2013-04-25,1.9251812155390666,1.5229755629586017
2013-04-26,1.9176174083604118,1.5202855004162517
2013-04-29,1.9072598909917209,1.5304700680361292
2013-04-30,1.8911880556327987,1.5341205791434296
2013-05-01,1.8709362764724409,1.5206697165040721
2013-05-02,1.8967186012590012,1.5347931406063173
2013-05-03,1.9283467447754967,1.5503571917286878
2013-05-06,1.9218805070158618,1.5542968731024656
2013-05-07,1.9178526457373875,1.5621747693764036
2013-05-08,1.907125907719818,1.5692840501654983
2013-05-09,1.9198365866180958,1.5648648319187537
2013-05-10,1.9356002489586954,1.5699566116283863
2013-05-13,1.9607797355447405,1.5712054972230052
2013-05-14,1.9938211668321162,1.5874428430450724
2013-05-15,2.0189102821988745,1.595992934163494
2013-05-16,1.993425869052734,1.588498887358972
2013-05-17,2.0204591757070056,1.603871013746634
2013-05-20,2.007460279993087,1.6037744097970723
2013-05-21,2.017197773880927,1.6060808061792085
2013-05-22,1.979769748682502,1.594166624581931
2013-05-23,1.9602810566852713,1.5895556649096807
2013-05-24,1.9627982515502973,1.588211091911511
2013-05-28,1.9325103778150772,1.5977222731770906
2013-05-29,1.9043758574063716,1.5873458724771061
2013-05-30,1.9138992120011438,1.5932064509807844
2013-05-31,1.8872806419798795,1.570340827716207
2013-06-03,1.896219864579946,1.578988072711797
2013-06-04,1.8738957942279508,1.571397788576118
2013-06-05,1.8456197916429258,1.5493962848907321
2013-06-06,1.8749936208668487,1.563423105043416
2013-06-07,1.9046054507345687,1.5833108703181822
2013-06-10,1.91117336614255,1.5833108703181822
2013-06-11,1.8957124309351727,1.5669776537833622
2013-06-12,1.8616325253610138,1.5540079777997913
2013-06-13,1.8986645789124919,1.5776433164044252
2013-06-14,1.8861536027565846,1.5677473691234185
2013-06-17,1.9068596942716893,1.5798521922909887
2013-06-18,1.9167607011123406,1.592341781473986
2013-06-19,1.8912292218412006,1.5703408277162068
2013-06-20,1.832104321701246,1.5314302416372758
2013-06-21,1.8317309667071706,1.5363465027857979
2013-06-24,1.8134993704594198,1.5169331417263368
2013-06-25,1.8202194233828508,1.5315177717813286
2013-06-26,1.8555573807947112,1.5466811089876802
2013-06-27,1.8770284142003941,1.555760047154462
2013-06-28,1.8667892800120531,1.549385836266207
2013-07-01,1.8734890482785398,1.5584636745777753
2013-07-02,1.852910406702548,1.5570158984987645
2013-07-03,1.8525245491687026,1.5576912095996858
2013-07-05,1.884503611748825,1.5744966306393844
2013-07-08,1.878711170694381,1.583479881402615
2013-07-09,1.8615162119499213,1.5948756645760584
2013-07-10,1.8480038414806128,1.5954556548918333
2013-07-11,1.8707579362149565,1.6171860442671586
2013-07-12,1.8752093129648788,1.6178624552232932
2013-07-15,1.8923973596569412,1.6240443747584359
2013-07-16,1.8838092070134755,1.617959059172855
2013-07-17,1.8947576188466735,1.622112112457999
2013-07-18,1.9109423250818964,1.6309976594164548
2013-07-19,1.903514143336183,1.6338959612125092
2013-07-22,1.9057926014680058,1.6370826083836314
2013-07-23,1.8861429727303858,1.633605966054622
2013-07-24,1.8609890831733855,1.6276179876554118
2013-07-25,1.8890633285490745,1.6315776497322299
2013-07-26,1.862423066405398,1.6333165208243412
2013-07-29,1.856489842173903,1.6282931154471307
2013-07-30,1.856863118962197,1.6282931154471307
2013-07-31,1.8808358061712782,1.629452546151074
2013-08-01,1.911855828861106,1.6482862835131649
2013-08-02,1.9220003043850227,1.6510879813596575
2013-08-05,1.9360864023230342,1.648672882620614
2013-08-06,1.9237421109974129,1.6393041326051474
2013-08-07,1.9196142992066276,1.6339918319252629
2013-08-08,1.927317332864697,1.639979810324473
2013-08-09,1.9283080612952177,1.6352476832695655
2013-08-12,1.9219572450590852,1.6333165208243419
2013-08-13,1.9432313868613629,1.638144885210407
2013-08-14,1.9343697877218127,1.6297427246181642
2013-08-15,1.8859136762520008,1.606948958560851
2013-08-16,1.889951975862565,1.6016368411901685
2013-08-19,1.8834561464878607,1.5913992055562527
2013-08-20,1.8997442922282342,1.5992224756879339
2013-08-21,1.904451855327553,1.5893716224706695
2013-08-22,1.9218684672399526,1.603858182102482
2013-08-23,1.9279471252566163,1.6092661701859174
2013-08-26,1.940169696517381,1.603278925023516
2013-08-27,1.8761629973432592,1.5774908031481931
2013-08-28,1.892340746152303,1.583092915676763
2013-08-29,1.9058596458664474,1.5856038851285594
2013-08-30,1.8915301626429348,1.5805817629157644
2013-09-03,1.9106889815934347,1.5877284387821091
2013-09-04,1.9291839243002895,1.6008638262844725
2013-09-05,1.9399884998437242,1.6028930591528758
2013-09-06,1.9304281431221992,1.6036647908941566
2013-09-09,1.9476577161058175,1.6190217026180358
2013-09-10,1.9819905059182605,1.6309976594164561
2013-09-11,1.9888879212387247,1.6361167521972175
2013-09-12,1.9816540828171125,1.631770307703748
2013-09-13,1.9891484519103806,1.6354405245502854
2013-09-16,1.9972322743161959,1.6449058785153137
2013-09-17,2.007641198473816,1.6522459455899838
2013-09-18,2.0247938516942465,1.6713704113467711
2013-09-19,2.0134409576231076,1.6685687135002785
2013-09-20,2.0004710316187833,1.6569025492535834
2013-09-23,1.9792539853877715,1.6492361917989893
2013-09-24,1.9873260545609608,1.6453537028962992
2013-09-25,1.9800188444065208,1.6405977456451049
2013-09-26,2.00545900690853,1.646906698457375
2013-09-27,1.9986825650489595,1.639336211715534
2013-09-30,1.9863719111629614,1.6306018948488967
2013-10-01,2.0043171790111507,1.6435097956313245
2013-10-02,1.9943159180101173,1.6419566167610462
2013-10-03,1.9668772001556507,1.6268161932049705
2013-10-04,1.9812332304196847,1.6391419039611972
2013-10-07,1.9824084770264587,1.624972102630794
2013-10-08,1.9470655388766296,1.6060474439044097
2013-10-09,1.9386457599370182,1.6072114573384078
2013-10-10,2.0041473275658133,1.6418596461930801
2013-10-11,1.9834385493925348,1.6524380536338938
2013-10-14,2.019720504304029,1.6590384680776693
2013-10-15,1.9971714360507704,1.6470036690253413
2013-10-16,2.026530423521279,1.6700049410995503
2013-10-17,2.055518999684626,1.6811668217309808
2013-10-18,2.057583868679284,1.692522093570737
2013-10-21,2.0368353267631476,1.6926183309018945
2013-10-22,2.0522355659414373,1.7024218903449901
2013-10-23,2.088833441158659,1.6942690302677454
2013-10-24,2.093983754992158,1.6998975393214328
2013-10-25,2.1092838191894137,1.707662517126813
2013-10-28,2.0919347360652836,1.7103798927402913
2013-10-29,2.120438459965108,1.7195022751879954
2013-10-30,2.1118084867529325,1.7109620827664926
2013-10-31,2.1164253867909606,1.706109704874939
2013-11-01,2.1364840236740505,1.7101854016767526
2013-11-04,2.1493065981251527,1.7162032594759222
2013-11-05,2.146149876508518,1.710768508248965
2013-11-06,2.1312995242599095,1.7195022751879958
2013-11-07,2.110611895578602,1.6977627203525603
2013-11-08,2.1497795595181457,1.7206672051680052
2013-11-11,2.147905737235854,1.7209590334179148
2013-11-12,2.137362125023882,1.7174644267870893
2013-11-13,2.142226472241987,1.731246345845628
2013-11-14,2.1612595964001113,1.7398844253811079
2013-11-15,2.1676870142488434,1.7474543621953424
2013-11-18,2.160490151041177,1.741339717137409
2013-11-19,2.159625785926491,1.7375547487302918
2013-11-20,2.147873329597383,1.7321196308849303
2013-11-21,2.1811870868977854,1.746095491079401
2013-11-22,2.2071152519985184,1.7548305411828473
2013-11-25,2.2053021334676166,1.7530834211766368
2013-11-26,2.2113014130983326,1.753568823944074
2013-11-27,2.2400043483783816,1.7578382785726179
2013-11-29,2.2353601555461373,1.7566749983754284
2013-12-02,2.2233652688399497,1.7521126156417621
2013-12-03,2.227965832717363,1.7445419455907187
2013-12-04,2.2098514068898276,1.744348554382393
2013-12-05,2.190107858337548,1.7366807304541811
2013-12-06,2.2185026504657843,1.7560917084940137
2013-12-09,2.23228210231918,1.7605565707321071
2013-12-10,2.2221661946048465,1.7542481678474435
2013-12-11,2.1902409965429857,1.7345455448669036
2013-12-12,2.1858510578786787,1.728819881936048
2013-12-13,2.1912132150237107,1.728625940800116
2013-12-16,2.197235672271026,1.7393982893768618
2013-12-17,2.2022134344011572,1.7338665675819382
2013-12-18,2.2197598379952495,1.7634677041723155
2013-12-19,2.210764238569314,1.7614296724622065
2013-12-20,2.2316225221627133,1.771676106937828
2013-12-23,2.23342299591555,1.7811414609028566
2013-12-24,2.243986159077892,1.7850446637453956
2013-12-26,2.2575158948254277,1.7941197524189307
2013-12-27,2.244702030680616,1.7940224152325603
2013-12-30,2.2329912253324093,1.7937293038182356
2013-12-31,2.252253406676645,1.802219086209132
2014-01-02,2.230231910344651,1.784946959940621
2014-01-03,2.220169764334698,1.7846538485262962
2014-01-06,2.216475116867806,1.7794825126229066
2014-01-07,2.237806175930882,1.7904121404951443
2014-01-08,2.266309001024363,1.790801305931424
2014-01-09,2.265928624103292,1.791973018351915
2014-01-10,2.2638049311962005,1.7968517927685859
2014-01-13,2.2334890035221626,1.772944789926285
2014-01-14,2.2618808916913844,1.7922659464570372
2014-01-15,2.2643581749346087,1.8019259747948069
2014-01-16,2.2608465718428734,1.7995847496642516
2014-01-17,2.2490713288225628,1.7919730183519145
2014-01-21,2.2659655583632694,1.7972416914416744
2014-01-22,2.291745551447698,1.7984126706253565
2014-01-23,2.277696285628385,1.7836782769521635
2014-01-24,2.2222883381528127,1.7456218201009042
2014-01-27,2.2059916417151886,1.737034517214435
2014-01-28,2.2281438641947884,1.7473786554948316
2014-01-29,2.2005517376467063,1.7305941317041842
2014-01-30,2.2307934738833555,1.748939899970007
2014-01-31,2.216393898686067,1.7386934654943853
2014-02-03,2.167091364750883,1.699563916573421
2014-02-04,2.1761346763164626,1.711468749401386
2014-02-05,2.183517935302233,1.7093223819527743
2014-02-06,2.2080690733595985,1.7318626313834389
2014-02-07,2.255240425791201,1.75333070529041
2014-02-10,2.246079700625332,1.7565514479731419
2014-02-11,2.279927271996119,1.7757734342255016
2014-02-12,2.283662788156306,1.7766525851592738
2014-02-13,2.2944731095952653,1.7858251943283818
2014-02-14,2.308972379617704,1.795681180203308
2014-02-18,2.316436063048283,1.7978275476519199
2014-02-19,2.3003515603600744,1.785922898133157
2014-02-20,2.3239196971117804,1.7964618940954968
2014-02-21,2.319217069633688,1.794412313905649
2014-02-24,2.3361431752980883,1.804365270348541
2014-02-25,2.3232470068110165,1.803681893642723
2014-02-26,2.3170421508256362,1.8037801473751047
2014-02-27,2.329153318812691,1.8132458679585377
2014-02-28,2.337238323244344,1.8178318975792882
2014-03-03,2.3345996170941365,1.8050482804359549
2014-03-04,2.3765953920449525,1.8304202904222737
2014-03-05,2.374653982253369,1.8320783221562131
2014-03-06,2.376757202265113,1.8362739031762683
2014-03-07,2.3686473071676613,1.8370551669960635
2014-03-10,2.3603804893671994,1.836079228803527
2014-03-11,2.3458382109784406,1.827004323439194
2014-03-12,2.358402932062513,1.827492292535462
2014-03-13,2.3339237434670084,1.8070007067486342
2014-03-14,2.324569725232586,1.8019259747948067
2014-03-17,2.3397476101925583,1.8182219795615793
2014-03-18,2.3513057830648547,1.8312002710776536
2014-03-19,2.332266291745558,1.8214423556259067
2014-03-20,2.335577120411209,1.8320783221562127
2014-03-21,2.2975487031977986,1.824972707551162
2014-03-24,2.2683180203815403,1.8174255010780007
2014-03-25,2.2813819937830115,1.8260509322785285
2014-03-26,2.2707282374937647,1.8129171945589848
2014-03-27,2.256839651626002,1.80909501438382
2014-03-28,2.268243088279623,1.8180137403078749
2014-03-31,2.3009958946637914,1.8329118290986366
2014-04-01,2.313412234451158,1.8450650458955888
2014-04-02,2.312105880279539,1.8512396330626433
2014-04-03,2.305553573584598,1.8487895222659787
2014-04-04,2.2589782308321826,1.8269326495411322
2014-04-07,2.2233947129188185,1.8067426073919308
2014-04-08,2.218241446651314,1.814191376823508
2014-04-09,2.259990175596899,1.8336956592472629
2014-04-10,2.204535311987708,1.795177079897246
2014-04-11,2.179733890465855,1.7790048088419614
2014-04-14,2.191576350291487,1.7930209970609172
2014-04-15,2.2081407590306323,1.8053707213226324
2014-04-16,2.224833548173362,1.8242860312797045
2014-04-17,2.2407240452289257,1.826834762427155
2014-04-21,2.256863647823605,1.8332051238221636
2014-04-22,2.2657992488213456,1.8415370769899622
2014-04-23,2.2771851494682678,1.8372238114620916
2014-04-24,2.2802511941702566,1.8409481045232792
2014-04-25,2.2424359060094976,1.8258549747413721
2014-04-28,2.2249860882913226,1.8316376468341136
2014-04-29,2.2386587729369256,1.8401642743746531
2014-04-30,2.2832215513918985,1.8456531018162607
2014-05-01,2.2941387610818964,1.8458483261166085
2014-05-02,2.279847261871576,1.8432026244011919
2014-05-05,2.2902621253577666,1.8467305933068183
2014-05-06,2.28129632706095,1.830657125911522
2014-05-07,2.2919431518973057,1.8414388232575807
2014-05-08,2.2831514586709356,1.8394785146492065
2014-05-09,2.2697819958761394,1.842222470097005
2014-05-12,2.2864639465530567,1.8601589089143051
2014-05-13,2.2909165228441863,1.861825372871546
2014-05-14,2.286821823843888,1.8530039841338615
2014-05-15,2.262374248498433,1.8367336426553975
2014-05-16,2.2743855920241334,1.8431051039056194
2014-05-19,2.2671856767764766,1.8498677469933458
2014-05-20,2.2634271285793033,1.8382039657662794
2014-05-21,2.2733517333537416,1.8536902937869149
2014-05-22,2.281874256638455,1.8581984169967285
2014-05-23,2.2939108738618486,1.8656477363559123
2014-05-27,2.310624655664445,1.8771151934274175
2014-05-28,2.3205575846157576,1.875742757430513
2014-05-29,2.3383397836493125,1.8854456801215986
2014-05-30,2.3468861152904923,1.8884842134573394
2014-06-02,2.3460770055302005,1.8906402962936681
2014-06-03,2.348879966003597,1.8896603252986832
2014-06-04,2.358918448663837,1.8934830554014546
2014-06-05,2.3700309382088807,1.9058322297355634
2014-06-06,2.378442598154941,1.914947279815179
2014-06-09,2.377853168206958,1.916907221805149
2014-06-10,2.384727640162867,1.9171033626515077
2014-06-11,2.3828228324144467,1.9104384233685565
2014-06-12,2.3724797167097025,1.8969125872654975
2014-06-13,2.3737886773406114,1.902695442667441
2014-06-16,2.475799185947888,1.904263836201502
2014-06-17,2.4987835784755092,1.909556339487549
2014-06-18,2.5093916322299235,1.9235719777788982
2014-06-19,2.521579203540715,1.925728243924429
2014-06-20,2.5220487373154525,1.9296378625890453
2014-06-23,2.530814419167206,1.929047423648745
2014-06-24,2.5128328995674196,1.9174263534657923
2014-06-25,2.523652267975061,1.926092112690805
2014-06-26,2.5250891445470676,1.9247138107994297
2014-06-27,2.5300582300746184,1.9284568013992422
2014-06-30,2.5422539510563538,1.927472064365
2014-07-01,2.5555215596267287,1.9403722661609353
2014-07-02,2.555507609856235,1.9423419235386221
2014-07-03,2.559280807447367,1.9518948993023044
2014-07-07,2.5522129926004915,1.9450992605581814
2014-07-08,2.5435915485499145,1.9325929902377834
2014-07-09,2.5513282643434674,1.941258566153594
2014-07-10,2.54337041954172,1.9335773606536213
2014-07-11,2.534959407377038,1.9362362606315966
2014-07-14,2.557770693685386,1.9459859271692441
2014-07-15,2.537538880857975,1.9423419235386221
2014-07-16,2.576926396058908,1.9495311271398779
2014-07-17,2.5337709017064856,1.9273732607050118
2014-07-18,2.545887414619774,1.9470700177910811
2014-07-21,2.544852196837963,1.9434256475420546
2014-07-22,2.572253457861154,1.951894899302304
2014-07-23,2.578917628637389,1.9562285121516194
2014-07-24,2.577888758531544,1.9563265825747986
2014-07-25,2.5617057658161997,1.9471677215958558
2014-07-28,2.554456149564108,1.9479559511653348
2014-07-29,2.543789104347543,1.9395845865190626
2014-07-30,2.5252106728816424,1.939880080953016
2014-07-31,2.4716371850284813,1.9015710240211188
2014-08-01,2.4683752893588617,1.895761038857249
2014-08-04,2.486072470423559,1.9094492869134612
2014-08-05,2.4503205950539835,1.8909341409448017
2014-08-06,2.455291687526337,1.8915262296679223
2014-08-07,2.4282898697263575,1.8812843779223558
2014-08-08,2.4507305295973025,1.9030479462632803
2014-08-11,2.4663509021631045,1.9085633535392077
2014-08-12,2.467418481857,1.9059044535612322
2014-08-13,2.4990708761146583,1.9188048386663696
2014-08-14,2.5095160424903136,1.9278659958405375
2014-08-15,2.5233834278180893,1.9274720643650003
2014-08-18,2.5436362235780834,1.94362233831602
2014-08-19,2.5569351543127485,1.9537666695660139
2014-08-20,2.5615735354839995,1.9589854825527744
2014-08-21,2.5725339008547166,1.9646977639118692
2014-08-22,2.57050276498974,1.96164438253075
2014-08-25,2.578619565829632,1.9715909231515651
2014-08-26,2.5821435550033858,1.9728706046921545
2014-08-27,2.588443293224798,1.9720831083594843
2014-08-28,2.586688855569495,1.9709999342836582
2014-08-29,2.600977655795637,1.9766132286735625
2014-09-02,2.6017567183145967,1.9756283083301178
2014-09-03,2.5862974379503814,1.9745456841818985
2014-09-04,2.580254288190246,1.9716899101207555
2014-09-05,2.5923007778551552,1.980551810192127
2014-09-08,2.5894971760964847,1.9754318008653546
2014-09-09,2.5746519209232392,1.962924247380541
2014-09-10,2.5934372382977497,1.9703108749925713
2014-09-11,2.5951183116446437,1.9725758434950091
2014-09-12,2.5668289883522517,1.9610537602812468
2014-09-15,2.558231486819947,1.9595761048022768
2014-09-16,2.585449109102586,1.974348076861922
2014-09-17,2.587750997631142,1.9770075267675038
2014-09-18,2.6052971996464116,1.9875445063286195
2014-09-19,2.592603783465829,1.9857537587322844
2014-09-22,2.5768066738082935,1.9704181108758612
2014-09-23,2.5683043922874274,1.9591389123550196
2014-09-24,2.5957872956434054,1.9744749268298476
2014-09-25,2.5504123021052165,1.9426161541051203
2014-09-26,2.58043243795532,1.9580500556939253
2014-09-29,2.5790015712983503,1.9544885412042954
2014-09-30,2.5643742233363267,1.9493437851352255
2014-10-01,2.522695138078326,1.922926546077937
2014-10-02,2.498363028332946,1.9232233236763059
2014-10-03,2.5352934562903346,1.9443960864585255
2014-10-06,2.5303347848880926,1.9421212192591684
2014-10-07,2.48856836309412,1.9121409992386322
2014-10-08,2.53530739149179,1.9455839300888103
2014-10-09,2.486533599904655,1.9069964264787647
2014-10-10,2.4326633384238017,1.8852291919537962
2014-10-13,2.390343325463397,1.854260935333378
2014-10-14,2.40788311469891,1.857130274275484
2014-10-15,2.3860108717482125,1.8445647950827742
2014-10-16,2.3912364483723154,1.8429817368125367
2014-10-17,2.4306202581932728,1.8647489713375052
2014-10-20,2.468647055280691,1.8828551544760463
2014-10-21,2.5263799144974133,1.920156010795819
2014-10-22,2.5161308832919724,1.906501858251217
2014-10-23,2.540486472075436,1.9286648573437448
2014-10-24,2.5665481426978496,1.9435063035910252
2014-10-27,2.5753474766777296,1.940835121896502
2014-10-28,2.606567972930063,1.9630965580306137
2014-10-29,2.615692592860056,1.9601282321193172
2014-10-30,2.6097044964849796,1.972693344693623
2014-10-31,2.6547789510219357,1.9952521083537105
2014-11-03,2.66459734742329,1.9963405983964004
2014-11-04,2.6566778602965604,1.9894151767371167
2014-11-05,2.6646640273523694,2.001979922693018
2014-11-06,2.661753920247078,2.009994934250205
2014-11-07,2.6720537029585736,2.0118744035004075
2014-11-10,2.6990915953398504,2.018207003199762
2014-11-11,2.6972163739261537,2.0201860093467614
2014-11-12,2.690069013779612,2.018008845952179
2014-11-13,2.692190725354363,2.0202848130067492
2014-11-14,2.6824229287891215,2.020779381234297
2014-11-17,2.6899304026598787,2.0220654785969634
2014-11-18,2.7053726838877896,2.0337406249945666
2014-11-19,2.699693428326755,2.0304758881033056
2014-11-20,2.7004306864223073,2.0340374025929355
2014-11-21,2.7084487237136625,2.0449208365462175
2014-11-24,2.721855354753818,2.050659697739632
2014-11-25,2.72074795848261,2.0491752598201805
2014-11-26,2.740439983795407,2.0544193694768453
2014-11-28,2.755632080492155,2.0500665091612986
2014-12-01,2.7172099892584773,2.0358186181107563
2014-12-02,2.7300892050829115,2.0489772858818
2014-12-03,2.755782776858622,2.05689276054219
2014-12-04,2.7592323717980998,2.054617893342833
2014-12-05,2.7572243997833343,2.0579810672756778
2014-12-08,2.7447414317689582,2.044228844307896
2014-12-09,2.755349570388406,2.0428437599760394
2014-12-10,2.7203425539330546,2.010093737910194
2014-12-11,2.735559359659216,2.02028481300675
2014-12-12,2.7039725359582563,1.987633777910095
2014-12-15,2.693885504916972,1.9739796253654929
2014-12-16,2.6610196338644085,1.9581499592091285
2014-12-17,2.7111973932209414,1.9965387556439846
2014-12-18,2.7603251525665495,2.0459108895473244
2014-12-19,2.7453789673245215,2.0546160602508112
2014-12-22,2.7814208919828083,2.064066749479663
2014-12-23,2.774918679124196,2.06685213280716
2014-12-24,2.7628691315899694,2.067051939837563
2014-12-26,2.785025007914511,2.073717429048121
2014-12-29,2.791665331076432,2.076503362303224
2014-12-30,2.77471316299165,2.065360729138025
2014-12-31,2.7517267424767566,2.0448658437855576
2015-01-02,2.7419232549636012,2.0437718544668013
2015-01-05,2.7146735572655247,2.0068618133661285
2015-01-06,2.7216637441076994,1.987959518362413
2015-01-07,2.7703239893919234,2.0127315573299165
2015-01-08,2.8137532904011877,2.048447705596632
2015-01-09,2.7896450315231203,2.032031816611618
2015-01-12,2.783682303256615,2.016113978728993
2015-01-13,2.7782892950499187,2.0104433085587985
2015-01-14,2.7748608093355673,1.9983058563532359
2015-01-15,2.761535104744273,1.9800000494934937
2015-01-16,2.8126587045596065,2.0059663479133594
2015-01-20,2.7963151393066576,2.010244418074407
2015-01-21,2.8076310343778625,2.02039204889004
2015-01-22,2.852493153339889,2.0504378936049656
2015-01-23,2.863593266641182,2.039195173615363
2015-01-26,2.875214681724016,2.0439705616419905
2015-01-27,2.859823544967001,2.0170094441817614
2015-01-28,2.841652301737928,1.9911434158955017
2015-01-29,2.865329410411993,2.0095476597968274
2015-01-30,2.7934525991635772,1.9842775697269344
2015-02-02,2.808418239396644,2.0088518180652595
2015-02-03,2.8194094017414426,2.0379021105030124
2015-02-04,2.810303602776913,2.030141348809283
2015-02-05,2.8216316088871443,2.0506355009249417
2015-02-06,2.7675968297438596,2.044965380682354
2015-02-09,2.755656359318057,2.0358122022886795
2015-02-10,2.786092468970858,2.0575004305474978
2015-02-11,2.7907683287793246,2.058694873309062
2015-02-12,2.8143274698548515,2.078492633765546
2015-02-13,2.8110822205286254,2.087048957396843
2015-02-17,2.809923526533475,2.0903311086623133
2015-02-18,2.829358273889225,2.0905303657651095
2015-02-19,2.807239190578807,2.089038778786772
2015-02-20,2.850828550475489,2.101573645342714
2015-02-23,2.8617862240449585,2.1012754012707275
2015-02-24,2.8348334479014743,2.1072448654405154
2015-02-25,2.8467030307080425,2.1054535679165736
2015-02-26,2.861736635195791,2.1029669785886704
2015-02-27,2.8671935451923867,2.0958036215849254
2015-03-02,2.880066868163872,2.1090356130368506
2015-03-03,2.8713093171042776,2.1003799358179593
2015-03-04,2.8515719469797016,2.0915259180422825
2015-03-05,2.854824954167653,2.0938139835041985
2015-03-06,2.79225168807996,2.064365360170055
2015-03-09,2.801822647166005,2.0729215004921495
2015-03-10,2.767674408061629,2.03929471051216
2015-03-11,2.760212781195073,2.0345195057947345
2015-03-12,2.7931527260093842,2.0603864506270053
2015-03-13,2.775937539741369,2.047750764009851
2015-03-16,2.8171776596963243,2.075110029057268
2015-03-17,2.804681652228081,2.068942224330695
2015-03-18,2.8178239408087604,2.093813983504198
2015-03-19,2.8190277329033164,2.084262290904931
2015-03-20,2.833339252961197,2.1026604856025846
2015-03-23,2.8365313146802804,2.098563341624113
2015-03-24,2.8226148299170624,2.086770877337099
2015-03-25,2.76325176424765,2.0561923360805676
2015-03-26,2.7498966400276643,2.0512957806712824
2015-03-27,2.769713084697943,2.0559921624317603
2015-03-30,2.800844349848792,2.0810752771154046
2015-03-31,2.776136199982125,2.062887154763478
2015-04-01,2.766439575612534,2.0555923650617522
2015-04-02,2.766496463070714,2.062987608206286
2015-04-06,2.7687781128096707,2.0768778630033276
2015-04-07,2.7552286108410953,2.071381886502834
2015-04-08,2.771072279625143,2.0783767823497534
2015-04-09,2.7679352047817494,2.087570655386317
2015-04-10,2.7861704203909943,2.0989627723757165
2015-04-13,2.7728814045064167,2.0894691887935486
2015-04-14,2.7665294704303056,2.093466429256819
2015-04-15,2.765493778771119,2.1028602926329873
2015-04-16,2.7729950845649753,2.1022605049233745
2015-04-17,2.7372712723575727,2.0780770718041492
2015-04-20,2.7588517148119363,2.0970644222776875
2015-04-21,2.775605970156765,2.094565184614832
2015-04-22,2.775786352746293,2.1048589128646227
2015-04-23,2.7823148003922564,2.1101554489531176
2015-04-24,2.789711225270643,2.1150512711255938
2015-04-27,2.7627095747506183,2.106258845241858
2015-04-28,2.765794520575172,2.112953480615566
2015-04-29,2.7122246188917334,2.1042589418458073
2015-04-30,2.6728303925266688,2.0831736175530393
2015-05-01,2.709076936540555,2.1057582278106373
2015-05-04,2.725850729247925,2.111754271814745
2015-05-05,2.695690796831098,2.087570655386317
2015-05-06,2.68362851801397,2.078976936677771
2015-05-07,2.6989630633771933,2.087270761531511
2015-05-08,2.7272051637804298,2.1147524771260002
2015-05-11,2.7274655443186906,2.1046591058342194
2015-05-12,2.722423015356904,2.098363351284508
2015-05-13,2.7239365588276354,2.0987633319637182
2015-05-14,2.7561597216180482,2.1206484343057044
2015-05-15,2.7608119319004296,2.1229462151553373
2015-05-18,2.7825359355419383,2.1295420468690573
2015-05-19,2.7785342193509517,2.128842355644243
2015-05-20,2.7829186975728297,2.1273439862254238
2015-05-21,2.7868875561799586,2.133539837259934
2015-05-22,2.780139763332475,2.1284427415834375
2015-05-26,2.765762676188613,2.1055587873986394
2015-05-27,2.7920780257422386,2.125545173024192
2015-05-28,2.7984966203428367,2.123146755422549
2015-05-29,2.790935654958858,2.109954725376704
2015-06-01,2.7927706948238527,2.114252226313185
2015-06-02,2.7717645875505963,2.1121542524939554
2015-06-03,2.766618902658102,2.1177503158188524
2015-06-04,2.7517415178114613,2.099862820558541
2015-06-05,2.7577943784714716,2.096265194156077
2015-06-08,2.7353577873973953,2.0833732412742405
2015-06-09,2.7242289722527917,2.083073347419434
2015-06-10,2.748529131349972,2.108056375278675
2015-06-11,2.7544299928085465,2.114851830713596
2015-06-12,2.7463972097033484,2.0986632451393152
2015-06-15,2.7844925472857684,2.0896691791331543
2015-06-16,2.790209974951171,2.101061662740958
2015-06-17,2.802489739347255,2.1044585655670085
2015-06-18,2.814819370623197,2.1263445844550053
2015-06-19,2.8137544890397845,2.116904710469083
2015-06-22,2.8353585445352825,2.1277500161083065
2015-06-23,2.8432395919837643,2.129256634441225
2015-06-24,2.820718769107738,2.113791570288045
2015-06-25,2.834002988908728,2.107365116277162
2015-06-26,2.8387714538723476,2.1069634858151316
2015-06-29,2.790853636605146,2.062780285498593
2015-06-30,2.796768341775009,2.067097767138114
2015-07-01,2.799998776716815,2.0836665359977666
2015-07-02,2.80730778550981,2.0817582872028186
2015-07-06,2.7938631186806684,2.0758337337875714
2015-07-07,2.7911343330908176,2.088888465240965
2015-07-08,2.747847116889293,2.053842495417509
2015-07-09,2.772994131297964,2.0575576230185866
2015-07-10,2.7947167819916934,2.0834659957305552
2015-07-13,2.8178370682115688,2.1064615852194954
2015-07-14,2.830948370604121,2.115599732258589
2015-07-15,2.8080644988757024,2.1148967414681348
2015-07-16,2.844313528048143,2.13186732409902
2015-07-17,2.830141732319061,2.1336754860695644
2015-07-20,2.8215943684634768,2.1347795573944417
2015-07-21,2.800895358465189,2.1263445844550044
2015-07-22,2.796162070519088,2.1225286367927145
2015-07-23,2.7922857494274287,2.1105781599734006
2015-07-24,2.7458843846691567,2.088687741664551
2015-07-27,2.716042589398825,2.0765372745056316
2015-07-28,2.738983548572823,2.102043283518762
2015-07-29,2.753628315327285,2.116503446625457
2015-07-30,2.784793047354931,2.117004980602688
2015-07-31,2.810227790333044,2.1137915702880443
2015-08-03,2.81977029742002,2.1066615755591007
2015-08-04,2.8183317147932296,2.1025448174959935
2015-08-05,2.826211964665192,2.1094740886485237
2015-08-06,2.793956648595799,2.092202328998417
2015-08-07,2.78129711895705,2.0881851078321065
2015-08-10,2.799898938680974,2.1144949276969034
2015-08-11,2.7852864974208646,2.095415739313061
2015-08-12,2.785586543460216,2.097926342146453
2015-08-13,2.784683221155918,2.0953149192518485
2015-08-14,2.7957244225946103,2.1029469978856303
2015-08-17,2.8190039701188168,2.1146958345825198
2015-08-18,2.8147153557030804,2.1085700076632516
2015-08-19,2.7944790858475006,2.091900968669993
2015-08-20,2.726750706684243,2.0482198522582924
2015-08-21,2.6422752738940987,1.9865623356232112
2015-08-24,2.537130301497415,1.9029146804732808
2015-08-25,2.5225341482398442,1.8805218116411886
2015-08-26,2.6171154612133827,1.952722906968665
2015-08-27,2.6787377684244937,2.0010228653483106
2015-08-28,2.6722735639086452,2.0011233187911186
2015-08-31,2.6482242823275377,1.984955630465889
2015-09-01,2.591878339747132,1.9257099130042117
2015-09-02,2.632148804260428,1.9622619512329795
2015-09-03,2.6533016834656373,1.9636677495046853
2015-09-04,2.6188586072935096,1.933944162367235
2015-09-08,2.6654805413429608,1.9825458476937097
2015-09-09,2.6300142622177094,1.9560356708709035
2015-09-10,2.6381427952794483,1.9666800696245108
2015-09-11,2.6504658092434523,1.9756174930871906
2015-09-14,2.6432204982582617,1.9682858582358218
2015-09-15,2.6783824513353216,1.992889619355702
2015-09-16,2.695621425447234,2.0101610123874045
2015-09-17,2.7044443336765775,2.0056420739346605
2015-09-18,2.672547494370165,1.9728671218173155
2015-09-21,2.6914391338028807,1.9830616797887133
2015-09-22,2.6644644288563666,1.9573226847795813
2015-09-23,2.6714716469252613,1.954193230079547
2015-09-24,2.6731379857224407,1.9471273935713747
2015-09-25,2.691092155237067,1.9466225600285036
2015-09-28,2.6445579320758554,1.8977679080029872
2015-09-29,2.6342046049732413,1.8988778452223352
2015-09-30,2.673141286291999,1.934307481206005
2015-10-01,2.661703100942201,1.9393549000887045
2015-10-02,2.691931174369409,1.968323986549881
2015-10-05,2.734126650300952,2.00335107552551
2015-10-06,2.7208498630028184,1.9964865125213584
2015-10-07,2.7388006423886164,2.012839343140814
2015-10-08,2.7601675368373577,2.0310084013357113
2015-10-09,2.7579110157931983,2.0322195252346757
2015-10-12,2.7797594362250257,2.0341376727265432
2015-10-13,2.7625296636987478,2.0213177603611734
2015-10-14,2.740829388481897,2.01162748600504
2015-10-15,2.757203234721224,2.042515819813297
2015-10-16,2.7725949908446545,2.0518015307601654
2015-10-19,2.7767626672179193,2.05281138115511
2015-10-20,2.779814699392462,2.0501871266163514
2015-10-21,2.7867917366340005,2.0374684009305986
2015-10-22,2.822537139172085,2.0718887364469305
2015-10-23,2.8166619467281246,2.094600563290858
2015-10-26,2.8161627280033596,2.0894521410377442
2015-10-27,2.818733678138985,2.085414939168394
2015-10-28,2.8219760649466097,2.1091358831704574
2015-10-29,2.803841542653409,2.1079242093438864
2015-10-30,2.792966722754361,2.0988397719010385
2015-11-02,2.806338873684477,2.123671019740854
2015-11-03,2.7829291722691503,2.1298283758429015
2015-11-04,2.7788463899096785,2.1233681929388126
2015-11-05,2.793008330756464,2.121248222015318
2015-11-06,2.769215182037941,2.120138101486768
2015-11-09,2.7436257186577575,2.1003542725296516
2015-11-10,2.752242490030111,2.1051985848163084
2015-11-11,2.7643725959523735,2.09692235764598
2015-11-12,2.732707933419821,2.067648794599942
2015-11-13,2.7068973030060683,2.0444334173775585
2015-11-16,2.7373054275640345,2.075522658071432
2015-11-17,2.733816641438653,2.074008340752021
2015-11-18,2.7668549272192595,2.106914908876549
2015-11-19,2.7766991978487043,2.1050979480642984
2015-11-20,2.7862619612319777,2.1127692548673522
2015-11-23,2.7929557656961546,2.1103468237602203
2015-11-24,2.7896184604350664,2.1131730850398083
2015-11-25,2.7887991251912134,2.112870808165373
2015-11-27,2.792390127184658,2.1152930559633023
2015-11-30,2.774041600261794,2.1065114453224965
2015-12-01,2.804555028502033,2.1265981010816546
2015-12-02,2.7895135284596724,2.1048964912510755
2015-12-03,2.756681029897966,2.075421654701017
2015-12-04,2.8078526554203305,2.115897976330577
2015-12-07,2.7932383071743034,2.103079530438825
2015-12-08,2.8019342609941944,2.0889473074948737
2015-12-09,2.7606182040772884,2.0726967634102476
2015-12-10,2.7657107948843405,2.0780460925489774
2015-12-11,2.730990116390706,2.0377710444234376
2015-12-14,2.753650558402681,2.048067155692857
2015-12-15,2.7836709459852265,2.0695674920194156
2015-12-16,2.8209340050936453,2.09984943898678
2015-12-17,2.798628082474568,2.0678517178867817
2015-12-18,2.762495264493786,2.0310124341381597
2015-12-21,2.784036127854924,2.0477667119104437
2015-12-22,2.804020200359809,2.0663483991195037
2015-12-23,2.8228896943149597,2.0919365306552216
2015-12-24,2.818851849557194,2.0884842684501055
2015-12-28,2.82752593140358,2.083711813370713
2015-12-29,2.8552601280133234,2.105949052690134
2015-12-30,2.8424653773304356,2.091022550973031
2015-12-31,2.8109259227902665,2.0701055045278864
2016-01-04,2.787234091178045,2.0411666640850736
2016-01-05,2.7984431482957746,2.0446185596717856
2016-01-06,2.776199285361681,2.0188278714676318
2016-01-07,2.724278332090368,1.9703924475875567
2016-01-08,2.701863631796767,1.9487645280562635
2016-01-11,2.7081565682210966,1.9506940407186675
2016-01-12,2.726158789264119,1.966432235583132
2016-01-13,2.6827374016230743,1.9173887750793448
2016-01-14,2.7154126766581865,1.9488666312818916
2016-01-15,2.668340109888783,1.9070310719179853
2016-01-19,2.7001101349022254,1.9095697210593146
2016-01-20,2.6764853703225673,1.8850984924926284
2016-01-21,2.684927642294213,1.8956591189408285
2016-01-22,2.7107259246867494,1.9345488994253093
2016-01-25,2.704591912619236,1.9053044825424217
2016-01-26,2.7150094135337706,1.931299377197831
2016-01-27,2.6915331340739064,1.9102804108362612
2016-01-28,2.7229723696470387,1.9202317174963337
2016-01-29,2.760273401128778,1.9670413720620574
2016-02-01,2.7849338488777495,1.9663310489035153
2016-02-02,2.772770807985918,1.9308938972425551
2016-02-03,2.742399237288771,1.9424687735065522
2016-02-04,2.7348346292369334,1.94551537244719
2016-02-05,2.6787227722243223,1.9084522681626763
2016-02-08,2.6729230588477146,1.8827629499473417
2016-02-09,2.6804791525565506,1.8828650531729696
2016-02-10,2.6894030706437393,1.8812405670230337
2016-02-11,2.668482506575482,1.856768971837943
2016-02-12,2.6914137103474993,1.8950497991527007
2016-02-16,2.714412200410349,1.927035055226949
2016-02-17,2.7092609048514893,1.9585125448110914
2016-02-18,2.723015349491601,1.9504905675042206
2016-02-19,2.721970631037601,1.9495771377496358
2016-02-22,2.744215975319239,1.9778045551786931
2016-02-23,2.7372787161715193,1.9528262933587095
2016-02-24,2.743043216519201,1.9617618837293673
2016-02-25,2.7736542490478024,1.9855224225191068
2016-02-26,2.7474164249784354,1.9809521574897457
2016-02-29,2.7460400635458595,1.9654170692213238
2016-03-01,2.749712456186709,2.0116175873081223
2016-03-02,2.7649263772167885,2.020655280904408
2016-03-03,2.7776656825866244,2.0285751549856506
2016-03-04,2.7725564840907397,2.0351753861202235
2016-03-07,2.773716158755273,2.036800422197766
2016-03-08,2.77054978933316,2.0145633661875477
2016-03-09,2.784211583845812,2.0245139396108116
2016-03-10,2.8070362359266965,2.0261386090699496
2016-03-11,2.8111354044672523,2.0588345549211446
2016-03-14,2.8122081370973393,2.056194169172592
2016-03-15,2.8126335172615287,2.052843460265497
2016-03-16,2.839201769064755,2.0647235463511646
2016-03-17,2.842255586270383,2.077823005249896
2016-03-18,2.854314801678288,2.085987597116082
2016-03-21,2.8541203318059822,2.0889469408764705
2016-03-22,2.8442183841893476,2.087824172012968
2016-03-23,2.8122595685062475,2.074045185901665
2016-03-24,2.818329974711834,2.073126990107823
2016-03-28,2.826949686603735,2.074352595433762
2016-03-29,2.881758394182192,2.0935403028653097
2016-03-30,2.8845836930228463,2.102726660224583
2016-03-31,2.8881970869516236,2.097622965416807
2016-04-01,2.903402327203048,2.111912101037845
2016-04-04,2.8963090669797125,2.105074117868013
2016-04-05,2.881479644503446,2.0840485523751635
2016-04-06,2.8890128360606253,2.1068087728484732
2016-04-07,2.8832500206400176,2.0815984415784987
2016-04-08,2.9034276869715567,2.087212835823616
2016-04-11,2.920304792287219,2.0823133474670956
2016-04-12,2.927151256191196,2.1017058112775056
2016-04-13,2.9150481900973877,2.1229352166032065
2016-04-14,2.897105945378494,2.12303695321043
2016-04-15,2.9148846079655297,2.120688579020989
2016-04-18,2.9262222656276706,2.135590883923401
2016-04-19,2.933421435601713,2.142327313795212
2016-04-20,2.90536915085781,2.1443680951433537
2016-04-21,2.8837043899153203,2.1328346467590547
2016-04-22,2.898442389585987,2.1328346467590547
2016-04-25,2.902583851582847,2.1291613136560796
2016-04-26,2.91355097674324,2.1323244972493196
2016-04-27,2.9400453872695707,2.1367132861684985
2016-04-28,2.929881023540244,2.1173210056672906
2016-04-29,2.94264631021574,2.1058902104362263
2016-05-02,2.9625460255307603,2.1226283569987157
2016-05-03,2.940480424941483,2.1041548222189563
2016-05-04,2.9251244419944706,2.092417350692604
2016-05-05,2.930097481629627,2.092009304408497
2016-05-06,2.96481874930898,2.0996641133833522
2016-05-09,2.9349784096393776,2.1013991349822176
2016-05-10,2.9779938243972803,2.127527662046034
2016-05-11,2.979415049408185,2.1076252320350917
2016-05-12,2.9832115023120633,2.108237301461252
2016-05-13,2.9988098095879194,2.089866419834727
2016-05-16,3.040382838115264,2.110482839188256
2016-05-17,3.009084476488785,2.0907849822469733
2016-05-18,2.9657076823304696,2.0913968683639315
2016-05-19,2.968627968347135,2.0841501056731833
2016-05-20,2.9629010273028036,2.0973168390491237
2016-05-23,2.9607620615881536,2.094458865277554
2016-05-24,2.9518679001027763,2.121608241288447
2016-05-25,2.960128559323178,2.135998746898305
2016-05-26,2.976184515318616,2.1366115495612745
2016-05-27,2.970833348391014,2.145796990374537
2016-05-31,2.9750282704859314,2.1417150610598483
2016-06-01,2.982253625435682,2.146103116742218
2016-06-02,2.985190984215897,2.1526355234719756
2016-06-03,3.0152474027414033,2.1462054032770483
2016-06-06,3.026518649235178,2.157126415616782
2016-06-07,3.0248098625404594,2.1604939889704804
2016-06-08,3.038019049737688,2.1675367285191753
2016-06-09,3.068961431748323,2.1645770181403825
2016-06-10,3.044571518470703,2.1440617854664703
2016-06-13,3.044937610469519,2.127527662046034
2016-06-14,3.0480389404251773,2.1233432628873135
2016-06-15,3.056678829838127,2.1203833691993186
2016-06-16,3.0728830641235905,2.1267110195502137
2016-06-17,3.0603120284086494,2.1187907788505664
2016-06-20,3.0654414857356893,2.1324361325534626
2016-06-21,3.0708758999778083,2.1384886357918487
2016-06-22,3.0711100755732708,2.135000994910707
2016-06-23,3.104039428702131,2.1628042348458636
2016-06-24,3.0615723350767525,2.0851401586742906
2016-06-27,3.0562246156239503,2.047795491455191
2016-06-28,3.0916152035600435,2.0847293627521504
2016-06-29,3.1297006677206056,2.1202271897590403
2016-06-30,3.182994158130153,2.149158881142967
2016-07-01,3.2002998962660874,2.1536730535564534
2016-07-05,3.207933715511996,2.1381810429505497
2016-07-06,3.236928689171773,2.151006271282783
2016-07-07,3.2204313728336924,2.149671963599937
2016-07-08,3.2593315447724747,2.181681416488876
2016-07-11,3.261652160425913,2.1893763701790143
2016-07-12,3.247481914977954,2.2052784434702497
2016-07-13,3.26582039162832,2.2049706673197487
2016-07-14,3.2816562330554944,2.217281713339799
2016-07-15,3.2623074118683983,2.214306788297223
2016-07-18,3.279561516808343,2.220257554928385
2016-07-19,3.279769517100474,2.21800028541244
2016-07-20,3.2538519682805744,2.2272335699274777
2016-07-21,3.239171027422433,2.218821327329114
2016-07-22,3.2974507474413692,2.2287726339891862
2016-07-25,3.312285933464907,2.2227201307508
2016-07-26,3.3365470050362434,2.223745929046336
2016-07-27,3.3284557018934233,2.221385823067954
2016-07-28,3.344986931842362,2.2239506854251987
2016-07-29,3.3663636377745583,2.2275415293871816
2016-08-01,3.3618242749422302,2.225695055793376
2016-08-02,3.356126658591932,2.2114341497894774
2016-08-03,3.3421474453152684,2.2178978155684086
2016-08-04,3.35871805719126,2.2202575549283856
2016-08-05,3.372149136950318,2.2384163478079597
2016-08-08,3.372940999036908,2.237082773361923
2016-08-09,3.3823810776453196,2.2384163478079597
2016-08-10,3.3915544057289,2.232876743717342
2016-08-11,3.4123845836036053,2.243238296371948
2016-08-12,3.441294521671303,2.2412895362433125
2016-08-15,3.433712776132931,2.2477528354038387
2016-08-16,3.3805401202739227,2.2361598115288235
2016-08-17,3.364826677974848,2.240366024482607
2016-08-18,3.377441799977749,2.2453930960438613
2016-08-19,3.386396720769549,2.2421098449231773
2016-08-22,3.382081179441754,2.242007375079145
2016-08-23,3.3857068090249793,2.246521730801834
2016-08-24,3.3222505268956457,2.235031360080053
2016-08-25,3.3261390058466427,2.233491562781536
2016-08-26,3.316878692740483,2.229285349827753
2016-08-29,3.3405894138287744,2.2402631880201707
2016-08-30,3.2955096983486554,2.2365702408325596
2016-08-31,3.28433917933745,2.23020812835165
2016-09-01,3.318368363207471,2.230311514741693
2016-09-02,3.333392166490823,2.240366024482607
2016-09-06,3.3522906198957374,2.247137649721241
2016-09-07,3.326635717828465,2.2469312435595588
2016-09-08,3.306850745958322,2.2418022520818783
2016-09-09,3.195509527762347,2.18814526557701
2016-09-12,3.256865251194636,2.2195389828557452
2016-09-13,3.2068176613953217,2.1876314498832308
2016-09-14,3.2148948538937256,2.1868115078217705
2016-09-15,3.2655429673426863,2.2086641644349667
2016-09-16,3.2636081007239737,2.2001261717238902
2016-09-19,3.2849732719931173,2.2005389840472542
2016-09-20,3.2723783148277974,2.2006416372004884
2016-09-21,3.3409689054902985,2.2253887461164923
2016-09-22,3.3510389181962332,2.2394124500127384
2016-09-23,3.3280258477643443,2.227141548707971
2016-09-26,3.2947238461254535,2.209096774152168
2016-09-27,3.3266219984211007,2.2228110521150932
2016-09-28,3.3464358049579457,2.233843883068172
2016-09-29,3.3307387711605547,2.21363386021593
2016-09-30,3.355506665354573,2.230338461194416
2016-10-03,3.3331633011772133,2.224976483720734
2016-10-04,3.2956782147529444,2.21363386021593
2016-10-05,3.303947828033902,2.223429720672533
2016-10-06,3.2955791201820808,2.224976483720734
2016-10-07,3.2838248933534637,2.2173466047973784
2016-10-10,3.2969990692262945,2.2288945346086515
2016-10-11,3.2474628744539373,2.2007452068997333
2016-10-12,3.267655320539849,2.203631960216049
2016-10-13,3.255312051135433,2.196414160379249
2016-10-14,3.263328906810316,2.197548294413288
2016-10-17,3.249740685169137,2.1899180488715277
2016-10-18,3.2819305850910405,2.2036319602160486
2016-10-19,3.262208959674754,2.2095099530939355
2016-10-20,3.2807393126739806,2.205385129425931
2016-10-21,3.2702492518856445,2.2064158770699267
2016-10-24,3.3283426070957534,2.2157998417491767
2016-10-25,3.34665135539635,2.208374902513886
2016-10-26,3.3388647841697447,2.203941936076976
2016-10-27,3.30446199810301,2.1980641265082905
2016-10-28,3.278671640689731,2.19156801500057
2016-10-31,3.3217930726120266,2.1916710347722086
2016-11-01,3.262027198066826,2.175791508512845
2016-11-02,3.2457422049794813,2.1626964490349665
2016-11-03,3.2216568352810424,2.1527973854975224
2016-11-04,3.212793445323734,2.1504257310394013
2016-11-07,3.302511612084481,2.197857720346609
2016-11-08,3.3139171891189707,2.2077566005748506
2016-11-09,3.3507335932781404,2.23116371922274
2016-11-10,3.3133254873975275,2.236731552930498
2016-11-11,3.5430010147015123,2.2315761649277004
2016-11-14,3.518924207551042,2.233328784209977
2016-11-15,3.541383873380521,2.25075489020834
2016-11-16,3.5975890897921765,2.2465274133871014
2016-11-17,3.6228493072180954,2.2580760764351835
2016-11-18,3.6564800801080977,2.253023158276418
2016-11-21,3.664247691191159,2.2700370018790235
2016-11-22,3.6879498829261537,2.274471068171147
2016-11-23,3.6932691827038426,2.2757082219768243
2016-11-25,3.710070196024442,2.2841639088561108
2016-11-28,3.710480935844434,2.27343940398114
2016-11-29,3.71978355695987,2.2778738368916676
2016-11-30,3.6732280268740705,2.272408473027942
2016-12-01,3.6578426562620137,2.2640563558479014
2016-12-02,3.662682950422911,2.265190856500345
2016-12-05,3.6883761557775685,2.278802114691632
2016-12-06,3.7163097723817753,2.2860195479100267
2016-12-07,3.75241915723803,2.3159222281380303
2016-12-08,3.760937182887443,2.321593998163438
2016-12-09,3.762711764621875,2.335617152132078
2016-12-12,3.7333942520112733,2.3329360717406353
2016-12-13,3.751948639797603,2.3485070886126893
2016-12-14,3.7327652031085363,2.3291208573151545
2016-12-15,3.762418590164439,2.338710128300873
2016-12-16,3.761106444360664,2.3341361970874677
2016-12-19,3.7741145543902457,2.3392184447185858
2016-12-20,3.800770246938033,2.3482420235063017
2016-12-21,3.784703879027046,2.3417079669937246
2016-12-22,3.784666178321902,2.337663066137881
2016-12-23,3.803838895495335,2.3410859988706445
2016-12-27,3.8432411423462787,2.3468945175608966
2016-12-28,3.78632234406375,2.3274980209480383
2016-12-29,3.807124469749478,2.3269798058334064
2016-12-30,3.7783018524586374,2.3184740755419178
2017-01-03,3.777332085952901,2.3362110739472195
2017-01-04,3.8070750895913963,2.3501095776583605
2017-01-05,3.792428568099572,2.3482420235063017
2017-01-06,3.8120939424020612,2.35664381748014
2017-01-09,3.8163424465529516,2.348864908175392
2017-01-10,3.8089010194179282,2.348864908175392
2017-01-11,3.8184680549785464,2.3555030843148215
2017-01-12,3.7842415859420755,2.349590445997717
2017-01-13,3.789723868435009,2.3549841359633805
2017-01-17,3.714898369173572,2.346686461616394
2017-01-18,3.739048836668465,2.3518726455651624
2017-01-19,3.732675006743576,2.3431603258027898
2017-01-20,3.7466534064823622,2.351769075865917
2017-01-23,3.762652884506723,2.3456489315319176
2017-01-24,3.8120633438249527,2.3606883517175783
2017-01-25,3.8383488318940135,2.3811220117965095
2017-01-26,3.8555862583467015,2.378632672830573
2017-01-27,3.863012862219043,2.3748986643816687
2017-01-30,3.8406387020987935,2.360170503221351
2017-01-31,3.8299556197195637,2.3599628138952533
2017-02-01,3.8654373451007515,2.360895857734474
2017-02-02,3.868458807063627,2.3624516029335827
2017-02-03,3.882363693101912,2.378736059220616
2017-02-06,3.9065605266383097,2.3744838356570797
2017-02-07,3.9150321622591058,2.374587405356325
2017-02-08,3.923781075590027,2.3776992623729476
2017-02-09,3.938229684682279,2.3918054554101857
2017-02-10,3.939963705888367,2.401243312994884
2017-02-13,3.932226109366533,2.414312709184454
2017-02-14,3.930739862414495,2.4239588060228567
2017-02-15,3.9446351690149624,2.436612640251029
2017-02-16,3.934548542560087,2.4345379467004786
2017-02-17,3.943534904883293,2.438375891467034
2017-02-21,3.972470515204199,2.4528969132288605
2017-02-22,3.959743146658811,2.45071901659747
2017-02-23,3.90572005136544,2.452377781568218
2017-02-24,3.9167224009810804,2.45548963858484
2017-02-27,3.9290571080763086,2.4593277666605973
2017-02-28,3.8947665987195705,2.4526892239027633
2017-03-01,3.9704833650777194,2.4870208377652285
2017-03-02,3.9165001555278027,2.471359266147286
2017-03-03,3.9090842557049186,2.4729153779647994
2017-03-06,3.897909327902822,2.465550747457034
2017-03-07,3.8956139521946347,2.458186300258471
2017-03-08,3.88718254058135,2.453622451051187
2017-03-09,3.8931856514245156,2.4567344913770115
2017-03-10,3.9128091685291833,2.465343058130937
2017-03-13,3.9258202491109584,2.4665884608507134
2017-03-14,3.901631665621759,2.4571493201016
2017-03-15,3.9130427399428673,2.4784124543205066
2017-03-16,3.8992250387496075,2.4735373460878796
2017-03-17,3.89034967144866,2.4691931013048363
2017-03-20,3.9177225822660806,2.4664847078422656
2017-03-21,3.835650819703545,2.4348162100694264
2017-03-22,3.8482898829315557,2.4405462724211353
2017-03-23,3.835638902811421,2.4379418152762145
2017-03-24,3.8236051684858707,2.4361706817645143
2017-03-27,3.826968466778569,2.4336703442464462
2017-03-28,3.861216011043805,2.4513800295806196
2017-03-29,3.8563009945921887,2.453671394608175
2017-03-30,3.8746381139728063,2.4614843994245326
2017-03-31,3.8512062218591843,2.45575488700043
2017-04-03,3.8370368480616395,2.4514843325166735
2017-04-04,3.8438382867157603,2.45304649353786
2017-04-05,3.8320151074932864,2.445754453474167
2017-04-06,3.8208086257163734,2.452629831721249
2017-04-07,3.8326163561469566,2.45012949420318
2017-04-10,3.7991373764354543,2.4515880855251213
2017-04-11,3.789801763023784,2.4486716361180485
2017-04-12,3.768936054826861,2.437941815276214
2017-04-13,3.745758409990276,2.422107566389794
2017-04-17,3.798131010619718,2.443567208073464
2017-04-18,3.7987405506434415,2.4362748013913667
2017-04-19,3.784759101463509,2.4317954577262992
2017-04-20,3.7964672511273116,2.4515880855251213
2017-04-21,3.7823801886503725,2.4437752640179657
2017-04-24,3.8191924566546587,2.4706516926267765
2017-04-25,3.8610292585282346,2.4850277168096597
2017-04-26,3.835221466714366,2.4834648225516647
2017-04-27,3.8478133443296114,2.4855483149439204
2017-04-28,3.83523936012509,2.4801313447095774
2017-05-01,3.8869999699704083,2.4863814552679395
2017-05-02,3.8533866500494054,2.4873190818372155
2017-05-03,3.865521099924001,2.484298696112493
2017-05-04,3.8659632646532156,2.4872151455195657
2017-05-05,3.883013220029225,2.497007156482922
2017-05-08,3.8567019469915214,2.4965914112123224
2017-05-09,3.868178023587392,2.4942991296387556
2017-05-10,3.8684940245805546,2.498778106685419
2017-05-11,3.88430020194323,2.4936736786408344
2017-05-12,3.8818127062193533,2.4895066938563226
2017-05-15,3.9012691437947367,2.5032572670412843
2017-05-16,3.9331380821956685,2.5009655353953244
2017-05-17,3.8255071302492,2.4565885772520555
2017-05-18,3.8656841150267898,2.4664847078422647
2017-05-19,3.9006882929451643,2.4825273792915907
2017-05-22,3.9377897595902573,2.4951320866535727
2017-05-23,3.9452632064467985,2.5006533598239704
2017-05-24,3.9691078507433093,2.5064871751841267
2017-05-25,4.009997106533019,2.5184662482389855
2017-05-26,4.0326703208098476,2.5179458334139264
2017-05-30,4.054347442125032,2.515758038085617
2017-05-31,4.051412132222203,2.515133320324504
2017-06-01,4.085860306414677,2.5351345539954346
2017-06-02,4.114626281235068,2.5435724598821077
2017-06-05,4.115904009119865,2.541697206743556
2017-06-06,4.087132128671178,2.5335718430466416
2017-06-07,4.102173002118436,2.538259792583818
2017-06-08,4.143928490931958,2.5395099613428527
2017-06-09,4.041569826926942,2.5356551521296957
2017-06-12,4.011850821292598,2.535134553995435
2017-06-13,4.041752586274948,2.547531205412915
2017-06-14,4.037778438326632,2.5443012972700725
2017-06-15,4.030594863931957,2.539405475097597
2017-06-16,4.041453311081779,2.53996035205267
2017-06-19,4.117391237116038,2.5611050685269516
2017-06-20,4.096648639298397,2.543833308876845
2017-06-21,4.132149438229032,2.543205474859295
2017-06-22,4.131294716175403,2.54205337652344
2017-06-23,4.112192942504679,2.5450897101487544
2017-06-26,4.091241611427175,2.5467640564016896
2017-06-27,4.02399899611587,2.5262469906357556
2017-06-28,4.087418562104,2.5488585473460774
2017-06-29,4.0033496056177444,2.526456696363077
2017-06-30,4.008802218308585,2.5311671929321244
2017-07-03,3.9671894157065073,2.5354584613557307
2017-07-05,4.021732593155603,2.541321056260633
2017-07-06,4.004901678125821,2.5180820321511646
2017-07-07,4.056501711491321,2.534411765811143
2017-07-10,4.0846857241904955,2.5371337241546765
2017-07-11,4.081389275211543,2.535249672174419
2017-07-12,4.136154081127743,2.5543017307963356
2017-07-13,4.112566466985759,2.558593182529144
2017-07-14,4.156894616047891,2.570526978211057
2017-07-17,4.1377086778478605,2.570212786238479
2017-07-18,4.145530488275826,2.5715740403740495
2017-07-19,4.213197503599223,2.5854958243538704
2017-07-20,4.228913472724083,2.586647189452916
2017-07-21,4.192406811330487,2.5843446425640266
2017-07-24,4.209534806477489,2.5837164419280723
2017-07-25,4.223706573734636,2.5899973484324046
2017-07-26,4.2327858511963425,2.590101651368459
2017-07-27,4.150609354617205,2.5876942516159085
2017-07-28,4.179877513171644,2.5846582846089983
2017-07-31,4.1507454803171235,2.583193094155779
2017-08-01,4.140495893987255,2.5889504695786156
2017-08-02,4.136621313161836,2.5902065042321207
2017-08-03,4.147968324350944,2.5851827322365057
2017-08-04,4.150030593738693,2.589892495568744
2017-08-07,4.187755015231836,2.5947076616922504
2017-08-08,4.167729793509678,2.5883226355610653
2017-08-09,4.153410831901483,2.588217599388203
2017-08-10,4.101066715883408,2.5516840753888577
2017-08-11,4.08794941099184,2.5554521793493725
2017-08-14,4.159932139762821,2.580785327784824
2017-08-15,4.160825118390688,2.580471319121448
2017-08-16,4.175911535011825,2.5849724765815782
2017-08-17,4.135337148198671,2.544670848621718
2017-08-18,4.139693982945797,2.54069285562468
2017-08-21,4.135743373416523,2.5426817604685983
2017-08-22,4.197283503733959,2.5692709435575547
2017-08-23,4.188503794089694,2.5600587396007706
2017-08-24,4.179282344795674,2.5540912918322074
2017-08-25,4.151623829724817,2.560058739600771
2017-08-28,4.135571149631711,2.5601635924644324
2017-08-29,4.168819742781406,2.563094706607681
2017-08-30,4.152294969061374,2.5752376580893093
2017-08-31,4.162612511147772,2.59073021862282
2017-09-01,4.1530275615975585,2.5943942029564826
2017-09-05,4.108093094843295,2.57576155578921
2017-09-06,4.084961712294525,2.5845534317453396
2017-09-07,4.108666278676938,2.58423997300957
2017-09-08,4.108638837247575,2.5812041893118622
2017-09-11,4.1494105679245346,2.608734848463341
2017-09-12,4.128254874807315,2.61752837420229
2017-09-13,4.129979173838647,2.618783858928188
2017-09-14,4.137594935928982,2.6179468691109227
2017-09-15,4.194675632223622,2.6214715384509097
2017-09-18,4.2333716222424815,2.62704707114516
2017-09-19,4.211867257995163,2.6296771915783896
2017-09-20,4.221583143220307,2.6306236169893715
2017-09-21,4.203907439133812,2.623575194855409
2017-09-22,4.191420901464142,2.624101108956533
2017-09-25,4.142067309323852,2.6187360152264136
2017-09-26,4.129656081452884,2.6203139408389897
2017-09-27,4.139734422492294,2.630518947434913
2017-09-28,4.162820994138234,2.6336742487324583
2017-09-29,4.182596408432663,2.6429313634437825
2017-10-02,4.217118019521728,2.6543993704428943
2017-10-03,4.23061340126089,2.660079572691603
2017-10-04,4.234071813478861,2.6632352406075532
2017-10-05,4.24886490079783,2.6790155965885245
2017-10-06,4.253364984668713,2.6759644149178317
2017-10-09,4.2631615820361555,2.6715462965263
2017-10-10,4.29531235899416,2.6785945353510607
2017-10-11,4.304440984363051,2.682802581396866
2017-10-12,4.3037638635988404,2.6788053409335957
2017-10-13,4.30063924710513,2.682066411640813
2017-10-16,4.301403083125155,2.6856429574850242
2017-10-17,4.278902670900223,2.6875363582345932
2017-10-18,4.297600348348027,2.690166661977025
2017-10-19,4.302958792507095,2.69090301504228
2017-10-20,4.357500294948211,2.7047888704184686
2017-10-23,4.350112019768392,2.6942687553039555
2017-10-24,4.389454763432307,2.6990032653784923
2017-10-25,4.328504469412862,2.6856429574850242
2017-10-26,4.328497875023558,2.6891144671563714
2017-10-27,4.317046034270876,2.7111007561779745
2017-10-30,4.331940264237845,2.701001885610127
2017-10-31,4.354003102613222,2.7052099316559324
2017-11-01,4.37245165124887,2.7087872107369524
2017-11-02,4.404276832742896,2.7098386723207972
2017-11-03,4.407718132347871,2.7188862646140026
2017-11-06,4.428669944139991,2.7230939440414033
2017-11-07,4.462999460271895,2.721200909910238
2017-11-08,4.454021284266462,2.725829283956698
2017-11-09,4.411082260903976,2.7159408523529818
2017-11-10,4.436893216517156,2.7150990964964588
2017-11-13,4.458338115326908,2.717623630829218
2017-11-14,4.467275520246527,2.711312294997319
2017-11-15,4.425271651027597,2.6977413648305175
2017-11-16,4.500681508537316,2.7206749958091128
2017-11-17,4.471388230714533,2.712679964954966
2017-11-20,4.502206162203353,2.7173083390014265
2017-11-21,4.547645689220406,2.7350871319048307
2017-11-22,4.530079090637027,2.7326670838173275
2017-11-24,4.546249189350141,2.738979152886035
2017-11-27,4.526358791033207,2.7376122161651963
2017-11-28,4.546528891279895,2.765384293535978
2017-11-29,4.4546822843848695,2.763700781822932
2017-11-30,4.519065215918382,2.787896496658705
2017-12-01,4.469021521013474,2.7821118081647387
2017-12-04,4.405437591080295,2.7787451513570525
2017-12-05,4.392964306650813,2.768751500271271
2017-12-06,4.416306708287571,2.7692768644447896
2017-12-07,4.465147773836461,2.7780082483641912
2017-12-08,4.482897313172032,2.793157287452771
2017-12-11,4.471420461981689,2.801573196235179
2017-12-12,4.490685679970124,2.8065168621094307
2017-12-13,4.51677429353219,2.806201936900043
2017-12-14,4.469889274163842,2.794735579683751
2017-12-15,4.49794981215371,2.8180083326864245
2017-12-18,4.553935279793733,2.8358780469541225
2017-12-19,4.562048000948502,2.82498709732355
2017-12-20,4.583594825328249,2.82350614227894
2017-12-21,4.544536464674422,2.8293210767912695
2017-12-22,4.553765498062555,2.8285825240155877
2017-12-26,4.556195711412954,2.8251982695244893
2017-12-27,4.560030771554823,2.826572355304214
2017-12-28,4.568266757413133,2.832388389671756
2017-12-29,4.527894784712945,2.821708795551326
2018-01-02,4.528710251767448,2.8419048869042003
2018-01-03,4.5496682677995,2.859879820653963
2018-01-04,4.562619952972115,2.8719346004093316
2018-01-05,4.6281314903839785,2.891072081119475
2018-01-08,4.670900384046484,2.896360368293871
2018-01-09,4.711875787399883,2.9029160552923083
2018-01-10,4.714094490822806,2.8984742900136924
2018-01-11,4.786022534829685,2.9196221227444124
2018-01-12,4.848368126082659,2.9386545672816933
2018-01-16,4.820730160268701,2.928609406310092
2018-01-17,4.90883058476901,2.9565246481677954
2018-01-18,4.8612677627147916,2.9515547690776285
2018-01-19,4.90543676737636,2.964983267994317
2018-01-22,4.929381678926271,2.989091177722234
2018-01-23,4.903907368638313,2.9954353259013278
2018-01-24,4.864738202746953,2.994272778940947
2018-01-25,4.906863178817694,2.995540728692595
2018-01-26,4.908132108356275,3.0302222798220684
2018-01-29,4.834739929960529,3.0101323244972704
2018-01-30,4.8081487351518515,2.979257372260774
2018-01-31,4.874985617398415,2.9807377773777772
2018-02-01,4.842434922918534,2.9773535228866783
2018-02-02,4.775041909593112,2.912537038770008
2018-02-05,4.569089461768735,2.7907273406683477
2018-02-06,4.699008731809044,2.845712402343187
2018-02-07,4.715143576588208,2.8302735514059227
2018-02-08,4.504936485856825,2.724113143205658
2018-02-09,4.551819493552683,2.765033806341362
2018-02-12,4.64427002990038,2.8056367946296454
2018-02-13,4.678791764549484,2.812615375957569
2018-02-14,4.765155407983352,2.8505744956224577
2018-02-15,4.840825892988736,2.8869479906882787
2018-02-16,4.822729836823796,2.887794695893261
2018-02-20,4.771244567371175,2.869713259497017
2018-02-21,4.7571801130308184,2.855438605302953
2018-02-22,4.781002426074754,2.859139618095461
2018-02-23,4.8323065396289815,2.9047128520923153
2018-02-26,4.885708114123329,2.9384424785347414
2018-02-27,4.836354987766928,2.9017518585491073
2018-02-28,4.792445161549208,2.872357128120412
2018-03-01,4.76144471139198,2.8305904930165346
2018-03-02,4.792135388174826,2.845182455439615
2018-03-05,4.846795717592279,2.878067393078283
2018-03-06,4.845482921973058,2.885362366089211
2018-03-07,4.831123668634366,2.8843044886832896
2018-03-08,4.848849566723529,2.8982627511943484
2018-03-09,4.905345316962022,2.948699728253294
2018-03-12,4.89773213889408,2.944998898769989
2018-03-13,4.865674285923122,2.925965537686697
2018-03-14,4.876447967418774,2.9109510475525355
2018-03-15,4.87942853012562,2.907779431735994
2018-03-16,4.885918349170084,2.910933449869124
2018-03-19,4.854541661938087,2.8715454349730516
2018-03-20,4.878039313182947,2.8764295253565866
2018-03-21,4.876118141846967,2.8709097186598065
2018-03-22,4.79282900028546,2.799144165996768
2018-03-23,4.715133759767028,2.7394817867184797
2018-03-26,4.819821270967798,2.8144319701514164
2018-03-27,4.7749190141718785,2.766553806246043
2018-03-28,4.741123311361175,2.7583783991369266
2018-03-29,4.78426350106628,2.7936236260631793
2018-04-02,4.721203768335897,2.7333244306164324
2018-04-03,4.761794566139518,2.768357935414139
2018-04-04,4.800556299189835,2.7979772196155346
2018-04-05,4.841096869751476,2.8200577295670706
2018-04-06,4.764468043953633,2.7572116360648953
2018-04-09,4.7685878399190225,2.770799980605906
2018-04-10,4.811336711466773,2.8148566975729237
2018-04-11,4.798377834993828,2.8000999401770614
2018-04-12,4.803992194251967,2.823137140854902
2018-04-13,4.812480133414941,2.8148566975729232
2018-04-16,4.8674446178459405,2.8379993010420317
2018-04-17,4.934252290404279,2.868361537439962
2018-04-18,4.924784035150184,2.8704851745475004
2018-04-19,4.910587893446487,2.8545600042967876
2018-04-20,4.8848167459179015,2.8303560405469153
2018-04-23,4.88380276783923,2.8299305798885985
2018-04-24,4.855212288709318,2.7918196802042847
2018-04-25,4.814397977756647,2.798719988502867
2018-04-26,4.871305924162833,2.8271704932310073
2018-04-27,4.857484076627059,2.8298255437157365
2018-04-30,4.848697841405975,2.8080627086116206
2018-05-01,4.829203463523674,2.8130522017864235
2018-05-02,4.823246606774647,2.7941554060587745
2018-05-03,4.836544813507813,2.78799750002912
2018-05-04,4.846525217024229,2.8240929150351968
2018-05-07,4.837202051383566,2.833647540581699
2018-05-08,4.8102109532683315,2.833647540581699
2018-05-09,4.821140161177823,2.861036501719874
2018-05-10,4.855384007203307,2.887789196617197
2018-05-11,4.866858385352405,2.8965999534211533
2018-05-14,4.858101830052586,2.8979804550229553
2018-05-15,4.851599995231138,2.8780219323961376
2018-05-16,4.825360698337373,2.8901241892348772
2018-05-17,4.835825650057822,2.887683427207525
2018-05-18,4.826795706942993,2.8804634276602985
2018-05-21,4.882088534721633,2.9021199434271354
2018-05-22,4.881563116592098,2.8940528720565224
2018-05-23,4.910736743157279,2.9020147239450704
2018-05-24,4.937533928491615,2.896069639899176
2018-05-25,4.91071574362546,2.8891685983637854
2018-05-29,4.91135300419023,2.8559403225893885
2018-05-30,4.97222718655936,2.894052872056523
2018-05-31,4.940394077848325,2.876322839400905
2018-06-01,4.9539529937228535,2.9045623552373074
2018-06-04,4.976691210248018,2.9183629718344712
2018-06-05,4.970991139487639,2.9204864256328076
2018-06-06,4.9232492725668,2.9449033946756416
2018-06-07,4.913547828132481,2.944584436663806
2018-06-08,4.917894935099869,2.953290157294899
2018-06-11,4.913833954352689,2.9572188401165445
2018-06-12,4.922533266793871,2.9610401037456984
2018-06-13,4.920765156475863,2.9515919808456768
2018-06-14,4.942625277891733,2.959024252449056
2018-06-15,4.938731412326828,2.9552484495020486
2018-06-18,4.974806379064337,2.9491689998109383
2018-06-19,4.9854386855614825,2.9378661544030122
2018-06-20,4.993246660573496,2.9428774613728774
2018-06-21,4.952495471240227,2.9244292232630222
2018-06-22,4.953997387784403,2.929762054573554
2018-06-25,4.931254422102036,2.889879104831529
2018-06-26,4.948620909552682,2.896277695843677
2018-06-27,4.931064416120993,2.872283987748734
2018-06-28,4.939918604904148,2.888705925937421
2018-06-29,4.9586024263914,2.8928650284262374
2018-07-02,4.9792656411738845,2.8990502475270192
2018-07-03,4.975890089211422,2.888812978511508
2018-07-05,5.001876889939173,2.912379392856113
2018-07-06,5.045873152159317,2.9370123001391435
2018-07-09,5.03123951726224,2.9634586853595826
2018-07-10,5.053101694458522,2.9741232481254323
2018-07-11,5.0515177773093045,2.952368845244618
2018-07-12,5.066772843997747,2.979135105022905
2018-07-13,5.068837869744663,2.9814805462651104
2018-07-16,5.057810439163104,2.978815230465058
2018-07-17,5.0558300235596745,2.990865794108776
2018-07-18,5.044541737532109,2.9971567826192302
2018-07-19,5.052951831297317,2.9858528373560915
2018-07-20,5.0479471760960095,2.982440536557055
2018-07-23,5.041982375934652,2.9879856399237403
2018-07-24,5.032991259705282,3.0030215772345596
2018-07-25,5.063825733951578,3.028615391355546
2018-07-26,5.0890625001770315,3.0214696320352123
2018-07-27,5.0215446476666115,3.000995277313392
2018-07-30,4.971007818384837,2.9853197741960815
2018-07-31,5.0086012167750535,3.000035653639851
2018-08-01,4.97847260187083,2.995024163360784
2018-08-02,5.012210017730503,3.011340515449002
2018-08-03,5.011489835851965,3.0242423670277567
2018-08-06,5.056652786036167,3.0353329403795297
2018-08-07,5.048267236729522,3.0453553710100576
2018-08-08,5.025161175946225,3.0440775225614907
2018-08-09,5.0338857038690055,3.039917870145067
2018-08-10,5.0258220202278805,3.019551484543345
2018-08-13,5.027466891215448,3.008247355971004
2018-08-14,5.067306363592584,3.0274409292970224
2018-08-15,5.021507705337695,3.004833955316755
2018-08-16,5.055969989247824,3.029147537969546
2018-08-17,5.090902925367254,3.039810817570981
2018-08-20,5.124056382158811,3.0463171943940255
2018-08-21,5.173964582092663,3.0534607540039325
2018-08-22,5.159361987686313,3.051648925849344
2018-08-23,5.192300587507892,3.0475965093162105
2018-08-24,5.242163466399674,3.065938428088787
2018-08-27,5.261670393438882,3.090145874713501
2018-08-28,5.252220541907539,3.0916376450010405
2018-08-29,5.281771492171157,3.1082729551010937
2018-08-30,5.248593902767195,3.095689878224972
2018-08-31,5.263691453881567,3.095796564180655
2018-09-04,5.338363291383613,3.090464466106932
2018-09-05,5.343283893886969,3.0821455278924903
2018-09-06,5.324253253403765,3.072869165714934
2018-09-07,5.310871320658286,3.0668980517623274
2018-09-10,5.371854539721777,3.0722297832176455
2018-09-11,5.364088255527446,3.082359266422261
2018-09-12,5.401375464936842,3.083106068112042
2018-09-13,5.386405492066968,3.1013420341657443
2018-09-14,5.398274119575535,3.1018754639441597
2018-09-17,5.3651964717106555,3.0854516926634505
2018-09-18,5.384391833633882,3.1021947885744
2018-09-19,5.3213445599759295,3.1055005867269547
2018-09-20,5.342616497906285,3.130667107097602
2018-09-21,5.345537093238655,3.127807483543213
2018-09-24,5.3626766019387695,3.1174149516334344
2018-09-25,5.378163013234151,3.114523065659457
2018-09-26,5.367511648696773,3.1052047256745965
2018-09-27,5.405783011823193,3.113881116833337
2018-09-28,5.415766756756966,3.114202641174004
2018-10-01,5.428982613534085,3.1250222835249186
2018-10-02,5.381472172864089,3.1231994568181976
2018-10-03,5.385797196249703,3.124914864332427
2018-10-04,5.38844607659463,3.100491479467516
2018-10-05,5.379862117406168,3.0831368640580123
2018-10-08,5.366130297236254,3.0831368640580123
2018-10-09,5.390588366239445,3.078638089617511
2018-10-10,5.226109564760835,2.9811584719968396
2018-10-11,5.099417196105128,2.9154932662739625
2018-10-12,5.203233958501275,2.955985902422519
2018-10-15,5.196026126115224,2.939382304814447
2018-10-16,5.335878788912674,3.0036534440545597
2018-10-17,5.33358285278655,3.0041894401618054
2018-10-18,5.316002405214484,2.9608062012036873
2018-10-19,5.242151868833988,2.9591991294279607
2018-10-22,5.282850036806405,2.945917461182238
2018-10-23,5.233916759182285,2.9309194688762754
2018-10-24,5.0715229065944945,2.842117708887962
2018-10-25,5.076144421577369,2.893105713408734
2018-10-26,4.986266813670257,2.842223661606836
2018-10-29,5.004848749966172,2.826477767755879
2018-10-30,5.069022920060021,2.8683615374399656
2018-10-31,5.127047890004917,2.8989970878583833
2018-11-01,5.130140035942277,2.9298483932077954
2018-11-02,5.063488860362503,2.9124952442719096
2018-11-05,5.147816793743281,2.928563945627949
2018-11-06,5.134511561584629,2.9470946728787952
2018-11-07,5.219045919237539,3.0101873172579356
2018-11-08,5.239132507003687,3.004724519723041
2018-11-09,5.229852514313633,2.975374883358088
2018-11-12,5.184759435555644,2.919778118875492
2018-11-13,5.160139807744643,2.914315138031395
2018-11-14,5.121875307099101,2.8943910775345922
2018-11-15,5.147192513697094,2.9245989675842665
2018-11-16,5.166538893435127,2.9322044663837294
2018-11-19,5.060539041745427,2.882607962016892
2018-11-20,4.9235333041522695,2.8292622345373664
2018-11-21,4.895654615653713,2.8389030154089046
2018-11-23,4.879053475907422,2.819943161315697
2018-11-26,4.927066612828965,2.8654687349199786
2018-11-27,4.953765374855173,2.8751098824099213
2018-11-28,5.046518468609393,2.941310167694033
2018-11-29,5.049920238574952,2.934883163755543
2018-11-30,5.122686892793961,2.952771392252664
2018-12-03,5.136008056177256,2.991870878464467
2018-12-04,5.067702264240433,2.8949274402602434
2018-12-06,5.083662229247527,2.890534618538616
2018-12-07,4.996963548201015,2.8233712267061217
2018-12-10,5.028238303243051,2.8287267883577263
2018-12-11,5.033884355984323,2.829370020348262
2018-12-12,5.034557505186426,2.8436162616159852
2018-12-13,5.098994315756583,2.8426513219755813
2018-12-14,5.02665350351617,2.7901632982531703
2018-12-17,4.897329033573712,2.7354247874552957
2018-12-18,4.86512734595179,2.7324252989796243
2018-12-19,4.859808300819193,2.691505369080729
2018-12-20,4.817349892476706,2.647693553207856
2018-12-21,4.779147917337786,2.5934439280522605
2018-12-24,4.636927747894711,2.52491708237377
2018-12-26,4.806722101214766,2.6524880053915134
2018-12-27,4.864563226925674,2.672852007973607
2018-12-28,4.878544826347915,2.669404145189344
2018-12-31,4.931400798808198,2.6927854172397225
2019-01-02,4.888522771029457,2.6955860152310023
2019-01-03,4.80014756604776,2.6312620829406552
2019-01-04,4.896224150946389,2.7193984305249663
2019-01-07,4.890727968245176,2.740839741288416
2019-01-08,4.919034085225623,2.766590468086489
2019-01-09,4.907295228646957,2.7795201826639793
2019-01-10,4.913801889409487,2.7893259418175016
2019-01-11,4.91080131936952,2.7904025167620485
2019-01-14,4.803455267088168,2.773379507699333
2019-01-15,4.859064623660765,2.8051638568879658
2019-01-16,4.871025277095518,2.8119517966455962
2019-01-17,4.908031515003825,2.8332855049073515
2019-01-18,4.909929796895146,2.870996240603253
2019-01-22,4.931206674580707,2.832208196725996
2019-01-23,4.970001129186556,2.8381343999240634
2019-01-24,4.913261185896679,2.8396423014213976
2019-01-25,4.940896154946794,2.8636699217187487
2019-01-28,4.920709457307094,2.8419056201410156
2019-01-29,4.931698089419087,2.838134399924064
2019-01-30,4.941433849310722,2.8830644019303837
2019-01-31,5.013400159841035,2.908384352103277
2019-02-01,4.997009109710237,2.9097850177173212
2019-02-04,5.015400122159348,2.930256622801109
2019-02-05,5.028049712924746,2.942539805822424
2019-02-06,5.020238264177333,2.9386617163405866
2019-02-07,5.020877588396211,2.9106473042044905
2019-02-08,5.040872464732477,2.9142033194180548
2019-02-11,5.050869250858129,2.9158184567986782
2019-02-12,5.064293421998999,2.9533136208727884
2019-02-13,5.074696172137693,2.9629038084045183
2019-02-14,5.103371869495894,2.9563318068870847
2019-02-15,5.137165632976786,2.9885478492469084
2019-02-19,5.174257623983952,2.9937197350779052
2019-02-20,5.190488514801232,2.9997526242316552
2019-02-21,5.189748884176277,2.9890854951369743
2019-02-22,5.259352057023095,3.0076184220982474
2019-02-25,5.2126913725648185,3.0117135496754948
2019-02-26,5.194190859434394,3.0095587500035816
2019-02-27,5.142897354359172,3.0082649536544226
2019-02-28,5.153709879702024,3.002661924579842
2019-03-01,5.185369811384517,3.021409323307694
2019-03-04,5.183067423730108,3.010419936635538
2019-03-05,5.158543199897692,3.006325725604302
2019-03-06,5.120522724766692,2.9881167060033236
2019-03-07,5.096710434264789,2.9631202965723213
2019-03-08,5.112444102960691,2.9571933601374454
2019-03-11,5.14286348818716,3.0000768982103545
2019-03-12,5.155410852415737,3.0113903755520077
2019-03-13,5.163278915733942,3.031321951726101
2019-03-14,5.149277920164205,3.0293829069851825
2019-03-15,5.1735554039996785,3.044350103345175
2019-03-18,5.1725607308204395,3.055387700337511
2019-03-19,5.177264148458534,3.0561460505070306
2019-03-20,5.181100726703174,3.0469461282667942
2019-03-21,5.255606681729844,3.0813620643622732
2019-03-22,5.209462525245513,3.0220564047914746
2019-03-25,5.250039128644732,3.019784653848555
2019-03-26,5.2787817992144355,3.042293557405642
2019-03-27,5.245767279002296,3.0263848849831283
2019-03-28,5.23532231950564,3.037856924784688
2019-03-29,5.270446886824135,3.0570118198690417
2019-04-01,5.233680437295425,3.093265064098216
2019-04-02,5.26646554961076,3.0947810312004473
2019-04-03,5.256959262874369,3.099650823466211
2019-04-04,5.214490272250256,3.1078748075139107
2019-04-05,5.270669502426647,3.1229186271204243
2019-04-08,5.275587304398423,3.1252990804202514
2019-04-09,5.285400222032821,3.109281888950032
2019-04-10,5.298511884124781,3.1198881593895806
2019-04-11,5.29386088765749,3.1190218400999625
2019-04-12,5.314424739950235,3.140125128694547
2019-04-15,5.293940137145042,3.1380691326826216
2019-04-16,5.210129393427418,3.1401251286945464
2019-04-17,5.154257904263084,3.1324419067933493
2019-04-18,5.1550680607935,3.138608794973911
2019-04-22,5.152615691274224,3.1413159052720667
2019-04-23,5.220222431263464,3.169562386858154
2019-04-24,5.239801199005623,3.162526613059143
2019-04-25,5.219397466720046,3.160578769476519
2019-04-26,5.249546447866195,3.1752973985583224
2019-04-29,5.227980721123159,3.1802746100165775
2019-04-30,5.283853505776112,3.1818979963113
2019-05-01,5.243611294536855,3.157981278081282
2019-05-02,5.26259671915253,3.151164008851299
2019-05-03,5.3122558458905855,3.182006515359005
2019-05-06,5.285028995114372,3.1689120058087332
2019-05-07,5.210068001746876,3.1159932054611414
2019-05-08,5.216165549181094,3.1116627088682636
2019-05-09,5.20844773778682,3.1022479482430434
2019-05-10,5.2849166929676334,3.117832163377656
2019-05-13,5.2267158618962,3.039478844605794
2019-05-14,5.27545601489716,3.066968259186776
2019-05-15,5.308061527795645,3.0849332942396206
2019-05-16,5.324949721768263,3.113502766639992
2019-05-17,5.298275182099519,3.0933735831459224
2019-05-20,5.15243737703716,3.0729206756007597
2019-05-21,5.1877010140954365,3.100624928566726
2019-05-22,5.114407156059378,3.091100915656992
2019-05-23,5.094712297028104,3.0533318876347884
2019-05-24,5.075132092449873,3.060258042530881
2019-05-28,5.0394007188281815,3.0317967225598106
2019-05-29,5.0148281688488465,3.0114506842795326
2019-05-30,5.062899710869441,3.0196766847284575
2019-05-31,5.077858732844187,2.9789847914771044
2019-06-03,5.0932647573735945,2.971410088623612
2019-06-04,5.111528092518357,3.0359085312744587
2019-06-05,5.218552232797188,3.0622051528766967
2019-06-06,5.2368006596335865,3.0821183981305693
2019-06-07,5.245640903754124,3.112962004493489
2019-06-10,5.20931231587219,3.1272458241476633
2019-06-11,5.1817461111719965,3.126489490379368
2019-06-12,5.214756277292574,3.120970416919397
2019-06-13,5.166697532087957,3.1338482549926634
2019-06-14,5.199115678991375,3.1303855441630213
2019-06-17,5.228069178214734,3.131575954122137
2019-06-18,5.2617557875180525,3.164366670830872
2019-06-19,5.305629998505013,3.171509130585566
2019-06-20,5.337139565251197,3.201810874946769
2019-06-21,5.269840491566121,3.1971559210659892
2019-06-24,5.266610679060333,3.193242269598924
2019-06-25,5.189428210585731,3.161922425928678
2019-06-26,5.092069923108981,3.158769141032357
2019-06-27,5.113503279195549,3.1699696999054523
2019-06-28,5.094974217091891,3.1862823858096254
2019-07-01,5.169587384970858,3.215208211299082
2019-07-02,5.220354585376509,3.223582142274185
2019-07-03,5.275881422098882,3.249355049485725
2019-07-05,5.255260986719403,3.2456569696404522
2019-07-08,5.220616014422996,3.227822817357982
2019-07-09,5.237301136768041,3.2318475542015825
2019-07-10,5.255539228776476,3.2472880549216674
2019-07-11,5.26000866520459,3.25490271918124
2019-07-12,5.271795253483231,3.2694725011908528
2019-07-15,5.271689533420648,3.270560624615138
2019-07-16,5.2503827627413555,3.2600130131202945
2019-07-17,5.240008220764807,3.2378278336142996
2019-07-18,5.287918742562495,3.249680973247243
2019-07-19,5.232832659108107,3.2316286830141494
2019-07-22,5.306616749491873,3.239566704706411
2019-07-23,5.322969741498202,3.262730755352177
2019-07-24,5.339231388587211,3.2780642034981744
2019-07-25,5.337002572835702,3.2624051982090623
2019-07-26,5.3980239062931075,3.2842626208615155
2019-07-29,5.384075747159522,3.2782812415935845
2019-07-30,5.3597789317180835,3.2702339676168095
2019-07-31,5.257047332921004,3.2344564107673555
2019-08-01,5.226948190453037,3.2062905852302386
2019-08-02,5.226976194879179,3.1821494965367227
2019-08-05,5.089882430464941,3.0864521942890852
2019-08-06,5.188441136567785,3.129733330021576
2019-08-07,5.220854430564392,3.1315821866350104
2019-08-08,5.328866163838258,3.1930248648851087
2019-08-09,5.306615272115401,3.1712737615699345
2019-08-12,5.240428360999926,3.1326692102040834
2019-08-13,5.320072174216546,3.181387663492362
2019-08-14,5.199044006309676,3.0873218131443436
2019-08-15,5.241696317921973,3.0954783394056324
2019-08-16,5.318428179805214,3.1411512936084867
2019-08-19,5.358706813820279,3.1789962116404022
2019-08-20,5.350359392765437,3.1546366183778587
2019-08-21,5.395129141832551,3.180300639923289
2019-08-22,5.407742928730287,3.1793210355467085
2019-08-23,5.3047346498033825,3.097654219635799
2019-08-26,5.383286745513147,3.131908477014934
2019-08-27,5.39351896800549,3.1196194280991483
2019-08-28,5.4212962552005175,3.1415868362729245
2019-08-29,5.443276857611227,3.18171432049069
2019-08-30,5.418716833436084,3.1803006399232894
2019-09-03,5.476382108375702,3.1617039213596487
2019-09-04,5.507962964181313,3.1975918303488298
2019-09-05,5.458714459583149,3.2386970858511535
2019-09-06,5.4361285643755215,3.2411985232244356
2019-09-09,5.326654751326792,3.242830708360864
2019-09-10,5.174641227974102,3.242068875316502
2019-09-11,5.175078567456206,3.265122940440946
2019-09-12,5.27691203227601,3.276431651743342
2019-09-13,5.251258158689958,3.2742576046051974
2019-09-16,5.253184572647471,3.2641440693011736
2019-09-17,5.326633550640985,3.2724098478469763
2019-09-18,5.34504796907642,3.2743664902713068
2019-09-19,5.400320870019999,3.274148718939088
2019-09-20,5.35852942267093,3.2586785221282466
2019-09-23,5.384225950833369,3.257914855991863
2019-09-24,5.3583150163180004,3.2323501880340273
2019-09-25,5.352040528375647,3.2514689712055462
2019-09-26,5.362992844342211,3.2446960628024963
2019-09-27,5.241725713024249,3.227215697280281
2019-09-30,5.242746204634303,3.242183260258678
2019-10-01,5.210849635336862,3.203617937062099
2019-10-02,5.131986013521258,3.1470267201575437
2019-10-03,5.180300262195241,3.1728102593028114
2019-10-04,5.270726590086104,3.21574530726154
2019-10-07,5.2583103129654605,3.201869533891472
2019-10-08,5.147963988450118,3.1521619441480984
2019-10-09,5.221679907305191,3.1820959702496787
2019-10-10,5.211257803158765,3.2036179370620976
2019-10-11,5.219330394310895,3.2368302649359024
2019-10-14,5.194012153928046,3.233224572928541
2019-10-15,5.232027151396071,3.265234759054289
2019-10-16,5.215589096722527,3.25999028277922
2019-10-17,5.24997661869687,3.269604117198034
2019-10-18,5.252788023412351,3.2552924345451246
2019-10-21,5.308087831344963,3.277361396016922
2019-10-22,5.310278690156081,3.2666550387529694
2019-10-23,5.258093700785122,3.2761599875056744
2019-10-24,5.372286320887462,3.281511882973235
2019-10-25,5.378216408937718,3.2949502805868427
2019-10-28,5.422451153520106,3.3135228023357923
2019-10-29,5.362717126918916,3.3125402650119766
2019-10-30,5.437927199117526,3.3226999942349558
2019-10-31,5.415279948316703,3.3138490927157167
2019-11-01,5.448522450939521,3.344549351282512
2019-11-04,5.381816289059839,3.3579866490409067
2019-11-05,5.354360573618751,3.3542731712226495
2019-11-06,5.342916771092188,3.3550372039774374
2019-11-07,5.296113995818191,3.3668368173233376
2019-11-08,5.288442599646026,3.3751396243279856
2019-11-11,5.289279705239688,3.368693372923264
2019-11-12,5.292974830514773,3.3757951380350684
2019-11-13,5.358420453282025,3.376886561024994
2019-11-14,5.3855577976500015,3.381802547209713
2019-11-15,5.446873194883344,3.406275058940815
2019-11-18,5.438301526291836,3.408787861484633
2019-11-19,5.372746237734264,3.4078038576872
2019-11-20,5.363953674738087,3.395130959301998
2019-11-21,5.324465605338446,3.3896701781683274
2019-11-22,5.291890795804313,3.397207119326165
2019-11-25,5.3284167640377165,3.423535453420384
2019-11-26,5.372457567056941,3.4312927322392714
2019-11-27,5.402112359073973,3.4465876854528057
2019-11-29,5.376463506251394,3.4338059014014943
2019-12-02,5.3284967275951205,3.4046359080547015
2019-12-03,5.29963052850033,3.3818025472097117
2019-12-04,5.329372669203812,3.4026701001702606
2019-12-05,5.349036147483237,3.4087878614846314
2019-12-06,5.378223688790539,3.439923662715865
2019-12-09,5.35464556314307,3.4291087864042074
2019-12-10,5.35087874827562,3.425283489972605
2019-12-11,5.377964933720425,3.435007309912742
2019-12-12,5.40748742250054,3.4646139457791856
2019-12-13,5.421585404955694,3.4666893725665444
2019-12-16,5.5175384209119525,3.4905060039721585
2019-12-17,5.506155877087226,3.491271503200564
2019-12-18,5.506489862485178,3.491489274532783
2019-12-19,5.543411474528046,3.5058002239488837
2019-12-20,5.553044834456475,3.521171067172131
2019-12-23,5.558715336758906,3.5265504590200223
2019-12-24,5.567919050231844,3.526659344686131
2019-12-26,5.602940402756406,3.545434606412719
2019-12-27,5.592571126759597,3.544554722242138
2019-12-30,5.571725919789023,3.525013228050336
2019-12-31,5.5929492165784325,3.533577067358923
2020-01-02,5.671720268657637,3.5666218506219134
2020-01-03,5.6212335097235915,3.539616005716346
2020-01-06,5.649158177309335,3.55311892816913
2020-01-07,5.657474822085874,3.543127843412179
2020-01-08,5.653706977527083,3.5620112575680674
2020-01-09,5.728153108091138,3.5861637114321203
2020-01-10,5.73211512061322,3.575844869821628
2020-01-13,5.8061194263242735,3.600435799297354
2020-01-14,5.796323765083161,3.5949475217833533
2020-01-15,5.8162656105989425,3.603071052388245
2020-01-16,5.87513629958815,3.6330424735670763
2020-01-17,5.903469374978018,3.644350451632664
2020-01-21,5.906128847434968,3.6372138577724407
2020-01-22,5.9209276937215805,3.637654166476136
2020-01-23,5.920377770466981,3.6418255506815003
2020-01-24,5.842139565082244,3.6094392140728284
2020-01-27,5.751772011736629,3.5515813305810404
2020-01-28,5.84959444505635,3.5887996977598213
2020-01-29,5.849139107756951,3.5858348547233665
2020-01-30,5.875743642807135,3.5974709562609
2020-01-31,5.720236126237321,3.532149088673752
2020-02-03,5.743053540722852,3.558387967877296
2020-02-04,5.774527468486782,3.6126225616783105
2020-02-05,5.766691937430912,3.654341169771211
2020-02-06,5.808978864152326,3.666637551055085
2020-02-07,5.801695633983266,3.6470949570080693
2020-02-10,5.887021232389722,3.6743226060483036
2020-02-11,5.920932589412979,3.680689667877673
2020-02-12,5.931663830893316,3.7044036461300522
2020-02-13,5.982867188505725,3.70045113311212
2020-02-14,5.989942710673509,3.706380452566625
2020-02-18,5.990779671188828,3.6968282100397514
2020-02-19,5.987065751917897,3.7145036165531122
2020-02-20,5.950205953908968,3.6992442253248057
2020-02-21,5.858205656709236,3.661147440449061
2020-02-24,5.628163254133878,3.5397248913824564
2020-02-25,5.4508363331902325,3.432463711422954
2020-02-26,5.439630714699044,3.419838106811921
2020-02-27,5.181718939118994,3.266247359087268
2020-02-28,5.206613670773772,3.2525244655918386
2020-03-02,5.451396007880572,3.3933799898025403
2020-03-03,5.4238156926063015,3.296218780266098
2020-03-04,5.709378057056812,3.434769007949877
2020-03-05,5.613517932235715,3.3205919384096054
2020-03-06,5.551976700112478,3.2656981647174637
2020-03-09,5.1807190492422395,3.010665570966491
2020-03-10,5.276123102216771,3.16645126307834
2020-03-11,5.048169424693429,3.0120924497964503
2020-03-12,4.524279133689183,2.723903620787546
2020-03-13,4.69629040626832,2.956759650565028
2020-03-16,4.29637176128301,2.6332205584570088
2020-03-17,4.709293942947508,2.775393709213156
2020-03-18,4.416783229731271,2.6348674083296135
2020-03-19,4.472851550490303,2.640466037983341
2020-03-20,4.251384479042511,2.5266774006425408
2020-03-23,4.248797459314448,2.462075021674045
2020-03-24,4.784891129552385,2.685147656020674
2020-03-25,4.79224923118348,2.72534424780767
2020-03-26,5.108714670198639,2.8844766160241657
2020-03-27,5.011345624113369,2.798560509496955
2020-03-30,5.208841683548634,2.889446128495928
2020-03-31,5.121951329686949,2.8463770815103877
2020-04-01,5.013719371265834,2.7182765782074756
2020-04-02,5.116696325504017,2.7810020542546003
2020-04-03,5.036993152474566,2.740804912539997
2020-04-06,5.359504747980553,2.924894095399819
2020-04-07,5.36122880788815,2.9278758028828764
2020-04-08,5.523213104777178,3.026160881138034
2020-04-09,5.6155080771487285,3.072210535751419
2020-04-13,5.626592843618407,3.0441603783208926
2020-04-14,5.796479904380041,3.1339417426857863
2020-04-15,5.656910377304417,3.0673510088009786
2020-04-16,5.748353718345009,3.0821491940765386
2020-04-17,5.920816809628786,3.165414832849075
2020-04-20,5.811807343325111,3.109646674262418
2020-04-21,5.719338806115305,3.01522740377255
2020-04-22,5.8499924748505965,3.0821491940765386
2020-04-23,5.804495759011808,3.0819277565602756
2020-04-24,5.851252193010538,3.124885534860078
2020-04-27,5.899254351047052,3.169942570143525
2020-04-28,5.908576616459946,3.1553658223842276
2020-04-29,6.07153266051796,3.2379678818447846
2020-04-30,5.948637117694465,3.207820117213433
2020-05-01,5.842292679454676,3.122898096489777
2020-05-04,5.8478771930836055,3.131512895756577
2020-05-05,5.904283751866314,3.1604453203773133
2020-05-06,5.816872968237474,3.1390216072972756
2020-05-07,5.873139397901198,3.176899154367184
2020-05-08,5.947871810032127,3.2294649011913292
2020-05-11,5.915738746072657,3.2301266474112875
2020-05-12,5.827586296313964,3.165746255886661
2020-05-13,5.799100318202005,3.1097570264021455
2020-05-14,5.87369704692443,3.1469728272520956
2020-05-15,5.900833955821199,3.161438856253261
2020-05-18,5.999848411034897,3.257735946210511
2020-05-19,5.920032203668105,3.224275051058517
2020-05-20,5.916764746093619,3.2790485739140127
2020-05-21,5.840987243297472,3.2564091542049556
2020-05-22,5.8289134586528695,3.2625947399241424
2020-05-26,5.78739294806195,3.3027900485467234
2020-05-27,5.833135860870083,3.3519334125657125
2020-05-28,5.827650931121804,3.3457500265569524
2020-05-29,5.907122221827859,3.360657830735431
2020-06-01,5.909096660578177,3.3742406760003756
2020-06-02,5.9052211410454625,3.402179931363568
2020-06-03,5.894610378148062,3.4474569376896604
2020-06-04,5.932227854267668,3.4384018297191656
2020-06-05,5.953272248334093,3.5265255289685244
2020-06-08,6.00138084722358,3.56915261746755
2020-06-09,6.0241309946497275,3.542538687636296
2020-06-10,6.034317540644074,3.5227720897441865
2020-06-11,5.79743580134528,3.3196882240427388
2020-06-12,5.768128403545769,3.359443590580029
2020-06-15,5.765768975253553,3.390805961985187
2020-06-16,5.8532996896188925,3.456071003719652
2020-06-17,5.834402901284046,3.4417153268582132
2020-06-18,5.829146336819707,3.4430399191533425
2020-06-19,5.852623419701599,3.423362776151909
2020-06-22,5.894189905479012,3.4453239518128105
2020-06-23,5.898400659936071,3.4611849638427516
2020-06-24,5.8144808412892255,3.3728955530746
2020-06-25,5.839583589401474,3.4090558595382574
2020-06-26,5.750831569029529,3.328083785503703
2020-06-29,5.837681641427421,3.377000212730363
2020-06-30,5.934158267723862,3.420257518266567
2020-07-01,6.028121026101175,3.444215664376283
2020-07-02,6.028003579413084,3.463181934291568
2020-07-06,6.186484102206956,3.5166451629697066
2020-07-07,6.170565167489003,3.4803752376031314
2020-07-08,6.2477829505732805,3.5069950333288564
2020-07-09,6.265198844582108,3.487030461498366
2020-07-10,6.3020940971431605,3.522633874605726
2020-07-13,6.17583839638244,3.4921319565957156
2020-07-14,6.239187997478436,3.537385499343926
2020-07-15,6.20053468968665,3.5698854876579653
2020-07-16,6.199337516799979,3.558127668810168
2020-07-17,6.209520653131924,3.568443210855021
2020-07-20,6.39516012198406,3.5972821477826322
2020-07-21,6.343182773355723,3.6049353069746677
2020-07-22,6.337548689646832,3.625454205832624
2020-07-23,6.254562332312718,3.5821969002964194
2020-07-24,6.275290667159432,3.5591256041069683
2020-07-27,6.376981841207223,3.5850810872839043
2020-07-28,6.346976939446929,3.5623434138424654
2020-07-29,6.344398239072981,3.606155046406136
2020-07-30,6.30072926465707,3.5932885735034064
2020-07-31,6.4363734108743555,3.6216839021616836
2020-08-03,6.3951405425463275,3.646862887558081
2020-08-04,6.485961295607495,3.66094836665547
2020-08-05,6.522639866020899,3.683687139952122
2020-08-06,6.535686485729854,3.70831069846584
2020-08-07,6.5526617343815055,3.7109730813186577
2020-08-10,6.525299355496947,3.7220640212888356
2020-08-11,6.324022469406805,3.691340299144158
2020-08-12,6.418484958257665,3.7428058241366733
2020-08-13,6.459079051600367,3.736040248101712
2020-08-14,6.447671387598767,3.7361509668598436
2020-08-17,6.588048067157429,3.7480187712289634
2020-08-18,6.655626132846808,3.756116271927142
2020-08-19,6.5695919911975675,3.740477064031868
2020-08-20,6.612355584213083,3.752123064266321
2020-08-21,6.581553904366347,3.7654327788199806
2020-08-24,6.588377403130512,3.8035896891140486
2020-08-25,6.59986208376067,3.816899403667709
2020-08-26,6.694642228449318,3.855165199627886
2020-08-27,6.638994257686419,3.86359485660046
2020-08-28,6.715364330300365,3.888550938006977
2020-08-31,6.762453740594011,3.874465825527992
2020-09-01,6.857454290048883,3.9109560885556167
2020-09-02,6.910314707854086,3.9675256749743117
2020-09-03,6.6278741933830085,3.830985616001907
2020-09-04,6.596895591200895,3.7997068335929542
2020-09-08,6.412272953096035,3.6958878338324466
2020-09-09,6.6077744032391275,3.7688712928349313
2020-09-10,6.45850075292843,3.70343027426635
2020-09-11,6.429472358116226,3.7053172591938424
2020-09-14,6.48651765988876,3.7541189348599224
2020-09-15,6.531562450369532,3.7730859380120156
2020-09-16,6.455641926423957,3.7581125091391483
2020-09-17,6.385184342081368,3.725058927034452
2020-09-18,6.292845271448158,3.682173005941914
2020-09-21,6.2850404521893894,3.6411927673154936
2020-09-22,6.413534662663353,3.6782762189214524
2020-09-23,6.244900069437822,3.5929732816756155
2020-09-24,6.284290769566434,3.6025500876355845
2020-09-25,6.41100133066372,3.6607925538335975
2020-09-28,6.5246372141681865,3.7215951163495977
2020-09-29,6.510477155874272,3.701327717717066
2020-09-30,6.531820302418165,3.7293923565745657
2020-10-01,6.556379206902369,3.7533340048560833
2020-10-02,6.514624456350328,3.717697962710731
2020-10-05,6.636832127103168,3.783624750665154
2020-10-06,6.5760810122736855,3.7298370646991135
2020-10-07,6.720862432641994,3.794760051462265
2020-10-08,6.734444268419359,3.828391424172309
2020-10-09,6.8220287824273385,3.8625800568570554
2020-10-12,6.877344460468062,3.924718943457126
2020-10-13,6.864875638954463,3.8991069817251214
2020-10-14,6.887831696646434,3.8746058737584756
2020-10-15,6.888804148067775,3.8698178373968957
2020-10-16,6.903822080879789,3.8674791785951714
2020-10-19,6.813502200259412,3.8086809188960746
2020-10-20,6.884070550370378,3.8239370105587414
2020-10-21,6.841662955776704,3.816698863400497
2020-10-22,6.84767649297309,3.837634607384266
2020-10-23,6.873175655058136,3.8506638588585536
2020-10-26,6.815797230560387,3.779503959799598
2020-10-27,6.896069279803844,3.7664754415621196
2020-10-28,6.5554871110506845,3.637740321801175
2020-10-29,6.666732695571902,3.674712688030598
2020-10-30,6.611044473809777,3.636404364335509
2020-11-02,6.801904313560784,3.6771627988272626
2020-11-03,6.921949956880443,3.742085785590414
2020-11-04,6.906366227636947,3.8257187760041687
2020-11-05,7.002608776883641,3.9003318538142513
2020-11-06,7.108822853003299,3.899440237854729
2020-11-09,6.813233729321785,3.948439154222381
2020-11-10,6.729186492135667,3.942649149761552
2020-11-11,6.874825498989933,3.971937560852969
2020-11-12,6.863321396234919,3.9334052333127865
2020-11-13,6.956022045592792,3.9878616312484687
2020-11-16,6.931046421017744,4.037640344962298
2020-11-17,6.886417839751062,4.015925170250756
2020-11-18,6.744169541882861,3.967593499379128
2020-11-19,6.758986171932623,3.9842981003576146
2020-11-20,6.708745264983067,3.95701472531991
2020-11-23,6.7141645857877394,3.9807338362299514
2020-11-24,6.713220626704981,4.044878858738947
2020-11-25,6.704958944803929,4.038643046298357
2020-11-27,6.722525781022741,4.049889799090408
2020-11-30,6.799912525562446,4.031961059259601
2020-12-01,6.871373600071553,4.076059754033923
2020-12-02,6.855596750644114,4.084635325131451
2020-12-03,6.821311368483768,4.083521171800452
2020-12-04,6.897545806885473,4.118709939492426
2020-12-07,6.921839837913156,4.110248020100265
2020-12-08,6.9683643681952345,4.122275303475303
2020-12-09,6.921658131341996,4.0853033038642845
2020-12-10,6.891993843782654,4.0839666131618095
2020-12-11,6.884704616848617,4.0791782101818255
2020-12-14,6.7832146038909125,4.060914747747793
2020-12-15,6.8364073991871885,4.115815853808023
2020-12-16,6.795541568374731,4.122275303475303
2020-12-17,6.837909716754905,4.145326435652511
2020-12-18,6.802684681996027,4.128775447785473
2020-12-21,6.779200685575801,4.114012091258331
2020-12-22,6.794556568154461,4.107078970612555
2020-12-23,6.814954562778241,4.110768618234527
2020-12-24,6.8302341610478585,4.126761612890055
2020-12-28,6.844879466460499,4.162214712451608
2020-12-29,6.800481236570196,4.154273757812111
2020-12-30,6.870808107911557,4.160201610792998
2020-12-31,6.889006392538225,4.1813378950439795
2021-01-04,6.782942607687158,4.124412322154604
2021-01-05,6.868180912426076,4.15282011583863
2021-01-06,6.970880754167195,4.1776475141852
2021-01-07,7.118323827777332,4.239716743288432
2021-01-08,7.1164382003884805,4.263873229954934
2021-01-11,7.166056456156394,4.235131813522894
2021-01-12,7.155464871509763,4.236025629192843
2021-01-13,7.150425843134467,4.24743332746443
2021-01-14,7.2127133727752115,4.232559252179157
2021-01-15,7.160423963295466,4.20169254885676
2021-01-19,7.32512026077724,4.234684172451111
2021-01-20,7.430528608393857,4.293285924685445
2021-01-21,7.377549718515515,4.297200676007722
2021-01-22,7.387173446287373,4.281991878119224
2021-01-25,7.30010649737867,4.298878321826297
2021-01-26,7.213619605664475,4.2921681051704015
2021-01-27,6.925754984221538,4.18726611464327
2021-01-28,7.088876984085601,4.2232775740347375
2021-01-29,6.930522254121989,4.138729137465174
2021-02-01,7.009520407429236,4.207619668600839
2021-02-02,6.862086036976858,4.267116336360335
2021-02-03,6.855273872616699,4.270471994615889
2021-02-04,6.925669383451615,4.319008971793985
2021-02-05,7.038242743250348,4.336007234114403
2021-02-08,7.122568877976483,4.367321945126988
2021-02-09,7.159394863724811,4.364414661180025
2021-02-10,7.263579271110431,4.36251411137157
2021-02-11,7.3593853685898365,4.369557950775477
2021-02-12,7.464326632189589,4.391143342571859
2021-02-16,7.449634454993892,4.387340409862926
2021-02-17,7.554893819944306,4.388348243856646
2021-02-18,7.4716661096531585,4.369670869244036
2021-02-19,7.563170109075761,4.3619542850680375
2021-02-22,7.729089995292079,4.32840246855175
2021-02-23,7.581782323491079,4.33365867661576
2021-02-24,7.600962510950108,4.381413290118847
2021-02-25,7.440687027786301,4.275839654674839
2021-02-26,7.5383832322234685,4.253808088280292
2021-03-01,7.953104622940674,4.356920614375503
2021-03-02,7.920833634055028,4.322923356497858
2021-03-03,7.915449274325665,4.265662694386853
2021-03-04,7.850779898098112,4.212876243283253
2021-03-05,8.053383003160485,4.290378640738481
2021-03-08,8.137885280594963,4.269017252787194
2021-03-09,8.041459386239481,4.329969028993788
2021-03-10,8.216276512842768,4.356920614375502
2021-03-11,8.382663596883157,4.4010959323963466
2021-03-12,8.587427349337553,4.407023785377234
2021-03-15,8.670639754849859,4.433305192315689
2021-03-16,8.767292326262078,4.42771389503005
2021-03-17,8.677766025530373,4.442810874305203
2021-03-18,8.641597793014073,4.378170916950254
2021-03-19,8.693388681623778,4.370069383449628
2021-03-22,8.624370109052771,4.404964489799669
2021-03-23,8.356572547344856,4.370294120531529
2021-03-24,7.848840962455537,4.348077045224351
2021-03-25,7.6683510688622905,4.3725378251665115
2021-03-26,6.99219529589435,4.443000782638685
2021-03-29,6.926249686217354,4.440758177858917
2021-03-30,7.082449576457001,4.428976162196428
2021-03-31,7.14802982911095,4.446927632368309
2021-04-01,7.238718760041814,4.494949877306616
2021-04-05,7.27213002418489,4.559466650877682
2021-04-06,7.287183759218759,4.556774205315703
2021-04-07,7.265599125843793,4.562048744299934
2021-04-08,7.263359316741906,4.583703060356345
2021-04-09,7.291386901122481,4.617027940080304
2021-04-12,7.22138298499994,4.618709618701327
2021-04-13,7.220269149546166,4.6323991499219535
2021-04-14,7.185667662990613,4.616579199153305
2021-04-15,7.2157869093547005,4.666172770572908
2021-04-16,7.229609153081276,4.681767984259653
2021-04-19,7.080032474463809,4.65876634556704
2021-04-20,6.913413244252648,4.624658002312859
2021-04-21,7.107887588224381,4.6684153753526765
2021-04-22,6.998989918464728,4.625778754775137
2021-04-23,7.1492677499890815,4.675933618971889
2021-04-26,7.2393241844725935,4.685694833989276
2021-04-27,7.246772183195659,4.684684800285129
2021-04-28,7.184500861505321,4.683339310740948
2021-04-29,7.16441797099243,4.713185348425471
2021-04-30,7.126357697846226,4.682216725186647
2021-05-03,7.126382484021966,4.6923159623728985
2021-05-04,7.081528514437456,4.663367039923965
2021-05-05,7.123927049850113,4.664825814555108
2021-05-06,7.1951421529747375,4.702077177390286
2021-05-07,7.328913140896313,4.736298805731429
2021-05-10,7.218808332192562,4.689398413110614
2021-05-11,7.134558783955235,4.647547089155318
2021-05-12,6.906155944202358,4.5488079540063
2021-05-13,7.031957970100264,4.603450594091422
2021-05-14,7.408061305950807,4.674138655263904
2021-05-17,7.5868345526727925,4.662243721132858
2021-05-18,7.452514811326537,4.622075908890607
2021-05-19,7.369837658741474,4.609957704151276
2021-05-20,7.357347810578574,4.659552008807686
2021-05-21,7.318835776518735,4.655736977691408
2021-05-24,7.4678685456818785,4.703199762944586
2021-05-25,7.342043595163715,4.692764336681492
2021-05-26,7.472484755081658,4.7020771773902865
2021-05-27,7.502487818570971,4.704545252488766
2021-05-28,7.4975793068622485,4.7129602447251635
2021-06-01,7.582696832780817,4.708809024532042
2021-06-02,7.555475972067511,4.716213983064293
2021-06-03,7.517046713719014,4.69870978734579
2021-06-04,7.573002306579023,4.741684063473791
2021-06-07,7.570643901328152,4.737084468972077
2021-06-08,7.59424414505343,4.7380937694394145
2021-06-09,7.4745621866304255,4.731024999984006
2021-06-10,7.447796132201664,4.753016604972474
2021-06-11,7.503948838855879,4.7608706710501245
2021-06-14,7.434423688328831,4.771529367921503
2021-06-15,7.440904591054951,4.762778553226668
2021-06-16,7.4214493104546,4.736186253881274
2021-06-17,7.246945656544447,4.734615294018382
2021-06-18,7.137636704944165,4.670744135457479
2021-06-21,7.292418924038136,4.737610566382402
2021-06-22,7.336645203035386,4.7629372989957774
2021-06-23,7.372083485591638,4.757196054782734
2021-06-24,7.423970021708994,4.785339516597182
2021-06-25,7.437350224861333,4.802337045680791
2021-06-28,7.413256963228032,4.812018704504421
2021-06-29,7.413236746687417,4.8146081302947605
2021-06-30,7.368202221459674,4.818660363518692
2021-07-01,7.455371943207811,4.845339551425931
2021-07-02,7.540233079737586,4.882374976020912
2021-07-06,7.564744531013215,4.873481913385165
2021-07-07,7.5341999865061515,4.890704912787486
2021-07-08,7.436591881939967,4.8508553253202615
2021-07-09,7.568355642640131,4.902636508758972
2021-07-12,7.69127528119623,4.920198996803776
2021-07-13,7.617206382114915,4.903424371710047
2021-07-14,7.4954894331932955,4.910742075062048
2021-07-15,7.414666821368424,4.893969283060342
2021-07-16,7.275559622270325,4.855582869645114
2021-07-19,7.283595908718571,4.783876709163589
2021-07-20,7.389440639863919,4.8524310512224105
2021-07-21,7.591720289667135,4.891718246057271
2021-07-22,7.691405939608638,4.90196193089486
2021-07-23,7.720915901003104,4.952392858750132
2021-07-26,7.711723740719453,4.9645510248955445
2021-07-27,7.696148014319116,4.941924070212237
2021-07-28,7.745303669709238,4.939897770291069
2021-07-29,7.827899147813751,4.960385873203056
2021-07-30,7.760064472648627,4.936295744467752
2021-08-02,7.804205147380854,4.925939874398413
2021-08-03,7.852258662011976,4.966014565565944
2021-08-04,7.968508332735947,4.941586781280179
2021-08-05,7.892256106371209,4.972881328280521
2021-08-06,7.822679892119534,4.981097613341729
2021-08-09,7.810579678948343,4.97704647997301
2021-08-10,7.783289503770449,4.983237564968262
2021-08-11,7.81480613344006,4.995620101577173
2021-08-12,7.78360543285532,5.010590964121209
2021-08-13,7.873352531731059,5.019710230312476
2021-08-16,7.846745910354919,5.031530007670618
2021-08-17,7.718181082401395,4.9985464496811645
2021-08-18,7.6157002049090385,4.943837818283249
2021-08-19,7.564275624825011,4.9514924439489025
2021-08-20,7.744961735010908,4.990891090778703
2021-08-23,7.924891790328674,5.03479474456188
2021-08-24,8.033212419609956,5.042787759014803
2021-08-25,8.141153035459045,5.053368366166043
2021-08-26,8.29476074861344,5.0235373598361015
2021-08-27,8.453924560815846,5.068452513797043
2021-08-30,8.477379718130162,5.090741446311486
2021-08-31,8.539299160134693,5.0831993724959865
2021-09-01,8.47516651851486,5.0859002502812665
2021-09-02,8.587319448196828,5.101548257018246
2021-09-03,8.710575603688566,5.100309086811344
2021-09-07,8.558202892590597,5.082072754139237
2021-09-08,8.508731354566185,5.075882402380794
2021-09-09,8.562900214055695,5.054156229117119
2021-09-10,8.541567938209703,5.014306275031491
2021-09-13,8.324276303865332,5.027139019041015
2021-09-14,8.421848349953986,5.000009990351567
2021-09-15,8.537690393997071,5.041773325889804
2021-09-16,8.592459889999315,5.033781777910499
2021-09-17,8.478524704939407,4.98474729955762
2021-09-20,8.199790156340807,4.9016301412388685
2021-09-21,8.334794591227476,4.896999750791184
2021-09-22,8.325214145848667,4.944769762267257
2021-09-23,8.508868836559865,5.00484825343455
2021-09-24,8.480370313573252,5.013092401494493
2021-09-27,8.245116171046828,4.9987502895140175
2021-09-28,7.898231280895373,4.8980152837713975
2021-09-29,7.933317755632342,4.906260165068149
2021-09-30,7.921092599505281,4.846293859132605
2021-10-01,8.121353297420605,4.903888877228432
2021-10-04,8.005179644879389,4.840647569086304
2021-10-05,8.171481817898703,4.8910147053392095
2021-10-06,8.222878690272463,4.91134186277166
2021-10-07,8.349070777205146,4.953803972988701
2021-10-08,8.434549829294705,4.944769762267257
2021-10-11,8.383047246771362,4.908970574931943
2021-10-12,8.363286994994294,4.896887198941031
2021-10-13,8.410481504707892,4.914504313128091
2021-10-14,8.50638017366279,4.997170164191015
2021-10-15,8.53654084731243,5.035226621042275
2021-10-18,8.737661159439226,5.050132958747136
2021-10-19,8.8584428181921,5.089094596438882
2021-10-20,8.912797180536277,5.109083365084063
2021-10-21,8.88669843836854,5.122408844229112
2021-10-22,8.953966884446183,5.11710094297008
2021-10-25,8.944927770425391,5.144543063776893
2021-10-26,8.809584941100198,5.149173820842981
2021-10-27,8.6785255990489,5.126361357247043
2021-10-28,8.844636234739609,5.1758251457514834
2021-10-29,8.963306896600988,5.186328396419395
2021-11-01,8.883390001084917,5.1952485888170665
2021-11-02,9.14471755649283,5.216254723534481
2021-11-03,9.185817416933205,5.2481010312334595
2021-11-04,9.504712246506315,5.272832742176479
2021-11-05,9.471309603614847,5.2911273671748855
2021-11-08,9.601057049420039,5.295644105917203
2021-11-09,9.716986654170888,5.278139910198701
2021-11-10,9.285536835604313,5.23567779998166
2021-11-11,9.432121700626094,5.2373726768652435
2021-11-12,9.521857282125431,5.276897440426161
2021-11-15,9.445774535675936,5.278703769304684
2021-11-16,9.54189670777968,5.299596985553541
2021-11-17,9.49697644428433,5.286722447045914
2021-11-18,9.755638818424861,5.304679049875457
2021-11-19,9.808473150090578,5.295192065424567
2021-11-22,9.610071376378944,5.280284994482898
2021-11-23,9.622488445672184,5.287287406007107
2021-11-24,9.821089032398199,5.301403314432062
2021-11-26,9.534468192261913,5.183165212826153
2021-11-29,9.941090323026987,5.246744909755551
2021-11-30,9.563847285954504,5.14465598224545
2021-12-01,9.388685968916556,5.0875141044974725
2021-12-02,9.394741919339225,5.165435546788941
2021-12-03,9.223780716965475,5.120489963500434
2021-12-06,8.910717010625447,5.181132680392111
2021-12-07,9.308958177927426,5.288304038842535
2021-12-08,9.200540914057306,5.302306295562123
2021-12-09,9.013405264075667,5.266507474845213
2021-12-10,9.023195822446837,5.316084915055021
2021-12-13,8.854657882417397,5.268992414390295
2021-12-14,8.91004350121675,5.232741919799154
2021-12-15,9.507796112443819,5.314504423113615
2021-12-16,9.29275719302553,5.267637759386005
2021-12-17,9.09093941890489,5.2115748396022035
2021-12-20,9.146497969447204,5.156158268065375
2021-12-21,9.308562544530629,5.247725613987347
2021-12-22,9.408435964926023,5.300196773263155
2021-12-23,9.420150585531456,5.333175198594948
2021-12-27,9.704369737125331,5.4086505628922
2021-12-28,9.520414681140528,5.404230244790242
2021-12-29,9.404604124697595,5.4111432014237755
2021-12-30,9.373465934928591,5.3961840706686806
2021-12-31,9.38103513609193,5.382585460812346
2022-01-03,9.361389012276135,5.4137502248975276
2022-01-04,9.088117532401288,5.411936563650918
2022-01-05,8.906604250251213,5.308016010592389
2022-01-06,8.91979138322259,5.303029633674023
2022-01-07,8.804124213593823,5.2820638269810924
2022-01-10,8.901587373827148,5.275490725608446
2022-01-11,8.961096949133674,5.323541200163891
2022-01-12,8.969475231000878,5.337933905484175
2022-01-13,8.677222024652735,5.264385487520496
2022-01-14,8.679000451953659,5.266538637409591
2022-01-18,8.448634019262384,5.173270548709565
2022-01-19,8.251047723449743,5.1195528868587665
2022-01-20,8.08561935637276,5.062889446128542
2022-01-21,7.87870294764514,4.963501763022125
2022-01-24,7.826787927799487,4.984580488183615
2022-01-25,7.704229026740851,4.923723666143762
2022-01-26,7.788272391429718,4.9113708256256094
2022-01-27,7.682253943079088,4.887119018173962
2022-01-28,7.898754683888828,5.0084928069927805
2022-01-31,8.10985442486956,5.098699998634395
2022-02-01,8.231654854726058,5.133152596570314
2022-02-02,8.31421430893624,5.183016365753967
2022-02-03,8.211537185041044,5.0611898032057026
2022-02-04,8.274753761699658,5.0849881036910975
2022-02-07,8.346617584655862,5.068669185274049
2022-02-08,8.217947098730924,5.110374228485986
2022-02-09,8.225687512125058,5.185169149024656
2022-02-10,8.154655600172179,5.092014345411594
2022-02-11,8.293608897297013,4.991607096522515
2022-02-14,8.118448043002248,4.975287811487063
2022-02-15,8.015589728619531,5.055522982528756
2022-02-16,8.07335188696805,5.061189803205703
2022-02-17,8.072760986284575,4.953075868837547
2022-02-18,7.99467343226443,4.921004457438262
2022-02-22,7.884784394688233,4.868193442901567
2022-02-23,7.9146783688697475,4.781839044071885
2022-02-24,7.862789041349065,4.853801104199687
2022-02-25,7.934763162743578,4.96089510616678
2022-02-28,8.211232717604762,4.948202043769336
2022-03-01,8.28444549819346,4.872839964559046
2022-03-02,8.37379175850611,4.962481464002657
2022-03-03,8.382604304789943,4.937776149584756
2022-03-04,8.549877730504392,4.897658197445504
2022-03-07,8.487696178288564,4.753279470368433
2022-03-08,8.27452629861532,4.717241247833444
2022-03-09,8.196803041179344,4.843715431894399
2022-03-10,8.414374700696607,4.821842611268961
2022-03-11,8.338199691879343,4.760532282262854
2022-03-14,8.263198216324032,4.725741295539664
2022-03-15,8.250658286111038,4.829662215216597
2022-03-16,8.27559003827188,4.936755850565285
2022-03-17,8.537395456621187,4.99851931991924
2022-03-18,8.64972384127234,5.053267546104832
2022-03-21,8.818164699163573,5.051790440553469
2022-03-22,8.788400379433115,5.110902158988335
2022-03-23,8.921207864699957,5.045082423607999
2022-03-24,8.995076719019526,5.121134112036982
2022-03-25,9.206192477011763,5.146143353112139
2022-03-28,8.986178707839917,5.182749100937153
2022-03-29,8.838375294770005,5.246862960881773
2022-03-30,8.867039261169676,5.214464525865757
2022-03-31,8.79858077496803,5.134207724338204
2022-04-01,8.866701085056723,5.148758442190788
2022-04-04,8.845498713975706,5.192865202570007
2022-04-05,8.827042784402245,5.127272403982001
2022-04-06,8.923438723849426,5.076003753072654
2022-04-07,9.105131382504792,5.101581619293048
2022-04-08,9.261227060690262,5.0879401150833985
2022-04-11,9.072754911797649,5.000975296610376
2022-04-12,9.197041628772832,4.982446035833146
2022-04-13,9.318333129801168,5.039512023571412
2022-04-14,9.288087584566883,4.976760517617574
2022-04-18,9.397491421464423,4.978808448024603
2022-04-19,9.302147974234899,5.059178901257523
2022-04-20,9.408417152768111,5.055426928506803
2022-04-21,9.160762789789601,4.979830946754499
2022-04-22,8.87822872323047,4.84318823462886
2022-04-25,8.76133414069907,4.871267538222536
2022-04-26,8.718813741336463,4.730191676350785
2022-04-27,8.730879289052977,4.743491492207526
2022-04-28,8.924839232272896,4.863309719136437
2022-04-29,8.644107179980365,4.683582378743071
2022-05-02,8.626114205642933,4.711774600805305
2022-05-03,8.774155497174657,4.733374290719459
2022-05-04,9.076320170853405,4.877519115254517
2022-05-05,8.924985535074216,4.704158470072115
2022-05-06,9.100760871689245,4.676079533096843
2022-05-09,8.664621104396089,4.526364308525196
2022-05-10,8.701804070565542,4.5368231983661715
2022-05-11,8.692922142336586,4.464750052861834
2022-05-12,8.654366339001443,4.460089966323392
2022-05-13,8.813913642937527,4.566719829390503
2022-05-16,8.979407789243458,4.548190201994869
2022-05-17,9.112248914350848,4.6417490190895885
2022-05-18,8.828819420520025,4.454632484755361
2022-05-19,8.77445911620375,4.427349842954466
2022-05-20,8.815899997556011,4.42928265518251
2022-05-23,8.982441953050582,4.512155279025521
2022-05-24,9.024466512800755,4.477709646839283
2022-05-25,9.166970643025968,4.517269972385428
2022-05-26,9.217062510191912,4.607531423550895
2022-05-27,9.293623862063521,4.720642366771145
2022-05-31,9.146150014425691,4.694154920289411
2022-06-01,9.126525459453843,4.656186085236806
2022-06-02,9.068739917122407,4.744856412527138
2022-06-03,9.092369130588796,4.666985563575479
2022-06-06,9.143160014904405,4.681194959693558
2022-06-07,9.322323419406782,4.726097648628749
2022-06-08,9.206492150821443,4.674716079250844
2022-06-09,9.088871911264121,4.563537215021828
2022-06-10,9.016382093454034,4.431214367555339
2022-06-13,8.698347259738261,4.2629695155880585
2022-06-14,8.687231005760808,4.2501235733159755
2022-06-15,8.610129203015031,4.31071533024944
2022-06-16,8.353837995298404,4.168047244647341
2022-06-17,8.234193985660783,4.177033428357807
2022-06-21,8.469714281969997,4.282183619544723
2022-06-22,8.455351322089522,4.274420474831365
2022-06-23,8.387958609411934,4.3163205590344464
2022-06-24,8.480089340159932,4.453553526791183
2022-06-27,8.711642086225464,4.436541699589803
2022-06-28,8.719855570610797,4.34589053306045
2022-06-29,8.640574977842189,4.342351198984287
2022-06-30,8.573038763614004,4.3070722431648285
2022-07-01,8.645507184018967,4.352626413004654
2022-07-05,8.525362191993562,4.360847097486714
2022-07-06,8.583055776532808,4.375575258647032
2022-07-07,8.561246215857341,4.44110829843512
2022-07-08,8.660114642134952,4.437454946035186
2022-07-11,8.649863437115712,4.386764452349591
2022-07-12,8.554572785444913,4.347946162453971
2022-07-13,8.504295449365044,4.325112068372172
2022-07-14,8.497117559395548,4.314608451085857
2022-07-15,8.6241516480914,4.397039299751555
2022-07-18,8.44523493402256,4.3607327125445385
2022-07-19,8.516983572077864,4.478556168735061
2022-07-20,8.43160490546228,4.507098144755101
2022-07-21,8.446504596611886,4.552995469421454
2022-07-22,8.459641157735819,4.510752597010249
2022-07-25,8.543400342277412,4.516232808919353
2022-07-26,8.566671921903792,4.462801109423994
2022-07-27,8.606466009556508,4.5786840543999805
2022-07-28,8.604908231273265,4.636111527884992
2022-07-29,8.646555389135138,4.703700197066601
2022-08-01,8.599522416549762,4.689771630646298
2022-08-02,8.494571401807942,4.658831237024615
2022-08-03,8.38791201503171,4.731786099791557
2022-08-04,8.40681391070563,4.728589553923515
2022-08-05,8.487518906991433,4.720597272707401
2022-08-08,8.50653933967279,4.715116694179893
2022-08-09,8.614291521768328,4.696393125648327
2022-08-10,8.70143316518055,4.795036573393793
2022-08-11,8.705018334292213,4.795036573393793
2022-08-12,8.84200187956008,4.876211387405987
2022-08-15,8.914560294746284,4.896305742151638
2022-08-16,8.920149859612035,4.905895746374166
2022-08-17,8.903301198541932,4.871073230468197
2022-08-18,8.937158434132598,4.885230933391256
2022-08-19,8.96750768288725,4.819583142042588
2022-08-22,8.896683841050633,4.7192272197301275
2022-08-23,8.8758473853825,4.707811089235238
2022-08-24,8.899512603665352,4.722880572130061
2022-08-25,8.9767084163975,4.789557094721499
2022-08-26,8.788216191668514,4.627434770107848
2022-08-29,8.846927462793122,4.596837164694287
2022-08-30,8.759176687574628,4.546373607801023
2022-08-31,8.751509286698642,4.511779861779406
2022-09-01,8.730199968047383,4.525936831465654
2022-09-02,8.72566278221558,4.478214480382154
2022-09-06,8.679249312412576,4.4613166715045445
2022-09-07,8.82831760422153,4.541464587365987
2022-09-08,8.904034526510765,4.57114931295257
2022-09-09,8.869951809119126,4.6421625646497615
2022-09-12,8.840108094279634,4.692055296687362
2022-09-13,8.527172795163416,4.4880332544890305
2022-09-14,8.499183765713177,4.5051587333957785
2022-09-15,8.406218114280389,4.454009233467864
2022-09-16,8.450327748187249,4.420029573273631
2022-09-19,8.539065200096202,4.454307660849052
2022-09-20,8.44214938017743,4.403178691551785
2022-09-21,8.378355483781773,4.326370669354506
2022-09-22,8.39382488461332,4.290029986635879
2022-09-23,8.23649653976176,4.218151148885878
2022-09-26,8.150151599175363,4.176422642096059
2022-09-27,8.115462224365956,4.165761378895849
2022-09-28,8.291665308615865,4.247728821898373
2022-09-29,8.112615646937819,4.158997635952908
2022-09-30,8.031980517557086,4.094684335596289
2022-10-03,8.218472115149561,4.202788371267528
2022-10-04,8.3991267051792,4.3330196607368645
2022-10-05,8.400481897330886,4.322931422102745
2022-10-06,8.362863713608602,4.278336692627257
2022-10-07,8.275783188342494,4.158997635952908
2022-10-10,8.292332427984572,4.127242249618225
2022-10-11,8.360116581166336,4.101104190475893
2022-10-12,8.259198297953382,4.087576704590014
2022-10-13,8.471922752510821,4.195452336995306
2022-10-14,8.354648099928896,4.099843023164726
2022-10-17,8.41757820826094,4.2051974208028975
2022-10-18,8.541438051244516,4.254605849928274
2022-10-19,8.507984209321181,4.224455885586496
2022-10-20,8.47916090153607,4.189032115497297
2022-10-21,8.71518629872302,4.29083251432313
2022-10-24,8.902135842821629,4.343337402492143
2022-10-25,8.945229264395326,4.412693172383003
2022-10-26,9.030941989357482,4.3794489487080135
2022-10-27,9.039027141732168,4.356061994072366
2022-10-28,9.267876528823876,4.459696218157051
2022-10-31,9.224598208127208,4.427481458961642
2022-11-01,9.162072061901318,4.408108609235868
2022-11-02,9.100355177265433,4.2974811390870835
2022-11-03,9.189501955830522,4.253230664293335
2022-11-04,9.216640645381737,4.314448605461531
2022-11-07,9.326544534043963,4.355717739390626
2022-11-08,9.358241973641016,4.379219812205257
2022-11-09,9.250625915512103,4.28899832244587
2022-11-10,9.247222776024959,4.524696561403533
2022-11-11,9.043069089757003,4.568489129810173
2022-11-14,9.149370124528398,4.529625745850809
2022-11-15,9.107045097258215,4.568259626689013
2022-11-16,9.151178483443871,4.5334085145475
2022-11-17,9.23072281903132,4.5195367739798815
2022-11-18,9.307666629334374,4.54005750592986
2022-11-21,9.325764666370798,4.523550145652946
2022-11-22,9.468138330264717,4.584423465520997
2022-11-23,9.448324896152952,4.613312262551608
2022-11-25,9.493012494496481,4.612280598361601
2022-11-28,9.425309797692051,4.538682686913327
2022-11-29,9.46144833362094,4.530886913161976
2022-11-30,9.580495142786798,4.673613291090375
2022-12-01,9.571120033087498,4.670173677220212
2022-12-02,9.636699755705092,4.664785853149019
2022-12-05,9.539586125491647,4.5808691000902515
2022-12-06,9.467954142556605,4.514837825890572
2022-12-07,9.473155499376146,4.507157170318206
2022-12-08,9.57938405072753,4.542465088991612
2022-12-09,9.390847226518009,4.508532355953143
2022-12-12,9.483114550101488,4.5735326991996255
2022-12-13,9.592679083581906,4.608153941601573
2022-12-14,9.633752041649561,4.578691386768063
2022-12-15,9.46245194385708,4.466689097602745
2022-12-16,9.44056879493269,4.413954339694168
2022-12-19,9.455219284202832,4.376525533551256
2022-12-20,9.436899949694352,4.3825146118056795
2022-12-21,9.542708957006534,4.448043985409723
2022-12-22,9.492948599202851,4.384587472264207
2022-12-23,9.552144972827232,4.409808618777112
2022-12-27,9.586577506298573,4.3924188080007855
2022-12-28,9.506214424410237,4.337829694202707
2022-12-29,9.548008294470746,4.415913181828924
2022-12-30,9.592286328762235,4.40428037985703
2023-01-03,9.5133030179999,4.385739387290861
2023-01-04,9.568999646346162,4.419597696793233
2023-01-05,9.670187959401012,4.369155403767424
2023-01-06,9.880519271619036,4.469349280745136
2023-01-09,9.636255859876071,4.466815580952266
2023-01-10,9.748925080278747,4.498140923898579
2023-01-11,9.769827197732265,4.55503276789475
2023-01-12,9.785002644651337,4.571615284944569
2023-01-13,9.840069552651034,4.5893522833498706
2023-01-17,9.749020630743388,4.580944623481562
2023-01-18,9.569283828021065,4.508620344370204
2023-01-19,9.599551390820587,4.475798831715498
2023-01-20,9.575196863500421,4.559178488811806
2023-01-23,9.535969018165122,4.613882354170465
2023-01-24,9.52234024986334,4.60893007276371
2023-01-25,9.567182748911335,4.610657945303688
2023-01-26,9.532821534030754,4.661331207924276
2023-01-27,9.463167964176911,4.6720408647538685
2023-01-30,9.450084102726697,4.613421514836124
2023-01-31,9.533888708476635,4.681253985256664
2023-02-01,9.543637147426976,4.731005935826972
2023-02-02,9.316583601270974,4.799874103239967
2023-02-03,9.300758295894234,4.748856952556045
2023-02-06,9.377791768677152,4.719834706426229
2023-02-07,9.472181566252726,4.781563347031765
2023-02-08,9.496200933088968,4.7292791631422055
2023-02-09,9.43774318265178,4.688279127121947
2023-02-10,9.571336384601034,4.699219753546317
2023-02-13,9.69523585669455,4.7543840916209135
2023-02-14,9.670365714132608,4.752196479601806
2023-02-15,9.63746222247013,4.767628914716994
2023-02-16,9.516967073404022,4.701983689697157
2023-02-17,9.524561274256031,4.690237602638301
2023-02-21,9.453485364337563,4.596146822238783
2023-02-22,9.42365817854597,4.589812389447405
2023-02-23,9.462853831998961,4.61422770870742
2023-02-24,9.398180263023994,4.564936964089859
2023-02-27,9.424060102841983,4.580484150765626
2023-02-28,9.330008050109287,4.563554812705236
2023-03-01,9.290022346519272,4.546049517131521
2023-03-02,9.381721925692927,4.581405829434309
2023-03-03,9.490713530667342,4.654880923717106
2023-03-06,9.595628182661178,4.658106432439095
2023-03-07,9.541301287975145,4.586703098759612
2023-03-08,9.510024761729467,4.5941890799592375
2023-03-09,9.589237498125378,4.509426904859904
2023-03-10,9.52346360791978,4.444358003971797
2023-03-13,9.377268761698007,4.438023571180421
2023-03-14,9.580530735367647,4.511385380376255
2023-03-15,9.400806745211067,4.483169328117734
2023-03-16,9.663364969632962,4.56182730678366
2023-03-17,9.416013364473306,4.508487261889402
2023-03-20,9.515874168547624,4.551838788355539
2023-03-21,9.641973455010328,4.611607486971106
2023-03-22,9.461722371138583,4.532995702224136
2023-03-23,9.559214178107,4.545249555773099
2023-03-24,9.592438105383339,4.575075796063783
2023-03-27,9.719377659955866,4.583630836530664
2023-03-28,9.72341002001158,4.573342057629333
2023-03-29,9.797008138534286,4.639814740387921
2023-03-30,9.82558364230481,4.666982264009832
2023-03-31,9.897551693850899,4.732761671365682
2023-04-03,10.034580292027137,4.750795630678555
2023-04-04,9.915957370886895,4.7244383337303875
2023-04-05,9.951909293602881,4.712068262147227
2023-04-06,9.933797243489417,4.730449042470671
2023-04-10,9.989831051563318,4.735304903237067
2023-04-11,9.951584708167749,4.736575969245153
2023-04-12,9.954471960920635,4.717269477450577
2023-04-13,10.03631071899825,4.779927862329695
2023-04-14,10.08517996164441,4.768251066149271
2023-04-17,10.151239529918554,4.785362613556651
2023-04-18,10.25594635600897,4.78848253617817
2023-04-19,10.261917705880997,4.787673775978044
2023-04-20,10.26770921907071,4.761547448624654
2023-04-21,10.294167643768958,4.765246261706736
2023-04-24,10.333820682182663,4.770217607270521
2023-04-25,10.23199220611583,4.694495142168696
2023-04-26,10.070627155457812,4.674611593005581
2023-04-27,10.226232507111193,4.767674008780732
2023-04-28,10.309147132037639,4.808366818578096
2023-05-01,10.536765991214642,4.803511691048509
2023-05-02,10.52483144827529,4.749523831433661
2023-05-03,10.669956678322942,4.71692302305841
2023-05-04,10.5375764813628,4.683513454483033
2023-05-05,10.637917044211765,4.770217607270521
2023-05-08,10.735234155794188,4.771489039897011
2023-05-09,10.674919960465518,4.7505642944653745
2023-05-10,10.673979729204873,4.772760839141905
2023-05-11,10.663763821679057,4.764437134888206
2023-05-12,10.608139368217945,4.758194723316336
2023-05-15,10.771800054127375,4.774610795610553
2023-05-16,10.759127894775615,4.742702896019634
2023-05-17,10.892175233778605,4.800274817155982
2023-05-18,10.985439413103807,4.846516396504075
2023-05-19,11.008358393893719,4.839465224732079
2023-05-22,10.934648549382183,4.841429566142902
2023-05-23,10.713678825665154,4.787096351991101
2023-05-24,10.688876496190868,4.752413884315616
2023-05-25,11.050041790233406,4.7935693665393435
2023-05-26,11.123202209643386,4.855649594194708
2023-05-30,11.083472252491998,4.857499184044951
2023-05-31,11.00902404249002,4.83056372987303
2023-06-01,11.16335537329803,4.8764584882105515
2023-06-02,11.276518973821998,4.946977904917004
2023-06-05,11.249615166331692,4.937498619452608
2023-06-06,11.202784558905618,4.948249337543494
2023-06-07,11.092686332328014,4.931139256609731
2023-06-08,11.263203073933436,4.960966596755629
2023-06-09,11.306812835392893,4.969866991759463
2023-06-12,11.432639961524195,5.014953356515263
2023-06-13,11.497516242172702,5.048016837316878
2023-06-14,11.587257934709207,5.05402754605716
2023-06-15,11.684203380391219,5.116685564317874
2023-06-16,11.642045114024635,5.099257991845893
2023-06-20,11.691230757736099,5.0728020745469395
2023-06-21,11.677024032310943,5.046810296147967
2023-06-22,11.719341429926901,5.065026831426236
2023-06-23,11.628307834730819,5.0267361054145585
2023-06-26,11.522502624187618,5.006198509017978
2023-06-27,11.745511894985519,5.0610823840132
2023-06-28,11.71856282592572,5.063635147963098
2023-06-29,11.82761989954488,5.08359312066231
2023-06-30,12.006352449808142,5.143582890175735
2023-07-03,11.890361356148453,5.1495004778413
2023-07-05,11.90329742615304,5.141842552610007
2023-07-06,11.801184416829702,5.101579052964206
2023-07-07,11.720157138221987,5.088698648562109
2023-07-10,11.808703283391377,5.101579052964206
2023-07-11,11.667269824128313,5.1340684093445175
2023-07-12,11.685375188860704,5.175376771442885
2023-07-13,11.701356797982278,5.216452697472855
2023-07-14,11.79229011646617,5.213203725172983
2023-07-17,11.861348118178192,5.231305142272267
2023-07-18,11.935345245292941,5.270176225218123
2023-07-19,11.922412954856943,5.281897015607075
2023-07-20,12.026858747733437,5.246853795421652
2023-07-21,11.986120372897092,5.246853795421652
2023-07-24,11.982447680391262,5.270292076633916
2023-07-25,12.077486326786493,5.28468148238856
2023-07-26,11.923053568010374,5.285493542154326
2023-07-27,12.130612092924965,5.250450321968902
2023-07-28,12.152740318940007,5.301854988306285
2023-07-31,12.124050017157622,5.311949459453279
2023-08-01,12.066685972951865,5.296748727169678
2023-08-02,11.899606089157714,5.223066860106795
2023-08-03,11.854465462742384,5.208098563891589
2023-08-04,11.851486233698717,5.184543331408318
2023-08-07,12.03639476354191,5.229797607393338
2023-08-08,12.55494468483947,5.207054068057428
2023-08-09,12.403124297692788,5.172243650558805
2023-08-10,12.373688398765633,5.174099839540327
2023-08-11,12.360094697246574,5.171082570072042
2023-08-14,12.628801078867955,5.199627479039318
2023-08-15,12.632234631385494,5.1390577192101174
2023-08-16,12.544951168219836,5.101346983514215
2023-08-17,12.39712151010967,5.062474434094741
2023-08-18,12.461073469247749,5.064910613392039
2023-08-21,12.66850242197963,5.097865575145949
2023-08-22,12.61177323722658,5.084056892943889
2023-08-23,12.80400955736933,5.140682205360053
2023-08-24,12.615613839343448,5.06943761744968
2023-08-25,12.635820547852191,5.1051759461298625
2023-08-28,12.70796855874107,5.1375494510943795
2023-08-29,12.893429343658855,5.211812041709847
2023-08-30,12.850621756679342,5.233277549287987
2023-08-31,12.926277185452035,5.225618890819886
2023-09-01,12.950701509455534,5.235366907574714
2023-09-05,12.896414337390615,5.212739219654598
2023-09-06,12.858122689038296,5.177697832561196
2023-09-07,12.971391823109665,5.161800891927623
2023-09-08,13.062945380645512,5.169574668574708
2023-09-11,13.167357879327275,5.203572659689161
2023-09-12,13.091396581664297,5.175028117340291
2023-09-13,13.042399010926985,5.181062289658457
2023-09-14,13.030064556545623,5.225734742235679
2023-09-15,12.714020050193868,5.162773897172925
2023-09-18,12.703378675849526,5.165801798574938
2023-09-19,12.659719387007948,5.155088475561302
2023-09-20,12.506067429931093,5.10769608104177
2023-09-21,12.177233798784497,5.023274494440132
2023-09-22,12.229698667520328,5.011979348018699
2023-09-25,12.310266002538695,5.0330558734697615
2023-09-26,12.192015743176007,4.959113340721343
2023-09-27,12.280087100600289,4.961093446723555
2023-09-28,12.313077529209615,4.989855027167836
2023-09-29,12.200509790208725,4.977744888033402
2023-10-02,12.252281825414068,4.975765515267998
2023-10-03,11.938686031179172,4.90915975002861
2023-10-04,11.979888669032345,4.944907977405711
2023-10-05,12.099950175414978,4.943044456056101
2023-10-06,12.387233076309478,5.001732730233875
2023-10-09,12.417169199207118,5.033754281530159
2023-10-10,12.577124814224304,5.059953932564431
2023-10-11,12.898146060406749,5.080681070676092
2023-10-12,12.887620189923567,5.0497076813980115
2023-10-13,12.70959270669995,5.0245550925267315
2023-10-16,12.904561528911705,5.07742036658728
2023-10-17,12.699641169685075,5.0771871972820755
2023-10-18,12.581340973796435,5.009534369879695
2023-10-19,12.39608048422679,4.965518164246364
2023-10-20,12.249857357156566,4.90450149658219
2023-10-23,12.259437651538516,4.89600071563916
2023-10-24,12.458317649111462,4.932914056305473
2023-10-25,12.192608507526666,4.862116009611669
2023-10-26,11.846741534903602,4.803893707425899
2023-10-27,11.75446737512568,4.782119140532842
2023-10-30,11.91746957083301,4.8392929140820025
2023-10-31,11.827932802457168,4.8696855798074985
2023-11-01,11.952500359815895,4.921619276502444
2023-11-02,12.212992026079617,5.015938093549504
2023-11-03,12.100022716893221,5.061700869261439
2023-11-06,12.444325701191966,5.07334503640387
2023-11-07,12.50573621028467,5.087784302261514
2023-11-08,12.70452748270775,5.091510245105521
2023-11-09,12.529680803582746,5.051803272197613
2023-11-10,12.657473959818022,5.130635761224037
2023-11-13,12.848966535187865,5.125745071709223
2023-11-14,12.80541557947845,5.2251884808131095
2023-11-15,12.521460844634362,5.236250457929339
2023-11-16,12.621905287082743,5.242654914835957
2023-11-17,12.570977582910968,5.249174856539964
2023-11-20,12.727997973347875,5.289581337363485
2023-11-21,12.738433245859657,5.278053754873657
2023-11-22,12.73951737056564,5.298430772409107
2023-11-24,12.792172713196729,5.301691476497918
2023-11-27,12.74535222735151,5.292143266773495
2023-11-28,12.695028087993636,5.297382977009306
2023-11-29,12.699496125527103,5.293657034165299
2023-11-30,12.6739667330303,5.3145007569295615
2023-12-01,12.611926128851362,5.345940851436454
2023-12-04,12.45248429729033,5.317877679052572
2023-12-05,12.43769720459578,5.316829150415963
2023-12-06,12.363635966935892,5.295403970862307
2023-12-07,12.490903043958037,5.335810085067424
2023-12-08,12.606136398503251,5.3587497652496925
2023-12-11,12.813635632840173,5.37959312139555
2023-12-12,12.842515742871036,5.404162420385416
2023-12-13,12.91734121813905,5.478686409923227
2023-12-14,12.715175946923864,5.4962697952170805
2023-12-15,12.833807919033081,5.487219819904247
2023-12-18,12.879536771950212,5.5180861566082395
2023-12-19,13.019715267281384,5.5516416393085715
2023-12-20,12.797738262802438,5.474710433327412
2023-12-21,13.047248647301938,5.52662029982607
2023-12-22,13.03613450077088,5.537727737624445
2023-12-26,13.244160769971943,5.561111392694453
2023-12-27,13.324694378890982,5.571166269053772
2023-12-28,13.290864879324635,5.573270292076674
2023-12-29,13.277026927629487,5.557135416098639
2024-01-02,12.814483192103967,5.526036643326251
2024-01-03,12.636653324094812,5.480907017598732
2024-01-04,12.65775004129866,5.463252141716017
2024-01-05,12.805575498144929,5.470734823350002
2024-01-08,12.970503701156643,5.548834808804418
2024-01-09,12.953661795571033,5.540416883620786
2024-01-10,12.950604660414571,5.571750292171995
2024-01-11,12.973571250632407,5.5692954153360725
2024-01-12,12.919026243078957,5.573153340805667
2024-01-16,12.852189489123292,5.552693100892416
2024-01-17,12.794009625067188,5.5218271308068285
2024-01-18,13.024175405731587,5.570931999893354
2024-01-19,13.300126616932882,5.64037979100372
2024-01-22,13.314941131989796,5.652305887699141
2024-01-23,13.277629999712248,5.668790517634982
2024-01-24,13.369945985042166,5.674987468524706
2024-01-25,13.369342842530523,5.705853071991891
2024-01-26,12.933286487287587,5.698603926281514
2024-01-29,13.095856605113907,5.743734285245843
2024-01-30,13.024072026169337,5.739291236802812
2024-01-31,13.049686358399242,5.645641131725394
2024-02-01,13.251602105905,5.7195327045156
2024-02-02,13.476096438092293,5.779744278163692
2024-02-05,13.697448993771665,5.758698915277006
2024-02-06,13.561557530884807,5.775418547610072
2024-02-07,13.752619699000844,5.823588173146951
2024-02-08,13.763677699376377,5.8261596346354745
2024-02-09,13.929939991114749,5.859831335370003
2024-02-12,13.908230777786455,5.85725914064467
2024-02-13,13.868712241162386,5.776587327083326
2024-02-14,14.16190191879751,5.82908304979223
2024-02-15,14.198243496834348,5.869302188611097
2024-02-16,14.194786064039883,5.840073536319599
2024-02-20,13.857855252572298,5.80792110225294
2024-02-21,13.691420634953321,5.813182076356207
2024-02-22,14.632468442218812,5.9334890056181955
2024-02-23,14.62055255434211,5.937580467011398
2024-02-26,14.608871329263007,5.915834129735481
2024-02-27,14.629016075390766,5.926823883026042
2024-02-28,14.532400210283676,5.918991080815847
2024-02-29,14.687124791980665,5.940269613007739
2024-03-01,14.909207503089847,5.9960381382128
2024-03-04,15.103771754859455,5.989608384636276
2024-03-05,14.905027330077829,5.929748031419608
2024-03-06,15.124409245271169,5.959794975989747
2024-03-07,15.402347966707424,6.018953988198782
2024-03-08,15.141541149538496,5.98282741062833
2024-03-11,14.998992810504882,5.977682654559261
2024-03-12,15.406889264694351,6.041986422837366
2024-03-13,15.480624740343206,6.032516669451484
2024-03-14,15.354355286106628,6.020591672611276
2024-03-15,15.31901802193084,5.979249948238108
2024-03-18,15.460068575128284,6.014785536940652
2024-03-19,15.615460460767716,6.04821013687061
2024-03-20,15.73601057750465,6.104152805817765
2024-03-21,15.79982952151009,6.124324517046746
2024-03-22,15.904849316121423,6.112714445415927
2024-03-25,15.936272484752594,6.095826535235235
2024-03-26,15.864424509296656,6.084567317417434
2024-03-27,15.861790128768517,6.1357006861355545
2024-03-28,15.791830869162391,6.1345278738598505
2024-04-01,15.887009274392744,6.1238545122522945
2024-04-02,15.72948016388948,6.084918537848858
2024-04-03,16.09264708585665,6.091603091216445
2024-04-04,15.92787935455137,6.017248845999876
2024-04-05,16.37918607650879,6.080110704093441
2024-04-08,16.306185710681312,6.083511089794333
2024-04-09,16.056330724443615,6.0905483300669605
2024-04-10,16.184716886661676,6.029562824967161
2024-04-11,16.375904259037053,6.0750675013223905
2024-04-12,16.09249319995393,5.991212706773969
2024-04-15,15.945725326225817,5.916153820984126
2024-04-16,16.11520978472336,5.905364241342372
2024-04-17,15.865380316401527,5.870414875468478
2024-04-18,15.716405534337623,5.858335165661609
2024-04-19,15.229410805113268,5.807201796943489
2024-04-22,15.45841120115788,5.860681890068229
2024-04-23,16.079045829887033,5.930227934910977
2024-04-24,15.806716535518532,5.927412672183522
2024-04-25,15.942173144839575,5.904894969784728
2024-04-26,16.223161231957338,5.960837638731884
2024-04-29,16.26509396556036,5.981947893076152
2024-04-30,16.076798692969096,5.887186567614971
2024-05-01,15.989768393634083,5.868069617535474
2024-05-02,16.13253146441401,5.922956058859527
2024-05-03,16.26010202921416,5.996372860816023
2024-05-06,16.63399677177361,6.058296542412705
2024-05-07,16.65439299652162,6.064982195635505
2024-05-08,16.699717750593646,6.06556805184575
2024-05-09,16.63170162854245,6.100517784338048
2024-05-10,16.5104582304312,6.108375516599743
2024-05-13,16.233631426127033,6.109195641970405
2024-05-14,16.338285539090087,6.13722581869789
2024-05-15,16.506271469226885,6.213222147747807
2024-05-16,16.277766240727427,6.2004396304596865
2024-05-17,16.251796645572995,6.209352123870866
2024-05-20,16.225161939590173,6.216506315414502
2024-05-21,16.403458887558727,6.231753974853868
2024-05-22,16.30797804589753,6.213809470431671
2024-05-23,16.523258174529698,6.168421378729042
2024-05-24,16.713967862040523,6.209235539218265
2024-05-28,16.80728313241951,6.2135748346528485
2024-05-29,16.50689271321531,6.170063095943984
2024-05-30,16.578519854354212,6.129132717420563
2024-05-31,16.72371118744924,6.184957335241499
2024-06-03,16.778206149442525,6.190000538012548
2024-06-04,16.824576557077467,6.19692082701417
2024-06-05,17.134883244671016,6.270572997986297
2024-06-06,17.030445343596003,6.270454213623268
2024-06-07,16.9323412682188,6.262832216995608
2024-06-10,17.07069944140345,6.282182336380309
2024-06-11,16.74075100584603,6.297311944693456
2024-06-12,16.849505343161194,6.349031536240226
2024-06-13,17.001079684471705,6.361815520001964
2024-06-14,17.046997037732226,6.365685543878904
2024-06-17,17.201182699614954,6.416350740894593
2024-06-18,17.33978947598306,6.43265206162823
2024-06-20,17.23012914517544,6.415176828763676
2024-06-21,17.066645814174162,6.406577427469862
2024-06-24,16.695167531387522,6.385751302389011
2024-06-25,16.878984511663667,6.410341132009522
2024-06-26,16.879681177409545,6.418343678540959
2024-06-27,16.817165888462966,6.428462346502643
2024-06-28,16.59818827063361,6.403164210124812
2024-07-01,16.61857082070615,6.416341942052885
2024-07-02,16.503443690604293,6.459522990960971
2024-07-03,16.65780944793734,6.488348729626023
2024-07-05,16.66004565807674,6.525763604269567
2024-07-08,16.907534282205567,6.533294679532934
2024-07-09,17.10424755844936,6.539647443244531
2024-07-10,17.327752005861548,6.6043585245699346
2024-07-11,17.095981035264597,6.547413154286721
2024-07-12,17.23923213912147,6.588710517832956
2024-07-15,17.202344702743275,6.606829532615652
2024-07-16,17.18536934712694,6.646010041494828
2024-07-17,16.790603037287106,6.552824441935797
2024-07-18,16.668658848802963,6.502467937616619
2024-07-19,16.604975462865596,6.459287621945341
2024-07-22,16.812370992841497,6.525882388632597
2024-07-23,16.707830295758743,6.515644936307884
2024-07-24,16.371828924905326,6.367984241274545
2024-07-25,16.05611727755432,6.334805275675541
2024-07-26,16.050922780326722,6.405753269296748
2024-07-29,16.00464005033335,6.409519173546836
2024-07-30,15.555491891819145,6.3770448485211055
2024-07-31,16.1849530540261,6.4807018029468635
2024-08-01,15.952351557369989,6.3889284174816146
2024-08-02,15.793902288032704,6.269977609697535
2024-08-05,15.378625229302274,6.087371214974346
2024-08-06,15.52557094358573,6.143494626794875
2024-08-07,15.327518034574227,6.102431532409058
2024-08-08,15.679856901981573,6.243503361478361
2024-08-09,15.671039597824398,6.271034937175851
2024-08-12,15.818553294625087,6.274330103394678
2024-08-13,16.161706374327895,6.377514853315557
2024-08-14,16.26897928660274,6.397634138112707
2024-08-15,16.48076732296671,6.507291169345021
2024-08-16,16.559172915687327,6.521881848603686
2024-08-19,16.750331326466036,6.584239239772784
2024-08-20,16.676996868763155,6.573533982364045
2024-08-21,16.746030060627152,6.596122808733293
2024-08-22,16.633313462482008,6.544353357083524
2024-08-23,16.88839927667118,6.613889136610948
2024-08-26,16.898349437202114,6.598123078747749
2024-08-27,17.005735501071136,6.60718368599431
2024-08-28,16.986484771634018,6.568826602051435
2024-08-29,16.85999921501947,6.569414657972107
2024-08-30,17.022702318706106,6.632126935756673
2024-09-03,16.6271186762198,6.495644435873761
2024-09-04,16.62117019404301,6.482348652819468
2024-09-05,16.47859647417337,6.466581861719459
2024-09-06,16.19543826119168,6.357748988660256
2024-09-09,16.373540951129147,6.428931618060283
2024-09-10,16.43054177463626,6.456933931789034
2024-09-11,16.618294512287548,6.52317454509763
2024-09-12,16.791936266493828,6.578121111840007
2024-09-13,16.93898767791767,6.612476922517164
2024-09-16,16.953254007251758,6.622243636810617
2024-09-17,16.86450730175038,6.624948547398345
2024-09-18,16.805109289131348,6.605301467106073
2024-09-19,16.921777275291625,6.718016095831158
2024-09-20,17.033894421784662,6.706402358016293
2024-09-23,17.078380543932482,6.72316195175544
2024-09-24,17.246165300426433,6.742399152671584
2024-09-25,17.268060449759066,6.72752837695195
2024-09-26,17.2637841594558,6.754200599109505
2024-09-27,17.03184090385401,6.744406021817317
2024-09-30,17.07497364227551,6.771432397353531
2024-10-01,17.0241884936402,6.710769516449611
2024-10-02,17.083444537265954,6.713603476715692
2024-10-03,17.073973728962287,6.701328359299273
2024-10-04,17.179517777786707,6.762225875982015
2024-10-07,17.019011589486542,6.701091523810025
2024-10-08,17.222969515469018,6.764469580616997
2024-10-09,17.337011702281853,6.811321946226835
2024-10-10,17.18695436727468,6.799403181899502
2024-10-11,17.47158116908251,6.840119088656345
2024-10-14,17.476475383219697,6.896059924511478
2024-10-15,17.45497397598867,6.8424793779439295
2024-10-16,17.590308340866542,6.8722187296727695
2024-10-17,17.603349936109346,6.872809718540676
2024-10-18,17.53549070780945,6.899245838445792
2024-10-21,17.455776113559622,6.887915863275941
2024-10-22,17.21745384443375,6.8842577448367495
2024-10-23,17.385948454592544,6.821353359008273
2024-10-24,17.294882532789806,6.836106083601686
2024-10-25,17.10271839061983,6.833745794314101
2024-10-28,17.217054184195213,6.854871080012949
2024-10-29,17.399449006584778,6.865964219693554
2024-10-30,17.36483139731784,6.845193820610173
2024-10-31,17.134092708514807,6.7110056187020515
2024-11-01,16.920231047546864,6.739329823389872
2024-11-04,16.99990791868223,6.724814667522516
2024-11-05,17.30683713217793,6.806129163146788
2024-11-06,17.712006966097356,6.975368284226825
2024-11-07,17.70932824311018,7.029301517699415
2024-11-08,17.959226484883477,7.05975064265919
2024-11-11,18.08089613831109,7.066477357143284
2024-11-12,18.079765400047144,7.044526446797706
2024-11-13,17.960603172350094,7.047949196221268
2024-11-14,17.968566888572653,7.002630762015477
2024-11-15,18.00331377933729,6.9129353696664175
2024-11-18,18.193701223150665,6.9412603075910475
2024-11-19,18.363333634830802,6.966634700596995
2024-11-20,18.39245908556639,6.968994989884579
2024-11-21,18.553827525393814,7.00640619834408
2024-11-22,18.56254151208465,7.028122472910836
2024-11-25,18.324983429432823,7.051962934512736
2024-11-26,18.53829265318012,7.088783887341139
2024-11-27,18.45953992635017,7.067303715026822
2024-11-29,18.56662489242155,7.111207002191593
2024-12-02,18.47099011798217,7.123953590876081
2024-12-03,18.519146595144807,7.127256822699805
2024-12-04,18.621915870849538,7.171514263243236
2024-12-05,18.771619973172292,7.159712083568505
2024-12-06,18.896173424404132,7.1732850301365305
2024-12-09,18.235208345038032,7.1363445597082915
2024-12-10,18.337141750998768,7.114156813873466
2024-12-11,18.458875425096352,7.169154707192461
2024-12-12,18.378418555675868,7.132214236764223
2024-12-13,18.348971540524303,7.130799089723204
2024-12-16,18.28062168468987,7.1612467482093605
2024-12-17,18.120467230922028,7.131742032259343
2024-12-18,17.623445449537037,6.919191346119249
2024-12-19,17.636372269529705,6.917067159084104
2024-12-20,17.82007732184593,7.00014728894401
2024-12-23,17.76037134597032,7.042066437304121
2024-12-24,18.020518031056366,7.120338000171799
2024-12-26,17.954054268651195,7.120812404387104
2024-12-27,17.77736352036861,7.045855071895282
2024-12-30,17.666164886099637,6.965451256387561
2024-12-31,17.60891347478613,6.940110592274819
2025-01-02,17.56867924205652,6.923057703812145
2025-01-03,17.59945499173728,7.009619975277125
2025-01-06,17.5844467374924,7.050000059575528
2025-01-07,17.39281833719078,6.970306017298743
2025-01-08,17.445589398969283,6.980489943336414
2025-01-10,17.319625780349114,6.873916172885178
2025-01-13,17.255543183864916,6.884573769901343
2025-01-14,17.288508083926434,6.894046456234459
2025-01-15,17.423470692969428,7.019449014699326
2025-01-16,17.435821794703767,7.005949391812182
2025-01-17,17.636605955902617,7.076288798882069
2025-01-21,17.852603186418534,7.1410614720994126
2025-01-22,18.107375693108548,7.181205454145377
2025-01-23,18.291634746888533,7.220400627760729
2025-01-24,18.32424397527862,7.199322269217645
2025-01-27,18.160491463832976,7.097485208551372
2025-01-28,18.416332269851804,7.158469247177555
2025-01-29,18.45402568447483,7.1263791382396455
2025-01-30,18.67513585465108,7.164626236661198
2025-01-31,18.65298449264459,7.126496456129058
2025-02-03,18.711830350046377,7.078538369411524
2025-02-04,18.887230944148772,7.12602351838737
2025-02-05,19.197600794770928,7.154916714838834
2025-02-06,19.25001530457565,7.179783707973079
2025-02-07,19.037016228754812,7.1140629595619345
2025-02-10,19.185101015999912,7.162376666131746
2025-02-11,19.087832570579874,7.167823882384454
2025-02-12,19.280224945704994,7.144732788801165
2025-02-13,19.495456204992156,7.220163792271483
2025-02-14,19.514060288853948,7.2198089056560155
2025-02-18,19.462034454626846,7.24100531532532
2025-02-19,19.54284540140785,7.258056737314377
2025-02-20,18.958571613002107,7.227861312290453
2025-02-21,18.616690825037413,7.104234653376542
2025-02-24,18.516412069483295,7.071906975712576
2025-02-25,18.584748093629685,7.036736538940823
2025-02-26,18.636001486732834,7.0402905377531635
2025-02-27,18.562478683596748,6.927912464723327
2025-02-28,18.98379856243753,7.036026765709889
2025-03-03,19.115620516014154,6.912756459885064
2025-03-04,18.61772165748697,6.830930898205046
2025-03-05,18.668575406463944,6.90434916663516
2025-03-06,18.49841860248681,6.781787900804462
2025-03-07,18.571571145895927,6.819799630210384
2025-03-10,18.419458115079365,6.638149742904298
2025-03-11,18.16143192762576,6.582969273619909
2025-03-12,18.137644000866157,6.617900675191987
2025-03-13,18.004683373294437,6.52968055530227
2025-03-14,18.202022099625133,6.664557266573871
2025-03-17,18.46322320263447,6.715949101267099
2025-03-18,18.256043754155403,6.643360123667758
2025-03-19,18.278657356455547,6.715712265777851
2025-03-20,18.16020269092561,6.696292488896313
2025-03-21,18.228771379585595,6.698501731401281
2025-03-24,18.32271093206156,6.8184607397974855
2025-03-25,18.493386992392367,6.834852248658606
2025-03-26,18.57917543422641,6.753255456862939
2025-03-27,18.71839002234038,6.735319751282447
2025-03-28,18.624454030006778,6.599682673440102
2025-03-31,18.70855813018539,6.643986307902489
2025-04-01,18.720376583650665,6.662751304313753
2025-04-02,18.689653454083746,6.70491535376801
2025-04-03,18.865844980940235,6.374491717952799
2025-04-04,17.698763019761206,6.001310477486594
2025-04-07,17.650042813823443,5.99062061805084
2025-04-08,17.410692811499203,5.896790869955261
2025-04-09,17.751938018467406,6.516068013946568
2025-04-10,17.584661098418657,6.230540467935269
2025-04-11,17.889696536694945,6.341710899940983
2025-04-14,18.235449319056908,6.403233867621647
2025-04-15,18.396082655345708,6.3852996285147725
2025-04-16,18.257072745509454,6.243366979431918
2025-04-17,18.37953689270085,6.252275073422244
2025-04-21,18.070318790734728,6.103454031138951
2025-04-22,18.430988277134507,6.262252959916636
2025-04-23,18.600525954347106,6.35928805272196
2025-04-24,18.766678097242135,6.493144831592495
2025-04-25,18.517082417821623,6.540060255567892
2025-04-28,18.74332140557708,6.54255472719149
2025-04-29,18.743563545213075,6.5837677685047105
2025-04-30,18.909770973127266,6.586381024491337
2025-05-01,18.868134098652696,6.633058146503868
2025-05-02,19.05112859128736,6.7315208513759615
2025-05-05,19.074757077455335,6.692918866338942
2025-05-06,19.164495749719507,6.6369780304838075
2025-05-07,19.346969889420095,6.664889422848265
2025-05-08,19.02467420157069,6.711328976134738
2025-05-09,19.002673432282325,6.702777968470305
2025-05-12,18.408523705678974,6.924287341940533
2025-05-13,18.40985825463231,6.970014189048835
2025-05-14,18.390222404910574,6.978921549802354
2025-05-15,18.92758693973581,7.013009729044291
2025-05-16,19.143135705922678,7.057430681396088
2025-05-19,19.285422383152987,7.06515093175613
2025-05-20,19.289378504808052,7.0413955256240515
2025-05-21,19.367066206278338,6.922743145221161
2025-05-22,19.325364067610206,6.925475185570816
2025-05-23,19.471915476387547,6.878203408506335
2025-05-27,19.61173415843485,7.021205850093254
2025-05-28,19.60107382765717,6.98058453088475
2025-05-29,19.498672965834263,7.008139570160122
2025-05-30,19.77084627248716,7.0003020019106685
2025-06-02,19.927950833053348,7.039734011015271
2025-06-03,19.796334160670476,7.079877993061234
2025-06-04,19.691690248251234,7.077978176489587
2025-06-05,19.71594922788142,7.043771212884621
2025-06-06,19.66685862527862,7.116103557600875
2025-06-09,19.475868316486103,7.122517179967603
2025-06-10,19.282885776706884,7.162900197213241
2025-06-11,19.58849414687528,7.142471486482769
2025-06-12,19.714721414641854,7.1708565498257215
2025-06-13,19.589746233835193,7.090686636860013
2025-06-16,19.579484855194284,7.15814955592891
2025-06-17,19.574214274525055,7.096981474863714
2025-06-18,19.632328635100265,7.095912415596458
2025-06-20,19.729535365608776,7.079247409405648
2025-06-23,19.820469832562473,7.149172537678553
2025-06-24,19.8851928761158,7.228150940829932
2025-06-25,19.761143582539056,7.232201340961842
2025-06-26,19.891888931700663,7.2887844922615
2025-06-27,20.076136324891003,7.324997591775391
2025-06-30,20.21236705757321,7.360020647948571
2025-07-01,19.97466754209146,7.357638361556722
2025-07-02,19.9914146344278,7.390992570753033
2025-07-03,20.15408914203259,7.4492438357927515
2025-07-07,20.251601911020668,7.393731943470777
2025-07-08,19.948112701606696,7.389682276575677
2025-07-09,19.979881360885766,7.433995443116578
2025-07-10,19.981644580691327,7.454961616427913
2025-07-11,19.86126175790769,7.428754266407148
2025-07-14,20.037944405047693,7.442929200395214
2025-07-15,19.976019937263555,7.411124320575935
2025-07-16,20.04870897899447,7.435901125582696
2025-07-17,20.02555288589019,7.481406535174735
2025-07-18,19.87056515924606,7.47592705650244
2025-07-21,20.01654625234649,7.490102723727314
2025-07-22,19.457680481834966,7.491174715941805
2025-07-23,19.598533122922,7.554906192890628
2025-07-24,19.523867295610568,7.557407263645506
2025-07-25,19.572022195264033,7.589332394301432
2025-07-28,19.369394245724656,7.587426711835315
2025-07-29,19.522587917311018,7.567413013138634
2025-07-30,19.523324018318615,7.557883867571239
2025-07-31,19.578891968134833,7.529533266358301
2025-08-01,19.430504521023764,7.406119979355757
2025-08-04,19.71958804044143,7.518691626903122
2025-08-05,19.672364696355427,7.480572111686304
2025-08-06,19.62433730081616,7.537870902111368
2025-08-07,19.62746234235004,7.531556999950638
2025-08-08,19.70057308333607,7.590284868916089
2025-08-11,19.821997578674537,7.575275511439589
2025-08-12,19.9455555328374,7.655922761567838
2025-08-13,19.868753016432837,7.682129378351792
2025-08-14,19.874258245455735,7.682843551003581
2025-08-15,19.82939977805103,7.664856518846472
2025-08-18,19.918206616320322,7.663188405106411
2025-08-19,19.80550601991633,7.621614611283253
2025-08-20,19.920634941238035,7.601363343860514
2025-08-21,19.85458262830445,7.570868024981784
2025-08-22,20.00632913189661,7.687132986335163
2025-08-25,20.00024270056829,7.653300706739502
2025-08-26,20.026011285522156,7.685345354995266
2025-08-27,20.060116625567293,7.702856516463451
2025-08-28,20.19994898899504,7.730135125461898
2025-08-29,19.951538739186283,7.684035060817908
2025-09-02,20.048058887044085,7.627094089955547
2025-09-03,20.097164545267223,7.66842958181584
2025-09-04,20.272500426748568,7.732517411853748
2025-09-05,20.38198990996738,7.710122893238836
2025-09-08,20.296416058250113,7.729063133247409
2025-09-09,20.342080985914322,7.746932114278297
2025-09-10,20.54387267002526,7.7693273661300175
2025-09-11,20.782489356051148,7.833892533330465
2025-09-12,20.69269616003315,7.831271211738941
2025-09-15,20.82140424382029,7.8729637899251275
2025-09-16,20.748391362291258,7.862124350180374
2025-09-17,20.810284187776244,7.852356169413304
2025-09-18,20.747520003171203,7.889045872852927
2025-09-19,21.122857777808132,7.928119329158018
2025-09-22,21.231349802778638,7.965627324876282
2025-09-23,21.439122851197762,7.922266632950034
2025-09-24,21.31128133240638,7.8970608844101156
2025-09-25,21.231536068589946,7.860627813853578
2025-09-26,21.386417070081283,7.905662485414355
2025-09-29,21.562429695632495,7.927880293958342
2025-09-30,21.74722298713356,7.957743562707873
2025-10-01,22.425346725270824,7.984860126371571
2025-10-02,22.43019558525878,7.994056382427765
2025-10-03,22.440217024916173,7.993938331301545
2025-10-06,22.281622277613984,8.022606424052704
2025-10-07,21.960419442138285,7.992862672903011
2025-10-08,22.02992678411251,8.040524531949783
2025-10-09,21.867142982519514,8.01723106500726
2025-10-10,21.56290121249325,7.800542723555009
2025-10-13,21.892709891379617,7.920234833752803
2025-10-14,21.71890026028353,7.910559040823643
2025-10-15,22.14879762669633,7.945678884255587
2025-10-16,22.468977467442343,7.891566741001645
2025-10-17,22.26005188947847,7.936361644125939
2025-10-20,22.20549743021354,8.018903578168171
2025-10-21,21.866882998054685,8.018783327331525
2025-10-22,21.890149266866146,7.977095148566191
2025-10-23,22.371275307120918,8.02439845481345
2025-10-24,22.3819301733997,8.089978421757303
2025-10-27,22.063754338934544,8.185421657450686
2025-10-28,21.910069233722723,8.207162128832133
2025-10-29,22.80757357889939,8.211104009916337
2025-10-30,22.550198015806735,8.120797098068724
2025-10-31,22.585039465648702,8.147435591333075
2025-11-03,22.728272834035344,8.162725778507353
2025-11-04,22.462435964541623,8.06596858245257
2025-11-05,22.882003120450115,8.093920302841513
2025-11-06,23.027509459668064,8.007077934915564
2025-11-07,22.942371547654588,8.014960963847164
2025-11-10,23.547881340756195,8.14002989956402
2025-11-11,23.624973693915624,8.158663646586506
2025-11-12,23.494805737046114,8.163203115669896
2025-11-13,22.976153758098334,8.027742747898476
2025-11-14,22.952261601898833,8.026429520773883
2025-11-17,23.26956452197487,7.951651098063412
2025-11-18,23.02828873947062,7.884877421594804
2025-11-19,23.157196236794178,7.91533827834352
2025-11-20,22.55675106906212,7.794690027347027
2025-11-21,22.784508889993774,7.872334672743167
2025-11-24,23.604699629258192,7.988203686219786
2025-11-25,23.870727594407228,8.06333992849296
2025-11-26,24.08302277433959,8.119005800544787
2025-11-28,24.363890720540596,8.163322633269733
2025-12-01,24.05014058842011,8.126053672751144
2025-12-02,24.04018616714375,8.141104824725746
2025-12-03,23.91554261280957,8.169295580314364
2025-12-04,23.933336431431908,8.175267794122185
2025-12-05,24.264401132120213,8.190797016496136
2025-12-08,24.14471034807127,8.166189589192212
2025-12-09,24.0814627758742,8.159140983749047
2025-12-10,24.559267322804132,8.213254593476607
2025-12-11,24.49890269704582,8.232366410898441
2025-12-12,24.305688342661185,8.14385152981158
2025-12-15,24.388942062926123,8.131547816159618
2025-12-16,24.163216502158246,8.10933000761563
2025-12-17,23.76774660707528,8.020098020929744
2025-12-18,23.905780491314676,8.080660448390855
2025-12-19,24.091681623913157,8.153899073802808
2025-12-22,24.179326042455585,8.204696986680894
2025-12-23,24.296399657099613,8.242196183557452
2025-12-24,24.400850213519313,8.271189100214915
2025-12-26,24.403870342145094,8.270350277305628
2025-12-29,24.423953380653273,8.240877823775199
2025-12-30,24.315392755372596,8.230814881810984
2025-12-31,24.12981242526895,8.169833042895227
2026-01-02,24.477111799943515,8.184808671478523
2026-01-05,24.369209984668778,8.23932042879327
2026-01-06,24.94294415294034,8.288321178252945
2026-01-07,24.94515470525778,8.26160496188686
2026-01-08,24.606648197132014,8.260766138977573
2026-01-09,24.899484921699724,8.315397413892159
2026-01-12,25.344597796028566,8.328456361457203
2026-01-13,25.732904373168164,8.311803820292143
2026-01-14,25.872980618331937,8.270949331778436
2026-01-15,25.975234048677354,8.2934729000717
2026-01-16,25.957966257785532,8.286524014834534
2026-01-20,25.79909115694448,8.117837021071537
2026-01-21,26.09727506138781,8.21152562108142
2026-01-22,26.143122296982693,8.254416308213214
2026-01-23,26.160977252770127,8.257410847340426
2026-01-26,26.323319661426485,8.299343193963095
2026-01-27,26.664611827056483,8.33240997433035
2026-01-28,27.170779567049056,8.331571151421063
2026-01-29,27.090572330488108,8.31503812785584
2026-01-30,26.691127324090782,8.290237859271196
2026-02-02,27.188211896421702,8.331451633821224
2026-02-03,27.224762322594238,8.261005907414058
2026-02-04,26.637724001825653,8.220990241809638
2026-02-05,26.63032130601448,8.118316557944505
2026-02-06,27.017617417979313,8.274064121742294
2026-02-09,27.0802649035877,8.313960269746877
2026-02-10,26.75854734288344,8.292035022689609
2026-02-11,27.25348164079026,8.290119074908167
2026-02-12,27.401653617974752,8.162046067985587
2026-02-13,27.41482805524708,8.167796111040335
2026-02-17,27.2180074322524,8.180974576205218
2026-02-18,27.575739732225706,8.222188350755248
2026-02-19,27.61408025874867,8.200502872134463
2026-02-20,27.710267900276058,8.259807798468453
2026-02-23,27.779946343262164,8.175464301586954
2026-02-24,27.757208113187403,8.234887279047165
2026-02-25,27.863594552597878,8.304376131418824
2026-02-26,27.524621308966992,8.258249670249716
2026-02-27,27.84159044096972,8.218594023918426
2026-03-02,28.04286860217286,8.22326694210102
2026-03-03,27.289969018230593,8.150784283838957
2026-03-04,27.330953101585813,8.208290580280918
2026-03-05,26.465136163116433,8.162524871621748
2026-03-06,26.044114449034485,8.05553755561034
2026-03-09,26.51827244098713,8.12610426609096
2026-03-10,26.810693294536552,8.113044585289106
2026-03-11,26.732783212258568,8.102861392488245
2026-03-12,26.5316771604132,7.979819856547771
2026-03-13,26.51320021764161,7.934653202361406
2026-03-16,26.934242401935155,8.01540310564289
2026-03-17,26.966549398995546,8.036488063317252
2026-03-18,26.76480497619156,7.924349758723899
2026-03-19,26.876601114170114,7.904821462794656
2026-03-20,26.29331033264844,7.791499713991871
2026-03-23,26.548272481636836,7.873310610935713
2026-03-24,26.917844836486218,7.846881090161876
2026-03-25,27.088811787929853,7.890609866966149
2026-03-26,26.382204721135466,7.749693484100316
2026-03-27,26.5203900318282,7.617546613467944
2026-03-30,26.060123306715,7.592077632913658
2026-03-31,26.730985440667713,7.8127635814475855
2026-04-01,26.508308876104653,7.871628565696285
2026-04-02,26.852578240824798,7.878716765927126
2026-04-06,26.839857332263573,7.91595786344698
2026-04-07,27.01873251896124,7.919441471525674
2026-04-08,27.014414613839662,8.121146118789735
2026-04-09,26.801870350461638,8.167997751162764
2026-04-10,26.67746208580255,8.16259232940816
2026-04-13,26.614484277961903,8.242360428602634
2026-04-14,26.282249881654067,8.342792607543212
2026-04-15,26.2688557960342,8.408625541186105
2026-04-16,26.644945982781337,8.42928815445859
2026-04-17,26.22986452876471,8.531161876965303
2026-04-20,26.20291661676827,8.514102389371349
2026-04-21,26.274647022664073,8.458360993928213
2026-04-22,26.2955248217484,8.544016251460686
2026-04-23,26.64415157633978,8.510859282965948
2026-04-24,26.510394911337954,8.576812467445489
2026-04-27,26.333596656172418,8.591588655616784
2026-04-28,26.30453544829039,8.54978242572523
2026-04-29,26.71848909135797,8.54846113299574
2026-04-30,27.335929715267945,8.633515136344984
2026-05-01,27.514231066677127,8.657422322496487
2026-05-04,27.44156584401736,8.625706897567882
2026-05-05,27.903103398172078,8.694903921689631
2026-05-06,27.745402105028585,8.815758212229403
2026-05-07,27.294979039559696,8.788728170509144
2026-05-08,27.71435822638053,8.86128855187294
2026-05-11,28.152579013325813,8.88147089503565
2026-05-12,28.00613220384685,8.868015999593844
2026-05-13,28.012030759234158,8.917631201499308
2026-05-14,28.051991590616453,8.988029267513902
2026-05-15,27.889008302047127,8.879909100632869
2026-05-18,27.917882201569142,8.873662656258551
2026-05-19,28.104793416653077,8.81455643709975
2026-05-20,28.16246461813302,8.90489707784057
2026-05-21,28.267753911476593,8.922556353144138
2026-05-22,28.520249616516608,8.957635868551597
2026-05-26,28.585627471595156,9.017102106983526
2026-05-27,28.39795100478257,9.015540312580743
2026-05-28,28.314110319671403,9.065275032086044
2026-05-29,28.017055290451545,9.087860192271249
