date,k=20|vol=1.00,SPY
2010-08-02,0.006330406239920353,0.022581219037357325
2010-08-03,-0.0056154864912288235,-0.004788785415303587
2010-08-04,0.010739470159465624,0.006683044726910614
2010-08-05,0.0022793465237468022,-0.0010624747879187657
2010-08-06,0.008141612415001545,-0.004076017475145743
2010-08-09,0.0010531029691787986,0.005338710172010819
2010-08-10,0.006995981275630413,-0.0053987345050031665
2010-08-11,-0.014116897016375678,-0.027406848685902152
2010-08-12,0.0058306783940711045,-0.006130163827345325
2010-08-13,-0.0031654015795181526,-0.002945592780078554
2010-08-16,0.00910932664233374,-0.0004619001864490935
2010-08-17,0.012467327016646337,0.012285221017749759
2010-08-18,-0.0023764505600536385,0.0018251914601956631
2010-08-19,-0.006269540565069972,-0.017397068609818822
2010-08-20,0.01103445618490136,-0.0032441288462899953
2010-08-23,-0.011583853083212612,-0.0038128943822522965
2010-08-24,-0.004269053446558578,-0.01484310996931082
2010-08-25,0.0010047084136618324,0.0038854433020731882
2010-08-26,-0.0064003937024681495,-0.006702183063004408
2010-08-27,0.010514413964616451,0.015489460378526276
2010-08-30,-0.011434471992831496,-0.014505073616814301
2010-08-31,0.0014604108710523005,0.0
2010-09-01,0.024109676341429645,0.029912193788650177
2010-09-02,0.015024920285940182,0.009311982490330717
2010-09-03,-0.0033633357528208376,0.01297157802616522
2010-09-07,0.0005389531076830253,-0.011272551186110147
2010-09-08,0.011140326490386213,0.007023197966997685
2010-09-09,0.006639446849434565,0.0046188429348994475
2010-09-10,-0.0023793936222066656,0.0050490945698611345
2010-09-13,0.007614225691868962,0.011123136624621166
2010-09-14,0.011637711312462298,-0.0006214503203324506
2010-09-15,-0.009094025271250162,0.003817239744583034
2010-09-16,-0.001366109190941363,-0.0002649134709841183
2010-09-17,0.016921344814007023,0.0003731585132484838
2010-09-20,0.012987585715459103,0.015290485442550183
2010-09-21,0.0004344102472949408,-0.0020139309802615912
2010-09-22,0.00936175237759602,-0.004913130074424177
2010-09-23,-0.005129218681457242,-0.008111391659186618
2010-09-24,0.010767500441545364,0.020622091463622816
2010-09-27,0.00581844408317254,-0.004790158387531385
2010-09-28,-0.0022983654692971304,0.0035007995191624897
2010-09-29,0.013507692204092096,-0.0017443371724765733
2010-09-30,-0.015740943113077176,-0.0029700366953526736
2010-10-01,-0.013461648476988216,0.004205706220317573
2010-10-04,0.0062103277148109195,-0.007504129586929031
2010-10-05,0.00951410477391133,0.020132470722319384
2010-10-06,-0.015326936835241483,-8.663330418123838e-05
2010-10-07,-0.0008779950899678367,-0.0012062133590599045
2010-10-08,-0.0014955277042642853,0.00560852666073508
2010-10-11,0.009745485435616734,0.0009439611587975794
2010-10-12,0.003452866897551293,0.0030861162601441006
2010-10-13,0.0006172772107681959,0.007777039193889168
2010-10-14,0.002541508911632908,-0.003900882112404802
2010-10-15,0.010730761876334816,0.0020430233973294243
2010-10-18,-0.0024013838857247782,0.004927987427426839
2010-10-19,-0.018836923765841018,-0.013104338178311581
2010-10-20,0.010339521023261808,0.009765801952195785
2010-10-21,0.021760217402065903,0.0022058116138117256
2010-10-22,0.0349994629144018,0.0018625116470802894
2010-10-25,0.006459493836608526,0.0029572693060249122
2010-10-26,0.023285943236452052,0.00016862163878883507
2010-10-27,0.00022007797343713938,-0.0028637982788589644
2010-10-28,-0.009771420846942224,0.00016890757223086972
2010-10-29,0.0013740530600658623,0.0007600830725287278
2010-11-01,0.002332018312437499,0.00033724703926796273
2010-11-02,0.0008079569276171492,0.007930563592805084
2010-11-03,0.004081418182362348,0.004017639377275284
2010-11-04,0.002266765435446483,0.019258137827706134
2010-11-05,0.005510404494440708,0.0037624087046268517
2010-11-08,-0.00383156804967587,-0.0018740301461875886
2010-11-09,-0.0024468551149737093,-0.007184289159411161
2010-11-10,0.002118605881228217,0.004029605106800949
2010-11-11,-0.0008906864729504669,-0.0037673374959544814
2010-11-12,-0.011673230843323033,-0.011838390156129641
2010-11-15,-0.004238168035509967,-0.0014145193093216823
2010-11-16,-0.009299872787955219,-0.015579407995059191
2010-11-17,0.0036867948819375536,0.0005077513760674002
2010-11-18,0.016919874906513338,0.014718252561788825
2010-11-19,0.0011299998287479145,0.0027510646045136866
2010-11-22,0.01214828937191154,-0.000831128204095366
2010-11-23,-0.0026190473112815854,-0.014476838613958765
2010-11-24,0.007166895717901567,0.014773857498961984
2010-11-26,-0.001873879142163421,-0.011647098299264691
2010-11-29,0.003843477387516758,0.0030299258274901764
2010-11-30,0.001656339618174997,-0.005622505274288758
2010-12-01,0.00627778398426192,0.021267604295449827
2010-12-02,-0.0005646787227939023,0.012808619219367268
2010-12-03,-0.005359757878112386,0.0026927032401189432
2010-12-06,0.003601978910081631,-0.00105789340472362
2010-12-07,-0.006647865842307941,0.00057037044680186
2010-12-08,0.0019418778233882476,0.00366351301614376
2010-12-09,0.012352689357227133,0.003893635608450463
2010-12-10,0.0028030641009313727,0.0058180447032154525
2010-12-13,-0.02299820877798088,0.0006421178599216315
2010-12-14,-0.013160851729072134,0.0008835056587701562
2010-12-15,0.003677905693042959,-0.004572401736583687
2010-12-16,0.014498484422565357,0.005801943772268725
2010-12-17,-0.0017007411956789448,0.0010712549226705725
2010-12-20,-0.003311222433050043,0.0024133558816952227
2010-12-21,0.00972571625690001,0.006340263397385026
2010-12-22,-0.005139078337983874,0.0031104813035358614
2010-12-23,-0.007151365359742456,-0.001430879958974729
2010-12-27,0.0016602095991408638,0.0003976248246557734
2010-12-28,0.0009328313320667312,0.001432758712354154
2010-12-29,-0.0002357775196311354,0.0007151954759019308
2010-12-30,0.0008421920458145763,-0.0015884433184003566
2010-12-31,-0.0059512455563352495,0.00023863364104337315
2011-01-03,0.018246072180652828,0.010338164988836107
2011-01-04,0.02562720243561152,-0.0005510615471440161
2011-01-05,0.015876003605830954,0.005197530330412148
2011-01-06,-0.016181987591002693,-0.0019586220620961825
2011-01-07,-0.009381424466111808,-0.001962465790890433
2011-01-10,0.015521500240330551,-0.0012583407945231384
2011-01-11,-0.005635074218366875,0.003543906711591882
2011-01-12,0.006867015489681808,0.009024476071071597
2011-01-13,0.004804624674692167,-0.0016332021861374946
2011-01-14,9.455586240317932e-05,0.007244773601409182
2011-01-18,-0.014314272106050083,0.0017015270896263424
2011-01-19,-0.011379030941264679,-0.009805458214229623
2011-01-20,-0.014236792250089997,-0.0013253469941981733
2011-01-21,-0.0020391889714713603,0.0022638956698182167
2011-01-24,0.005775908304168414,0.005686802169178495
2011-01-25,0.005167940008453127,0.0005420787674998984
2011-01-26,0.0395967512206834,0.0038707671492432816
2011-01-27,0.010358573919602624,0.0024682726132871924
2011-01-28,-0.015942464746145642,-0.01746300725703276
2011-01-31,0.0030874656291651078,0.007516304378890171
2011-02-01,0.019485986313747546,0.016008702191028457
2011-02-02,0.0010236995076372032,-0.0019121039515108684
2011-02-03,-0.000749204458249098,0.0022218545358150266
2011-02-04,0.015816387227541976,0.00282942884336701
2011-02-07,-0.008207249148603466,0.006252595875742006
2011-02-08,0.00014302172025171494,0.004546338729515265
2011-02-09,-0.0011816108539704747,-0.002262730669950419
2011-02-10,0.0009875031241165797,0.00037787623124496683
2011-02-11,0.007782418158072023,0.005970501870868894
2011-02-14,0.014715883544683343,0.002404108019578466
2011-02-15,-0.013021708503846747,-0.0031480489111900267
2011-02-16,0.00911988163501503,0.00631560491459493
2011-02-17,0.013608436496421046,0.002988147227683813
2011-02-18,0.0035412980690351314,0.002085732080414182
2011-02-22,-0.03322729670265323,-0.02007003434220611
2011-02-23,-0.013373347279271204,-0.006144107171980995
2011-02-24,0.007137357857694679,-0.0006869413592508478
2011-02-25,0.005653799806294809,0.010692718113462396
2011-02-28,-0.006518509060143314,0.006196689224676977
2011-03-01,-0.017941911816828537,-0.01667296554115094
2011-03-02,0.005605542548515993,0.0021386200019781754
2011-03-03,0.022157150035073396,0.017224271381812706
2011-03-04,0.0051988950775291596,-0.007492274968199597
2011-03-07,-0.017403033644943604,-0.007850949277287356
2011-03-08,-0.00882317718359146,0.00875005031366416
2011-03-09,-0.014966848244564235,-0.0014330701047271521
2011-03-10,-0.022094231050653557,-0.018505951406165844
2011-03-11,0.016950348441320907,0.00692627732507467
2011-03-14,-0.0030269030729449804,-0.006037884040249963
2011-03-15,-0.001040074989839193,-0.011457288827918855
2011-03-16,-0.02011309403593852,-0.018512608121480145
2011-03-17,0.019567543257952482,0.013234637120783876
2011-03-18,-0.008726429564125627,0.003637668619386414
2011-03-21,0.026203656143984125,0.015497774620163884
2011-03-22,-0.010427665092969197,-0.003468708674442267
2011-03-23,0.005897649570877892,0.0028619784294221517
2011-03-24,0.017510913873732412,0.009563438045763872
2011-03-25,0.006689873354400414,0.0030558889796614697
2011-03-28,-0.006777886961955275,-0.00243709634193634
2011-03-29,0.010775222325200522,0.006718255265116602
2011-03-30,0.011194237921842478,0.00690124287614613
2011-03-31,0.001619476664214413,-0.0013556094452890077
2011-04-01,-0.0058121574318557604,0.004223368499659319
2011-04-04,0.011651296554588422,0.0008265540026624052
2011-04-05,0.0074448107356053905,-0.000149961444890101
2011-04-06,-0.013764077808006831,0.003151605661366519
2011-04-07,-0.010950811653644433,-0.002543206348577187
2011-04-08,-3.878588425606166e-05,-0.0034506227917812105
2011-04-11,-0.009230827133606873,-0.0030108073248937828
2011-04-12,-0.012401120818883126,-0.00747367660643683
2011-04-13,0.014637628467344253,-7.611521283323874e-05
2011-04-14,-5.616242634737056e-05,0.0007605283873413082
2011-04-15,0.005400160062624183,0.003648231278018388
2011-04-18,-0.017490807661885266,-0.011208660161782347
2011-04-19,0.009852390122678734,0.005744619352713087
2011-04-20,0.019696667954736,0.013632053456297477
2011-04-21,0.011232828986747375,0.005108709125931865
2011-04-25,-0.0014145882403449501,-0.0010465433813109382
2011-04-26,-0.012427633094634247,0.008605309144261275
2011-04-27,0.01311119270708169,0.006528727175217464
2011-04-28,0.028151202783979,0.003243189686964909
2011-04-29,0.0037223759579880773,0.002350898869869944
2011-05-02,-0.005910964396094433,-0.001538848798052217
2011-05-03,-0.004028525446147275,-0.0035976187211252952
2011-05-04,-0.009440199075219771,-0.006630232421998117
2011-05-05,-0.0058622767958609635,-0.009048735857703938
2011-05-06,0.001281793983273584,0.00441596388532095
2011-05-09,0.017941384275151198,0.0038744327356807773
2011-05-10,0.0034181659440915392,0.008536471707485838
2011-05-11,-0.011115459868217261,-0.01052496042302975
2011-05-12,0.009666900788603655,0.004760944406297707
2011-05-13,-0.001996032553286633,-0.00769956270075145
2011-05-16,-0.008549081583179593,-0.0063411418898745575
2011-05-17,0.001203075366444128,-0.00015033931381291943
2011-05-18,0.013912326811686759,0.008936178580611909
2011-05-19,0.006562156185636735,0.002381370029583163
2011-05-20,-0.0027360162808040944,-0.007944597560543887
2011-05-23,-0.012597878168200108,-0.011600997064668772
2011-05-24,0.00010247776145439269,-0.000833074529068556
2011-05-25,0.011368991045172071,0.0033346991783047564
2011-05-26,0.007078887073411742,0.004607981266030681
2011-05-27,0.0008701500125441919,0.0038342995070344
2011-05-31,0.01651437716188375,0.010411196740585993
2011-06-01,-0.006852694489707389,-0.022461157779250063
2011-06-02,-0.002369468725745324,-0.0010616258717166538
2011-06-03,-0.007016386318916719,-0.009944536480093524
2011-06-06,-0.017333748700714774,-0.01058136709183155
2011-06-07,0.003405352557365298,-0.0006197714500182361
2011-06-08,-0.004417218062181633,-0.004187518684973246
2011-06-09,0.002126514445588286,0.007631335710927889
2011-06-10,-0.016483514548060164,-0.013910446111978114
2011-06-13,-0.0016548379609771981,0.0007836912317411571
2011-06-14,0.011186110810932143,0.012686121266376027
2011-06-15,-0.02200425437857076,-0.017785235751965778
2011-06-16,-0.013581390794023053,0.0022040098147262377
2011-06-17,-0.01252789719442045,0.0029844663983547015
2011-06-20,0.009385131029083244,0.005115877140028147
2011-06-21,0.02341682908944314,0.013704102734954704
2011-06-22,-0.0053926755003738565,-0.006025526187828367
2011-06-23,0.009321498434408862,-0.002875750277749556
2011-06-24,-0.004492844841573114,-0.011613246802229304
2011-06-27,0.008578873763039941,0.008910760043366661
2011-06-28,0.016243656319902808,0.013053128579043394
2011-06-29,0.0036813216111092244,0.008564452907013909
2011-06-30,0.00658662318027315,0.009562107081925841
2011-07-01,0.017032782769020947,0.014775832405626854
2011-07-05,0.015536660455256725,-0.0008211508452399263
2011-07-06,0.00221050427391351,0.0011960492242413245
2011-07-07,-0.0035357956721778134,0.010375218634096184
2011-07-08,0.0014532143978112219,-0.007092069837673742
2011-07-11,-0.01585002020263194,-0.018080556450024377
2011-07-12,-0.008249762122545082,-0.00431890235643928
2011-07-13,0.011224073679314652,0.0033483480924760833
2011-07-14,-0.012545553163945495,-0.006902357560248151
2011-07-15,-0.0019400421851744295,0.005804782005871978
2011-07-18,-0.012310681430671476,-0.00820128610154136
2011-07-19,0.013808016624283288,0.016231735769808076
2011-07-20,-0.0378091873685375,-0.0006031517965858768
2011-07-21,-0.0020328182918382598,0.013871751098129659
2011-07-22,0.0046071426851634345,0.0006692238226591041
2011-07-25,-0.008557789752150324,-0.00557291464974885
2011-07-26,-0.010667561977046344,-0.003736492232619626
2011-07-27,-0.021476668632309844,-0.02047536975775388
2011-07-28,-0.0014721676107709186,-0.00290972442283266
2011-07-29,0.005256380393008383,-0.006834531908824326
2011-08-01,-0.003591989213624071,-0.0042526175891666185
2011-08-02,-0.02552982453778091,-0.02554735568269495
2011-08-03,0.0055884919579362695,0.005418626178114838
2011-08-04,-0.04929630041636488,-0.0468418044570047
2011-08-05,0.0004071781913550644,-0.00149657567173489
2011-08-08,-0.060986053302219914,-0.06512332477195526
2011-08-09,0.05704281515843571,0.04649938452530611
2011-08-10,-0.04015032548824606,-0.04417772260234998
2011-08-11,0.03705445682486574,0.04488380225051669
2011-08-12,0.012438232653091014,0.006733158300829656
2011-08-15,0.016125520656992583,0.021164722387070567
2011-08-16,-0.010659002357035999,-0.008538986014919425
2011-08-17,-0.0011812455513301374,0.0006688433417776363
2011-08-18,-0.04456297320389466,-0.04311863955481976
2011-08-19,-0.01742174965926365,-0.01633044542140638
2011-08-22,-0.00470429023317957,0.0007991286199493519
2011-08-23,0.05082280405547258,0.032910377986165695
2011-08-24,0.004344478863317125,0.014084556179147611
2011-08-25,-0.010057018125289648,-0.015243981487347291
2011-08-26,0.022974024385818102,0.014533810201657893
2011-08-29,0.024908285338797326,0.028736120178224134
2011-08-30,0.01006695835437414,0.002636844368870239
2011-08-31,0.00015651048238341786,0.004437982807630858
2011-09-01,-0.004392496433249481,-0.01047299699169868
2011-09-02,-0.006661841859031924,-0.025549912860879154
2011-09-06,0.0008704327373050557,-0.007297423542633741
2011-09-07,0.009656086973092153,0.028207674789096915
2011-09-08,-0.0026977217332663506,-0.010391623574839803
2011-09-09,-0.03602384448316688,-0.026209909328484104
2011-09-12,0.008595905137452287,0.006470178621170497
2011-09-13,0.0007291846837445312,0.00917108719076154
2011-09-14,0.008933872708209174,0.013844474576191423
2011-09-15,0.012050801658953118,0.017256717525926613
2011-09-16,0.004309240967470921,0.0059189142768787395
2011-09-19,0.006588754245719251,-0.009957142634658855
2011-09-20,0.013411264061405758,-0.0011635660768627432
2011-09-21,-0.022044424845148194,-0.029458193367624785
2011-09-22,-0.025082837866897436,-0.032324978450831376
2011-09-23,0.010266559975345481,0.006025450651131248
2011-09-26,0.016184485500506503,0.02378017209497285
2011-09-27,0.0017018216467240136,0.011183892643856774
2011-09-28,-0.0218446079876601,-0.020418695462357417
2011-09-29,0.001563505959600516,0.007903551367433703
2011-09-30,-0.017722633344621753,-0.024989637657770958
2011-10-03,-0.0004580123700943825,-0.028457590245720366
2011-10-04,0.01332681260990723,0.021923122825098673
2011-10-05,0.020781198372854418,0.018514935709043057
2011-10-06,0.004272306303997062,0.018091786461613468
2011-10-07,-0.0013434536024795748,-0.006696118814964347
2011-10-10,0.01832888437602313,0.03344587932179355
2011-10-11,0.0037707664650712645,0.0010030892246588596
2011-10-12,-0.0040740016113889445,0.00877220864956052
2011-10-13,-0.001860741139018485,-0.0019874746729017234
2011-10-14,0.0032092244512504056,0.017093913628410284
2011-10-17,-0.003537017188775312,-0.01909108747504995
2011-10-18,0.0030296516474773226,0.019545864653024214
2011-10-19,-0.014838015960372004,-0.011829163609315962
2011-10-20,0.002683017539842032,0.004375458599637172
2011-10-21,0.00456368506927791,0.018987342797728957
2011-10-24,0.0029461905771283603,0.012261059769148375
2011-10-25,-0.013009349198716356,-0.019443573436254025
2011-10-26,-0.003891845747916681,0.010158401955596252
2011-10-27,0.020609470157477185,0.03483489898909409
2011-10-28,-0.011130275608213993,-0.0002329564037416576
2011-10-31,-0.015775640592913795,-0.024105875149808997
2011-11-01,-0.003649509398184304,-0.027888460296296436
2011-11-02,0.0032631614003977316,0.016311178939249826
2011-11-03,0.023309788222685375,0.018227403837707268
2011-11-04,-0.001584589657917169,-0.006098984416075037
2011-11-07,0.008848999689449093,0.006216142693828974
2011-11-08,0.003409469806233081,0.012830608718896297
2011-11-09,-0.019287646304861458,-0.03690952130883396
2011-11-10,-0.0018005035143294356,0.00941854215962512
2011-11-11,0.026364802032660298,0.018822591772206243
2011-11-14,-0.010474390537262478,-0.00947423674852399
2011-11-15,0.006786406926773923,0.004941918453670979
2011-11-16,-0.021869317191475387,-0.01586332028088
2011-11-17,-0.013859253004540951,-0.01587633093521168
2011-11-18,-0.01062131983386774,-0.0010648847552044982
2011-11-21,0.0025659865516985815,-0.01901947013669414
2011-11-22,-0.002927018908224791,-0.0039275474217228545
2011-11-23,-0.014853075062509555,-0.022065657191333132
2011-11-25,0.0049484871073761155,-0.0018875039206720512
2011-11-28,0.014728290088100431,0.028966803783603945
2011-11-29,0.0053467588482995635,0.00283991936901562
2011-11-30,0.023743789138515898,0.04114949740955942
2011-12-01,0.003861565406666272,-0.00015993225433752478
2011-12-02,-0.011991770203384995,-0.0008800047261704469
2011-12-05,0.020888111524402207,0.010891923571963558
2011-12-06,-0.002095326328360176,0.00031698174032102067
2011-12-07,-0.004229398540900423,0.0037223988702506094
2011-12-08,-0.009749669020936375,-0.021936091251899548
2011-12-09,0.022714209568126274,0.016942131541144212
2011-12-12,-0.004086451888615936,-0.014597226176695455
2011-12-13,-0.017395527368052072,-0.009339000817458976
2011-12-14,-0.009906603916706924,-0.010646083432303777
2011-12-15,0.005301065705113518,0.0036144635868360364
2011-12-16,0.00658908250885158,0.0014817715556332267
2011-12-19,-0.008366060765420152,-0.010691443663091937
2011-12-20,0.025969849048327925,0.030260212060227998
2011-12-21,0.0006541745192447016,0.0019366817916584012
2011-12-22,-0.006023131419139196,0.008858748387738924
2011-12-23,0.014884762460347678,0.008941092982175158
2011-12-27,-5.635294946167823e-05,0.0007907792841557182
2011-12-28,-0.00909475851774171,-0.013123424617957347
2011-12-29,0.00528992154130612,0.010333983655324452
2011-12-30,-0.006889445476870001,-0.004915830088123352
2012-01-03,-0.0016739975517661917,0.01593602052937415
2012-01-04,-0.0005480340402462921,0.0015688659316408504
2012-01-05,0.01991604974834143,0.0026624801686954136
2012-01-06,-0.006077587840262697,-0.0025773818903961354
2012-01-09,-0.008618374723847983,0.0024275053978650707
2012-01-10,0.0059516060490267374,0.008670604038717666
2012-01-11,0.0033630144127728824,0.0005418909216963197
2012-01-12,0.004687615344600388,0.002399282701807115
2012-01-13,-0.002029312207482936,-0.00517294437704563
2012-01-17,0.006984812319343774,0.0038803821752992906
2012-01-18,0.006016446751599436,0.011056122268542579
2012-01-19,-0.005010635907359378,0.005276499794470757
2012-01-20,-0.021340556555014954,0.0037274215946512257
2012-01-23,-0.004008572052503198,-0.002576798245226608
2012-01-24,-0.0018810316494158406,-0.0011397180965263543
2012-01-25,0.017368715413356786,0.008367643116463208
2012-01-26,-0.006115690854335945,-0.005129659433262712
2012-01-27,-0.0003691591357646781,-0.0004550577886996976
2012-01-30,-0.00412115561921017,-0.0034139299189179795
2012-01-31,0.0009697120708379777,-0.0003804012957800973
2012-02-01,0.03323751709305679,0.008756959957634036
2012-02-02,-0.0003699763213384278,0.0015855722097488645
2012-02-03,0.02408499905881553,0.014018633979184347
2012-02-06,0.001593853248564712,-0.0006689092745566505
2012-02-07,0.0067277487775335605,0.002528957267368126
2012-02-08,-0.002207704825468425,0.002967447890173558
2012-02-09,0.0033636268136907777,0.0012576296051136637
2012-02-10,-0.0018438246498127249,-0.007387958795077698
2012-02-13,0.0093287413428925,0.007442946980684928
2012-02-14,0.004493943259088656,-0.0012560499594991281
2012-02-15,-0.00903010876464982,-0.004660069050081761
2012-02-16,0.011980378571758564,0.011073140553349292
2012-02-17,-0.02138391031132859,0.0026458683316392673
2012-02-21,-0.0040140806375221945,0.00044008961485464404
2012-02-22,0.002573652313075487,-0.003224468697619498
2012-02-23,0.00910745285874904,0.004410958249159602
2012-02-24,0.004542566774732599,0.002195542659847005
2012-02-27,-0.001302666160832698,0.0016797096552974011
2012-02-28,0.014115247991714538,0.002916602604290164
2012-02-29,-0.0054998078175956715,-0.003925628382153601
2012-03-01,0.011989739333751666,0.005181646793774641
2012-03-02,-0.0006866166968513372,-0.0030496800655692713
2012-03-05,-0.0038099536483308916,-0.004078012970204159
2012-03-06,-0.010564747567202831,-0.014625585470364633
2012-03-07,0.005924984799261979,0.006976331717940321
2012-03-08,0.014728607720824557,0.009949322196560306
2012-03-09,0.00608236267793596,0.0038673336175629736
2012-03-12,0.004485158742231455,7.262297009003049e-05
2012-03-13,0.016376344810029753,0.01802584805544405
2012-03-14,0.014544413683932023,-0.0010709572465391615
2012-03-15,-0.005675393802702667,0.005789187277019492
2012-03-16,-0.0022960647650832333,0.0013847961012161125
2012-03-19,0.012284584941533692,0.003920445307869613
2012-03-20,0.007422754518946377,-0.002910953675727246
2012-03-21,0.0009235376876843798,-0.0016378040676370276
2012-03-22,0.0037025799594007924,-0.007203595308304611
2012-03-23,-0.0031804916355960425,0.0032329783831746006
2012-03-26,0.01702944632913138,0.014034724345324046
2012-03-27,0.004352679430242318,-0.003107026195721785
2012-03-28,0.0020237035492588974,-0.004958398965669963
2012-03-29,-0.008641449062421864,-0.001708614894475824
2012-03-30,-0.003305691293270145,0.0041359706703745225
2012-04-02,0.02028361138147018,0.007314878730254826
2012-04-03,0.00783971795198831,-0.004089436686439019
2012-04-04,-0.00905330600661479,-0.009910620365097378
2012-04-05,0.00806684044835927,-0.0005002959590519884
2012-04-09,0.00036860297138217987,-0.011231353862501847
2012-04-10,-0.023589361039510755,-0.0167849615143697
2012-04-11,0.007463961279133366,0.008094611703409749
2012-04-12,0.007562151176605272,0.013065617804928653
2012-04-13,-0.011876306963570742,-0.011888241215408213
2012-04-16,-0.01667395000694765,-0.0006569196328730653
2012-04-17,0.03052748826136155,0.014812608937432525
2012-04-18,0.0028305851797946107,-0.003379230225756924
2012-04-19,-0.019222720669765134,-0.006421151286126414
2012-04-20,-0.015384005297317246,0.0016701514005770246
2012-04-23,-0.004965001525699293,-0.008408798769997228
2012-04-24,-0.013486421308318416,0.0038011049062036673
2012-04-25,0.05163932847909381,0.013691805158342119
2012-04-26,0.025486253192082604,0.006969195762375868
2012-04-27,-0.003033247374833161,0.0016408671164815924
2012-04-30,-0.019816538982448253,-0.0037041894399930664
2012-05-01,0.006381215909780535,0.006220098996432721
2012-05-02,0.009047781641018902,-0.0029841150923564097
2012-05-03,-0.010292844932882596,-0.007625298298669869
2012-05-04,-0.016465572222568163,-0.016158033863098664
2012-05-07,0.0036680782210597,0.0007300556048104312
2012-05-08,-0.010673385261161527,-0.0040118075177432155
2012-05-09,0.003743417340724036,-0.005931609834838203
2012-05-10,0.0053532095338807775,0.0020623539860415985
2012-05-11,0.0006416658571986248,-0.0030141057856490905
2012-05-14,-0.017944148556604672,-0.01106164143195254
2012-05-15,-0.002798120512759044,-0.005741464519936734
2012-05-16,-0.003725232910272035,-0.0038244894878465274
2012-05-17,-0.05287721130043399,-0.014831016800674002
2012-05-18,-0.016901333841829246,-0.008558917612788708
2012-05-21,0.03245501306158008,0.017188564429060582
2012-05-22,-0.011894857392232337,0.0017426247703671294
2012-05-23,0.015477028344161526,0.0005297268922594967
2012-05-24,0.0017778666997588346,0.001965240857574768
2012-05-25,-0.001292655382097252,-0.003244473570697237
2012-05-29,0.005344341864621223,0.012111811008973516
2012-05-30,-0.01531005048978905,-0.014509640878638264
2012-05-31,-0.0037253505491170098,-0.002201107622165077
2012-06-01,-0.03275067457495003,-0.025176494115576986
2012-06-04,0.005785988204516215,-0.0004684298021494504
2012-06-05,0.014194521617309065,0.007572386566269129
2012-06-06,0.009603494821005946,0.022468379321060716
2012-06-07,-0.00011396742184572976,0.0006059504332545096
2012-06-08,0.013893759883946758,0.007951680346452772
2012-06-11,-0.011810331625887717,-0.012697376697560991
2012-06-12,0.020548562303871414,0.011491103583939344
2012-06-13,-0.01816115163322876,-0.006394775711826006
2012-06-14,0.0038493384529319856,0.010600163216891056
2012-06-15,0.0075696629493299614,0.01022696394072553
2012-06-18,0.02083798123557516,0.001938415650241998
2012-06-19,-0.0044893454879164334,0.009672605458974637
2012-06-20,-0.004608188246311227,-0.0016212870260718937
2012-06-21,-0.02755229609871716,-0.022438337484735227
2012-06-22,0.012917772925339598,0.007701108385877564
2012-06-25,-0.010052964309433936,-0.016034428237551968
2012-06-26,0.02011152229327256,0.005026013665615503
2012-06-27,-0.012012490348747696,0.009016505033076383
2012-06-28,-0.01923404842038435,-0.0028537260500217654
2012-06-29,0.023482869586286155,0.024926693715992654
2012-07-02,0.0027149045070674746,0.0030128452065500966
2012-07-03,0.002356859668425252,0.006592571866325114
2012-07-05,0.0010594905001605724,-0.004512015354620202
2012-07-06,-0.0037035491681990953,-0.009503745162290356
2012-07-09,-0.013159750280214731,-0.0012548161913392697
2012-07-10,-0.0023277020512548225,-0.00872018576602529
2012-07-11,-0.009234234415559662,0.00014957067141896374
2012-07-12,0.002480501600051909,-0.004845205935534502
2012-07-13,0.011125451493730901,0.01677798482367998
2012-07-16,-0.012220678545176616,-0.002357743181662597
2012-07-17,0.00865088348406937,0.006867583567085944
2012-07-18,-0.007592644751929681,0.007406437676937827
2012-07-19,0.01644412585268612,0.002620846083611683
2012-07-20,-0.0021856915790815067,-0.00914824358527222
2012-07-23,-0.012067083218125052,-0.010112177908131015
2012-07-24,-0.0005185221392936864,-0.008587014631542655
2012-07-25,-0.00791436586671413,0.00022420067749884254
2012-07-26,0.038361571156718295,0.01649718142612122
2012-07-27,0.014887546326168784,0.018433142293672544
2012-07-30,-0.0014897662988144205,0.0
2012-07-31,-0.01063177276713356,-0.006994866028860014
2012-08-01,-0.0062302071222290175,-0.000871129725271147
2012-08-02,-0.001290446477835595,-0.006904601354111306
2012-08-03,0.013466632601925151,0.01983317578967858
2012-08-06,0.004184624321976696,0.0019373044663411054
2012-08-07,0.0059031643510079005,0.005013938493297454
2012-08-08,0.004711776305448832,0.0012112778618451614
2012-08-09,0.0029163605614479413,0.0008539608806363841
2012-08-10,0.01099531489002813,0.0016358793063440125
2012-08-13,-0.0032338513820352154,-0.0004965959515134122
2012-08-14,0.004044579980718096,0.00014211258280116823
2012-08-15,-0.0022932304701062146,0.0011363256575647185
2012-08-16,-0.0007276285579399009,0.0073784215842667145
2012-08-17,0.008731256675325472,0.0013377864720875987
2012-08-20,-0.004663317705100629,7.096578773491125e-05
2012-08-21,-0.008663686156960344,-0.003024565588852446
2012-08-22,0.0076019852572124895,0.00042363424664726423
2012-08-23,-0.007353374912542292,-0.008179588094036516
2012-08-24,0.012072357559212633,0.006042370672444619
2012-08-27,-0.0003977531546100401,0.0002125342120089524
2012-08-28,-0.002952242661287487,-0.0009891708039769798
2012-08-29,0.004230447995702135,0.0007774507847786438
2012-08-30,-0.014991893663160588,-0.007207652164040623
2012-08-31,0.003261638021918285,0.004769294864902518
2012-09-04,0.0028039747896585684,-0.0009213859690360149
2012-09-05,-0.003795261509368251,-0.0008503472727180439
2012-09-06,0.010895919306606033,0.02029660728998972
2012-09-07,-0.0037709854986771383,0.0038952436364461107
2012-09-10,-0.005981643982568359,-0.005681553503782633
2012-09-11,-0.004761327287306334,0.0027869037427756815
2012-09-12,0.004782241970893052,0.0033353407580407612
2012-09-13,0.016221034713609334,0.015236709420663797
2012-09-14,0.002078756496068284,0.004434427203273916
2012-09-17,-0.007805242772586703,-0.0033961042550830767
2012-09-18,-0.002161871018498955,-0.0008179853098514434
2012-09-19,0.011428088573789904,0.0005459023116747286
2012-09-20,-0.002240093484539028,6.805175689938991e-05
2012-09-21,0.007435447353869001,-0.00041767312818996594
2012-09-24,-0.002013109063543211,-0.0015082474301145732
2012-09-25,-0.008778621666492948,-0.010642056896290497
2012-09-26,-0.009093994670780807,-0.005620895221924216
2012-09-27,0.017698051221754114,0.009421472987078738
2012-09-28,-0.0015654083061404384,-0.004632674946612569
2012-10-01,0.0036463569646530062,0.002639646198929535
2012-10-02,0.01474320124221342,0.0010390394574264494
2012-10-03,0.008906991686951745,0.004083122896128888
2012-10-04,0.006980956769036505,0.007168005112430764
2012-10-05,0.0007182253929778604,6.868088325728827e-05
2012-10-08,-0.008157154906810675,-0.003421525857633112
2012-10-09,-0.01393220872826899,-0.009887539672411183
2012-10-10,-0.017983647967224344,-0.0063802568003672455
2012-10-11,-0.006490577307475435,0.0005582210475871818
2012-10-12,0.002077339032426013,-0.0032779882242567338
2012-10-15,0.0018622295918836263,0.008327954595324316
2012-10-16,0.011053909460326307,0.010133042269669712
2012-10-17,0.008743707244960491,0.004534937645519044
2012-10-18,-0.013329373579799408,-0.0025989872966195593
2012-10-19,-0.01584957497430979,-0.016664049259406122
2012-10-22,0.0004033490614928685,0.0001393135128118228
2012-10-23,-0.013288057153440874,-0.013876317464863397
2012-10-24,0.01868043865311716,-0.0028288370371500893
2012-10-25,-0.028277904457237647,0.002907484217623546
2012-10-26,-0.003062182946477833,-0.0005654546318013542
2012-10-31,0.007325606131518769,0.0
2012-11-01,0.008908852545220568,0.010470345241270662
2012-11-02,-0.0048489412598762514,-0.008891365976020471
2012-11-05,-0.0046013207269729834,0.002048273287076352
2012-11-06,0.0022538757205912354,0.007825505254205556
2012-11-07,-0.019215084869115613,-0.022664012603201278
2012-11-08,-0.011903060199746084,-0.012024158412859975
2012-11-09,0.002392412919410113,0.0008693263088133119
2012-11-12,0.04349453403638188,0.0007964173095387217
2012-11-13,7.585550223053114e-05,-0.0034718691358337495
2012-11-14,-0.014664785690606294,-0.013498622242243186
2012-11-15,0.00015507152856999691,-0.0016921614975932142
2012-11-16,0.00595336467874177,0.004937596449931414
2012-11-19,0.015700500384851983,0.020239285871739288
2012-11-20,0.00972604496592595,0.0004310842618870936
2012-11-21,-0.0010448062899151012,0.0018678739682529422
2012-11-23,0.014419813442315365,0.0136250543328158
2012-11-26,-0.00464120901651746,-0.002122183680855372
2012-11-27,-0.008796578835467002,-0.005105057829065562
2012-11-28,0.0073576904385216964,0.008053033402315224
2012-11-29,0.005508963446005611,0.004665390508494127
2012-11-30,0.005149885178634733,0.00021104140377015135
2012-12-03,-0.0035534024959823296,-0.0049243466225157295
2012-12-04,-0.008195983332884814,-0.001414016267395457
2012-12-05,-0.004502343622482969,0.0017697157318525836
2012-12-06,0.00040088785536463833,0.00339234536136801
2012-12-07,0.0009108239986334958,0.003028589784249469
2012-12-10,-0.005888620993350806,0.00042176548429551097
2012-12-11,0.007358889941827279,0.006808126129494774
2012-12-12,-0.0013214995747014829,0.00048796568833564535
2012-12-13,-0.010230939689497153,-0.006131529931101443
2012-12-14,-0.003250112662057032,-0.0037164184870709382
2012-12-17,0.023907479527769775,0.01175261511238146
2012-12-18,0.0017508538257451514,0.01112844459327933
2012-12-19,-0.01628889333367656,-0.007428965183944869
2012-12-20,0.0005866618527227687,0.005752004169121028
2012-12-21,-0.010560739857703052,-0.009077104516707402
2012-12-24,0.001055432572531816,-0.0030811333346978387
2012-12-26,-0.004162155914848139,-0.004215161306087456
2012-12-27,-0.00020575991111256055,-0.0013405166457961526
2012-12-28,-0.006221767184069293,-0.010807708725406262
2012-12-31,0.01825356041675829,0.016995941782396606
2013-01-02,0.026141145656848438,0.02563034768817185
2013-01-03,-0.003941635110749599,-0.002259655495532975
2013-01-04,0.004788221504885702,0.004391528066603145
2013-01-07,-0.0009719727811489358,-0.002732581543892887
2013-01-08,0.0008555058358722754,-0.0028773350406575693
2013-01-09,-0.0018232092579009258,0.0025423714307422074
2013-01-10,0.009716207527899147,0.007949708887830642
2013-01-11,-0.0014061835350832413,-6.834304979519423e-05
2013-01-14,-0.003198281177381022,-0.0006798285221489841
2013-01-15,0.0042642509117648995,0.0006802910033765208
2013-01-16,0.0031456183568169312,-0.00013597873545379002
2013-01-17,0.0009952802453098758,0.006460291904659021
2013-01-18,-5.8478818652239794e-05,0.002229971563686428
2013-01-22,0.004999122221692478,0.005393139124423074
2013-01-23,0.0040159355412071815,0.0016095262053215098
2013-01-24,0.027808595636691143,0.0002680264464736126
2013-01-25,0.013184126960464379,0.005621980540003513
2013-01-28,-0.008508996075871881,-0.0011979705674498575
2013-01-29,0.014127286351492843,0.0039309582163209456
2013-01-30,-0.0055672113688722226,-0.003915566288846151
2013-01-31,-0.001159102918197688,-0.0024653492638784247
2013-02-01,0.017173807800453494,0.010287178258836072
2013-02-04,-0.007180965783029496,-0.01124070908958208
2013-02-05,0.016402487631382114,0.010097621684924896
2013-02-06,0.0027877532932770194,0.0007282722850210366
2013-02-07,-0.0015471017393193657,-0.0013229315209086767
2013-02-08,0.009973478216672138,0.005563939345736069
2013-02-11,-0.0028542989406611014,-0.00019707605292396124
2013-02-12,-0.0012703556851069039,0.0016471279626739666
2013-02-13,0.007250780046286797,0.0008547350113454755
2013-02-14,0.00683203608475291,0.0009205746320442021
2013-02-15,0.00043571020137923486,-0.00118204893894025
2013-02-19,0.007503173509649433,0.007494413648720277
2013-02-20,-0.03273731422840982,-0.012462762435609842
2013-02-21,-0.005041323284406143,-0.006079548516054634
2013-02-22,0.007486450845195411,0.009772456139602204
2013-02-25,-0.023765479986086212,-0.019026694415927192
2013-02-26,0.014383543715743312,0.006845729941622691
2013-02-27,0.016912551352011824,0.012598423285663296
2013-02-28,0.0015065294005374764,-0.001975072741353223
2013-03-01,0.012525337644523502,0.0032980494730805443
2013-03-04,0.007002500633654275,0.005325074271021357
2013-03-05,0.009769348224144795,0.008958806683866616
2013-03-06,-0.002316280097189332,0.0013616780991732025
2013-03-07,-0.005984214099225277,0.0018120889160901932
2013-03-08,0.0030999261058171313,0.004264019942798125
2013-03-11,-0.008171018756010546,0.003795401317747249
2013-03-12,0.011864041351656404,-0.0022431315036995914
2013-03-13,-0.0013181005418108297,0.0014129184012694473
2013-03-14,0.0016561599936408455,0.005324820046381573
2013-03-15,-0.006451765888816327,-0.0013207914697525025
2013-03-18,-0.003988712464897367,-0.005518565338306414
2013-03-19,-0.005050975974409898,-0.0023232684632126244
2013-03-20,0.009525421438351092,0.006985233684810854
2013-03-21,-0.0074520914051948075,-0.008542433333988853
2013-03-22,0.008583578211632609,0.008032922771064266
2013-03-25,-0.0034771650681421715,-0.004177337780070012
2013-03-26,0.01807606347954163,0.008002830149066664
2013-03-27,0.009234205830899603,0.0
2013-03-28,0.009432734924381304,0.003072884721074809
2013-04-01,-0.018258109222432938,-0.003957242201392708
2013-04-02,0.0035341281716132584,0.004933926575846126
2013-04-03,-0.01877888986747398,-0.010138599160118389
2013-04-04,0.00541939279111578,0.004058357853552019
2013-04-05,-0.005563266261758863,-0.004490733730118546
2013-04-08,0.004640261766265696,0.006766610055880973
2013-04-09,0.012170690729471221,0.0034568136170227692
2013-04-10,0.025244311661650806,0.012248910302161242
2013-04-11,0.012609626203922742,0.0032775595664120694
2013-04-12,0.009491882733330383,-0.0024500942516813007
2013-04-15,-0.025258729317069947,-0.023174345080365977
2013-04-16,0.019439659184343067,0.014763348116997088
2013-04-17,-0.017424127535844484,-0.014611471263417553
2013-04-18,-0.018574913633577557,-0.0062537567592452215
2013-04-19,0.026386941832672466,0.00869332075371032
2013-04-22,0.01861816262293009,0.004438204205129859
2013-04-23,0.02556873366510262,0.010308829960597121
2013-04-24,-0.028474361131892417,0.0006338390864977228
2013-04-25,0.013643791711882614,0.004053625933199578
2013-04-26,-0.003928880625680185,-0.0017663202271770428
2013-04-29,-0.005401242877507376,0.006699115144549461
2013-04-30,-0.00842666247784684,0.002385222150724342
2013-05-01,-0.010708495699324503,-0.008767800147018168
2013-05-02,0.013780439831532697,0.009287634223895891
2013-05-03,0.01667519024461583,0.010140813579751828
2013-05-06,-0.0033532546867693783,0.002541144321319244
2013-05-07,-0.002095791733029429,0.005068463052501304
2013-05-08,-0.005593098114920703,0.004550886961215417
2013-05-09,0.006664834684918569,-0.002816072874938458
2013-05-10,0.008210939644799846,0.003253814390722365
2013-05-13,0.013008619212355962,0.000795490515705044
2013-05-14,0.016851169301888104,0.010334323454675776
2013-05-15,0.012583433150436994,0.005386078091492497
2013-05-16,-0.012622855691429936,-0.004695538836110069
2013-05-17,0.013561229977976267,0.009677140166726605
2013-05-20,-0.006433634428357226,-6.0231744781091834e-05
2013-05-21,0.004850653327931933,0.0014381052397687277
2013-05-22,-0.018554464853694577,-0.007418170711859018
2013-05-23,-0.009843918470923228,-0.0028923950615636906
2013-05-24,0.0012840989594025784,-0.0008458797812821439
2013-05-28,-0.015430966331510403,0.005988612794620485
2013-05-29,-0.014558535225313902,-0.006494495867139016
2013-05-30,0.005000774693574563,0.003692061450055961
2013-05-31,-0.01390803123505764,-0.01435195247326626
2013-06-03,0.004736562438688829,0.00550660394416802
2013-06-04,-0.01177293349204549,-0.004807056029652923
2013-06-05,-0.015089421019099235,-0.014001231162048322
2013-06-06,0.015915428170487432,0.009053087508644087
2013-06-07,0.01579302966056492,0.012720654575598012
2013-06-10,0.003448438838315953,0.0
2013-06-11,-0.008089760709978503,-0.010315862059064651
2013-06-12,-0.017977360393921754,-0.00827687360585927
2013-06-13,0.019892246749554792,0.015209277521275988
2013-06-14,-0.0065893556423079255,-0.006272613827287832
2013-06-17,0.010977945531500185,0.0077211567411772375
2013-06-18,0.00519231009517599,0.00790554283745104
2013-06-19,-0.013320118289322017,-0.0138167283015167
2013-06-20,-0.031262683262895954,-0.02477843369551802
2013-06-21,-0.000203784789792316,0.003210241651794732
2013-06-24,-0.009953206327305252,-0.012636056400206375
2013-06-25,0.003705572239448158,0.009614550340955708
2013-06-26,0.01941411950554045,0.009900856187071705
2013-06-27,0.01157120422570133,0.005869948313213635
2013-06-28,-0.005454970266234808,-0.004097168390404193
2013-07-01,0.0035889258301521924,0.00585899141394286
2013-07-02,-0.010984126966154695,-0.0009289764674194068
2013-07-03,-0.00020824403190220636,0.000433721390752817
2013-07-05,0.017262423104985276,0.010788672964276103
2013-07-08,-0.0030737224478272146,0.005705474745654193
2013-07-09,-0.009152529144809705,0.007196670641214098
2013-07-10,-0.007258798168163394,0.00036365864039256124
2013-07-11,0.012312796231047307,0.013620177601738837
2013-07-12,0.0023794509507353775,0.0004182641561447653
2013-07-15,0.009165935009615765,0.0038210414706048024
2013-07-16,-0.004538239603664718,-0.003747013123632126
2013-07-17,0.005811847501560401,0.0025668469554891438
2013-07-18,0.008541834625303828,0.005477763768739541
2013-07-19,-0.0038871825947938998,0.001777011621887592
2013-07-22,0.0011969746270595943,0.0019503366473574424
2013-07-23,-0.010310475926123478,-0.002123681670799793
2013-07-24,-0.013336152094868678,-0.0036654973865405394
2013-07-25,0.015085658282216446,0.0024327957216312424
2013-07-26,-0.014102365834467787,0.0010657605492430111
2013-07-29,-0.0031857553412644596,-0.0030755859707309874
2013-07-30,0.0002010658931788967,0.0
2013-07-31,0.012910314693782933,0.0007120528195716513
2013-08-01,0.016492679790573256,0.011558322092029005
2013-08-02,0.005306088132157727,0.001699764097121026
2013-08-05,0.00732887393715516,-0.001462731705583975
2013-08-06,-0.006375898984058701,-0.005682600905386859
2013-08-07,-0.002145719931579123,-0.00324058274131378
2013-08-08,0.0040128028121341214,0.0036646317822499608
2013-08-09,0.0005140453072396021,-0.002885478848651979
2013-08-12,-0.003293465584470262,-0.0011809602086471083
2013-08-13,0.011068998468602048,0.002956171889835657
2013-08-14,-0.004560238785491852,-0.005129070491932453
2013-08-15,-0.02505007665927244,-0.013986113091962848
2013-08-16,0.0021412961056572364,-0.003305716303173667
2013-08-19,-0.003437034092752346,-0.00639198310792366
2013-08-20,0.008648009018286149,0.004915969609867066
2013-08-21,0.0024779982856520857,-0.006159776620839996
2013-08-22,0.009145209874262759,0.009114645956301404
2013-08-23,0.0031628897191872396,0.003371861766696904
2013-08-26,0.006339681778948092,-0.003720481591749203
2013-08-27,-0.032990258166084245,-0.016084613520972124
2013-08-28,0.00862278428470889,0.003551280627050124
2013-08-29,0.0071440092074498045,0.001586116283467165
2013-08-30,-0.007518645591028325,-0.003167324613604805
2013-09-03,0.010128740915096182,0.0045215477199742615
2013-09-04,0.00967972437430973,0.008273069362188412
2013-09-05,0.005600593809298698,0.001267586183837377
2013-09-06,-0.004928048141674617,0.00048146177742425245
2013-09-09,0.008925259945574445,0.009576135743004421
2013-09-10,0.01762773280363068,0.007397032898975198
2013-09-11,0.0034800445813782284,0.003138626687295698
2013-09-12,-0.0036371272329446995,-0.002656561328910345
2013-09-13,0.00378187553430825,0.002249223943596723
2013-09-16,0.004063961338859125,0.005787647929068607
2013-09-17,0.005211674321247429,0.004462302172143273
2013-09-18,0.008543684615293853,0.011574829890085292
2013-09-19,-0.005606938238003481,-0.0016762878099745304
2013-09-20,-0.006441671882763112,-0.006991719401367669
2013-09-23,-0.010606025228889624,-0.004626921153599306
2013-09-24,0.004078339229216164,-0.002354113329549823
2013-09-25,-0.0036769055272384207,-0.0028905379085496508
2013-09-26,0.01284844463671468,0.003845520834718341
2013-09-27,-0.003378997943227185,-0.004596791517656906
2013-09-30,-0.0061593842370344905,-0.0053279594534770824
2013-10-01,0.00903419331865349,0.007916034455254906
2013-10-02,-0.004989859442290202,-0.0009450377931465859
2013-10-03,-0.013758461037529316,-0.009220964428367173
2013-10-04,0.007298895051962507,0.0075765847473794334
2013-10-07,0.0005931894280438185,-0.008644645894391512
2013-10-08,-0.01782828239457599,-0.011646143768096473
2013-10-09,-0.004324342849018543,0.000724769021249072
2013-10-10,0.03378728026667607,0.021557952873264563
2013-10-11,-0.010332961997574757,0.006442942589728329
2013-10-14,0.01829245222777689,0.003994349094817995
2013-10-15,-0.011164449836106871,-0.007254080772625349
2013-10-16,0.014700284082053464,0.013965525703910853
2013-10-17,0.014304535390579695,0.006683741081676908
2013-10-18,0.0010045487270975344,0.006754399202373307
2013-10-21,-0.010083934964679898,5.686031013896198e-05
2013-10-22,0.007560866102397774,0.005791949232803129
2013-10-23,0.01783317462409992,-0.004788977469969313
2013-10-24,0.002465641219647291,0.003322086960887205
2013-10-25,0.007306677599947652,0.004567909315569496
2013-10-28,-0.008225106060310626,0.001591283749701633
2013-10-29,0.013625532101176778,0.005333541680666354
2013-10-30,-0.004069900341421553,-0.0049666653802880045
2013-10-31,0.002186230459338064,-0.002836052265815181
2013-11-01,0.009477601718577021,0.0023888831944205435
2013-11-04,0.006001717920198246,0.0035188335681437533
2013-11-05,-0.0014687162917510822,-0.0031667293468589097
2013-11-06,-0.006919531767635777,0.00510517167981428
2013-11-07,-0.009706579692730555,-0.012642934614936041
2013-11-08,0.01855749227112479,0.013490981125259038
2013-11-11,-0.0008716346166729879,0.00016960179692682154
2013-11-12,-0.0049087872103458835,-0.00203061581534858
2013-11-13,0.0022758647966826537,0.008024573227592757
2013-11-14,0.008884739501050473,0.004989514956209584
2013-11-15,0.002973922179194821,0.004350827390489753
2013-11-18,-0.003320065655400921,-0.0034991729628072177
2013-11-19,-0.0004000782481094052,-0.0021735956343655882
2013-11-20,-0.00544189479755927,-0.0031280268143109025
2013-11-21,0.015510112650193923,0.00806864603649271
2013-11-22,0.011887180726715973,0.0050026187846383685
2013-11-25,-0.0008214879260428893,-0.0009956061085151235
2013-11-26,0.0027203889841992167,0.0002768851507999326
2013-11-27,0.012980109862016486,0.0024347231601329344
2013-11-29,-0.002073296346770981,-0.0006617674739305413
2013-12-02,-0.00536597499800069,-0.0025971695036848264
2013-12-03,0.0020691894138535148,-0.0043208809659021075
2013-12-04,-0.008130477389521605,-0.00011085500627516787
2013-12-05,-0.008934333091683632,-0.0043958094894208655
2013-12-06,0.012965019973852092,0.01117705615053155
2013-12-09,0.00621114960151277,0.0025424994699863035
2013-12-10,-0.00453164396373723,-0.0035831866976250293
2013-12-11,-0.014366701347258131,-0.011231377259875441
2013-12-12,-0.002004317639582101,-0.0033009585408695363
2013-12-13,0.002453121005525432,-0.00011218122718203993
2013-12-16,0.0027484578890010786,0.006231740668984687
2013-12-17,0.0022654657363115793,-0.0031802502214172135
2013-12-18,0.007967621720945232,0.017072326754451028
2013-12-19,-0.0040525102184296394,-0.001155695511342203
2013-12-20,0.009434874705091927,0.0058171124489452275
2013-12-23,0.0008068003145496504,0.005342598417375832
2013-12-24,0.004729584669657123,0.0021914053028446734
2013-12-26,0.006029331193867653,0.0050839560812410145
2013-12-27,-0.005676090331936646,-5.425345004939075e-05
2013-12-30,-0.0052170868062412674,-0.00016338224753276176
2013-12-31,0.008626178699546114,0.004733034339587716
2014-01-02,-0.00977753935978647,-0.009583810537065252
2014-01-03,-0.004511703900962534,-0.0001642129547281268
2014-01-06,-0.0016641283591207734,-0.002897668871562842
2014-01-07,0.009623865795172916,0.0061420260073967725
2014-01-08,0.01273694987530553,0.00021736081178058697
2014-01-09,-0.00016783983159359035,0.0006542950446875029
2014-01-10,-0.0009372285095394821,0.0027225713594494216
2014-01-13,-0.013391581251666769,-0.01330493863685056
2014-01-14,0.012711899688983602,0.010897776761314537
2014-01-15,0.0010952315183014704,0.005389840920018374
2014-01-16,-0.0015508160902312728,-0.0012992904055461052
2014-01-17,-0.005208333536190534,-0.004229715390596245
2014-01-21,0.007511646840276609,0.00294015202003739
2014-01-22,0.01137704542298934,0.0006515424103825662
2014-01-23,-0.00613037769853551,-0.008192999256432798
2014-01-24,-0.024326310678548776,-0.021335942329402502
2014-01-27,-0.007333295215494053,-0.004919337503453525
2014-01-28,0.010041843341879606,0.00595505626277637
2014-01-29,-0.01238345826383774,-0.009605544704272662
2014-01-30,0.013742797190031105,0.010600849690711067
2014-01-31,-0.006454911835572896,-0.00585865442019895
2014-02-03,-0.022244481887633755,-0.02250514521249325
2014-02-04,0.004173018135125636,0.007004639667784307
2014-02-05,0.003392831825219605,-0.0012541084664049462
2014-02-06,0.011243845383833306,0.013186657864336926
2014-02-07,0.02136316884318789,0.01239594498890595
2014-02-10,-0.004061972755146775,0.0018369282377899143
2014-02-11,0.01506962168856424,0.010943024910849974
2014-02-12,0.00163843654403785,0.0004950805754990739
2014-02-13,0.0047337643258996715,0.0051628603395670325
2014-02-14,0.006319215493005466,0.005519009310781309
2014-02-18,0.0032324697759332733,0.001195294282902104
2014-02-19,-0.006943641978636119,-0.006621686008934091
2014-02-20,0.010245449938102918,0.0059011483493247585
2014-02-21,-0.0020235757216296624,-0.0011408982270006973
2014-02-24,0.007298198122987064,0.0055466385098690285
2014-02-25,-0.0055202817290624425,-0.0003787352356244833
2014-02-26,-0.002670768957062964,5.447398054392316e-05
2014-02-27,0.005226995107853058,0.005247713030442025
2014-02-28,0.003471220364219663,0.002529182446677103
2014-03-03,-0.0011289846328312422,-0.007032342847738904
2014-03-04,0.017988427070457447,0.014056139251960031
2014-03-05,-0.0008168869627878787,0.0009058202329896847
2014-03-06,0.0008856953591815375,0.0022900664067229126
2014-03-07,-0.003412168095976765,0.00042546148395605776
2014-03-10,-0.0034901007741616444,-0.0005312514343988051
2014-03-11,-0.006160989066918417,-0.0049425456276451785
2014-03-12,0.005356175470784732,0.00026708699591337925
2014-03-13,-0.010379561635846593,-0.011212953329831965
2014-03-14,-0.0040078508394311915,-0.002808372976764728
2014-03-17,0.006529330910241365,0.009043659392627523
2014-03-18,0.004939922930980322,0.007137902666429996
2014-03-19,-0.00809741185362936,-0.005328699217592603
2014-03-20,0.001419575748004752,0.005839309982802687
2014-03-21,-0.016282235718559843,-0.0038784447799633526
2014-03-24,-0.012722551985763726,-0.004135517447429904
2014-03-25,0.005759321790016957,0.004745961358752604
2014-03-26,-0.004669869543232652,-0.007192426830699428
2014-03-27,-0.006116357580109208,-0.002108303780578691
2014-03-28,0.0050528342345480155,0.004929937815948637
2014-03-31,0.014439724980716193,0.008194706376772887
2014-04-01,0.005396072116495752,0.006630551783240346
2014-04-02,-0.0005646871543968648,0.003346541728049157
2014-04-03,-0.002833912906336764,-0.0013234973759778113
2014-04-04,-0.020201370849084813,-0.011822261248028654
2014-04-07,-0.015752041089946843,-0.011051333585982204
2014-04-08,-0.0023177469288568923,0.004122761815159581
2014-04-09,0.018820642364522376,0.010750950904587109
2014-04-10,-0.024537656936736173,-0.021005982729887074
2014-04-11,-0.01125018110936544,-0.009008733030509863
2014-04-14,0.005432984217674864,0.007878667977339271
2014-04-15,0.007558216594617912,0.006887662934209171
2014-04-16,0.007559658085410264,0.01047724422118379
2014-04-17,0.007142330745870964,0.0013971115843400828
2014-04-21,0.007202851519822183,0.0034871032268648516
2014-04-22,0.003959300335382629,0.004545019572292475
2014-04-23,0.005025114494518707,-0.002342209441104859
2014-04-24,0.0013464187146593957,0.002027130847070735
2014-04-25,-0.01658382561422983,-0.008198563416764726
2014-04-28,-0.00778163499407543,0.0031671037255083245
2014-04-29,0.006145065228746203,0.004655193430467719
2014-04-30,0.019906016492415492,0.0029827920898382043
2014-05-01,0.00478149379912021,0.00010577518611465386
2014-05-02,-0.006229570526754185,-0.0014333256302715425
2014-05-05,0.004568228609157212,0.0019140429049533392
2014-05-06,-0.0039147476603429154,-0.008703742415678839
2014-05-07,0.0046670065217141185,0.005889523053471901
2014-05-08,-0.0038359124305035316,-0.0010645526658911164
2014-05-09,-0.0058557056055225055,0.0014917029070717902
2014-05-12,0.00734958278249901,0.009736304441208876
2014-05-13,0.0019473634376970476,0.0008958718253879727
2014-05-14,-0.0017873628128599682,-0.00473803229143821
2014-05-15,-0.010690634089000239,-0.008780521584290657
2014-05-16,0.00530917620445549,0.0034689086660439905
2014-05-19,-0.003165652857152125,0.003669157593561012
2014-05-20,-0.001657803432543418,-0.006305197355877978
2014-05-21,0.004384768853003908,0.008424706022315487
2014-05-22,0.0037488801929215403,0.0024319721719014975
2014-05-23,0.005274881903933255,0.0040088933942930005
2014-05-27,0.007286151346611998,0.006146635749096019
2014-05-28,0.004298806786711146,-0.0007311410624718517
2014-05-29,0.007662899275347792,0.0051728429458937075
2014-05-30,0.003654871589210188,0.0016115729918799726
2014-06-02,-0.00034475885089625354,0.0011417002170124313
2014-06-03,0.0011947435940037271,-0.0005183275723605885
2014-06-04,0.004273731653184321,0.0020229720927051886
2014-06-05,0.0047108409158181,0.006521935487556085
2014-06-06,0.0035491772746296187,0.004782713786344317
2014-06-09,-0.00024782180929655215,0.0010234965790594241
2014-06-10,0.0028910414014724703,0.00010232151255284982
2014-06-11,-0.000798752744900556,-0.003476567519934415
2014-06-12,-0.004340698588263748,-0.007079964440418696
2014-06-13,0.0005517267952555534,0.0030485618793218983
2014-06-16,0.042973711005126515,0.0008243008833102028
2014-06-17,0.009283625529112126,0.0027792909708372893
2014-06-18,0.00424528712522042,0.0073397354147248794
2014-06-19,0.004856783275379514,0.0011209698261567258
2014-06-20,0.00018620623697976943,0.0020302026918652682
2014-06-23,0.003475619531874729,-0.0003059843257368078
2014-06-24,-0.007105032855669987,-0.006024253235294652
2014-06-25,0.004305645795032241,0.004519474351309061
2014-06-26,0.0005693639295081304,-0.000715595003112135
2014-06-27,0.0019678851886405176,0.0019446998191683385
2014-06-30,0.004820332131792804,-0.0005106347383709853
2014-07-01,0.005218836837626761,0.0066928086971704825
2014-07-02,-5.458678460774392e-06,0.001015092522211658
2014-07-03,0.001476496323696791,0.004918277079803968
2014-07-07,-0.002761641015049374,-0.0034815597635672324
2014-07-08,-0.0033780268635777585,-0.0064296309057302325
2014-07-09,0.0030416502201243614,0.004483911490719139
2014-07-10,-0.0031190987506249167,-0.003956817311148941
2014-07-11,-0.003307033887025109,0.0013751195230566893
2014-07-14,0.00899867912754912,0.005035370288162699
2014-07-15,-0.007909940041677329,-0.0018725745031069607
2014-07-16,0.015521935643254384,0.003701306919308145
2014-07-17,-0.016746886685791128,-0.011365741293586584
2014-07-18,0.004782008075445345,0.010219482384467904
2014-07-21,-0.0004066235513269122,-0.0018717201824929308
2014-07-22,0.01076732906423323,0.004357898523651205
2014-07-23,0.002590790870887261,0.002220208091564979
2014-07-24,-0.00039895423352026213,5.013239637907674e-05
2014-07-25,-0.006277614835701003,-0.0046816625917787125
2014-07-28,-0.002829995680546854,0.0004048082559795496
2014-07-29,-0.004175857635444312,-0.004297512292957273
2014-07-30,-0.007303448007599646,0.0001523493411976773
2014-07-31,-0.021215452804983447,-0.019748157274276923
2014-08-01,-0.001319730779815988,-0.003055360588942846
2014-08-04,0.007169566613711332,0.007220450138833545
2014-08-05,-0.014380866123136122,-0.009696589532675381
2014-08-06,0.0020287518630776194,0.00031311969586877986
2014-08-07,-0.010997397147213725,-0.00541459673406941
2014-08-08,0.009241343115875005,0.011568462799313561
2014-08-11,0.006373761773135022,0.002898196699014921
2014-08-12,0.00043285798989886647,-0.0013931421102919561
2014-08-13,0.012828141837470747,0.0067686420906529765
2014-08-14,0.004179619904136009,0.004722292226689184
2014-08-15,0.005525920174638366,-0.00020433550692178226
2014-08-18,0.008026047701163766,0.008378992489491921
2014-08-19,0.005228314729673908,0.005219291345860411
2014-08-20,0.0018140394227158512,0.0026711546819047083
2014-08-21,0.004278762728803018,0.0029159385865642484
2014-08-22,-0.0007895467827661958,-0.0015541226936808261
2014-08-25,0.0031576705345128697,0.005070511612294881
2014-08-26,0.001366618488609785,0.00064906037330692
2014-08-27,0.002439731985158255,-0.0003991626875058385
2014-08-28,-0.0006777964423231717,-0.0005492537668593256
2014-08-29,0.0055239733203227255,0.0028479424541150156
2014-09-02,0.00029952680186401154,-0.0004982868318176292
2014-09-03,-0.005941862379135,-0.0005479897932493261
2014-09-04,-0.0023366027709962487,-0.0014462942458209893
2014-09-05,0.00466872188529854,0.0044945708885981706
2014-09-08,-0.0010815109815267526,-0.0025851428376799657
2014-09-09,-0.005732871736753107,-0.006331554184424104
2014-09-10,0.007296255164377357,0.003763073191381361
2014-09-11,0.000648202825990591,0.0011495488002351006
2014-09-12,-0.010900976331388892,-0.005841135716914914
2014-09-15,-0.00334946409414814,-0.0007535007499019919
2014-09-16,0.010639233557582436,0.007538350780785574
2014-09-17,0.0008903244393602051,0.0013470015428125315
2014-09-18,0.00678048314205317,0.005329761985450876
2014-09-19,-0.00487215668995666,-0.0009009849040527707
2014-09-22,-0.006093144566971942,-0.007722834610779605
2014-09-23,-0.003299541873779927,-0.005724266569914871
2014-09-24,0.010700796774132049,0.007827936231634025
2014-09-25,-0.017480243321301044,-0.016135313896276537
2014-09-26,0.011770699123951022,0.007944905408199254
2014-09-29,-0.0005545065377118037,-0.0018189088063776948
2014-09-30,-0.0056717095967723395,-0.002632277427372265
2014-10-01,-0.016253121279535824,-0.013551862559459171
2014-10-02,-0.009645283481980547,0.0001543364196485708
2014-10-03,0.014781850170922047,0.011008998550281257
2014-10-06,-0.001955856979766645,-0.0011699607992425864
2014-10-07,-0.016506282901145728,-0.015436842831042408
2014-10-08,0.018781492640836263,0.017489782847339264
2014-10-09,-0.01923782171377493,-0.019833379076216073
2014-10-10,-0.02166480335633475,-0.011414407611219923
2014-10-13,-0.0173965761278852,-0.016426786065371513
2014-10-14,0.007337769871243298,0.001547429969229297
2014-10-15,-0.009083598293114269,-0.006766073100397896
2014-10-16,0.0021900891927932255,-0.0008582286046321386
2014-10-17,0.01647006085398434,0.011810879126027185
2014-10-20,0.015644894326555275,0.009709716115598344
2014-10-21,0.02338643715521253,0.01981079438378397
2014-10-22,-0.004056805212322753,-0.007110959978165021
2014-10-23,0.009679778164639267,0.01162495541066888
2014-10-24,0.010258535484789512,0.007695191930712442
2014-10-27,0.003428470260694412,-0.0013744137024858105
2014-10-28,0.012122828680426618,0.011470029516138736
2014-10-29,0.003500626120152798,-0.0015120631224957437
2014-10-30,-0.002289296682424331,0.006410352327163915
2014-10-31,0.017271861468479154,0.011435514658559853
2014-11-03,0.0036983856594067135,0.0005455401039962116
2014-11-04,-0.0029721140172970038,-0.0034690581681536825
2014-11-05,0.0030060728006057872,0.006315798784901627
2014-11-06,-0.0010921103281387645,0.004003542426342266
2014-11-07,0.0038695473060633553,0.000935061685070071
2014-11-10,0.010118768328398413,0.00314761184313328
2014-11-11,-0.0006947601989256236,0.0009805763947214885
2014-11-12,-0.00264990240146659,-0.0010777044215281029
2014-11-13,0.0007887201272096893,0.001127828086153082
2014-11-14,-0.003628196350745389,0.0002448012400844135
2014-11-17,0.0027987659180003107,0.000636436305026411
2014-11-18,0.005740773520623899,0.005773871578928391
2014-11-19,-0.0020992507224082495,-0.0016052867564022577
2014-11-20,0.0002730895618799935,0.0017540294423081804
2014-11-21,0.0029691698186031126,0.0053506557644456
2014-11-24,0.004949929796630165,0.0028063977298540266
2014-11-25,-0.0004068534609209897,-0.0007238831099513066
2014-11-26,0.00723772492464885,0.002559131841717077
2014-11-28,0.00554367064653143,-0.002118778853148706
2014-12-01,-0.013943113634682095,-0.00694996527521019
2014-12-02,0.004739867686099962,0.006463575710519365
2014-12-03,0.0094112572321349,0.00386313441097208
2014-12-04,0.0012517659114662572,-0.001105972680246814
2014-12-05,-0.0007277284926376145,0.0016368853516470772
2014-12-08,-0.004527367455241217,-0.00668238556051759
2014-12-09,0.0038648954311921342,-0.0006775583544442743
2014-12-10,-0.012705108938470084,-0.016031584356813178
2014-12-11,0.00559370940404602,0.0050699501741402475
2014-12-12,-0.011546751339694891,-0.01616160003106748
2014-12-15,-0.0037304487775462344,-0.0068695514718807305
2014-12-16,-0.012200173686883007,-0.008019163902683868
2014-12-17,0.018856591179548406,0.01960462540384844
2014-12-18,0.018120318154792675,0.024728863270883306
2014-12-19,-0.0054146466144146185,0.004254911955335894
2014-12-22,0.013128214751863817,0.004599734914803699
2014-12-23,-0.00233773064599976,0.0013494637846371837
2014-12-24,-0.004342306542125172,9.667214564190729e-05
2014-12-26,0.008019155185895882,0.0032246355701548435
2014-12-29,0.00238429570400656,0.0013434488306258707
2014-12-30,-0.006072421323599584,-0.005366055922413682
2014-12-31,-0.008284251079167405,-0.00992315050021364
2015-01-02,-0.0035626675286557523,-0.0005349931987376211
2015-01-05,-0.009938169366610608,-0.018059765829538943
2015-01-06,0.002574964059109972,-0.009418832366943297
2015-01-07,0.017878860086802263,0.012461037932960384
2015-01-08,0.015676614423281502,0.017745112673692276
2015-01-09,-0.008568007351714159,-0.008013818922574356
2015-01-12,-0.002137450535507459,-0.007833458980562424
2015-01-13,-0.0019373648351994903,-0.0028126734053841584
2015-01-14,-0.001234027615648145,-0.00603720192153212
2015-01-15,-0.004802296585998841,-0.009160663169525463
2015-01-16,0.0185127466703226,0.013114291803431044
2015-01-20,-0.005810717534429039,0.002132672946132619
2015-01-21,0.004046716663705759,0.005047958708102707
2015-01-22,0.015978637653137166,0.014871294277480462
2015-01-23,0.0038913724607176946,-0.005483082430668751
2015-01-26,0.004058333010562384,0.0023418003771367157
2015-01-27,-0.005353039150379654,-0.013190560552188368
2015-01-28,-0.006353973573318063,-0.012823950012169072
2015-01-29,0.008332162474481725,0.009243052888306735
2015-01-30,-0.02508500802289278,-0.012575014056868894
2015-02-02,0.005357399025688809,0.012384481240548917
2015-02-03,0.003913648683309953,0.01446114251758579
2015-02-04,-0.0032296831240276923,-0.0038082112255204414
2015-02-05,0.004030883388911307,0.010094938526166608
2015-02-06,-0.019150189193052138,-0.0027650551451149363
2015-02-09,-0.004314382173543514,-0.004475957627517513
2015-02-10,0.011044958327217837,0.01065335409348478
2015-02-11,0.00167828593650142,0.0005805309898507804
2015-02-12,0.008441811823854107,0.009616656024727943
2015-02-13,-0.001153117169550012,0.004116600411421922
2015-02-17,-0.0004121878708096416,0.001572627826404327
2015-02-18,0.0069164684277818736,9.53232250959779e-05
2015-02-19,-0.007817703227811218,-0.0007134969205728758
2015-02-20,0.015527483387582178,0.006000303432960541
2015-02-23,0.0038436803109895418,-0.000141914642224239
2015-02-24,-0.009418165451012732,0.002840876624824018
2015-02-25,0.0041870476783582135,-0.0008500661471856352
2015-02-26,0.005281058236696166,-0.0011810231134015137
2015-02-27,0.0019068526186101626,-0.00340630978835077
2015-03-02,0.004489868845119019,0.006313564551395645
2015-03-03,-0.0030407457397604466,-0.004104092489186528
2015-03-04,-0.006873996475057969,-0.004215436276403306
2015-03-05,0.0011407768236031094,0.00109396945176643
2015-03-06,-0.021918424804415693,-0.014064584326091034
2015-03-09,0.003427684949355846,0.004144683149202688
2015-03-10,-0.012187866044596466,-0.016221931207720863
2015-03-11,-0.0026959915678021356,-0.0023415961865690393
2015-03-12,0.01193384257863243,0.012714031376251933
2015-03-13,-0.006163353012425838,-0.006132677980535628
2015-03-16,0.014856285260221579,0.013360642089979224
2015-03-17,-0.004435647650844447,-0.0029722784046178896
2015-03-18,0.004685839681747418,0.012021485607965232
2015-03-19,0.00042720628394199867,-0.004561863028195612
2015-03-20,0.005076757454649549,0.008827197410775645
2015-03-23,0.0011266076647008473,-0.0019485523252686932
2015-03-24,-0.0049061629220146915,-0.005619303479249549
2015-03-25,-0.021031231410045547,-0.014653521183673246
2015-03-26,-0.004833118861184195,-0.0023813703238573236
2015-03-27,0.007206250730238225,0.002289470784628156
2015-03-30,0.011239888103515791,0.012200005010708281
2015-03-31,-0.008821679029754432,-0.008739771478683656
2015-04-01,-0.0034928489350245485,-0.0035362039483745056
2015-04-02,2.056341974027132e-05,0.003597621430312836
2015-04-06,0.0008247434144283394,0.006733077184655878
2015-04-07,-0.004893675627486669,-0.0026462685160243415
2015-04-08,0.00575040079131993,0.003376922378484748
2015-04-09,-0.0011320797607696448,0.00442358340154736
2015-04-10,0.0065880211277138286,0.005457116845365428
2015-04-13,-0.0047696349754199185,-0.004522988071590572
2015-04-14,-0.002290734131574531,0.0019130411133643221
2015-04-15,-0.0003743649472223413,0.00448722904981258
2015-04-16,0.0027124652571771874,-0.00028522470642211584
2015-04-17,-0.012882753527493922,-0.01150353776926738
2015-04-20,0.007883925379371309,0.009136980880624312
2015-04-21,0.006072908976903975,-0.0011917791538997857
2015-04-22,6.498854357139785e-05,0.004914494103788636
2015-04-23,0.002351927279815328,0.002516337820137604
2015-04-24,0.0026583709641136042,0.002320123939165253
2015-04-27,-0.009679012750649672,-0.004157074584322906
2015-04-28,0.001116637757637766,0.003178448550533952
2015-04-29,-0.01936872073645526,-0.004114874676382274
2015-04-30,-0.014524691683228556,-0.010020308752625495
2015-05-01,0.013561108896109808,0.010841444067502426
2015-05-04,0.006191700383670164,0.0028474513003999835
2015-05-05,-0.01106441086198016,-0.011451908373622088
2015-05-06,-0.004474652223210314,-0.004116612142622822
2015-05-07,0.005714108812113769,0.003989378000024191
2015-05-08,0.010464055913346754,0.01316633955736779
2015-05-11,9.547522926367303e-05,-0.00477283814581364
2015-05-12,-0.0018487965768404359,-0.0029913417010191123
2015-05-13,0.0005559545530557217,0.00019061554757193733
2015-05-14,0.011829630424389094,0.010427618020898644
2015-05-15,0.0016879320330717242,0.0010835274779457116
2015-05-18,0.007868701011645801,0.0031069236076890494
2015-05-19,-0.0014381543612327762,-0.0003285641745571777
2015-05-20,0.0015779824453277104,-0.0007038423558449747
2015-05-21,0.0014261496789648941,0.0029124819844033034
2015-05-22,-0.0024212648380880757,-0.0023890323430955096
2015-05-26,-0.005171354092870693,-0.010751500962517646
2015-05-27,0.009514680988424397,0.009492200239274773
2015-05-28,0.0022988593232067026,-0.0011283776191076678
2015-05-29,-0.002701795431524423,-0.006213432967905885
2015-06-01,0.000657499882426319,0.0020367740050506455
2015-06-02,-0.007521601151211319,-0.0009923006314569438
2015-06-03,-0.0018564653418282995,0.0026494576891291644
2015-06-04,-0.005377460853877155,-0.00844646091028678
2015-06-05,0.0021996472491442338,-0.0017132673464390624
2015-06-08,-0.00813570121442921,-0.006149962761284211
2015-06-09,-0.004068504382087624,-0.00014394629289904426
2015-06-10,0.008920013458738375,0.011993350061432428
2015-06-11,0.0021469161055158023,0.0032235643764615407
2015-06-12,-0.0029163141289378683,-0.007654713838188054
2015-06-15,0.013871022533748882,-0.004285616583314167
2015-06-16,0.0020533104572233118,0.005451812048321347
2015-06-17,0.004401018025999763,0.0016167554176487187
2015-06-18,0.004399527713815642,0.0103998335943003
2015-06-19,-0.0003783125818040273,-0.004439484575987307
2015-06-22,0.00767801724693847,0.005123190281351997
2015-06-23,0.0027795593836522775,0.0007080805176888916
2015-06-24,-0.007920831905802657,-0.0072631283157834625
2015-06-25,0.004709515867543277,-0.0030402496164783077
2015-06-26,0.0016825899557205495,-0.00019058418445283554
2015-06-29,-0.01687977283336332,-0.020970083541549944
2015-06-30,0.0021193175780645454,0.0020930399955212398
2015-07-01,0.0011550598930749265,0.008015474218518559
2015-07-02,0.0026103614236451,-0.0009158129489440503
2015-07-06,-0.004789167364739002,-0.0028459372308818898
2015-07-07,-0.0009767069730814487,0.006288909964659917
2015-07-08,-0.015508825816201246,-0.01677732938192722
2015-07-09,0.009151533305513118,0.0018088668480502612
2015-07-10,0.00783364466897082,0.012591809056583969
2015-07-13,0.00827285482695616,0.01103718012967958
2015-07-14,0.004652966823547877,0.004338150338564661
2015-07-15,-0.008083464879133456,-0.00033228912810623346
2015-07-16,0.012908901909822303,0.00802430790030173
2015-07-17,-0.004982501257098478,0.0008481587714699312
2015-07-20,-0.00302011865977479,0.0005174504427152282
2015-07-21,-0.0073359268892927414,-0.003951214967475303
2015-07-22,-0.0016899195936738785,-0.001794604548193579
2015-07-23,-0.0013863005769689926,-0.005630301807080462
2015-07-24,-0.01661769923360703,-0.010371763872097373
2015-07-27,-0.010867826568716689,-0.00581727316943792
2015-07-28,0.008446465185612387,0.012282952647311607
2015-07-29,0.005346788870671703,0.006879098646574544
2015-07-30,0.011317697400980545,0.00023696345877954883
2015-07-31,0.009133440993854651,-0.0015179039936548122
2015-08-03,0.003395634731035278,-0.0033730831502806202
2015-08-04,-0.0005101772396518254,-0.0019541620309919683
2015-08-05,0.0027960689760539313,0.0032956591911237343
2015-08-06,-0.011412914697363977,-0.008187708843189534
2015-08-07,-0.004531040109413033,-0.0019200921013378114
2015-08-10,0.006688181423385448,0.012599371466694764
2015-08-11,-0.0052189173895659585,-0.009023047600602907
2015-08-12,0.00010772537748943243,0.001198140677427073
2015-08-13,-0.00032428441558167106,-0.0012447638614102585
2015-08-14,0.0039649757483398995,0.003642449430230288
2015-08-17,0.00832683913194917,0.005586843942668063
2015-08-18,-0.001521322588118058,-0.002896788662979155
2015-08-19,-0.007189455166248865,-0.007905376123475971
2015-08-20,-0.024236495276083646,-0.020881063236694475
2015-08-21,-0.0309802552111072,-0.030102977747774484
2015-08-24,-0.03979334531701707,-0.042106735665905504
2015-08-25,-0.005753016803652466,-0.011767668336303383
2015-08-26,0.03749456198225698,0.03839418127485805
2015-08-27,0.023545887877083116,0.02473467085743608
2015-08-28,-0.0024131531619276587,5.020104694830607e-05
2015-08-31,-0.008999558243554728,-0.008079306344296877
2015-09-01,-0.021276877097011898,-0.0298473762094984
2015-09-02,0.01553717390810282,0.018981071854038856
2015-09-03,0.00803635386075866,0.0007164172300351268
2015-09-04,-0.012981213703200042,-0.015136770028915336
2015-09-08,0.017802386856476025,0.025130862758200756
2015-09-09,-0.013305773039852076,-0.013371784997378677
2015-09-10,0.003090680221210949,0.00544182241260871
2015-09-11,0.0046710943721675405,0.004544421637621143
2015-09-14,-0.002733599113002284,-0.003711059897486546
2015-09-15,0.01330269385404271,0.012500095459677008
2015-09-16,0.006436337761740367,0.008666507599796924
2015-09-17,0.0032730516778258344,-0.0022480480045610207
2015-09-18,-0.011794230300554924,-0.01634137643166178
2015-09-21,0.007068775942246862,0.005167381958297801
2015-09-22,-0.01002240942688527,-0.012979422310189781
2015-09-23,0.002629878632645976,-0.0015988445463639422
2015-09-24,0.0006237531283916915,-0.003615730726835409
2015-09-25,0.0067165143028610815,-0.000259270936528222
2015-09-28,-0.017291947089456753,-0.025097136460188296
2015-09-29,-0.003914955682021017,0.0005848645741490799
2015-09-30,0.014781190969466534,0.01865819650948719
2015-10-01,-0.004278930338794195,0.002609419097915344
2015-10-02,0.011356666119713997,0.014937485892783986
2015-10-05,0.015674797458901303,0.017795387962032283
2015-10-06,-0.004855951825301311,-0.003426540204567563
2015-10-07,0.006597489861490171,0.008190804454172751
2015-10-08,0.007801551568976644,0.009026581409396828
2015-10-09,-0.0008175304629316957,0.0005963165382123492
2015-10-12,0.007922090417969315,0.0009438682524447461
2015-10-13,-0.00619829626324662,-0.006302381858050987
2015-10-14,-0.007855218896652843,-0.004794038100373599
2015-10-15,0.00597404796815751,0.015354897476370866
2015-10-16,0.005582379974607542,0.004546212497740676
2015-10-19,0.001503168110390115,0.0004921774254502687
2015-10-20,0.0010991332498721661,-0.0012783710003020365
2015-10-21,0.0025098929231013893,-0.0062036901513200515
2015-10-22,0.012826721878133385,0.016893678204094265
2015-10-23,-0.002081528835324285,0.010961895030558555
2015-10-26,-0.00017723771407673235,-0.002457949426417194
2015-10-27,0.000912926696337764,-0.0019321820251625432
2015-10-28,0.001150299098056578,0.011374687865007171
2015-10-29,-0.006426178633638905,-0.0005744882708789145
2015-10-30,-0.003878542968143834,-0.004309660377056601
2015-11-02,0.0047877945774193196,0.011830940204322848
2015-11-03,-0.008341722959705046,0.0028993926294660355
2015-11-04,-0.0014670809448386766,-0.003033194119001381
2015-11-05,0.005096338141686781,-0.0009984000563558748
2015-11-06,-0.008518824830027897,-0.0005233336282990386
2015-11-09,-0.009240691567114585,-0.009331386923919216
2015-11-10,0.0031406511878629925,0.002306426277707052
2015-11-11,0.0044073536275249705,-0.003931328488447794
2015-11-12,-0.011454556661036308,-0.01396025128889411
2015-11-13,-0.00944507464486052,-0.01122791127923417
2015-11-16,0.011233571559658713,0.015206775838047193
2015-11-17,-0.0012745330098169452,-0.0007296077031594406
2015-11-18,0.012085040847223857,0.015866169618486747
2015-11-19,0.0035579280043203628,-0.0008623797784121923
2015-11-20,0.003443932058136555,0.003644156705443491
2015-11-23,0.0024024318450005353,-0.0011465668110944849
2015-11-24,-0.0011949008652688182,0.0013392401892273753
2015-11-25,-0.0002937087115939376,-0.0001430440679824896
2015-11-27,0.0012876517211322387,0.0011464249439996355
2015-11-30,-0.006570903808975712,-0.004151486535659665
2015-12-01,0.010999628930351868,0.009535507534867982
2015-12-02,-0.005363239405002682,-0.010204847742289025
2015-12-03,-0.011769972874028818,-0.0140029862145572
2015-12-04,0.018562766227712038,0.01950269793989956
2015-12-07,-0.005204813086546894,-0.006058158774735478
2015-12-08,0.0031132158676028397,-0.006719775804675643
2015-12-09,-0.014745548277869381,-0.00777929822658574
2015-12-10,0.0018447284016061332,0.0025808546783894215
2015-12-11,-0.012553980176761828,-0.019381210200269283
2015-12-14,0.008297518865400557,0.0050526340030179195
2015-12-15,0.010902032391488183,0.010497866862810623
2015-12-16,0.013386301697103253,0.014632017116685825
2015-12-17,-0.007907282686798337,-0.0152381025543612
2015-12-18,-0.012910903812854268,-0.01781524440556581
2015-12-21,0.007797610963537847,0.00824922461855504
2015-12-22,0.007178093813129881,0.009074123092724928
2015-12-23,0.0067294429450719855,0.012383260996364998
2015-12-24,-0.0014303940978982255,-0.0016502710070438464
2015-12-28,0.0030771684037771943,-0.002285128574578299
2015-12-29,0.00980864447668436,0.010671936098230805
2015-12-30,-0.004481115593411924,-0.007087779116990545
2015-12-31,-0.011095809571404549,-0.010003262009494307
2016-01-04,-0.008428479534140158,-0.013979403648517241
2016-01-05,0.0040215700407826285,0.0016911385275142354
2016-01-06,-0.007948656361891725,-0.012613936268041082
2016-01-07,-0.018702170822203296,-0.023991854166776405
2016-01-08,-0.008227757064896698,-0.01097645271518033
2016-01-11,0.0023291095635885137,0.0009901209892857477
2016-01-12,0.006647407780727883,0.008067997613129707
2016-01-13,-0.015927681033123323,-0.024940325741376834
2016-01-14,0.012179826104240963,0.016417044165309758
2016-01-15,-0.01733532702930988,-0.021466609716842666
2016-01-19,0.011906287693875108,0.0013312049177971463
2016-01-20,-0.008749555906731063,-0.012815048488049485
2016-01-21,0.0031542380411472837,0.00560216163253946
2016-01-22,0.00960855778239603,0.020515176012346537
2016-01-25,-0.0022628669359932956,-0.015116917898314819
2016-01-26,0.003851782912582225,0.013643433316611997
2016-01-27,-0.008646850115082415,-0.010883328918205759
2016-01-28,0.011680790838174025,0.005209343405095268
2016-01-29,0.01369864486967774,0.024377086441815354
2016-02-01,0.008934059843089216,-0.00036111246495929006
2016-02-02,-0.004367443376341855,-0.018021966179459503
2016-02-03,-0.010953509251349997,0.005994568774869924
2016-02-04,-0.002758390517682688,0.0015684159159676803
2016-02-05,-0.020517458866705626,-0.019050532732565073
2016-02-08,-0.002165103995361034,-0.013460812535839084
2016-02-09,0.00282690281107201,5.423052627562264e-05
2016-02-10,0.0033292249554254124,-0.0008627735414167281
2016-02-11,-0.007778887551894448,-0.01300822213493713
2016-02-12,0.00859334985914717,0.020616903823454713
2016-02-16,0.008545133724491772,0.016878319550520215
2016-02-17,-0.0018977572964344737,0.0163346740884458
2016-02-18,0.005076825423303324,-0.004095954007608649
2016-02-19,-0.00038366234483227233,-0.0004683077015612547
2016-02-22,0.008172514437879266,0.014478738431268123
2016-02-23,-0.002527956695140535,-0.01262928723395873
2016-02-24,0.0021059237824871944,0.004575722070645272
2016-02-25,0.011159515221727137,0.012111836297160616
2016-02-26,-0.009459659248579557,-0.002301794720385275
2016-02-29,-0.0005009657145755932,-0.007842232943226612
2016-03-01,0.0013373412462553006,0.023506724761021225
2016-03-02,0.005532913449131265,0.004492749344262581
2016-03-03,0.00460746639578127,0.0039194582846897585
2016-03-04,-0.0018393856855828347,0.003253629089536858
2016-03-07,0.0004182690852964858,0.0007984747106442036
2016-03-08,-0.0011415621645778442,-0.010917641104092102
2016-03-09,0.004931077061040666,0.00493932014761822
2016-03-10,0.00819788704756308,0.0008024985293262343
2016-03-11,0.0014603190682369903,0.016137072609362813
2016-03-14,0.00038160119515492165,-0.0012824662099446549
2016-03-15,0.00015126197758194224,-0.001629568334221676
2016-03-16,0.009446041099977402,0.005787136874104926
2016-03-17,0.001075590061580711,0.006344412995086479
2016-03-18,0.004242832863503819,0.003929397184243788
2016-03-21,-6.813189357787871e-05,0.0014186775436630938
2016-03-22,-0.0034693518371626975,-0.0005374807954821037
2016-03-23,-0.01123641414483324,-0.006599687031125012
2016-03-24,0.0021585511784073803,-0.000442707709592538
2016-03-28,0.003058446657858923,0.0005911868070731519
2016-03-29,0.019387931747842136,0.0092499739310401
2016-03-30,0.0009804079503537965,0.004387953433091507
2016-03-31,0.001252656990857167,-0.0024271793877531644
2016-04-01,0.005264613111106273,0.006812061012212878
2016-04-04,-0.00244308553343646,-0.0032378161792206983
2016-04-05,-0.005120110503859597,-0.009988040475336635
2016-04-06,0.002614348351045731,0.010921156538013621
2016-04-07,-0.001994735138825393,-0.011966122219953301
2016-04-08,0.00699823677693419,0.002697155288442721
2016-04-11,0.005812820960340938,-0.0023473832052144372
2016-04-12,0.0023444347049182412,0.009312942182308381
2016-04-13,-0.004134759373370041,0.010101035650083023
2016-04-14,-0.006155042232181539,4.792261507935436e-05
2016-04-15,0.006136697422265983,-0.0011061391022374467
2016-04-18,0.0038895734092383445,0.007027106690644658
2016-04-19,0.0024602266405414353,0.0031543634703268264
2016-04-20,-0.009562991666810619,0.0009526001629165393
2016-04-21,-0.007456801465690926,-0.005378483484444807
2016-04-22,0.00511078726453636,0.0
2016-04-25,0.0014288577933237732,-0.0017222774904546156
2016-04-26,0.003778400804652954,0.0014856476928035711
2016-04-27,0.009093511916495297,0.002058218120572386
2016-04-28,-0.0034572132026730864,-0.009075752290557237
2016-04-29,0.004356930050378607,-0.00539870676220966
2016-05-02,0.006762523666516152,0.00794825223059581
2016-05-03,-0.007448188280998659,-0.008703141423155092
2016-05-04,-0.0052222700810252015,-0.005578235689888356
2016-05-05,0.0017001121606181947,-0.00019501190045667638
2016-05-06,0.011849867759362722,0.003659070233924977
2016-05-09,-0.010064810766782133,0.0008263329300177702
2016-05-10,0.014656126469832715,0.012433871618604986
2016-05-11,0.0004772424305454696,-0.009354722087045686
2016-05-12,0.00127422760539268,0.0002904071449028045
2016-05-13,0.005228696411155145,-0.008713858546090414
2016-05-16,0.013863176115546204,0.009864945987868134
2016-05-17,-0.010294217305173574,-0.009333341439942133
2016-05-18,-0.014415279629813017,0.0002926585575053764
2016-05-19,0.000984684375356473,-0.0034650346858448033
2016-05-20,-0.0019291541767425466,0.006317555218359638
2016-05-23,-0.0007219160191109125,-0.0013626809828434228
2016-05-24,-0.0030040108932653064,0.012962477545385154
2016-05-25,0.002798451522886266,0.006782828860580903
2016-05-26,0.005424073878436464,0.0002868928007844218
2016-05-27,-0.0017979956887951931,0.004299069157025048
2016-05-31,0.001412035480613328,-0.0019022905395985612
2016-06-01,0.002428667660549883,0.0020488512977998585
2016-06-02,0.0009849460002872164,0.0030438456935255598
2016-06-03,0.01006850773850935,-0.0029870919274602725
2016-06-06,0.0037380834765090637,0.005088521500811849
2016-06-07,-0.0005646047134553661,0.0015611386190990117
2016-06-08,0.004366947939707775,0.003259782061254768
2016-06-09,0.010185052003971658,-0.001365471846382471
2016-06-10,-0.007947285692582202,-0.009477709733579753
2016-06-13,0.0001202441777422424,-0.007711589065442448
2016-06-14,0.0010185200330525513,-0.00196678954326579
2016-06-15,0.002834573173708989,-0.0013939779496463522
2016-06-16,0.005301255116266873,0.00298420108495967
2016-06-17,-0.0040909580522962416,-0.003724173442860357
2016-06-20,0.0016761223298225553,0.0064401609819628725
2016-06-21,0.0017727998617513932,0.002838304578500317
2016-06-22,7.625693876590416e-05,-0.0016308905377232508
2016-06-23,0.010722296602381992,0.013022588748872854
2016-06-24,-0.01368123524227747,-0.035908971750791885
2016-06-27,-0.0017467232087031409,-0.01790990742936105
2016-06-28,0.011579838652948083,0.01803591786927594
2016-06-29,0.012318953573751974,0.01702754690423114
2016-06-30,0.01702830272530853,0.013645561911322712
2016-07-01,0.005436936819922143,0.0021004368048795907
2016-07-05,0.002385344965581239,-0.00719329732074292
2016-07-06,0.00903852019122814,0.005998195697467956
2016-07-07,-0.005096595545421676,-0.0006203178952380872
2016-07-08,0.012079180530573988,0.01489038952498345
2016-07-11,0.0007119912845812119,0.0035270748661930806
2016-07-12,-0.004344499275517114,0.007263288993082151
2016-07-13,0.0056469834568705305,-0.00013956339681842067
2016-07-14,0.004848962749993157,0.005583315099159547
2016-07-15,-0.005896053642730463,-0.0013416991736674433
2016-07-18,0.005288926750794134,0.002687417417772675
2016-07-19,6.342320187167211e-05,-0.0010166701205157613
2016-07-20,-0.007902246997774401,0.004162886982370662
2016-07-21,-0.004511865014528924,-0.0037769916509643453
2016-07-22,0.017992171307271952,0.0044849517793534854
2016-07-25,0.004498986386695468,-0.0027156216592416627
2016-07-26,0.007324570420150029,0.00046150582853154987
2016-07-27,-0.0024250529456371368,-0.0010613199770507231
2016-07-28,0.004966636611547795,0.0011546226371887958
2016-07-29,0.0063906694907243135,0.001614623914781843
2016-08-01,-0.0013484469655597818,-0.0008289289198183392
2016-08-02,-0.0016947989794606543,-0.0064073943853082405
2016-08-03,-0.004165281796166906,0.0029228389095585783
2016-08-04,0.004958073258921934,0.0010639531467198093
2016-08-05,0.003998870857975551,0.008178687575802313
2016-08-08,0.00023482415943976392,-0.0005957669346646766
2016-08-09,0.0027987677848817956,0.0005961220844916681
2016-08-10,0.0027120918290987647,-0.0024747871842709657
2016-08-11,0.0061417790731941296,0.004640449896645915
2016-08-12,0.008472063262332479,-0.0008687263104357745
2016-08-15,-0.002203166712592154,0.0028837412819762154
2016-08-16,-0.015485469905520688,-0.005157606162215167
2016-08-17,-0.004648204647783196,0.0018809983669760832
2016-08-18,0.0037491149501029776,0.0022438617200577493
2016-08-19,0.0026513915922575116,-0.001462216627666879
2016-08-22,-0.0012743755925957614,-4.57024192032085e-05
2016-08-23,0.0010720114009278609,0.0020135329494754828
2016-08-24,-0.018742403199291734,-0.0051147382926404195
2016-08-25,0.0011704351973210103,-0.0006889376704146688
2016-08-26,-0.0027841028561588887,-0.0018832455084561994
2016-08-29,0.007148504146439296,0.004924375514900214
2016-08-30,-0.013494539404784789,-0.0016484434540365855
2016-08-31,-0.0033896180056162393,-0.0028445842499188467
2016-09-01,0.010361044341615772,4.63572833087067e-05
2016-09-02,0.004527467007559642,0.004508119011383149
2016-09-06,0.005669435956228911,0.00302255308491306
2016-09-07,-0.007652946888020783,-9.185292307656301e-05
2016-09-08,-0.005947441664294371,-0.0022826650759261158
2016-09-09,-0.033669865001333274,-0.023934754483826093
2016-09-12,0.019200607258164908,0.014347181502347262
2016-09-13,-0.015366797806865607,-0.014375747945395867
2016-09-14,0.0025187563969225673,-0.00037480813393142576
2016-09-15,0.015754205269767445,0.00999293104825627
2016-09-16,-0.0005925099250146507,-0.0038656817313195146
2016-09-19,0.006546488000322036,0.0001876312043689321
2016-09-20,-0.003834112524659288,4.664909550733398e-05
2016-09-21,0.020960470967462126,0.011245406111412892
2016-09-22,0.0030140994995154413,0.00630168725384217
2016-09-23,-0.006867443498470682,-0.005479518212331835
2016-09-26,-0.01000653335107411,-0.008102212706808554
2016-09-27,0.009681586010056212,0.0062080928836576454
2016-09-28,0.005956134044159108,0.004963458744089211
2016-09-29,-0.004690672318929662,-0.009047195735309765
2016-09-30,0.007436156329182354,0.007546234848818667
2016-10-03,-0.006658715480452914,-0.002404109316579084
2016-10-04,-0.011246099586848819,-0.0050978621966540905
2016-10-05,0.002509229585564231,0.004425239707730011
2016-10-06,-0.002532941888734602,0.0006956653650078692
2016-10-07,-0.003566665038212719,-0.003429195310233668
2016-10-10,0.004011838724864797,0.005207994900882085
2016-10-11,-0.015024631106123367,-0.012629277550748164
2016-10-12,0.006217914373942513,0.0013117162801332682
2016-10-13,-0.0037774086290032387,-0.003275410761465203
2016-10-14,0.0024626995965215705,0.0005163570944393125
2016-10-17,-0.004163914220482488,-0.0034721628467314636
2016-10-18,0.009905374933085765,0.006262294313519101
2016-10-19,-0.006009153729782279,0.002667411339101644
2016-10-20,0.005680308413190763,-0.001866850005463161
2016-10-21,-0.0031974685546674593,0.0004673776159287435
2016-10-24,0.0177641979970217,0.004253035330633814
2016-10-25,0.005500860476792356,-0.0033509070157842213
2016-10-26,-0.0023266753538726858,-0.0020073432422473836
2016-10-27,-0.010303737434904729,-0.0026669530047365164
2016-10-28,-0.00780470691691534,-0.0029553785212081962
2016-10-31,0.013152104464240803,4.7007334900595055e-05
2016-11-01,-0.017992052255742984,-0.007245396780550251
2016-11-02,-0.004992292246059588,-0.0060185267874444115
2016-11-03,-0.0074206046498357355,-0.004577185828303021
2016-11-04,-0.002751189965437536,-0.0011016617142411977
2016-11-07,0.027925283180384,0.02205702276650201
2016-11-08,0.0034536069435015084,0.004503876723503497
2016-11-09,0.011109633119395397,0.010602218850481515
2016-11-10,-0.011164154009634457,0.0024954841546533935
2016-11-11,0.06931873375482482,-0.002304875610147916
2016-11-14,-0.006795597023699688,0.0007853728274309635
2016-11-15,0.006382537532716349,0.007802749922702246
2016-11-16,0.0158709754212562,-0.0018782484221759876
2016-11-17,0.007021429294855369,0.005140673102524085
2016-11-18,0.009282962121277438,-0.0022377094427847855
2016-11-21,0.0021243411458244828,0.007551561793808226
2016-11-22,0.006468501513141388,0.0019533013287682532
2016-11-23,0.0014423460042979094,0.0005439303330738721
2016-11-25,0.004549089841401518,0.0037156287425728074
2016-11-28,0.00011070944706971165,-0.0046951555592792404
2016-11-29,0.002507120040846939,0.0019505393030323503
2016-11-30,-0.01251565564848315,-0.0023993268526159017
2016-12-01,-0.004188514979057855,-0.0036754471210502793
2016-12-02,0.001323264726166155,0.0005010920552013243
2016-12-05,0.007014859244557518,0.006008879186593541
2016-12-06,0.007573418606030944,0.003167204897636111
2016-12-07,0.00971646258463333,0.013080675646602424
2016-12-08,0.0022700091041224233,0.002449033027317027
2016-12-09,0.0004718456193596338,0.006040312810824622
2016-12-12,-0.007791591395932546,-0.0011479109018338596
2016-12-13,0.004969844204461808,0.006674429299914797
2016-12-14,-0.005112926249998221,-0.00825470418698493
2016-12-15,0.00794408044502985,0.004117120395706886
2016-12-16,-0.0003487506167455293,-0.00195574952109534
2016-12-19,0.0034585859831449137,0.0021773569329244236
2016-12-20,0.007062767216956971,0.0038575186546125906
2016-12-21,-0.004227134729843371,-0.002782531122077714
2016-12-22,-9.961335509838616e-06,-0.0017273293309226778
2016-12-23,0.005065893864893953,0.0014642541016052224
2016-12-27,0.010358547754902327,0.0024811214509223856
2016-12-28,-0.014810103288959955,-0.008264750063422976
2016-12-29,0.005494018679720188,-0.00022264900333657245
2016-12-30,-0.007570705271093236,-0.0036552660535196235
2017-01-03,-0.0002566672922400372,0.007650289728236892
2017-01-04,0.007874076983885812,0.0059491643825051455
2017-01-05,-0.003847184819618599,-0.0007946668401392909
2017-01-06,0.005185430377755013,0.003577908022143861
2017-01-09,0.0011144804443652834,-0.003300842175236185
2017-01-10,-0.0019498845397757252,0.0
2017-01-11,0.002511757462807444,0.002826120870691451
2017-01-12,-0.008963403266355988,-0.002510138219082081
2017-01-13,0.001448713663868499,0.002295587290479073
2017-01-17,-0.019744314324499024,-0.0035234523325534672
2017-01-18,0.006500976633787665,0.0022100029269338517
2017-01-19,-0.0017046661339059146,-0.0037044181702615697
2017-01-20,0.0037448745774900523,0.003673991048895875
2017-01-23,0.004270338429671394,-0.00260235768758299
2017-01-24,0.013131814396614752,0.006411624511873937
2017-01-25,0.006895343990450747,0.00865580586444814
2017-01-26,0.004490844164411916,-0.0010454478828063607
2017-01-27,0.0019261931583722765,-0.0015698129818678686
2017-01-30,-0.0057918937674457886,-0.006201595622250533
2017-01-31,-0.002781590044747381,-8.799759416289188e-05
2017-02-01,0.00926426541302493,0.00039536378866933397
2017-02-02,0.0007816610885453856,0.0006589639242291501
2017-02-03,0.003594425256098234,0.006893032757501638
2017-02-06,0.0062325004685649535,-0.0017875978913480806
2017-02-07,0.002168566329135103,4.3617773972659535e-05
2017-02-08,0.0022346976904202356,0.0013104832484174267
2017-02-09,0.0036823178495196244,0.005932706991362835
2017-02-10,0.0004403047422126059,0.003945913562221293
2017-02-13,-0.0019638750758717914,0.00544276213861461
2017-02-14,-0.0003779657910560521,0.003995380052346675
2017-02-15,0.0035350359186406416,0.005220317357180759
2017-02-16,-0.0025570492637965172,-0.000851466300501702
2017-02-17,0.0022839627535408977,0.0015764571555587636
2017-02-21,0.00733748046329569,0.005955202318330688
2017-02-22,-0.0032038925139092375,-0.000887887550285793
2017-02-23,-0.013643080698038441,0.0006768482879979665
2017-02-24,0.002816983672906715,0.0012689142105308804
2017-02-27,0.0031492421040966636,0.0015630805422452987
2017-02-28,-0.008727414342299317,-0.002699332251612785
2017-03-01,0.019440642831598895,0.013997539324544395
2017-03-02,-0.01359613039176157,-0.0062973222339446355
2017-03-03,-0.0018935017307269229,0.0006296582770579651
2017-03-06,-0.0028587073266040626,-0.002978116668847175
2017-03-07,-0.0005888735512025304,-0.002986937991910632
2017-03-08,-0.0021643344840508202,-0.0018565920763631283
2017-03-09,0.0015443346898413913,0.001268345227478429
2017-03-10,0.005040478122970444,0.0035040688296357203
2017-03-13,0.0033252530397912634,0.0005051640645585831
2017-03-14,-0.006161408815056417,-0.0038268000109988876
2017-03-15,0.0029246928718704305,0.008653578374320015
2017-03-16,-0.003531190971213845,-0.0019670286211354027
2017-03-17,-0.0022761875020666737,-0.0017562883333515078
2017-03-20,0.007036105524989371,-0.0010968738982541915
2017-03-21,-0.02094884485543744,-0.012839527312757393
2017-03-22,0.003295154804781627,0.0023533859878259733
2017-03-23,-0.003287429093178859,-0.0010671615508183185
2017-03-24,-0.003137348074327292,-0.0007264871953063246
2017-03-27,0.0008796144331058514,-0.0010263392203115895
2017-03-28,0.008949000903073758,0.00727694503737597
2017-03-29,-0.001272919318048637,0.0009347245224753387
2017-03-30,0.004755105840112795,0.003184209928650761
2017-03-31,-0.006047504676403633,-0.0023276655441902827
2017-04-03,-0.003679204119769048,-0.001738998670576919
2017-04-04,0.0017725757983160547,0.0006372306771313951
2017-04-05,-0.0030758784164605715,-0.0029726464960622145
2017-04-06,-0.002924435698335198,0.0028111482071782046
2017-04-07,0.003090374731440284,-0.0010194516456297764
2017-04-10,-0.008735280706561429,0.0005953119316313149
2017-04-11,-0.0024572981934203333,-0.0011896164059094216
2017-04-12,-0.005505751884044471,-0.0043818945274527454
2017-04-13,-0.006149651917522401,-0.006494924853088002
2017-04-17,0.01398184156505118,0.008859904482134917
2017-04-18,0.00016048420184012655,-0.0029843282632061596
2017-04-19,-0.0036805485906544625,-0.0018386036183231091
2017-04-20,0.0030934993086548486,0.008139100571117996
2017-04-21,-0.003710571314096396,-0.0031868410330775365
2017-04-24,0.009732566841045436,0.010997913353383293
2017-04-25,0.01095435811323891,0.005818717476763657
2017-04-26,-0.0066841741115699444,-0.0006289242761450264
2017-04-27,0.003283220467065355,0.0008389458039976816
2017-04-28,-0.0032678259258732203,-0.0021793864161780974
2017-05-01,0.013496057217046938,0.0025200724033001
2017-05-02,-0.008647625464545373,0.00037710487555697725
2017-05-03,0.0031490351154976034,-0.0012143137351287026
2017-05-04,0.00011438683628540395,0.0011739527986858178
2017-05-05,0.004410273509812722,0.0039369376553515245
2017-05-08,-0.006775993679852997,-0.0001664974285396914
2017-05-09,0.0029756192606023362,-0.0009181644874975969
2017-05-10,8.169246379972732e-05,0.0017956856070073801
2017-05-11,0.004085873536896252,-0.0020427696364586634
2017-05-12,-0.0006403973932375541,-0.0016710224838972776
2017-05-15,0.005012204103564947,0.0055234128186503195
2017-05-16,0.008168864342933678,-0.0009154998473922538
2017-05-17,-0.02736515975212953,-0.017743930300204824
2017-05-18,0.010502394430244536,0.004028403731030528
2017-05-19,0.009055105610493393,0.006504265523446406
2017-05-22,0.00951151793189808,0.005077368921336367
2017-05-23,0.0018978785848939059,0.0022128179906510947
2017-05-24,0.0060438665429336565,0.0023329164505099254
2017-05-25,0.01030187571800353,0.004779227746887882
2017-05-26,0.0056541722286755315,-0.00020663958686084616
2017-05-30,0.005375376510031998,-0.0008688810137521541
2017-05-31,-0.0007239907148386302,-0.0002483218781994534
2017-06-01,0.00850275732712959,0.0079523552526235
2017-06-02,0.007040371589608326,0.0033283858142261202
2017-06-05,0.0003105331559817377,-0.0007372517072458118
2017-06-06,-0.006990415807787399,-0.003196825993024066
2017-06-07,0.003680055592464442,0.0018503321901222058
2017-06-08,0.010178870757512951,0.0004925298673867928
2017-06-09,-0.02470087604769352,-0.0015179342754453318
2017-06-12,-0.007353332221638467,-0.00020531109438259865
2017-06-13,0.007453359138791725,0.004889938247239156
2017-06-14,-0.0009832734348490793,-0.0012678581271073908
2017-06-15,-0.001779090780833591,-0.0019242305059264941
2017-06-16,0.002694006099940466,0.00021850663886247013
2017-06-19,0.01878975709704123,0.00832482147100988
2017-06-20,-0.005037801030579169,-0.006743870004537134
2017-06-21,0.008665814927373023,-0.0002468062727848386
2017-06-22,-0.00020684683998141678,-0.0004530103238782335
2017-06-23,-0.004623677317411824,0.001194441333669749
2017-06-26,-0.005094929000277792,0.0006578731768309698
2017-06-27,-0.016435747799272094,-0.008056131353966989
2017-06-28,0.015760333451709265,0.008950651616464134
2017-06-29,-0.02056773858828434,-0.008788973796260868
2017-06-30,0.0013620126214280747,0.0018644675667025545
2017-07-03,-0.010380358105976763,0.0016953713826526329
2017-07-05,0.013748569007860806,0.002312242536904874
2017-07-06,-0.004184991080318402,-0.009144466045412969
2017-07-07,0.012884219766825245,0.006484988753931997
2017-07-10,0.006947861656100024,0.0010740000422395646
2017-07-11,-0.0008070263421809689,-0.0007425907283956645
2017-07-12,0.013418177542832291,0.007514864839949231
2017-07-13,-0.005702789035255877,0.001680088018211734
2017-07-14,0.010778707023456862,0.004664202094885939
2017-07-17,-0.004615449746058672,-0.00012222862286270786
2017-07-18,0.0018903724348312036,0.0005296270187662433
2017-07-19,0.01632288449325584,0.005413720842272873
2017-07-20,0.0037301762168601973,0.0004453169439302407
2017-07-21,-0.008632633802762562,-0.0008901665825468141
2017-07-24,0.004085480230761636,-0.0002430792803745918
2017-07-25,0.0033665874992506416,0.0024309581355008714
2017-07-26,0.0021495994816890956,4.027144511065117e-05
2017-07-27,-0.019414281626345693,-0.000929461494794448
2017-07-28,0.0070515329325996036,-0.0011732325041934333
2017-07-31,-0.006969590080742709,-0.000566879754257843
2017-08-01,-0.0024693362622382367,0.002228782445982125
2017-08-02,-0.0009357769998143842,0.0004851520599811199
2017-08-03,0.0027430625938624532,-0.0019395256661608462
2017-08-04,0.0004971757801625622,0.0018218299517125391
2017-08-07,0.009090155034051904,0.0018592146707807622
2017-08-08,-0.0047818512900878,-0.002460788251968604
2017-08-09,-0.003435674172182199,-4.0580788275623725e-05
2017-08-10,-0.012602682021251269,-0.014115321682373616
2017-08-11,-0.0031985104852757535,0.0014767125745926979
2017-08-14,0.01760851750695143,0.009913372138273147
2017-08-15,0.00021466182568982348,-0.0001216717485159613
2017-08-16,0.0036258232903025444,0.0017443160196264351
2017-08-17,-0.00971629462764449,-0.015590737744780925
2017-08-18,0.00105356216216236,-0.0015632642623280013
2017-08-21,-0.0009543240504127292,0.0007828198672323872
2017-08-22,0.014880065023618327,0.01045714155123223
2017-08-23,-0.0020917599767692426,-0.0035855323004698736
2017-08-24,-0.002201609392602674,-0.0023309807998757037
2017-08-25,-0.006618005865361038,0.002336426966274452
2017-08-28,-0.0038666027442494696,4.0957210098113705e-05
2017-08-29,0.008039661741197641,0.0011448932997391026
2017-08-30,-0.003963897395335082,0.004737613265059615
2017-08-31,0.0024847806245159396,0.006015973121876961
2017-09-01,-0.002302628343268687,0.0014142670307100147
2017-09-05,-0.010819689031145881,-0.007181887450272373
2017-09-06,-0.005630686066439312,0.0034133112734635596
2017-09-07,0.0058028858167920895,-0.00012128158463253769
2017-09-08,-6.678914154121304e-06,-0.0011747297965414294
2017-09-11,0.009923415586528669,0.010665819955459677
2017-09-12,-0.005098481524281137,0.0033708008861570438
2017-09-13,0.00041768230974662045,0.00047964512563525297
2017-09-14,0.001844019490116782,-0.0003196101176552446
2017-09-15,0.013795622137628076,0.0013463486908671385
2017-09-18,0.009225025582811701,0.002126871344002801
2017-09-19,-0.005079725137838781,0.0010011698922787193
2017-09-20,0.002306788089463297,0.0003599017453597142
2017-09-21,-0.004186984713277673,-0.002679373091780124
2017-09-22,-0.0029702218353889346,0.00020045703365223488
2017-09-25,-0.011774907197473343,-0.002044545353762306
2017-09-26,-0.002996384883227289,0.0006025523777124508
2017-09-27,0.002440479507403592,0.003894574019117636
2017-09-28,0.00557682432972109,0.0011994976506906063
2017-09-29,0.004750483944007085,0.003514904971934074
2017-10-02,0.008253631887471866,0.004339124033917008
2017-10-03,0.00320014324396163,0.0021399199803762148
2017-10-04,0.0008174729974004976,0.0011863058339856014
2017-10-05,0.0034938205988562752,0.005925258024661595
2017-10-06,0.001059126137439054,-0.0011389189650774512
2017-10-09,0.0023032581033496737,-0.00165103779665432
2017-10-10,0.007541533751260738,0.00263826190619465
2017-10-11,0.0021252529748567736,0.0015709903049039298
2017-10-12,-0.00015730748003528282,-0.0014899495367224347
2017-10-13,-0.0007260195012414915,0.001217360088613395
2017-10-16,0.00017760987986598347,0.0013335038344644001
2017-10-17,-0.005230947156104521,0.0007050083646793492
2017-10-18,0.004369736562358104,0.0009787044310571869
2017-10-19,0.0012468456172588722,0.00027372024033400777
2017-10-20,0.012675348538334012,0.005160295744055521
2017-10-23,-0.001695530620705792,-0.0038894404031193375
2017-10-24,0.009044075988188096,0.001757252339884996
2017-10-25,-0.013885618443367954,-0.004950089562635096
2017-10-26,-1.5234798417482451e-06,0.0012926177181042942
2017-10-27,-0.0026456847348272005,0.008176033147764272
2017-10-30,0.0034500975548398985,-0.003725007469690733
2017-10-31,0.005093061545080795,0.0015579574632005322
2017-11-01,0.004237146414658098,0.0013223665339829882
2017-11-02,0.007278566816155865,0.000388166918271482
2017-11-03,0.0007813540646199506,0.003338793702230447
2017-11-06,0.004753437303160654,0.0015475746382491717
2017-11-07,0.007751653784298934,-0.000695177680266057
2017-11-08,-0.002011691035446884,0.0017008571581775822
2017-11-09,-0.009640506998510523,-0.00362767824893373
2017-11-10,0.005851388409131524,-0.00030993158624703643
2017-11-13,0.004833314159989189,0.000929812961897758
2017-11-14,0.0020046494205751327,-0.002322373032196956
2017-11-15,-0.009402569648672981,-0.005005299534045382
2017-11-16,0.01704072957695347,0.008501048794955945
2017-11-17,-0.0065086315855092955,-0.0029386203300511005
2017-11-20,0.0068922513319526315,0.0017061998120877497
2017-11-21,0.010092724628766401,0.006542795548162728
2017-11-22,-0.003862789624314545,-0.0008848157191312378
2017-11-24,0.0035694958939093665,0.002309856588856851
2017-11-27,-0.004375122763514325,-0.0004990679536199805
2017-11-28,0.004456142603331688,0.01014463524336695
2017-11-29,-0.02020147877454034,-0.0006087803843324302
2017-11-30,0.014452867213268309,0.008754824326464794
2017-12-01,-0.011073904118185617,-0.002074929431885031
2017-12-04,-0.014227707258558785,-0.001210108378033592
2017-12-05,-0.002831338356656427,-0.0035964619068794557
2017-12-06,0.0053135878207385395,0.0001897476799441744
2017-12-07,0.011059255793361393,0.0031529472663081037
2017-12-08,0.0039751292083935255,0.005453201622961368
2017-12-11,-0.0025601414417013558,0.003013045065601405
2017-12-12,0.004308523019080572,0.0017646035023803908
2017-12-13,0.005809494456142859,-0.00011221212088174948
2017-12-14,-0.010380199744646408,-0.004086077008755407
2017-12-15,0.006277680781056287,0.008327354176850932
2017-12-18,0.012446885798669273,0.0063412567168184
2017-12-19,0.0017814748467695253,-0.003840415367039496
2017-12-20,0.00472305955028699,-0.000524234268543422
2017-12-21,-0.008521337976471257,0.00205947294580211
2017-12-22,0.0020307975213470697,-0.00026103533520460687
2017-12-26,0.0005336711676156791,-0.0011964489147355817
2017-12-27,0.000841724189384991,0.00048636791072231844
2017-12-28,0.0018061250616302458,0.0020576279806274744
2017-12-29,-0.008837481444067275,-0.00377052601944472
2018-01-02,0.00018009849903231987,0.007157397455299197
2018-01-03,0.004627811201626921,0.0063249596538550446
2018-01-04,0.0028467317637817214,0.004215135079561616
2018-01-05,0.014358315635995112,0.006663619954095035
2018-01-08,0.009241071424044074,0.0018291785974247077
2018-01-09,0.008772484956723055,0.002263422421533434
2018-01-10,0.00047087476899450775,-0.001530104623768902
2018-01-11,0.015258082787035058,0.007296194692353097
2018-01-12,0.013026597931635506,0.006518804056530048
2018-01-16,-0.005700467682161862,-0.003418285729613113
2018-01-17,0.01827532792156926,0.009531910195178739
2018-01-18,-0.009689236821860459,-0.0016809868618029578
2018-01-19,0.009085902447163648,0.0045496356894252354
2018-01-22,0.004881300623250721,0.008130875471761057
2018-01-23,-0.0051678510505412155,0.002122433810777258
2018-01-24,-0.007987338044322995,-0.0003881061795353302
2018-01-25,0.008659248312058247,0.00042345833037171765
2018-01-26,0.00025860299998964895,0.011577726450947123
2018-01-29,-0.0149531790863562,-0.006629861927481273
2018-01-30,-0.005500025894649173,-0.010257008300009862
2018-01-31,0.013900751812839328,0.0004969040710571804
2018-02-01,-0.0066770852335870275,-0.0011353747776082779
2018-02-02,-0.013917174809404605,-0.021769831368170123
2018-02-05,-0.04313102412999058,-0.041822540445048406
2018-02-06,0.02843438963657672,0.019702770985026152
2018-02-07,0.0034336698865745936,-0.005425302614751826
2018-02-08,-0.04458127039335766,-0.03750888607482128
2018-02-09,0.010407029675789516,0.015021645939254036
2018-02-12,0.020310677187143817,0.014684445519314915
2018-02-13,0.007433188515493042,0.0024873431020300263
2018-02-14,0.01845853540399747,0.013496022239430916
2018-02-15,0.01587996162278535,0.012760057708254502
2018-02-16,-0.003738216693798,0.00029328730815847415
2018-02-20,-0.010675545011770362,-0.006261330288457767
2018-02-21,-0.002947753807578535,-0.004974244080597212
2018-02-22,0.005007654214874389,0.0012961276021254964
2018-02-23,0.010730827759974203,0.015939492324341886
2018-02-26,0.011050949284034302,0.011612034703578411
2018-02-27,-0.010101529850654276,-0.012486417635757086
2018-02-28,-0.009079115641590797,-0.010129994521100416
2018-03-01,-0.006468608218191143,-0.01454089211086651
2018-03-02,0.00644566484399503,0.005155094832361096
2018-03-05,0.0114062573341177,0.011558112055624514
2018-03-06,-0.0002708584590135741,0.002534677620292136
2018-03-07,-0.002963430801412294,-0.0003666358923767321
2018-03-08,0.0036691046027751703,0.004839385912903671
2018-03-09,0.011651372033937454,0.017402486036906417
2018-03-12,-0.001552016744186468,-0.0012550716669605944
2018-03-13,-0.006545448395672449,-0.006462943361792539
2018-03-14,0.0022142216808102295,-0.005131465132030222
2018-03-15,0.0006112159356071109,-0.0010895462564401992
2018-03-16,0.0013300367049943794,0.0010846827303014894
2018-03-19,-0.006421860741354176,-0.013531059907207266
2018-03-20,0.0048403439255849424,0.0017008577764610067
2018-03-21,-0.0003938408882414277,-0.0019189785976403417
2018-03-22,-0.017081034367628978,-0.024997495461661523
2018-03-23,-0.01621072659045523,-0.021314507485198697
2018-03-26,0.022202447806261776,0.027359255971807883
2018-03-27,-0.009316166362098841,-0.01701166146957811
2018-03-28,-0.0070777541379023505,-0.0029550869716173933
2018-03-29,0.00909914947829519,0.012777517014083584
2018-04-02,-0.013180656273704083,-0.02158458100231686
2018-04-03,0.008597552614834147,0.012817177648321021
2018-04-04,0.008140152312732487,0.010699224916869143
2018-04-05,0.008444973464530029,0.007891597471465506
2018-04-06,-0.015828814803653498,-0.022285392544720395
2018-04-09,0.0008646916985030255,0.0049282921786897305
2018-04-10,0.00896468157509628,0.01590035992326788
2018-04-11,-0.0026934046087566327,-0.005242454228162274
2018-04-12,0.001170053599613293,0.008227278015078276
2018-04-13,0.0017668511562383784,-0.002933064484239467
2018-04-16,0.011421238718339772,0.0082215920579769
2018-04-17,0.013725409902640845,0.010698465072483287
2018-04-18,-0.001918883489704953,0.000740365912671459
2018-04-19,-0.0028825917243016615,-0.005547901933763977
2018-04-20,-0.0052480778448092975,-0.00847905236304003
2018-04-23,-0.00020757750626347474,-0.00015032054350117008
2018-04-24,-0.005854142865511621,-0.013467079353520428
2018-04-25,-0.0084062876195102,0.002471616755018058
2018-04-26,0.011820366049734748,0.010165541692279012
2018-04-27,-0.002837400843008921,0.0009391193389596264
2018-04-30,-0.0018088037104148592,-0.007690521824726959
2018-05-01,-0.004020538816798629,0.0017768453530262462
2018-05-02,-0.0012335070978106006,-0.006717541791669723
2018-05-03,0.002757106948354688,-0.0022038523756773287
2018-05-04,0.0020635399652540872,0.012946717135040364
2018-05-07,-0.0019236804149730087,0.0033832546711314304
2018-05-08,-0.0055798988399738975,0.0
2018-05-09,0.0022720849492193877,0.00966562028125506
2018-05-10,0.007102852205217348,0.009350700307822368
2018-05-11,0.002363227734835038,0.00305103877190116
2018-05-14,-0.0017992213059195288,0.00047659380791320594
2018-05-15,-0.0013383488137749277,-0.006887045284320159
2018-05-16,-0.005408380105440815,0.00420506067118942
2018-05-17,0.0021687397843761416,-0.0008445180440492805
2018-05-18,-0.00186730121560951,-0.0025002739147927944
2018-05-21,0.011455390104682822,0.007518413724290074
2018-05-22,-0.00010762158977614049,-0.0027797167339288498
2018-05-23,0.005976287895576138,0.0027511079584701115
2018-05-24,0.005456856422140033,-0.0020486057485651354
2018-05-25,-0.005431493789116899,-0.002382899029883423
2018-05-29,0.00012976938557223049,-0.011500981906426233
2018-05-30,0.012394585019076008,0.013345009055574009
2018-05-31,-0.006402183069406958,-0.00612636791359622
2018-06-01,0.0027445008760181256,0.009817922887364272
2018-06-04,0.004589913661670948,0.004751358349143198
2018-06-05,-0.0011453535129206144,0.0007276181266107073
2018-06-06,-0.009604094149674914,0.008360582959238805
2018-06-07,-0.0019705369151988114,-0.00010830848047937991
2018-06-08,0.0008847185617077971,0.00295651927066376
2018-06-11,-0.0008257558977513038,0.0013302732249120819
2018-06-12,0.0017703716735230886,0.0012921815515700708
2018-06-13,-0.0003591870734395283,-0.003190812204154181
2018-06-14,0.004442423224994124,0.0025180552229477904
2018-06-15,-0.0007878132259635901,-0.0012760297398314302
2018-06-18,0.007304500635014693,-0.0020571704189996654
2018-06-19,0.002137230212996785,-0.0038325526304699986
2018-06-20,0.0015661560605744688,0.0017057642201823153
2018-06-21,-0.008161261019816863,-0.006268775493373346
2018-06-22,0.0003032645971909919,0.0018235460335680465
2018-06-25,-0.0045908311817941735,-0.01361303375465761
2018-06-26,0.003521717997921457,0.0022141379552695906
2018-06-27,-0.0035477547689698016,-0.008284325819093663
2018-06-28,0.0017955938182856403,0.005717379708528814
2018-06-29,0.0037822124171649272,0.001439780509145061
2018-07-02,0.004167144893994087,0.0021380946017197644
2018-07-03,-0.000677921646627922,-0.00353124925111048
2018-07-05,0.005222543155463709,0.008157819325759208
2018-07-06,0.008795950637777203,0.00845800081660153
2018-07-09,-0.0029001194552056744,0.00900451973564631
2018-07-10,0.00434528650867688,0.0035986878502933806
2018-07-11,-0.0003134544374901675,-0.007314559978146784
2018-07-12,0.0030198976547140487,0.009066028393233783
2018-07-13,0.0004075623302045089,0.0007872893170406403
2018-07-16,-0.002175534287135218,-0.00089395713260354
2018-07-17,-0.00039155591678462687,0.004045421656393433
2018-07-18,-0.002232726570110883,0.0021034004677995544
2018-07-19,0.0016671670496124498,-0.003771556205765192
2018-07-20,-0.0009904418978052094,-0.0011428228331767931
2018-07-23,-0.0011816288786862098,0.0018592502679319889
2018-07-24,-0.00178325022956942,0.005032131717742416
2018-07-25,0.00612647085107425,0.008522687387599648
2018-07-26,0.0049837351345343416,-0.0023594145828914614
2018-07-27,-0.013267247652798748,-0.006776290089015147
2018-07-30,-0.010064000786143999,-0.005223434783724001
2018-07-31,0.007562530529761064,0.004929414788649389
2018-08-01,-0.006015375071849494,-0.001670476906828422
2018-08-02,0.00677665994325142,0.005447819849943691
2018-08-03,-0.00014368549521883616,0.004284421344104006
2018-08-06,0.009011881030089857,0.0036672237227708404
2018-08-07,-0.0016583201697775172,0.003301921346814396
2018-08-08,-0.004577028057307432,-0.00041960569223919997
2018-08-09,0.001736168774952155,-0.0013664738777491303
2018-08-10,-0.001601880558179298,-0.0066996499483554794
2018-08-13,0.0003272839708503487,-0.0037436449188580356
2018-08-14,0.007924362952394202,0.006380317525392698
2018-08-15,-0.009038067756064931,-0.007467354279813043
2018-08-16,0.006862935582772817,0.008091489584564293
2018-08-17,0.006909245148550762,0.0035202245740009186
2018-08-20,0.006512294042449455,0.0021403887325606163
2018-08-21,0.009739978683221526,0.002344982204431245
2018-08-22,-0.0028223220655375853,-0.0005933687381483033
2018-08-23,0.0063842389621415205,-0.0013279432305620675
2018-08-24,0.009603234260309786,0.006018486606250928
2018-08-27,0.0037211596250746213,0.007895607557847795
2018-08-28,-0.0017959793800703314,0.00048275076582848797
2018-08-29,0.005626372698524725,0.0053807438031916455
2018-08-30,-0.006281526842488308,-0.004048253502148547
2018-08-31,0.0028764944276621885,3.4462740093443855e-05
2018-09-04,0.014186210980695429,-0.0017223670752196663
2018-09-05,0.0009217436571426849,-0.0026918084015122856
2018-09-06,-0.0035616001060651955,-0.003009709338383848
2018-09-07,-0.0025133914764336376,-0.0019431722050611278
2018-09-10,0.011482714489104333,0.001738476912284126
2018-09-11,-0.001445736130214223,0.003297111192642088
2018-09-12,0.0069512669503476185,0.00024228249377555855
2018-09-13,-0.0027715112506159663,0.0059148033349591955
2018-09-14,0.002203441149398521,0.00017199966096570485
2018-09-17,-0.006127448723830452,-0.005294787450888072
2018-09-18,0.003577755637550031,0.005426465094482191
2018-09-19,-0.01170926552263978,0.0010656320372692818
2018-09-20,0.003997474264371168,0.008103853040057452
2018-09-21,0.0005466601118599033,-0.0009134230681716593
2018-09-24,0.003206321161215582,-0.003322625182162975
2018-09-25,0.002887813762586848,-0.0009276551305632541
2018-09-26,-0.0019804837657706473,-0.0029918994942127464
2018-09-27,0.00713018725086735,0.0027941446459236463
2018-09-28,0.0018468637960379387,0.00010325517532727702
2018-10-01,0.002440255899246405,0.003474289761322691
2018-10-02,-0.008751260420609131,-0.0005833003867943276
2018-10-03,0.0008036877729151481,0.0005492468662173788
2018-10-04,0.0004918269753589844,-0.007815696083012691
2018-10-05,-0.0015930305446959709,-0.00559737561752105
2018-10-08,-0.0025524483472326334,0.0
2018-10-09,0.004557859695614921,-0.0014591549577140928
2018-10-10,-0.03051221690543457,-0.03166322730476645
2018-10-11,-0.024242195286142083,-0.022026741060462096
2018-10-12,0.020358554400185483,0.013888777112597062
2018-10-15,-0.001385260098534403,-0.005616940728460418
2018-10-16,0.026915311702254804,0.021865525670084596
2018-10-17,-0.0004302826613855977,0.00017844805242317463
2018-10-18,-0.0032961797083325404,-0.014440913205454042
2018-10-19,-0.013892118692056359,-0.0005427818190442135
2018-10-22,0.007763637718010242,-0.004488264447512935
2018-10-23,-0.009262666417406206,-0.005091110835109269
2018-10-24,-0.031027213473139314,-0.030298259959479545
2018-10-25,0.0009112676937463506,0.01794014525201426
2018-10-26,-0.017705880771450303,-0.017587346209325783
2018-10-29,0.0037266229406277824,-0.005539991121618959
2018-10-30,0.012822399496944593,0.014818361623746501
2018-10-31,0.011446973284588753,0.010680505235668436
2018-11-01,0.0006031045552331367,0.010642061517972534
2018-11-02,-0.012992077236256653,-0.005922882895959769
2018-11-05,0.016654116500760083,0.005517159688978701
2018-11-06,-0.002584635912999582,0.006327581570657159
2018-11-07,0.016463953121729907,0.021408421303788616
2018-11-08,0.0038487087634367805,-0.0018147699658341843
2018-11-09,-0.0017712842112026612,-0.009767829354172641
2018-11-12,-0.008622246733454493,-0.018685633462042217
2018-11-13,-0.0047484609685392535,-0.001871026023786082
2018-11-14,-0.007415399983564939,-0.0068366184002535135
2018-11-15,0.004942956452474055,0.010436699547666128
2018-11-16,0.0037586275793163385,0.0026005270752540444
2018-11-19,-0.020516607708961396,-0.016914408573971196
2018-11-20,-0.027073348602385763,-0.018506064016489132
2018-11-21,-0.005662333689313092,0.0034075246733411557
2018-11-23,-0.003390994882116342,-0.006678584647061836
2018-11-26,0.009840666260091332,0.01614414582137913
2018-11-27,0.005418794614363615,0.0033645969933124853
2018-11-28,0.018723755918078976,0.023025306159297987
2018-11-29,0.000674082535656855,-0.002185082011778694
2018-11-30,0.014409466047238766,0.006095039393060775
2018-12-03,0.0026004250624868646,0.013241623213497089
2018-12-04,-0.013299393456883213,-0.032402280092374225
2018-12-06,0.0031493493845749336,-0.0015174203196030023
2018-12-07,-0.01705437480635777,-0.023235629631189303
2018-12-10,0.006258751888093292,0.0018968676881547797
2018-12-11,0.0011228689653851414,0.0002273927595917158
2018-12-12,0.0001337236127212447,0.005035128373195086
2018-12-13,0.01279890248622159,-0.0003393353925524867
2018-12-14,-0.014187270618614044,-0.018464460736581922
2018-12-17,-0.02572774706909759,-0.01961838965918039
2018-12-18,-0.006575357179630472,-0.0010965348012591525
2018-12-19,-0.0010933002888450704,-0.014975681097000537
2018-12-20,-0.008736642623399207,-0.01627781106297277
2018-12-21,-0.00793008105941816,-0.0204893897520233
2018-12-24,-0.029758478269134494,-0.026423106718160727
2018-12-26,0.0366178561650323,0.05052479699563417
2018-12-27,0.012033382519927756,0.0076773212699552396
2018-12-28,0.002874173645200465,-0.001289956486171806
2018-12-31,0.010834372613493072,0.008758985443442446
2019-01-02,-0.008694898169523008,0.0010400375660644112
2019-01-03,-0.018078100301675955,-0.023862689569872586
2019-01-04,0.02001533985708992,0.033495845265938406
2019-01-07,-0.0011225349436158427,0.007884578634293815
2019-01-08,0.005787710370365216,0.009395196081755763
2019-01-09,-0.0023864149699477323,0.004673519527605752
2019-01-10,0.0013259158985477206,0.0035278603892432425
2019-01-11,-0.0006106412320842274,0.0003859624034634468
2019-01-14,-0.02185917232243758,-0.0061005568051411
2019-01-15,0.011576948983706696,0.011460512021666869
2019-01-16,0.0024615135547923737,0.002419801517463238
2019-01-17,0.007597217383025703,0.00758679728692524
2019-01-18,0.00038677051798034854,0.01330989610139377
2019-01-22,0.004333438270139044,-0.01351030813927756
2019-01-23,0.007867132157698055,0.0020924320482222925
2019-01-24,-0.011416484989645025,0.0005313002433480207
2019-01-25,0.0056245674725048005,0.008461495409236575
2019-01-28,-0.0040856348740479055,-0.007600143233222334
2019-01-29,0.0022331397956600663,-0.0013270040321623489
2019-01-30,0.001974119200955037,0.015830822531703204
2019-01-31,0.014563851854528291,0.00878230474350139
2019-02-01,-0.003269447801533161,0.000481595774310728
2019-02-04,0.003680404026755405,0.007035435593742756
2019-02-05,0.0025221498698596565,0.004191845494260216
2019-02-06,-0.0015535742869313652,-0.0013179395140767713
2019-02-07,0.00012734937770587755,-0.009533051041676788
2019-02-08,0.0039823469073364684,0.0012217265927161325
2019-02-11,0.0019831460120430825,0.0005542294766673894
2019-02-12,0.002657794227912024,0.012859224478356746
2019-02-13,0.0020541365343299534,0.0032472635022404717
2019-02-14,0.005650722010835409,-0.0022180947956499386
2019-02-15,0.006621850091482756,0.0108973026250887
2019-02-19,0.007220322188769458,0.001730568186251391
2019-02-20,0.0031368540178681502,0.002015181676180866
2019-02-21,-0.00014249730499279973,-0.0035560029212119426
2019-02-22,0.013411664880171814,0.006200199690314934
2019-02-25,-0.008871945432131385,0.0013615848164643118
2019-02-26,-0.003549128810463623,-0.0007154729812021143
2019-02-27,-0.009875167559939734,-0.00042989569456231
2019-02-28,0.002102419044721495,-0.0018625450752848272
2019-03-01,0.006143134251150938,0.006243592918132368
2019-03-04,-0.0004440160949279933,-0.003637172423935353
2019-03-05,-0.004731604246577025,-0.0013600132597487713
2019-03-06,-0.007370389983698065,-0.006056901767461653
2019-03-07,-0.004650363211304267,-0.008365272139733704
2019-03-08,0.0030870242480571138,-0.0020002348341146003
2019-03-11,0.005950067054787608,0.01450143188165276
2019-03-12,0.0024397622564544157,0.0037710624512332647
2019-03-13,0.0015261758070200706,0.006618728789169248
2019-03-14,-0.002711648120939657,-0.0006396696793669054
2019-03-15,0.004714735582712301,0.004940674988784366
2019-03-18,-0.00019226104710699045,0.003625600413108776
2019-03-19,0.0009093015786300095,0.000248200962986056
2019-03-20,0.0007410435578762076,-0.0030103018927089
2019-03-21,0.01438033324514788,0.01129522303535313
2019-03-22,-0.008779986646402504,-0.019246572889535685
2019-03-25,0.007789019155542656,-0.0007517235413997403
2019-03-26,0.005474753590479132,0.00745381082998775
2019-03-27,-0.006254193006623776,-0.005229170730019939
2019-03-28,-0.001991121401527795,0.0037906744308973117
2019-03-29,0.006709150874556189,0.006305397376708655
2019-04-01,-0.006975964338170972,0.011859046142231655
2019-04-02,0.006264255662555693,0.0004900863879484518
2019-04-03,-0.001805060081916551,0.0015735498623870026
2019-04-04,-0.008078622736158022,0.002653196929615298
2019-04-05,0.0107736762834439,0.004840548779552645
2019-04-08,0.0009330507195549736,0.0007622527462465278
2019-04-09,0.0018600616515655,-0.005125010777549566
2019-04-10,0.002480732118885353,0.003411163998105815
2019-04-11,-0.0008777929669697869,-0.0002776763926651826
2019-04-12,0.0038844716038324337,0.006765995775748657
2019-04-15,-0.0038545287227803983,-0.0006547497082639575
2019-04-16,-0.015831449080726166,0.0006551786863175924
2019-04-17,-0.010723627945750401,-0.002446788451513471
2019-04-18,0.00015718199311412061,0.001968715897711526
2019-04-22,-0.00047572010502196335,0.0008625191844522373
2019-04-23,0.013120858228128654,0.008991926453076893
2019-04-24,0.0037505619731649027,-0.0022197934415750797
2019-04-25,-0.003893989773781732,-0.0006159137363717093
2019-04-26,0.005776333635900727,0.0046569410716637005
2019-04-29,-0.004108112378318466,0.0015674788322237454
2019-04-30,0.010687259122284892,0.0005104547543188787
2019-05-01,-0.007616072473482849,-0.007516494324376177
2019-05-02,0.0036206773441532624,-0.002158742763074595
2019-05-03,0.009436240203876461,0.009787655108103754
2019-05-06,-0.005125289813982728,-0.004115173707868625
2019-05-07,-0.01418364845997842,-0.01669935935443756
2019-05-08,0.001170339318445146,-0.0013897644530443953
2019-05-09,-0.0014795947945873862,-0.0030256366149158387
2019-05-10,0.014681716901186932,0.0050235233916227084
2019-05-13,-0.011012629801502414,-0.025130704497890233
2019-05-14,0.009325196603145281,0.009044121043898068
2019-05-15,0.006180605582988658,0.005857587537475117
2019-05-16,0.0031816123238555534,0.009260969257817608
2019-05-17,-0.0050093505220714,-0.006465124653090459
2019-05-20,-0.02752552482647167,-0.006611845286518037
2019-05-21,0.006844069025551932,0.00901560954239411
2019-05-22,-0.014128389017970096,-0.003071643016860026
2019-05-23,-0.0038508586489715926,-0.012218633118995403
2019-05-24,-0.003843240488703019,0.002268392415558207
2019-05-28,-0.007040481502904568,-0.009300300685602503
2019-05-29,-0.004876085739228398,-0.006710884713635901
2019-05-30,0.009585880194102451,0.0027315740190820836
2019-05-31,0.002954635254305008,-0.013475579507284952
2019-06-03,0.0030339608366335763,-0.0025427128312851544
2019-06-04,0.003585781618424977,0.021706341678580987
2019-06-05,0.020937797531716446,0.008661862283182442
2019-06-06,0.0034968370579321222,0.0065029102426941154
2019-06-07,0.0016881001770183315,0.010007274990353254
2019-06-10,-0.0069254812802634295,0.004588497910850142
2019-06-11,-0.005291716646783178,-0.00024185299487977652
2019-06-12,0.0063704715384273495,-0.0017652621180893613
2019-06-13,-0.009215913965890768,0.004126228817630917
2019-06-14,0.006274442562600836,-0.001104938895533758
2019-06-17,0.005568927681365917,0.00038027582938959803
2019-06-18,0.006443413075651206,0.010470995175950293
2019-06-19,0.00833832141944677,0.0022571530096473502
2019-06-20,0.005938892601832919,0.009554361382402288
2019-06-21,-0.012609577258058446,-0.0014538503561228877
2019-06-24,-0.0006128861985400853,-0.001224104036114726
2019-06-25,-0.014655054868869446,-0.009808163936831593
2019-06-26,-0.01876088916273135,-0.0009972682664390886
2019-06-27,0.004209163740917953,0.003545861812944917
2019-06-28,-0.003623555338087788,0.005146006886015186
2019-07-01,0.01464446427003813,0.009078236636614445
2019-07-02,0.00982035830427068,0.0026044754879870347
2019-07-03,0.010636602516985541,0.007995114153771077
2019-07-05,-0.0039084341989012936,-0.0011380965726899284
2019-07-08,-0.006592436110016006,-0.005494774231931787
2019-07-09,0.003196006428925088,0.0012468890243779729
2019-07-10,0.003482345492871304,0.0047776079970143215
2019-07-11,0.0008504239495809147,0.002344930332876194
2019-07-12,0.0022407925592614064,0.004476257285280116
2019-07-15,-2.0053901469824914e-05,0.00033281314459410183
2019-07-16,-0.004041734731193009,-0.00322501635207717
2019-07-17,-0.00197595917199985,-0.006805242622255792
2019-07-18,0.009143215006387047,0.003660830730370268
2019-07-19,-0.01041734681189412,-0.005555096140731242
2019-07-22,0.014100219745292077,0.0024563532728820725
2019-07-23,0.003081622958336712,0.00715035458665314
2019-07-24,0.0030549952148388806,0.004699575078588536
2019-07-25,-0.0004174413111733876,-0.004776906221788391
2019-07-26,0.01143363388430673,0.006699787832747495
2019-07-29,-0.0025839380068926146,-0.001821224414252809
2019-07-30,-0.0045127179821451415,-0.0024547234918939065
2019-07-31,-0.019167133589994712,-0.010940366103385224
2019-08-01,-0.005725484394914662,-0.008708055376277168
2019-08-02,5.357701113831593e-06,-0.007529289080884238
2019-08-05,-0.026228121059465967,-0.03007316354928935
2019-08-06,0.01936365082087773,0.01402294058290443
2019-08-07,0.0062472124369225435,0.0005907393437323272
2019-08-08,0.020688516546551225,0.01962033074281866
2019-08-09,-0.0041755396061270355,-0.006812068253642334
2019-08-12,-0.012472528668747988,-0.012173200508157955
2019-08-13,0.015197958588527077,0.015551738795014591
2019-08-14,-0.022749346990709275,-0.029567553626821286
2019-08-15,0.008203875858818158,0.0026419423548793564
2019-08-16,0.014638746167130321,0.014754732288523753
2019-08-19,0.007573409408442979,0.012048104180439001
2019-08-20,-0.0015577305019402127,-0.007662668226324776
2019-08-21,0.00836761529097459,0.008135333685002077
2019-08-22,0.002337995359542335,-0.0003080225700310413
2019-08-23,-0.01904829432250587,-0.025686873076932404
2019-08-26,0.0148079217709176,0.01105812816743712
2019-08-27,0.0019007388935525296,-0.0039238212118825055
2019-08-28,0.005150123205240013,0.007041694886212868
2019-08-29,0.0040544920210962175,0.012772998586081163
2019-08-30,-0.004511992466596919,-0.0004443141102569159
2019-09-03,0.010641869046154235,-0.005847471880548127
2019-09-04,0.005766737086754792,0.011350812688921241
2019-09-05,-0.00894132820398957,0.012855066463514087
2019-09-06,-0.004137585025715454,0.000772359163877967
2019-09-09,-0.020138194259448017,0.0005035745650052714
2019-09-10,-0.02853827222701569,-0.0002349284044946831
2019-09-11,8.451590416342627e-05,0.00711091158487287
2019-09-12,0.019677665467764963,0.0034634871362206887
2019-09-13,-0.004861531408736892,-0.0006635411231569188
2019-09-16,0.00036684807703175784,-0.00308880257002353
2019-09-17,0.013981800368475995,0.002532295870008028
2019-09-18,0.003457046230112734,0.0005979209559028309
2019-09-19,0.010340955079048558,-6.650792843920783e-05
2019-09-20,-0.007738697080218952,-0.004724952388801218
2019-09-23,0.004795444073465665,-0.00023434841184788446
2019-09-24,-0.004812378743384233,-0.007846941705925148
2019-09-25,-0.0011709815349126684,0.005914824217467363
2019-09-26,0.0020463813583801067,-0.002083030305080391
2019-09-27,-0.02261183910508004,-0.005387366084180334
2019-09-30,0.0001946861903738114,0.00463791837372729
2019-10-01,-0.006083943042912529,-0.011894862227344372
2019-10-02,-0.015134503456172932,-0.017664783384392146
2019-10-03,0.009414337557953264,0.008192983866364134
2019-10-04,0.017455808218449245,0.013532182655058289
2019-10-07,-0.00235570502632367,-0.0043149478718772505
2019-10-08,-0.020985129813137916,-0.015524551896079486
2019-10-09,0.014319431724942294,0.009496347786684067
2019-10-10,-0.0019959293429390288,0.006763456229363918
2019-10-11,0.0015490677024724258,0.010367131326609602
2019-10-14,-0.004850859874754469,-0.0011139577031336056
2019-10-15,0.0073190043344962255,0.009900390586464747
2019-10-16,-0.003141813717300388,-0.001606155961842104
2019-10-17,0.006593219162136781,0.0029490377531486978
2019-10-18,0.0005355080450205104,-0.004377191286746407
2019-10-21,0.01052770598892126,0.00677940981203462
2019-10-22,0.0004127397437135149,-0.0032667612662321543
2019-10-23,-0.009827165844929587,0.002909688546830269
2019-10-24,0.021717494324091126,0.0016335879468558634
2019-10-25,0.00110382948637704,0.004095184808970309
2019-10-28,0.00822479818939175,0.005636662215625865
2019-10-29,-0.011016056191195323,-0.0002965234834427788
2019-10-30,0.014024620433750391,0.0030670507858543417
2019-10-31,-0.004164684441619181,-0.002663767879915735
2019-11-01,0.006138648959995174,0.009264229513129774
2019-11-04,-0.012242981924058984,0.004017670647688876
2019-11-05,-0.005101570541696035,-0.0011058643783822264
2019-11-06,-0.0021372864918637663,0.00022777893027403628
2019-11-07,-0.008759779962739328,0.0035169843517417476
2019-11-08,-0.001448495288851798,0.002466055664452682
2019-11-11,0.0001582896245706331,-0.001909921402438286
2019-11-12,0.0006986065175233261,0.0021081660826973714
2019-11-13,0.012364620060150234,0.0003233084192901803
2019-11-14,0.005064429826770191,0.0014557747486865225
2019-11-15,0.011385152576042813,0.007236528859821734
2019-11-18,-0.0015736860919692713,0.0007376980720399384
2019-11-19,-0.012054368122223618,-0.00028866677464778334
2019-11-20,-0.001636511870675043,-0.0037187874990559644
2019-11-21,-0.007361746911725295,-0.0016084154629466552
2019-11-22,-0.006117949095487244,0.002223502807553457
2019-11-25,0.006902252832270056,0.007749993794738508
2019-11-26,0.008265269960950183,0.0022658678212714722
2019-11-27,0.005519781523984636,0.004457490050274071
2019-11-29,-0.004747930275736688,-0.003708532965883915
2019-12-02,-0.008921622661532229,-0.008494945312688462
2019-12-03,-0.005417325105089808,-0.00670654996940212
2019-12-04,0.005612115890633191,0.0061705414994635
2019-12-05,0.0036896421961729086,0.0017979296065360195
2019-12-06,0.00545659825481539,0.00913398031688395
2019-12-09,-0.004383998697676183,-0.0031439291600788843
2019-12-10,-0.0007034667043842184,-0.0011155366218676965
2019-12-11,0.005062006956060088,0.0028388365426110784
2019-12-12,0.005489527942996723,0.00861908962493474
2019-12-13,0.002607122560561434,0.0005990355115574886
2019-12-16,0.017698331537588794,0.006870137138356158
2019-12-17,-0.002062975000153255,0.00021930895621857793
2019-12-18,6.0656727743987546e-05,6.237593725355595e-05
2019-12-19,0.006705108511033467,0.004098809502433909
2019-12-20,0.0017378035119157182,0.004384403628662437
2019-12-23,0.0010211519034108642,0.0015277280612815414
2019-12-24,0.001655726712982697,3.08759699809702e-05
2019-12-26,0.006289845848801164,0.005323809274314417
2019-12-27,-0.0018506846854390408,-0.0002481738540571765
2019-12-30,-0.0037273029699760466,-0.005513102695009597
2019-12-31,0.003809106387310042,0.002429448843039861
2020-01-02,0.014083992010103418,0.009351652060524795
2020-01-03,-0.008901489590916401,-0.007571827358389016
2020-01-06,0.0049677117197568675,0.003814798676177622
2020-01-07,0.0014721918762948527,-0.002811919600478774
2020-01-08,-0.0006659940481011191,0.005329588711002531
2020-01-09,0.013167666959035847,0.006780566404088972
2020-01-10,0.0006916736419781597,-0.002877403944944734
2020-01-13,0.01291047094377543,0.006876956459510142
2020-01-14,-0.0016871270674695719,-0.0015243370025017633
2020-01-15,0.0034404298869414305,0.0022597077024539836
2020-01-16,0.010121733244425453,0.00831829867994549
2020-01-17,0.0048225392476177135,0.0031125367093451928
2020-01-21,0.00045049314022415135,-0.001958262234913799
2020-01-22,0.0025056761660455446,0.00012105658916761186
2020-01-23,-9.287788722406131e-05,0.0011467236890760901
2020-01-24,-0.013215069784063158,-0.008892885218681479
2020-01-27,-0.015468229120326062,-0.01602960461730618
2020-01-28,0.017007355840967055,0.010479379103136566
2020-01-29,-7.784083215948847e-05,-0.0008261377859303254
2020-01-30,0.0045484531244780095,0.0032450188056503126
2020-01-31,-0.026466014520592707,-0.018157719237028025
2020-02-03,0.003988893811720945,0.007428587679858101
2020-02-04,0.0054803472648747254,0.01524133801333849
2020-02-05,-0.0013569129419904776,0.011548011833685479
2020-02-06,0.007332960938477538,0.0033648695380688043
2020-02-07,-0.0012537883747530084,-0.005329840698705568
2020-02-10,0.01470701046546878,0.0074655717389302545
2020-02-11,0.005760359218118821,0.0017328532390945561
2020-02-12,0.0018124241947163136,0.00644280838434641
2020-02-13,0.008632208276155507,-0.001066976872798775
2020-02-14,0.001182630659322819,0.0016023234036111056
2020-02-18,0.00013972763275820702,-0.0025772428516501744
2020-02-19,-0.0006199392190622405,0.004781235564411235
2020-02-20,-0.006156571438541696,-0.004108056635159896
2020-02-21,-0.015461699630630966,-0.01029853195821362
2020-02-24,-0.03926840675384918,-0.03316516229996769
2020-02-25,-0.031507067747794916,-0.030302123258401314
2020-02-26,-0.002055761319223101,-0.0036782922333646884
2020-02-27,-0.04741347144818427,-0.044911701351803224
2020-02-28,0.004804338472863881,-0.004201425056571284
2020-03-02,0.04701373149324164,0.04330652257986056
2020-03-03,-0.005059312373270938,-0.028632575729338194
2020-03-04,0.05264971758531299,0.04203307999858974
2020-03-05,-0.016789941717489397,-0.033241556936144834
2020-03-06,-0.010963041868956407,-0.01653132173730243
2020-03-09,-0.06686945405637555,-0.0780943555979361
2020-03-10,0.018415214580780246,0.05174460212857124
2020-03-11,-0.043204768559620334,-0.04874820436422134
2020-03-12,-0.10377827028578024,-0.09567728541279641
2020-03-13,0.038019597707464055,0.08548614862891424
2020-03-16,-0.08515628515040796,-0.1094235346610577
2020-03-17,0.09610950928073078,0.05399211634571799
2020-03-18,-0.06211349657931045,-0.050632924769215104
2020-03-19,0.012694379108671446,0.002124824056052521
2020-03-20,-0.04951361987936201,-0.043094149178190655
2020-03-23,-0.0006085122954218661,-0.025568115245763967
2020-03-24,0.12617538853556834,0.09060350817212504
2020-03-25,0.001537778275800351,0.014969974443255207
2020-03-26,0.06603693250257042,0.05838982299007012
2020-03-27,-0.019059401898733026,-0.02978568314609309
2020-03-30,0.0394097861630142,0.03247584559653127
2020-03-31,-0.016681319790562234,-0.014905641105674272
2020-04-01,-0.02113100095149287,-0.04500475503932089
2020-04-02,0.020539034320180612,0.02307545764474339
2020-04-03,-0.01557707707455143,-0.014454193463505849
2020-04-06,0.06402859518432015,0.06716610219777364
2020-04-07,0.00032168269059670916,0.0010194240836778334
2020-04-08,0.030214024189882657,0.03356873203377786
2020-04-09,0.016710376844181758,0.015217186535061877
2020-04-13,0.001973956108225812,-0.009130284889041773
2020-04-14,0.030193594148955914,0.029492981054570988
2020-04-15,-0.024078325014145245,-0.02124823604019499
2020-04-16,0.01616489124654761,0.004824418605207104
2020-04-17,0.03000217101000366,0.0270154471861912
2020-04-20,-0.018411220919113208,-0.01761796210971256
2020-04-21,-0.015910461539301892,-0.030363343614355665
2020-04-22,0.022844191114468115,0.022194608015388306
2020-04-23,-0.007777226386936554,-7.184516463010215e-05
2020-04-24,0.00805521029559509,0.013938606512875262
2020-04-27,0.008203741088762765,0.014418779433936768
2020-04-28,0.0015802446984236758,-0.004598426449926918
2020-04-29,0.02757957705144327,0.026178282997989077
2020-04-30,-0.020241271799896886,-0.009310705273016806
2020-05-01,-0.017877109686765428,-0.026473436047101728
2020-05-04,0.0009558770734934964,0.0027585912189973527
2020-05-05,0.009645646945086416,0.009239120381698385
2020-05-06,-0.01480463800561914,-0.0067787007552087
2020-05-07,0.009672968615777355,0.012066672934603062
2020-05-08,0.012724440383219002,0.01654624344996436
2020-05-11,-0.0054024472930420935,0.00020490893699265378
2020-05-12,-0.014901342595160391,-0.019931228261970024
2020-05-13,-0.004888126346576119,-0.017685949838969095
2020-05-14,0.01286350030681177,0.011967430424301373
2020-05-15,0.0046200729591559814,0.004596807724519536
2020-05-18,0.01677973926312909,0.030459893211844502
2020-05-19,-0.013303037326742248,-0.010271211572846162
2020-05-20,-0.0005519323986889301,0.016987856801333967
2020-05-21,-0.012807252957991363,-0.006904264819119099
2020-05-22,-0.0020670794408012114,0.0018995112181157126
2020-05-26,-0.007123199012207444,0.012320043347926024
2020-05-27,0.00790388923279357,0.014879348458922692
2020-05-28,-0.000940305502752435,-0.0018447222088541215
2020-05-29,0.013636933928497623,0.004455743573233972
2020-06-01,0.00033424714711709734,0.0040417221713917595
2020-06-02,-0.0006558565133261921,0.008280160796446223
2020-06-03,-0.0017968442915115217,0.01330823390870628
2020-06-04,0.006381673037976865,-0.002626605098819068
2020-06-05,0.0035474689414173037,0.025629261387566382
2020-06-08,0.008081034577740117,0.01208755987979293
2020-06-09,0.003790818814085484,-0.007456652231962457
2020-06-10,0.0016909569203249152,-0.0055797832105817236
2020-06-11,-0.03925576300936777,-0.05764888006598101
2020-06-12,-0.0050552345560618,0.011975632605906616
2020-06-15,-0.00040904572976660416,0.009335585063282137
2020-06-16,0.015181099822247029,0.01924764863167061
2020-06-17,-0.0032283992511711558,-0.004153756345279924
2020-06-18,-0.0009009601416424632,0.00038486399057835463
2020-06-19,0.004027533625910096,-0.005715049335318856
2020-06-22,0.00710219721936778,0.006415088641463562
2020-06-23,0.0007143907007720164,0.004603634448248517
2020-06-24,-0.01422755480428064,-0.025508434738526375
2020-06-25,0.004317281077614203,0.010720849754951578
2020-06-26,-0.01519834745289446,-0.023752052583122518
2020-06-29,0.015102176329700498,0.014698075643325925
2020-06-30,0.016526530945399475,0.012809387862380284
2020-07-01,0.015834218458307805,0.00700477843605718
2020-07-02,-1.9483133729853407e-05,0.005506702182286105
2020-07-06,0.026290714779121416,0.015437603248261045
2020-07-07,-0.0025731796049188,-0.010313785919744745
2020-07-08,0.012513891513716884,0.0076485418693121865
2020-07-09,0.002787531856757285,-0.005692785886708185
2020-07-10,0.005888919645855743,0.010210238625808055
2020-07-13,-0.020033928217281588,-0.008658838555404613
2020-07-14,0.010257652002860633,0.012958714994357079
2020-07-15,-0.006195246530062577,0.009187573228890855
2020-07-16,-0.00019307575017078033,-0.0032936123269071693
2020-07-17,0.001642616860970981,0.0028991489359071476
2020-07-20,0.029895941928867603,0.008081657805253828
2020-07-21,-0.008127607071112819,0.0021274837162141846
2020-07-22,-0.0008882108414969688,0.0056918910079348795
2020-07-23,-0.013094393652498978,-0.011931554801219657
2020-07-24,0.0033141143609083917,-0.00644054384267434
2020-07-27,0.01620501414858317,0.007292657260250968
2020-07-28,-0.004705188521379485,-0.0063423038106692475
2020-07-29,-0.00040628796961924164,0.012298542693393477
2020-07-30,-0.006883075867931618,-0.003567920052564677
2020-07-31,0.021528324820772646,0.007902323478181428
2020-08-03,-0.006406226875893189,0.006952286857880852
2020-08-04,0.014201525745516471,0.0038623549970699944
2020-08-05,0.005655070812439808,0.006211170172122804
2020-08-06,0.0020002054347534937,0.006684486922534427
2020-08-07,0.0025973168524401754,0.0007179503200525073
2020-08-10,-0.004175765512354951,0.002988687798898493
2020-08-11,-0.03084561720844035,-0.008254485137533685
2020-08-12,0.014937089377501756,0.013942232582687453
2020-08-13,0.006324560017933155,-0.0018076214350558617
2020-08-14,-0.001766144044757121,2.9635322635446215e-05
2020-08-17,0.021771686415138575,0.0031764788078396666
2020-08-18,0.010257676477235692,0.0021604749582200267
2020-08-19,-0.012926528613836297,-0.004163664477630835
2020-08-20,0.006509322507822901,0.0031135066557257396
2020-08-21,-0.004658200765892687,0.0035472489376524585
2020-08-24,0.001036761054199953,0.010133472706960855
2020-08-25,0.0017431728523478246,0.003499250876547677
2020-08-26,0.014360928074824465,0.010025361402872468
2020-08-27,-0.008312314364824366,0.002186587742955215
2020-08-28,0.011503259326595527,0.006459290462063505
2020-08-31,0.007012189953890361,-0.0036222008412738482
2020-09-01,0.014048236498032895,0.009418140376203255
2020-09-02,0.007708460832456521,0.014464388026301567
2020-09-03,-0.04087230848546786,-0.03441441093466624
2020-09-04,-0.0046739876585226965,-0.008164682811207191
2020-09-08,-0.027986290756384695,-0.027322897346355957
2020-09-09,0.030488635086673772,0.01974720616096315
2020-09-10,-0.022590609364254968,-0.017363558870527762
2020-09-11,-0.004494602682989749,0.000509523546481816
2020-09-14,0.008872470180313088,0.013170714476605339
2020-09-15,0.006944371825165823,0.005052318128754507
2020-09-16,-0.011623638987219666,-0.00396848338968836
2020-09-17,-0.01091410972690334,-0.008795261457530845
2020-09-18,-0.01446145728709066,-0.011512816825874905
2020-09-21,-0.0012402687372880536,-0.011129362623725436
2020-09-22,0.020444452418632048,0.010184424164200179
2020-09-23,-0.026293549827873283,-0.023191009094702952
2020-09-24,0.0063076590002438425,0.002665426433536622
2020-09-25,0.020163064654952073,0.01616701080656968
2020-09-28,0.01772513803123824,0.01660912537978354
2020-09-29,-0.0021702445406722153,-0.005445890269872078
2020-09-30,0.003278276850205356,0.007582316670627032
2020-10-01,0.0037598867309793947,0.006419718279121467
2020-10-02,-0.006368568570299095,-0.009494503313386526
2020-10-05,0.0187589739933075,0.01773322863118043
2020-10-06,-0.009153631381060616,-0.014215914502775373
2020-10-07,0.02201636812230361,0.017406386830570275
2020-10-08,0.002020847162620089,0.008862582153800425
2020-10-09,0.013005455315548455,0.008930286613035632
2020-10-12,0.00810839118462965,0.016087404192376198
2020-10-13,-0.001813028500356647,-0.006525807860637278
2020-10-14,0.003343987407682521,-0.006283774228683869
2020-10-15,0.0001411839696685781,-0.0012357479747832079
2020-10-16,0.0021800493219458284,-0.0006043330461511509
2020-10-19,-0.013082590999921415,-0.015203251778191818
2020-10-20,0.010357133238803336,0.004005610337945775
2020-10-21,-0.006160249852667792,-0.0018928520888964462
2020-10-22,0.0008789584104414508,0.005485301495627093
2020-10-23,0.003723768509101407,0.0033951255935666946
2020-10-26,-0.008348167917914848,-0.018479904158668736
2020-10-27,0.011777352894762862,-0.0034471503075682586
2020-10-28,-0.049387869369381845,-0.034179200623581485
2020-10-29,0.01696984261225822,0.010163552908888374
2020-10-30,-0.008353150531910953,-0.01042484867452842
2020-11-02,0.028869846588858154,0.011208443948504954
2020-11-03,0.01764882859059438,0.017655728156462658
2020-11-04,-0.0022513495966560923,0.02234929801336971
2020-11-05,0.013935338219042498,0.019503022093017908
2020-11-06,0.015167786678342074,-0.00022860002505953325
2020-11-09,-0.041580600585177804,0.01256562823863372
2020-11-10,-0.012335880512128616,-0.001466403364640323
2020-11-11,0.021642884622750887,0.007428612077538865
2020-11-12,-0.001673366510423415,-0.00970114130694133
2020-11-13,0.01350667468504785,0.013844593858390208
2020-11-16,-0.003590503941957994,0.012482557901148938
2020-11-17,-0.006438938445333351,-0.005378184497942251
2020-11-18,-0.02065635591367833,-0.012035002850566023
2020-11-19,0.0021969539700548947,0.00421026019452353
2020-11-20,-0.007433201618045347,-0.0068477243294762236
2020-11-23,0.0008077994603489643,0.005994193238217926
2020-11-24,-0.00014059218696491237,0.01611386873575693
2020-11-25,-0.0012306584812940323,-0.001541656167802996
2020-11-27,0.002619976701337801,0.002784785053573824
2020-11-30,0.011511557866860532,-0.004426969799236069
2020-12-01,0.010509116733556322,0.010937281914726649
2020-12-02,-0.002296025561362861,0.0021038874832590704
2020-12-03,-0.0050010791776988325,-0.0002727669038514735
2020-12-04,0.011175921209802538,0.008617260989113085
2020-12-07,0.0035221268126167105,-0.0020545072404890563
2020-12-08,0.006721410979093755,0.002926169738716844
2020-12-09,-0.006702611170336291,-0.008968833202345539
2020-12-10,-0.004285719837132551,-0.00032719497257660546
2020-12-11,-0.001057636889883865,-0.0011724882775858703
2020-12-14,-0.014741375063402435,-0.004477240633529167
2020-12-15,0.007841826980641875,0.013519393897810428
2020-12-16,-0.005977676347567571,0.001569421445642094
2020-12-17,0.006234697846209648,0.005591846851610072
2020-12-18,-0.005151433145214825,-0.003992686251362398
2020-12-21,-0.0034521659488905253,-0.003575722805428838
2020-12-22,0.002265146481256021,-0.0016852455685554268
2020-12-23,0.0030021082934806663,0.0008983629602381527
2020-12-24,0.002242068986500721,0.0038905120041510255
2020-12-28,0.0021441878956597934,0.008591021940984822
2020-12-29,-0.006486342105489505,-0.0019078676108996717
2020-12-30,0.010341455096320564,0.0014269288271482328
2020-12-31,0.0026486381719368845,0.0050805913338782815
2021-01-04,-0.015396093254601999,-0.013614200602359405
2021-01-05,0.01256656729519081,0.006887719137931958
2021-01-06,0.014952990180458288,0.005978442998741729
2021-01-07,0.02115128328970428,0.01485745958520357
2021-01-08,-0.0002648976689560291,0.005697665228400428
2021-01-11,0.006972344081510334,-0.006740682680273502
2021-01-12,-0.0014780213791828285,0.00021104789869696994
2021-01-13,-0.0007042209647844442,0.0026930191812273296
2021-01-14,0.008711023791757736,-0.0035018972962083117
2021-01-15,-0.007249616999493538,-0.0072926807360121915
2021-01-19,0.023000914237203282,0.007851984220817787
2021-01-20,0.014389981852042894,0.013838517785002669
2021-01-21,-0.0071298951488451365,0.0009118310289488729
2021-01-22,0.0013044612559784253,-0.0035392338024641257
2021-01-25,-0.011786233197551494,0.0039435954545739005
2021-01-26,-0.011847346575731625,-0.001560922676463461
2021-01-27,-0.039905711304334984,-0.024440326650012945
2021-01-28,0.02355295563237412,0.00860023184710701
2021-01-29,-0.02233847904528683,-0.020019625773446292
2021-02-01,0.011398585908913739,0.016645334557423563
2021-02-02,-0.021033446210687312,0.01414021999266879
2021-02-03,-0.000992724999868951,0.0007863995239503208
2021-02-04,0.010268810866347882,0.011365717241394124
2021-02-05,0.01625450964605931,0.003935685809274281
2021-02-08,0.011981134752279302,0.007222015398454573
2021-02-09,0.005170323569940634,-0.0006656903208627218
2021-02-10,0.014552124777123483,-0.0004354649949649403
2021-02-11,0.01318992935899466,0.0016146284514122478
2021-02-12,0.014259514666489323,0.0049399486262795556
2021-02-16,-0.001968319169252014,-0.0008660461324648816
2021-02-17,0.014129467101550502,0.00022971410913408263
2021-02-18,-0.011016397089716023,-0.004256128633081224
2021-02-19,0.012246799854236415,-0.001765941739528154
2021-02-22,0.02193787576154275,-0.007691923005966217
2021-02-23,-0.019058863577824492,0.001214352893983195
2021-02-24,0.0025297729004433345,0.011019468090731177
2021-02-25,-0.02108620887590363,-0.02409579477062862
2021-02-26,0.0131299978177195,-0.005152570763606645
2021-03-01,0.05501463350184193,0.024240051256495976
2021-03-02,-0.0040576592935242335,-0.007803047355389503
2021-03-03,-0.0006797718495454293,-0.013245819411749737
2021-03-04,-0.008170019664873941,-0.012374736327150582
2021-03-05,0.02580674884433516,0.0183965521367484
2021-03-08,0.010492767747580848,-0.004978905066432837
2021-03-09,-0.011849011264070411,0.014277706693923475
2021-03-10,0.021739477650342023,0.006224429135923248
2021-03-11,0.020250910954653423,0.010139114739683208
2021-03-12,0.024427051150010384,0.0013469038330322647
2021-03-15,0.009690027307040465,0.005963527364126975
2021-03-16,0.011147109572642325,-0.0012612028820689902
2021-03-17,-0.010211396791633385,0.003409655554325486
2021-03-18,-0.004167919762977009,-0.014549338061809247
2021-03-19,0.005993207488964023,-0.0018504379235770863
2021-03-22,-0.00793920243286713,0.007985023414547321
2021-03-23,-0.03105126036124256,-0.007870748867198296
2021-03-24,-0.06075835302245308,-0.005083656773305689
2021-03-25,-0.022995738409863124,0.005625654671649993
2021-03-26,-0.08817485883158176,0.016114888032898955
2021-03-29,-0.009431316902106092,-0.0005047500303244634
2021-03-30,0.022551871115832192,-0.0026531540765339923
2021-03-31,0.009259543883227524,0.004053187354022381
2021-04-01,0.012687262518341205,0.010798971539082824
2021-04-05,0.004615632303261731,0.014353168629707813
2021-04-06,0.00207005856383258,-0.0005905176565904613
2021-04-07,-0.0029619993248639885,0.0011575159853383088
2021-04-08,-0.0003082758989440622,0.00474662093066569
2021-04-09,0.003858763301985071,0.007270296370674556
2021-04-12,-0.009600905434295948,0.0003642340143590328
2021-04-13,-0.00015424129368124366,0.0029639298312233997
2021-04-14,-0.004792271013571241,-0.0034150664173475676
2021-04-15,0.004191572415631601,0.010742493365801797
2021-04-16,0.0019155559747274162,0.003342185224065375
2021-04-19,-0.020689455743775162,-0.00491302404774141
2021-04-20,-0.023533681633823248,-0.007321325158673342
2021-04-21,0.028130004254180264,0.009461753283795948
2021-04-22,-0.015320679795226834,-0.009132996348748867
2021-04-23,0.02147135990693325,0.010842469312865033
2021-04-26,0.012596595572133839,0.002087543539493808
2021-04-27,0.0010288251407555497,-0.00021555686828345078
2021-04-28,-0.008592973549622105,-0.0002872102609974281
2021-04-29,-0.0027953076908231703,0.00637281130070444
2021-04-30,-0.005312402668340062,-0.006570635557366589
2021-05-03,3.4780987415339477e-06,0.002156935011556671
2021-05-04,-0.0062940727199357555,-0.00616943161566097
2021-05-05,0.005987201114309904,0.00031281574421537783
2021-05-06,0.009996607577013752,0.007985584953450253
2021-05-07,0.018591847815858594,0.00727798099650423
2021-05-10,-0.015023347471448775,-0.009902329760964501
2021-05-11,-0.011670838781189472,-0.00892466799969227
2021-05-12,-0.032013590001742975,-0.021245429740651356
2021-05-13,0.01821592603965399,0.012012518584565868
2021-05-14,0.053484866867766476,0.015355451248507013
2021-05-17,0.024132258000940023,-0.0025448398107853487
2021-05-18,-0.017704319293338936,-0.008615553936011322
2021-05-19,-0.011093859546499482,-0.0026218099785038085
2021-05-20,-0.0016947250049783274,0.010758082359790588
2021-05-21,-0.005234499584818532,-0.0008187549165814545
2021-05-24,0.020362906576110066,0.010194473072813848
2021-05-25,-0.016848843782998616,-0.0022187929046333377
2021-05-26,0.017766328710424176,0.0019845106296942916
2021-05-27,0.0040151388022451025,0.0005248903846895026
2021-05-28,-0.0006542512067228062,0.0017886940787625871
2021-06-01,0.011352667632426828,-0.0008808095077330602
2021-06-02,-0.0035898653623638484,0.0015725756754356723
2021-06-03,-0.005086278943983112,-0.0037114931131960738
2021-06-04,0.007443826677022874,0.00914597369765957
2021-06-07,-0.0003114227561799266,-0.0009700339457758833
2021-06-08,0.00311733638946317,0.0002130636415602627
2021-06-09,-0.015759561601790244,-0.0014919015535321822
2021-06-10,-0.003580952805053577,0.004648380633909488
2021-06-11,0.0075395064066577765,0.0016524381735663063
2021-06-14,-0.009265141863313711,0.0022388125214558574
2021-06-15,0.0008717424507691139,-0.0018339643372345948
2021-06-16,-0.002614639169509006,-0.005583358337619582
2021-06-17,-0.023513419900925522,-0.0003316930075553115
2021-06-18,-0.015083451260817515,-0.013490253081722692
2021-06-21,0.02168535966348006,0.01431601239239666
2021-06-22,0.006064692588006233,0.005345887395872273
2021-06-23,0.004830311617302859,-0.0012053999145136274
2021-06-24,0.007038245866147071,0.005915976867540085
2021-06-25,0.0018022975730251065,0.003552000652128351
2021-06-28,-0.003239495371989089,0.0020160306807990303
2021-06-29,-2.727079435581499e-06,0.0005381163186077842
2021-06-30,-0.006074880213135825,0.0008416537990774131
2021-07-01,0.011830527872084969,0.005536640039879748
2021-07-02,0.011382549009789814,0.007643514804670737
2021-07-06,0.0032507551181007385,-0.0018214624397805412
2021-07-07,-0.0040377496400360886,0.003534023457646862
2021-07-08,-0.012955337625892823,-0.008148025321059849
2021-07-09,0.017718299295159248,0.010674650131993424
2021-07-12,0.016241260897356495,0.0035822537553877876
2021-07-13,-0.009630249389512725,-0.0034093387492305505
2021-07-14,-0.01597921111963166,0.0014923659053904803
2021-07-15,-0.010782833135212437,-0.003415531043033715
2021-07-16,-0.018761085622512982,-0.00784361551840873
2021-07-19,0.0011045592181867427,-0.01476777606449653
2021-07-20,0.01453193346690886,0.014330290311935556
2021-07-21,0.0273741490948551,0.008096394244481386
2021-07-22,0.013130838089119632,0.002094087255709365
2021-07-23,0.003836744754622547,0.010287906876107922
2021-07-26,-0.0011905530900106435,0.0024550084155643415
2021-07-27,-0.0020197464177943033,-0.004557704124671269
2021-07-28,0.00638704651972209,-0.0004100224714866929
2021-07-29,0.010663943161780993,0.004147475082420415
2021-07-30,-0.008665757425358432,-0.004856502971965049
2021-08-02,0.005688184020610502,-0.002097903084705699
2021-08-03,0.006157387424297688,0.008135440583798337
2021-08-04,0.014804615554295172,-0.00491899167093568
2021-08-05,-0.009569197041745076,0.006332894348611395
2021-08-06,-0.008815757283333529,0.001652218204862832
2021-08-09,-0.0015468117496895875,-0.000813301341027195
2021-08-10,-0.00349400125210265,0.0012439275020164065
2021-08-11,0.004049268584233319,0.0024848377079107475
2021-08-12,-0.003992511145123533,0.002996797642661031
2021-08-13,0.011530273425334149,0.0018199981312714275
2021-08-16,-0.003379325550191096,0.002354673241249383
2021-08-17,-0.016384477007706302,-0.006555373403153708
2021-08-18,-0.013277853473278537,-0.01094490807450732
2021-08-19,-0.006752442808985592,0.001548316499652369
2021-08-20,0.02388676975134381,0.007956923548969375
2021-08-23,0.02323188434933095,0.00879675652796652
2021-08-24,0.013668404837208369,0.0015875551752244643
2021-08-25,0.013436793428441488,0.002098166263754697
2021-08-26,0.01886805376159276,-0.0059031925180182965
2021-08-27,0.01918847535524293,0.008940941560432014
2021-08-30,0.0027744696732961865,0.0043975814025620785
2021-08-31,0.00730407791833446,-0.001481527572170127
2021-09-01,-0.007510293341078145,0.0005313342222801332
2021-09-02,0.013233124026172082,0.0030767427528910485
2021-09-03,0.014353274759985636,-0.0002429008105916397
2021-09-07,-0.017492840660661632,-0.0035755348081282223
2021-09-08,-0.005780598876341519,-0.0012180761783471272
2021-09-09,0.006366267453072283,-0.004280275140630563
2021-09-10,-0.002491244241171558,-0.007884590875139819
2021-09-13,-0.025439314645305414,0.0025592262031188806
2021-09-14,0.011721384841988753,-0.005396514515849438
2021-09-15,0.013754943004134814,0.008352650418464558
2021-09-16,0.006415024845683327,-0.001585066892687892
2021-09-17,-0.013259903045054153,-0.009741081460474699
2021-09-20,-0.03287535960545288,-0.016674297276037975
2021-09-21,0.01646437680874933,-0.000944663369993437
2021-09-22,-0.001149451887979616,0.00975495485135669
2021-09-23,0.022060056053065748,0.012149906680335665
2021-09-24,-0.0033492728039436455,0.0016472323719876059
2021-09-27,-0.02774102236430498,-0.002860931104361808
2021-09-28,-0.04207155884225866,-0.020152037991162275
2021-09-29,0.004442320500519972,0.0016833106511671136
2021-09-30,-0.0015409890922852146,-0.012222406459913127
2021-10-01,0.0252819538970964,0.011884342916451907
2021-10-04,-0.014304716010583245,-0.01289615440427161
2021-10-05,0.020774321176625973,0.010405040964883261
2021-10-06,0.00628978605339135,0.004156020510480252
2021-10-07,0.015346460976247577,0.008645724814822398
2021-10-08,0.010238151570464041,-0.0018236916056234564
2021-10-11,-0.0061061447932247,-0.007239808738617515
2021-10-12,-0.0023571681269813015,-0.0024614887798710683
2021-10-13,0.005643057537287228,0.0035976148666176933
2021-10-14,0.011402280464111233,0.01682079123261704
2021-10-15,0.0035456531490355176,0.007615601550647
2021-10-18,0.02355993085772145,0.0029604104892850813
2021-10-19,0.013823110847277154,0.007714972657157704
2021-10-20,0.006135882283119993,0.003927765197991873
2021-10-21,-0.0029282324773115182,0.002608193719467744
2021-10-22,0.007569565519091885,-0.001036211950362298
2021-10-25,-0.0010095094316792234,0.005362825770422575
2021-10-26,-0.015130678838198913,0.0009001299063262636
2021-10-27,-0.014876903160312857,-0.004430315306816257
2021-10-28,0.019140421238016788,0.009648907881711244
2021-10-29,0.013417246194396298,0.002029290088466862
2021-11-01,-0.00891600571507561,0.0017199436124850642
2021-11-02,0.029417548410685227,0.004043335820855809
2021-11-03,0.004494382706351861,0.006105205628723409
2021-11-04,0.03471599914290246,0.0047125066373210345
2021-11-05,-0.003514324476656052,0.0034696008564942815
2021-11-08,0.013698997418020276,0.0008536439266872975
2021-11-09,0.012074670961136841,-0.003305395031917624
2021-11-10,-0.04440160658051139,-0.008044900464838523
2021-11-11,0.015786364064565326,0.00032371680388521007
2021-11-12,0.009513827784196073,0.007546677695003057
2021-11-15,-0.007990326277239964,0.0003423088848921729
2021-11-16,0.01017620860424917,0.003958020218969294
2021-11-17,-0.004707687042841739,-0.0024293429373445363
2021-11-18,0.027236286796963192,0.003396547295494212
2021-11-19,0.005415773651432376,-0.0017884181798165644
2021-11-22,-0.02022759003115602,-0.0028152087322773633
2021-11-23,0.0012920891850774442,0.001326142723645729
2021-11-24,0.020639212803143188,0.0026697826959278803
2021-11-26,-0.02918422174880699,-0.022303170423579877
2021-11-29,0.042647594240765745,0.012266577336193185
2021-11-30,-0.03794785328513298,-0.019457574032288538
2021-12-01,-0.01831494290955387,-0.011107035717291436
2021-12-02,0.000645026411866284,0.015316211550663539
2021-12-03,-0.018197541118380612,-0.008701218489977514
2021-12-06,-0.03394093115897733,0.0118431473011269
2021-12-07,0.04469238186187522,0.02068492838564251
2021-12-08,-0.011646551826517958,0.0026477783078926453
2021-12-09,-0.02033963565073872,-0.00675155653434667
2021-12-10,0.0010862219199432315,0.009413722556477655
2021-12-13,-0.018678297949621225,-0.0088584929355362
2021-12-14,0.006254969930496327,-0.006879967124670094
2021-12-15,0.0670875076137888,0.015625174061249858
2021-12-16,-0.02261711514163046,-0.008818632932880655
2021-12-17,-0.021717749633242352,-0.010642895799717333
2021-12-20,0.006111420171470658,-0.010633363856875744
2021-12-21,0.01771875701768965,0.01775883151009805
2021-12-22,0.010729199048469334,0.00999883818924352
2021-12-23,0.0012451188113628314,0.006222113393629547
2021-12-27,0.030171402146204732,0.014152050417757911
2021-12-28,-0.018955899349244697,-0.0008172681985197938
2021-12-29,-0.0121644445459238,0.0012791750758949227
2021-12-30,-0.003310951673896695,-0.0027645046893527425
2021-12-31,0.0008075135937852934,-0.002520041881123092
2022-01-03,-0.0020942383788980466,0.00578992462118344
2022-01-04,-0.02919133896866054,-0.00033501014477343993
2022-01-05,-0.019972594049640913,-0.019202101103052094
2022-01-06,0.001480601652532539,-0.0009394050259861064
2022-01-07,-0.012967474760264752,-0.00395355261826158
2022-01-10,0.01107017096406241,-0.0012444191490210699
2022-01-11,0.006685276772264059,0.009108247375395395
2022-01-12,0.0009349616363666635,0.0027035961175319034
2022-01-13,-0.03258308862240217,-0.013778442982989358
2022-01-14,0.00020495353188729965,0.000409003081973891
2022-01-18,-0.026542968163968634,-0.01770956127379708
2022-01-19,-0.023386774165167545,-0.010383694675353494
2022-01-20,-0.020049377075692973,-0.011068044804395272
2022-01-21,-0.02559066901467943,-0.019630624797153384
2022-01-24,-0.0065892850879939605,0.004246744771710276
2022-01-25,-0.015658901479025288,-0.01220901582071332
2022-01-26,0.010908731347050891,-0.0025088411445778336
2022-01-27,-0.013612575809147848,-0.004937889707922527
2022-01-28,0.028181929732326017,0.02483544770803814
2022-01-31,0.02672569910435572,0.018010845800890074
2022-02-01,0.015018818276563173,0.006757133768440449
2022-02-02,0.010029508727857028,0.009714063286754726
2022-02-03,-0.012349588317062989,-0.02350495424888399
2022-02-04,0.007698507019340605,0.004702115789121608
2022-02-07,0.00868470833402092,-0.0032092343353178343
2022-02-08,-0.015415883694190096,0.008228006541263655
2022-02-09,0.0009418913630301952,0.014635898897922495
2022-02-10,-0.008635376902924503,-0.017965624830307503
2022-02-11,0.017039750534884778,-0.019718571488227532
2022-02-14,-0.021119980030870643,-0.003269344866269952
2022-02-15,-0.012669701627440508,0.016126739614227725
2022-02-16,0.00720622690334069,0.001120916806536476
2022-02-17,-7.319149366311149e-05,-0.021361367301356404
2022-02-18,-0.009672967421284158,-0.006475049494206853
2022-02-22,-0.013745281593706325,-0.010731755070221394
2022-02-23,0.0037913496026161153,-0.017738489614786523
2022-02-24,-0.00655608795485298,0.015049034370367087
2022-02-25,0.009153764779394977,0.022063945280829778
2022-02-28,0.034842823810961696,-0.002558623418920103
2022-03-01,0.008916174112533749,-0.015230194430961852
2022-03-02,0.010784820822604754,0.018396150929558264
2022-03-03,0.0010523961591094302,-0.0049784194857172
2022-03-04,0.0199548278354097,-0.00812470045703162
2022-03-07,-0.007272800170460438,-0.02947913497768695
2022-03-08,-0.025115163784788806,-0.007581759658704779
2022-03-09,-0.009393076368490646,0.026811048537965343
2022-03-10,0.026543477795455187,-0.004515711323875959
2022-03-11,-0.009052961334245943,-0.012715124476029183
2022-03-14,-0.008994924363391655,-0.007308213590487944
2022-03-15,-0.0015175637670437423,0.021990395406328744
2022-03-16,0.0030217894495535354,0.022174146053376642
2022-03-17,0.03163586126651339,0.012510942656174473
2022-03-18,0.013157219344224941,0.010952888781967651
2022-03-21,0.01947355325814134,-0.00029230701479521226
2022-03-22,-0.003375341779824234,0.011701142224812777
2022-03-23,0.015111678978309036,-0.01287830080342689
2022-03-24,0.008280140474235375,0.015074419413467988
2022-03-25,0.023470145345825238,0.004883535663784633
2022-03-28,-0.02389845418952837,0.0071132390439292426
2022-03-29,-0.016447860417127303,0.012370627768383935
2022-03-30,0.0032431261904699847,-0.006174820127295977
2022-03-31,-0.0077205574696661,-0.015391187557120878
2022-04-01,0.007742192954856558,0.0028340726814788386
2022-04-04,-0.002391235576526874,0.008566484692269283
2022-04-05,-0.0020864769947115456,-0.012631330879827929
2022-04-06,0.010920524778413323,-0.009999205595070393
2022-04-07,0.020361282716018725,0.005038977011179613
2022-04-08,0.01714370409694485,-0.002673975489887459
2022-04-11,-0.02035066710464241,-0.01709234316952979
2022-04-12,0.013698895008567623,-0.003705129435410126
2022-04-13,0.013188099600297227,0.011453408090695616
2022-04-14,-0.0032458106844835094,-0.012451901227803153
2022-04-18,0.01177894113308375,0.0004114986846923685
2022-04-19,-0.010145627482218861,0.016142507604366196
2022-04-20,0.01142415481107765,-0.0007416169350697999
2022-04-21,-0.02632263843718345,-0.014953431791492888
2022-04-22,-0.03084176209365877,-0.027439227071491934
2022-04-25,-0.013166430622083124,0.005797689916924753
2022-04-26,-0.004853187731430689,-0.02896081169116571
2022-04-27,0.0013838519865737202,0.002811686453053408
2022-04-28,0.02221539627321526,0.02525950075503336
2022-04-29,-0.03145513829284277,-0.03695576691037472
2022-05-02,-0.002081530684753993,0.006019371451687849
2022-05-03,0.017161990671869482,0.004584194224923621
2022-05-04,0.03443803495117532,0.030452868436303016
2022-05-05,-0.016673567363254538,-0.035542791547492625
2022-05-06,0.019694747506788724,-0.005968960687423808
2022-05-09,-0.04792343996752009,-0.03201725366559249
2022-05-10,0.0042913551234905105,0.0023106601961484508
2022-05-11,-0.001020699633883996,-0.015886258369136708
2022-05-12,-0.004435309865179522,-0.001043750822166234
2022-05-13,0.018435469182425786,0.023907558787431782
2022-05-16,0.0187764655986322,-0.004057535405693424
2022-05-17,0.014793973970813922,0.020570559484008433
2022-05-18,-0.031104230853971904,-0.040311644073105724
2022-05-19,-0.0061571430705592185,-0.006124555032151924
2022-05-20,0.004722898677108308,0.0004365618929165205
2022-05-23,0.018891089456633994,0.018710168281097506
2022-05-24,0.004678522830409089,-0.007633964271211102
2022-05-25,0.015790864758939347,0.008834946583476944
2022-05-26,0.005464386122372251,0.019981416146753528
2022-05-27,0.008306480702170639,0.024549142007387337
2022-05-31,-0.01586828236505431,-0.005610983511095902
2022-06-01,-0.002145662922748393,-0.008088534719741247
2022-06-02,-0.006331603696078755,0.01904355317144124
2022-06-03,0.0026055674418202675,-0.01641163444821392
2022-06-06,0.00558610012265519,0.0030446625395585958
2022-06-07,0.019595348239593465,0.009592142459738717
2022-06-08,-0.012425150187796217,-0.010871880608055773
2022-06-09,-0.012775793171868222,-0.023783019619628587
2022-06-10,-0.007975667224471438,-0.028995676211628352
2022-06-13,-0.03527299868388101,-0.037968113932637326
2022-06-14,-0.001277973118974682,-0.003013378872429251
2022-06-15,-0.008875302463425666,0.014256469462178734
2022-06-16,-0.02976624411476674,-0.033096151026480225
2022-06-17,-0.014322040923580031,0.0021559697342696804
2022-06-21,0.02860271408705645,0.025173413857081828
2022-06-22,-0.0016958021725776299,-0.001812893935216997
2022-06-23,-0.00797042134742833,0.009802518130773041
2022-06-24,0.010983689242889175,0.03179397032259246
2022-06-27,0.02730546068293734,-0.0038198322079306957
2022-06-28,0.0009428170147532851,-0.020432844469316036
2022-06-29,-0.009091961687509401,-0.0008144093941709896
2022-06-30,-0.007816171308202769,-0.008124390267583603
2022-07-01,0.008453061091072623,0.01057659757440077
2022-07-05,-0.013896812467808821,0.0018886721951367758
2022-07-06,0.00676728838493549,0.003377362432360087
2022-07-07,-0.002541001857997432,0.01497701123037043
2022-07-08,0.011548368518415408,-0.0008226217769158328
2022-07-11,-0.0011837262487685205,-0.011423325825738573
2022-07-12,-0.011016434232003663,-0.008848956974389033
2022-07-13,-0.005877246864438657,-0.005251696600794831
2022-07-14,-0.0008440311148917497,-0.002428519104307858
2022-07-15,0.014950256696800213,0.01910505891790759
2022-07-18,-0.020746007418415174,-0.00825705315143932
2022-07-19,0.008495753950699157,0.027019187819418367
2022-07-20,-0.010024519349255323,0.006373030714517558
2022-07-21,0.0017671239718495078,0.010183342628063974
2022-07-22,0.001555265965190106,-0.009278039632350521
2022-07-25,0.009901032795581558,0.0012149218542236717
2022-07-26,0.0027239247482315843,-0.01183103302155597
2022-07-27,0.004645221389997228,0.025966414844542207
2022-07-28,-0.00018100092204071015,0.012542353392963612
2022-07-29,0.004839930507394759,0.014578740993412387
2022-08-01,-0.005439503995368472,-0.0029611934937922024
2022-08-02,-0.012204284105340666,-0.006597420100265983
2022-08-03,-0.012556182264067113,0.015659477464466942
2022-08-04,0.0022534685199423732,-0.0006755474149988672
2022-08-05,0.00959995036681259,-0.0016902040502716487
2022-08-08,0.0022409885491611902,-0.0011609926055744513
2022-08-09,0.012666982164298426,-0.0039709660960624005
2022-08-10,0.01011593851821884,0.021004086563100266
2022-08-11,0.00041202053082571273,0.0
2022-08-12,0.015736158156983936,0.016928924893421682
2022-08-15,0.008206107188682712,0.004120894922141627
2022-08-16,0.0006270152066889387,0.0019586203818868775
2022-08-17,-0.0018888316155303282,-0.007098095374673541
2022-08-18,0.0038027732450758175,0.0029064853376670197
2022-08-19,0.0033958499201202537,-0.013438011885979817
2022-08-22,-0.00789782895550472,-0.0208225316079782
2022-08-23,-0.0023420474460372335,-0.0024190677760037582
2022-08-24,0.002666248894930834,0.003200953183801314
2022-08-25,0.00867416185245405,0.01411776596361558
2022-08-26,-0.02099792217653772,-0.033849126632674365
2022-08-29,0.006680681249087599,-0.0066122175532790095
2022-08-30,-0.009918785430030958,-0.01097788655226839
2022-08-31,-0.0008753563433494427,-0.007609085615458144
2022-09-01,-0.002434930702027148,0.0031377793509332896
2022-09-02,-0.0005197115585451656,-0.010544192917523731
2022-09-06,-0.0053191913280904975,-0.0037733362150550454
2022-09-07,0.01717525173470533,0.017965081110105086
2022-09-08,0.00857659700111236,0.0065363772006861165
2022-09-09,-0.0038277836064271663,0.015535097813578869
2022-09-12,-0.0033645859055073694,0.01074773477722113
2022-09-13,-0.035399487854533805,-0.043482446241068895
2022-09-14,-0.0032823340305844165,0.0038158092722728743
2022-09-15,-0.010938185830011559,-0.011353540009312879
2022-09-16,0.005247262598614602,-0.007629005332747463
2022-09-19,0.010501066296273462,0.0077551715451609216
2022-09-20,-0.011349699018304859,-0.011478544633695242
2022-09-21,-0.007556594123464421,-0.017443766782540115
2022-09-22,0.0018463528864931106,-0.00839980794434525
2022-09-23,-0.01874334370972634,-0.01675485671986332
2022-09-26,-0.010483212148462139,-0.009892605863789594
2022-09-27,-0.0042562858355808236,-0.002552726128038474
2022-09-28,0.021712020754760496,0.019676461406978207
2022-09-29,-0.02159393258336143,-0.020889089126412075
2022-09-30,-0.009939473640806468,-0.015463653982550007
2022-10-03,0.02321863171665118,0.026401067044767856
2022-10-04,0.02198152983893785,0.030986877749940023
2022-10-05,0.0001613491734623471,-0.0023282236001679335
2022-10-06,-0.004478098302222019,-0.010315854016901382
2022-10-07,-0.010412763886658271,-0.027893797344188065
2022-10-10,0.001999718850221888,-0.0076353460892045755
2022-10-11,0.008174316909077385,-0.006333056690517536
2022-10-12,-0.01207139664060457,-0.0032984984671431405
2022-10-13,0.025756065768532427,0.026391096779702305
2022-10-14,-0.013842743378080169,-0.022788797524286197
2022-10-17,0.0075323469737258635,0.025697178414613386
2022-10-18,0.014714427347050958,0.011749372070132935
2022-10-19,-0.003916652175269274,-0.0070864294849511955
2022-10-20,-0.0033877951669836035,-0.008385404191356916
2022-10-21,0.027835938004690287,0.024301651555552084
2022-10-24,0.021451009501196865,0.012236527059433788
2022-10-25,0.004840795774695555,0.01596831271986021
2022-10-26,0.009581948369206941,-0.007533771865909311
2022-10-27,0.0008952723186810268,-0.005340159209424433
2022-10-28,0.025317922327629472,0.023790805600496068
2022-10-31,-0.0046697126965459575,-0.007223532191329651
2022-11-01,-0.006778197252082337,-0.004375591384253363
2022-11-02,-0.00673612739770106,-0.02509635763442808
2022-11-03,0.009795966951685251,-0.010296839790935763
2022-11-04,0.002953227463431428,0.014393280308573786
2022-11-07,0.011924506215537093,0.009565332143916194
2022-11-08,0.0033986263059539107,0.005395683150469344
2022-11-09,-0.011499602001319357,-0.020602183409001662
2022-11-10,-0.0003678820782750643,0.054954145755704564
2022-11-11,-0.02207729728294853,0.009678564697619407
2022-11-14,0.011754973197296611,-0.00850683516039763
2022-11-15,-0.004626004489283334,0.008529155167751545
2022-11-16,0.004846070895041768,-0.0076289692332509595
2022-11-17,0.008692250482422234,-0.003059892026739952
2022-11-18,0.00833562136048728,0.004540450266523166
2022-11-21,0.0019444225665952808,-0.0036359363852448423
2022-11-22,0.015266701336280374,0.013456979122150159
2022-11-23,-0.002092643075189462,0.006301511465483189
2022-11-25,0.004729684767902492,-0.00022362765217109892
2022-11-28,-0.0071318453276744955,-0.015956945783918264
2022-11-29,0.0038342013901482295,-0.0017176291644772634
2022-11-30,0.01258230293800054,0.0315007592694021
2022-12-01,-0.000978562126442873,-0.0007359645858422414
2022-12-02,0.006851833682043873,-0.001153666746372295
2022-12-05,-0.010077478044903452,-0.01798941166873036
2022-12-06,-0.007508919359051423,-0.01441457346999464
2022-12-07,0.0005493643865638461,-0.0017012029819367669
2022-12-08,0.011213639569030459,0.007833744717385516
2022-12-09,-0.019681518478758875,-0.0074701142163321466
2022-12-12,0.009825239550584326,0.014417184599031296
2022-12-13,0.011553644417302394,0.007569912511614207
2022-12-14,0.004281698335760332,-0.006393570008052074
2022-12-15,-0.01778124421844164,-0.02446163755194175
2022-12-16,-0.0023126298610790454,-0.011806229794878664
2022-12-19,0.0015518651035100375,-0.008479654129250891
2022-12-20,-0.0019374838338321282,0.0013684550012356134
2022-12-21,0.01121226333607666,0.014952459810976926
2022-12-22,-0.005214489724864358,-0.014266161340504513
2022-12-23,0.0062358257822393,0.005752227928498943
2022-12-27,0.003604691257229588,-0.003943438883556083
2022-12-28,-0.008382875101728084,-0.01242803024580541
2022-12-29,0.004396478786885885,0.018000588573260812
2022-12-30,0.004637410539026285,-0.0026342913669049617
2023-01-03,-0.008234044320122608,-0.004209766628611278
2023-01-04,0.0058546046773533915,0.007720091531313589
2023-01-05,0.010574596801608998,-0.0114133223171895
2023-01-06,0.021750488522154096,0.022932092754429645
2023-01-09,-0.024721718062388855,-0.0005669057470593097
2023-01-10,0.011692219679617791,0.007012902677220989
2023-01-11,0.002144043295173288,0.012647857183376576
2023-01-12,0.0015532973728128278,0.0036404824937148472
2023-01-13,0.005627684529017352,0.0038798099358259286
2023-01-17,-0.009252873815624273,-0.001831992697272633
2023-01-18,-0.01843639577041465,-0.01578807103247437
2023-01-19,0.003162991436296419,-0.007279724205585092
2023-01-20,-0.002537048485771317,0.018629000147522223
2023-01-23,-0.004096818675846827,0.011998623324991797
2023-01-24,-0.001429195950177633,-0.0010733436673517893
2023-01-25,0.004709188904338642,0.00037489667074575017
2023-01-26,-0.0035915708712150585,0.010990462363880571
2023-01-27,-0.007306710778670297,0.0022975532850757485
2023-01-30,-0.001382609026886603,-0.012546840152870331
2023-01-31,0.008868133324417318,0.0147032891320249
2023-02-01,0.001022503959132041,0.010627910967232035
2023-02-02,-0.02379109166123491,0.014556770451600975
2023-02-03,-0.0016986167949570828,-0.010628851837902409
2023-02-06,0.00828249378514909,-0.006111417214661463
2023-02-07,0.010065247758096455,0.013078559832082837
2023-02-08,0.0025357798167445172,-0.010934537534050603
2023-02-09,-0.0061559091734776335,-0.008669404914768752
2023-02-10,0.01415520632038622,0.0023336124253092727
2023-02-13,0.012944845642751909,0.01173904200435949
2023-02-14,-0.002565192113894673,-0.00046012521852478727
2023-02-15,-0.003402507478532171,0.003247432041463272
2023-02-16,-0.012502788211731699,-0.013768945988476444
2023-02-17,0.0007979643927981275,-0.0024981131016242886
2023-02-21,-0.007462381507332895,-0.020060983764786378
2023-02-22,-0.0031551522684018446,-0.0013782050566200077
2023-02-23,0.004159282171569565,0.005319459095136203
2023-02-24,-0.0068344677116612745,-0.010682339002157648
2023-02-27,0.0027537075363205424,0.0034057834309804136
2023-02-28,-0.009979992880598523,-0.0036959713216253576
2023-03-01,-0.00428570944154168,-0.0038358902855685217
2023-03-02,0.009870759805869865,0.007777370697250374
2023-03-03,0.01161744142894805,0.016037674246350164
2023-03-06,0.011054453561876587,0.0006929304475986608
2023-03-07,-0.0056616298226518195,-0.015328832587900854
2023-03-08,-0.0032780147384189042,0.001632105030223041
2023-03-09,0.008329393285565399,-0.018449866477869392
2023-03-10,-0.006859136632965491,-0.014429527800523867
2023-03-13,-0.01535101642013904,-0.0014252750983867468
2023-03-14,0.021676031564742546,0.016530288318482578
2023-03-15,-0.018759293730263624,-0.0062544096501387925
2023-03-16,0.027929328996753086,0.017545172378967466
2023-03-17,-0.025596839810661874,-0.01169269270998885
2023-03-20,0.010605422933137789,0.00961553708548557
2023-03-21,0.013251466363383986,0.013130671228617885
2023-03-22,-0.018694418182418886,-0.01704650384254669
2023-03-23,0.010303811837240091,0.0027032572616272343
2023-03-24,0.0034755918904327415,0.006562068798356968
2023-03-27,0.013233294098742958,0.0018699232205598992
2023-03-28,0.00041487842090205885,-0.0022446787859378148
2023-03-29,0.007569167439327949,0.01453481544152102
2023-03-30,0.0029167581945888127,0.005855303528700562
2023-03-31,0.007324557417253473,0.014094634098594794
2023-04-03,0.013844696387023748,0.003810451606296228
2023-04-04,-0.01182141332154086,-0.005547975328166865
2023-04-05,0.0036256632991929394,-0.002618315810123617
2023-04-06,-0.0018199573146337794,0.0039007882103703206
2023-04-10,0.005640723954842673,0.001026511589660828
2023-04-11,-0.003828527549480776,0.00026842326609566314
2023-04-12,0.00029012994789826474,-0.004076043943965879
2023-04-13,0.008221305800940463,0.013282765629276883
2023-04-14,0.0048692436906774056,-0.002442881256105811
2023-04-17,0.006550162567785596,0.0035886422862374534
2023-04-18,0.010314683815884218,0.0006519720392099693
2023-04-19,0.0005822329470872932,-0.0001688969718518507
2023-04-20,0.0005643694829470707,-0.005456998236696431
2023-04-21,0.0025768576158258436,0.0007768090357158641
2023-04-24,0.0038519907374645205,0.001043250503910853
2023-04-25,-0.009853903914009622,-0.015874006457569645
2023-04-26,-0.015770638543055944,-0.004235503192773438
2023-04-27,0.015451406278014302,0.019908053091383326
2023-04-28,0.008108032441936606,0.008535149366844186
2023-05-01,0.022079310369878608,-0.0010097248635083655
2023-05-02,-0.0011326571121824786,-0.011239248093318
2023-05-03,0.013788841252316265,-0.006864016169261022
2023-05-04,-0.012406816723922203,-0.007082915793210187
2023-05-05,0.009522166982743314,0.018512630235853145
2023-05-08,0.009148135972293196,0.0002665355610931286
2023-05-09,-0.005618339987127028,-0.004385370113328069
2023-05-10,-8.807853024904964e-05,0.004672401698128992
2023-05-11,-0.0009570851533346953,-0.0017440019590831968
2023-05-12,-0.005216212060888693,-0.00131020966278661
2023-05-15,0.015427840852068817,0.00345006315394647
2023-05-16,-0.0011764198451590427,-0.006682827345896425
2023-05-17,0.01236599660346038,0.01213905285626593
2023-05-18,0.008562493471090315,0.009633110834160519
2023-05-19,0.002086305329086373,-0.001454894855422828
2023-05-22,-0.006695807119835568,0.0004059005116483494
2023-05-23,-0.020208214531916912,-0.011222555943344537
2023-05-24,-0.0023150152135295947,-0.0072449905172807805
2023-05-25,0.03378889204784457,0.008659911199980552
2023-05-26,0.006620827395842349,0.012950731054129472
2023-05-30,-0.0035718093047830642,0.0003809150175198006
2023-05-31,-0.006717047537628734,-0.005545127883992973
2023-06-01,0.014018620561855332,0.00950091146788945
2023-06-02,0.010137059758452985,0.01446119491777531
2023-06-05,-0.0023858255861373477,-0.0019161770370904607
2023-06-06,-0.004162863060972143,0.0021773612348023885
2023-06-07,-0.00982775541194179,-0.0034578049258644494
2023-06-08,0.015371997052551163,0.00604877262509218
2023-06-09,0.003871879177991841,0.0017940848482338456
2023-06-12,0.01112843450786008,0.009071945955607674
2023-06-13,0.005674654398882895,0.006592978728039434
2023-06-14,0.007805311220812567,0.001190706951658571
2023-06-15,0.008366556283485732,0.012397640829954648
2023-06-16,-0.003608142120954226,-0.0034060276428777847
2023-06-20,0.004224828475558209,-0.005188189603518523
2023-06-21,-0.0012151608089469449,-0.005123751728731363
2023-06-22,0.003623988226697499,0.003609514566492056
2023-06-23,-0.007767808092322921,-0.007559826884647514
2023-06-26,-0.00909893443198917,-0.004085672286328723
2023-06-27,0.019354239098177115,0.010963183920165376
2023-06-28,-0.0022944141814122236,0.000504390910126773
2023-06-29,0.00930635225830657,0.0039414318204265
2023-06-30,0.015111455371518994,0.011800663052594862
2023-07-03,-0.009660810320585076,0.0011504796932244599
2023-07-05,0.0010879459098942254,-0.0014871200156685305
2023-07-06,-0.008578548083574153,-0.00783055864387816
2023-07-07,-0.00686602935313529,-0.0025247877702910815
2023-07-10,0.007555030544822872,0.0025311784587080943
2023-07-11,-0.011977052506856265,0.0063684902346918815
2023-07-12,0.0015518081783748585,0.008045931375433524
2023-07-13,0.0013676590493055297,0.007936799163419828
2023-07-14,0.007771177313349783,-0.0006228317380210235
2023-07-17,0.005856199349742384,0.003472225152429287
2023-07-18,0.006238509010737462,0.007430475166082973
2023-07-19,-0.0010835288104546988,0.0022239845288032356
2023-07-20,0.00876045757448337,-0.006634589822913317
2023-07-21,-0.0033872830546065433,0.0
2023-07-24,-0.00030641211597842136,0.004467111554111947
2023-07-25,0.007931488534747271,0.002730286205282706
2023-07-26,-0.012786829527068456,0.0001536629536655898
2023-07-27,0.01740816844700513,-0.006630075300619875
2023-07-28,0.0018241640113071862,0.009790525228340119
2023-07-31,-0.0023608092520228984,0.0019039508189602206
2023-08-01,-0.004731425895189914,-0.002861610864265507
2023-08-02,-0.013846377055694373,-0.013910772599978638
2023-08-03,-0.0037934555208899365,-0.0028658059749401277
2023-08-04,-0.00025131702926897996,-0.004522808505695752
2023-08-07,0.015602138516384624,0.008728690859012733
2023-08-08,0.043081830688059514,-0.004348837382111448
2023-08-09,-0.012092477582160185,-0.00668524218178701
2023-08-10,-0.002373264850101516,0.00035887500800968475
2023-08-11,-0.0010985973689475082,-0.0005831486754908077
2023-08-14,0.02173983195138805,0.0055201031080960306
2023-08-15,0.00027188269861049344,-0.011648865245321605
2023-08-16,-0.006909582169159267,-0.007338064243749831
2023-08-17,-0.011783996296825985,-0.007620055947007098
2023-08-18,0.005158613560892089,0.0004812230321382671
2023-08-21,0.01664615438178646,0.006506523859823865
2023-08-22,-0.004477970865334934,-0.0027087183839022977
2023-08-23,0.015242608357032646,0.011137820368366524
2023-08-24,-0.01471380641991574,-0.013858975339126944
2023-08-25,0.001601722180630457,0.007049762000653992
2023-08-28,0.005709800215637364,0.006341310330167715
2023-08-29,0.014594054436042543,0.01445486633703319
2023-08-30,-0.003320108703319279,0.004118626574855844
2023-08-31,0.005887297144464619,-0.001463453523335989
2023-09-01,0.0018895095357375634,0.0018654281834353803
2023-09-05,-0.004191832544768545,-0.004322082543513406
2023-09-06,-0.0029691701391214576,-0.006722259759567084
2023-09-07,0.008809150201057827,-0.0030702719910771226
2023-09-08,0.00705811363840989,0.001506020245616746
2023-09-11,0.007993028803172002,0.00657655480268482
2023-09-12,-0.005768909629337032,-0.005485566209154413
2023-09-13,-0.0037427306117924983,0.0011660173010359376
2023-09-14,-0.0009457197537836044,0.008622257382697285
2023-09-15,-0.024255022297106833,-0.012048228271881012
2023-09-18,-0.0008369795157103007,0.0005864873152146011
2023-09-19,-0.003436824954653952,-0.002073893546707839
2023-09-20,-0.012137074478486517,-0.009193323207584925
2023-09-21,-0.026293927566677727,-0.016528310467607055
2023-09-22,0.004308438977419384,-0.0022485624534225312
2023-09-25,0.006587843021213342,0.004205229907699781
2023-09-26,-0.009605824873183203,-0.014691379274802907
2023-09-27,0.007223691248395581,0.00039928629699836904
2023-09-28,0.0026864979327153346,0.005797427674593791
2023-09-29,-0.009142128662298346,-0.002426952099509716
2023-10-02,0.004243432126655094,-0.0003976444775548593
2023-10-03,-0.025594889074819265,-0.013386033774101747
2023-10-04,0.0034511869853657857,0.007281944201732893
2023-10-05,0.01002192171392948,-0.000376856628702682
2023-10-06,0.02374248626892771,0.011872900334908065
2023-10-09,0.0024166916625547987,0.006402091639708063
2023-10-10,0.012881810052761563,0.00520479339454516
2023-10-11,0.02552421566329534,0.004096309647854124
2023-10-12,-0.0008160762355989564,-0.00609630654772797
2023-10-13,-0.01381383689153184,-0.00498099899206772
2023-10-16,0.015340288765427871,0.01052138410009218
2023-10-17,-0.015879683999144054,-4.592278920578785e-05
2023-10-18,-0.009315239250304986,-0.013324863703783829
2023-10-19,-0.014725019372377962,-0.008786486404401606
2023-10-20,-0.011795916237901487,-0.012288076620788013
2023-10-23,0.0007820739542205683,-0.0017332609540344768
2023-10-24,0.016222603615752815,0.007539488413145445
2023-10-25,-0.021327850924057003,-0.014352175181991389
2023-10-26,-0.028366938248657447,-0.011974683876459058
2023-10-27,-0.007788990711585777,-0.004532691233238073
2023-10-30,0.013867254934261787,0.01195574009533984
2023-10-31,-0.007513068763773112,0.006280393905699677
2023-11-01,0.010531642294488516,0.010664691969085593
2023-11-02,0.02179390574540287,0.01916418392974273
2023-11-03,-0.00924992900553447,0.009123472989187364
2023-11-06,0.02845473866904835,0.002300445530699635
2023-11-07,0.0049348201394972995,0.0028461036562730246
2023-11-08,0.015896007166662802,0.00073233113328941
2023-11-09,-0.01376254877349734,-0.007798663067815403
2023-11-10,0.010199234780085985,0.015604821640675448
2023-11-13,0.015128814483659839,-0.0009532326484326115
2023-11-14,-0.0033894520302584713,0.019400771539097805
2023-11-15,-0.02217458176829067,0.0021170484388934874
2023-11-16,0.00802178305668085,0.0012230998035855922
2023-11-17,-0.004034866607967127,0.0012436335806800258
2023-11-20,0.012490706422892775,0.007697682383961402
2023-11-21,0.0008198675497617909,-0.0021792995994601716
2023-11-22,8.510659710335792e-05,0.003860706707777384
2023-11-24,0.004133228999141658,0.0006154093973995689
2023-11-27,-0.0036600886256732664,-0.0018009742299698317
2023-11-28,-0.003948430648301679,0.00099009228807323
2023-11-29,0.000351951764304605,-0.0007033553851359953
2023-11-30,-0.002010268143276033,0.003937490213237638
2023-12-01,-0.004895121273851003,0.005915907428538425
2023-12-04,-0.012642147593640645,-0.005249435630463761
2023-12-05,-0.0011874813363760995,-0.00019717050671164138
2023-12-06,-0.0059545779609848516,-0.004029691183885187
2023-12-07,0.01029366097178007,0.007630412037957557
2023-12-08,0.009225382195321194,0.004299193527608214
2023-12-11,0.01646017683590661,0.003889593106403799
2023-12-12,0.0022538575981393043,0.004567129601707132
2023-12-13,0.005826387661588026,0.01379010913082368
2023-12-14,-0.01565068753709919,0.0032094162684701555
2023-12-15,0.009329951280612649,-0.0016465667898450942
2023-12-18,0.003563155472298628,0.005625132164749136
2023-12-19,0.010883814985990893,0.006081000141715309
2023-12-20,-0.017049297924108742,-0.013857379668825498
2023-12-21,0.01949644377590681,0.00948175563453657
2023-12-22,-0.000851838332471524,0.0020098065717895075
2023-12-26,0.015957665149033403,0.0042226082931333675
2023-12-27,0.006080687958849848,0.0018080695834519211
2023-12-28,-0.002538857448013142,0.00037766293829522013
2023-12-29,-0.0010411626196482836,-0.0028950463789587655
2024-01-02,-0.034837899933980405,-0.005596187683729381
2024-01-03,-0.01387725633123707,-0.008166725745842207
2024-01-04,0.0016694861101888483,-0.0032211595318121233
2024-01-05,0.011678651921862628,0.0013696387133312893
2024-01-08,0.012879405774118245,0.014275958893323226
2024-01-09,-0.0012984773740210799,-0.0015170617748929693
2024-01-10,-0.0002360054789686645,0.0056554243497164425
2024-01-11,0.001773399066688808,-0.00044059347730840415
2024-01-12,-0.004204317107426537,0.0006927133832712595
2024-01-16,-0.005173513289476453,-0.003671214241216858
2024-01-17,-0.004526844558691033,-0.0055587387101633245
2024-01-18,0.017990120955781952,0.008892866061047888
2024-01-19,0.0211876147705948,0.012466099229302197
2024-01-22,0.0011138627084987685,0.0021144137695201515
2024-01-23,-0.0028022003182504246,0.002916443353095266
2024-01-24,0.006952745733381667,0.0010931698517426813
2024-01-25,-4.5111813639148646e-05,0.005438884867742022
2024-01-26,-0.03261613980425085,-0.0012704753555539128
2024-01-29,0.012569900000754846,0.00791954653247462
2024-01-30,-0.005481472583972714,-0.000773547003113384
2024-01-31,0.0019666915369048387,-0.01631736415062779
2024-02-01,0.015472842945056584,0.013088251815188245
2024-02-02,0.016940920078429976,0.010527358922269192
2024-02-05,0.016425569280855354,-0.003641227340489328
2024-02-06,-0.009920932207789146,0.0029033697679021753
2024-02-07,0.014088512155105854,0.008340456217984737
2024-02-08,0.0008040650157974903,0.00044155963850278646
2024-02-09,0.012079786767013989,0.00577939892589896
2024-02-12,-0.0015584570602702186,-0.00043895371353208645
2024-02-13,-0.0028413776888996075,-0.013772963023190532
2024-02-14,0.021140367796004405,0.009087670580652185
2024-02-15,0.002566150948171787,0.006899736798277489
2024-02-16,-0.00024351130442540423,-0.004979919478028227
2024-02-20,-0.02373623737247748,-0.005505484454382592
2024-02-21,-0.012010128160927627,0.0009058274054767335
2024-02-22,0.06873266349461617,0.0206955377763427
2024-02-23,-0.0008143457082279435,0.0006895540531597355
2024-02-26,-0.0007989592072999149,-0.003662491379567423
2024-02-27,0.001378939253671581,0.0018576844870146214
2024-02-28,-0.006604399407942318,-0.0013215851128339784
2024-02-29,0.010646870403933702,0.0035949593269126723
2024-03-01,0.015120911291667094,0.009388214481534929
2024-03-04,0.013049939222409065,-0.0010723336690516838
2024-03-05,-0.013158595614878973,-0.00999403456329695
2024-03-06,0.014718652326831725,0.005067153681898695
2024-03-07,0.01837683157926693,0.009926350226370007
2024-03-08,-0.01693292592354559,-0.006002135527416352
2024-03-11,-0.009414387718251408,-0.0008599205218471351
2024-03-12,0.02719492297534745,0.01075730713624612
2024-03-13,0.004785876914025917,-0.0015673245060744412
2024-03-14,-0.008156612304380377,-0.0019767863884397885
2024-03-15,-0.002301448906015887,-0.006866721183108715
2024-03-18,0.009207545352810173,0.0059431515675332225
2024-03-19,0.010051176997327382,0.005557072604613467
2024-03-20,0.007719920718303845,0.009249458547434086
2024-03-21,0.0040555986977201365,0.003304588182942547
2024-03-22,0.006646894162266529,-0.0018957309656768562
2024-03-25,0.0019756973490670875,-0.0027627513654520097
2024-03-26,-0.004508455507690377,-0.0018470371085398396
2024-03-27,-0.00016605585198479827,0.008403780589582466
2024-03-28,-0.004410552594517103,-0.00019114561411937014
2024-04-01,0.006027065893683819,-0.0017398831380385227
2024-04-02,-0.009915592531136346,-0.006358082858685776
2024-04-03,0.02308829778118793,0.00109854443013635
2024-04-04,-0.01023869661878615,-0.012206022635286584
2024-04-05,0.028334388521624565,0.010446943395959751
2024-04-08,-0.004456898254070055,0.0005592637809379575
2024-04-09,-0.015322711924839014,0.0011567728189783022
2024-04-10,0.007995983915715496,-0.010013138685516232
2024-04-11,0.01181283390461661,0.007546927974082074
2024-04-12,-0.017306589889637628,-0.013803104991042203
2024-04-15,-0.009120269426525569,-0.012528162404412457
2024-04-16,0.010628833435302652,-0.001823749004544739
2024-04-17,-0.015502712757649658,-0.005918240509064532
2024-04-18,-0.009389928201714429,-0.002057726764312373
2024-04-19,-0.030986393686543462,-0.008728310564720898
2024-04-22,0.015036720656831015,0.009209270659905178
2024-04-23,0.04014866862143407,0.01186654490846939
2024-04-24,-0.016936906409104606,-0.00047473094767269686
2024-04-25,0.008569560225658697,-0.0037989091774335293
2024-04-26,0.01762545699164716,0.009473948179165692
2024-04-29,0.0025847449213796414,0.00354149125067571
2024-04-30,-0.011576648311406087,-0.015841215462753078
2024-05-01,-0.005413409783694815,-0.003247213224846335
2024-05-02,0.008928401416793814,0.009353406639900363
2024-05-03,0.007907659444616473,0.012395297420226381
2024-05-06,0.02299461232701257,0.010326856423710673
2024-05-07,0.0012261770293606371,0.0011035533133769704
2024-05-08,0.0027214894041166235,9.659652598270618e-05
2024-05-09,-0.004072890516294754,0.005761988356830505
2024-05-10,-0.0072898973790619555,0.0012880434972042387
2024-05-13,-0.016766754770859975,0.0001342624349851551
2024-05-14,0.006446746893280899,0.004588194317254546
2024-05-15,0.01028173548166267,0.012382847119358775
2024-05-16,-0.013843539949374244,-0.002057308910603406
2024-05-17,-0.0015954028808606727,0.0014373970141403625
2024-05-20,-0.0016388776308049644,0.001152163929652561
2024-05-21,0.010988916390011757,0.0024527698784053698
2024-05-22,-0.005820774893617962,-0.002879527095358103
2024-05-23,0.01320090866116434,-0.007304390634860436
2024-05-24,0.011541893583966376,0.006616629763648296
2024-05-28,0.005583071066620659,0.0006988453582048582
2024-05-29,-0.01787263395502495,-0.007002690056326477
2024-05-30,0.004339226187709838,-0.006633705018401992
2024-05-31,0.008757798305914225,0.009108077830044081
2024-06-03,0.0032585447920305474,0.0008153981503336016
2024-06-04,0.002763728566804069,0.0011179787399249186
2024-06-05,0.01844365512206711,0.01188528513242515
2024-06-06,-0.006095045970476269,-1.8943143324623435e-05
2024-06-07,-0.005760511448638879,-0.0012155413895058587
2024-06-10,0.008171236983295336,0.0030896755196778702
2024-06-11,-0.01932834894609871,0.002408336387425436
2024-06-12,0.006496383422535215,0.008212963245429306
2024-06-13,0.008995773954398732,0.0020135328811594633
2024-06-14,0.0027008492467957,0.0006083206695906007
2024-06-17,0.00904474034584811,0.00795911087131973
2024-06-18,0.008057979430170798,0.002540590655329966
2024-06-20,-0.006324201972550346,-0.002716645125079298
2024-06-21,-0.009488224355361601,-0.0013404776708971777
2024-06-24,-0.021766332226694458,-0.0032507411822658705
2024-06-25,0.011010190819023687,0.003850733994496869
2024-06-26,4.127415043241066e-05,0.001248380759563128
2024-06-27,-0.003703582330111916,0.0015765232384665762
2024-06-28,-0.01302107734928042,-0.003935332434760852
2024-07-01,0.001227998486353034,0.002058003120900098
2024-07-02,-0.006927619188433131,0.006729854689488501
2024-07-03,0.009353548279195083,0.004462518162005047
2024-07-05,0.0001342439500458152,0.005766470977847771
2024-07-08,0.01485521883962225,0.0011540527239508602
2024-07-09,0.01163465192265337,0.000972367545504893
2024-07-10,0.013067189693578705,0.009895194180880473
2024-07-11,-0.013375709123638729,-0.00862239232945372
2024-07-12,0.008379226881533143,0.006307432045768557
2024-07-15,-0.002139737784172215,0.0027500092368082374
2024-07-16,-0.0009868047588668933,0.005930304192919733
2024-07-17,-0.022971069277939755,-0.014021284797528288
2024-07-18,-0.0072626449576194945,-0.007684702186878889
2024-07-19,-0.0038205464827748433,-0.006640604165301767
2024-07-22,0.012489963049912843,0.010309924342275956
2024-07-23,-0.006218081740360433,-0.0015687460660562813
2024-07-24,-0.02011041319582402,-0.022662483372983044
2024-07-25,-0.01928383498258612,-0.005210277592075707
2024-07-26,-0.0003235213805308425,0.01119971183544255
2024-07-29,-0.002883493405756067,0.0005878940527006549
2024-07-30,-0.028063621368657518,-0.005066577405643313
2024-07-31,0.04046552603958456,0.01625470055299938
2024-08-01,-0.014371465637229575,-0.01416102580487788
2024-08-02,-0.009932659067062794,-0.018618272112519207
2024-08-05,-0.026293505630023584,-0.029123930911772122
2024-08-06,0.00955519183883007,0.009219646681390303
2024-08-07,-0.012756562044072628,-0.0066839961423128536
2024-08-08,0.022987339934135105,0.023117314519645493
2024-08-09,-0.000562333203185144,0.00440963576112674
2024-08-12,0.009413140454393754,0.0005254581184506169
2024-08-13,0.02169307605515394,0.016445540515162227
2024-08-14,0.006637474397211052,0.00315472174662057
2024-08-15,0.013017905587867747,0.01714024729533259
2024-08-16,0.00475739940890723,0.0022422047636962983
2024-08-19,0.0115439588530182,0.009561257412605384
2024-08-20,-0.004378089977659605,-0.0016258913169607814
2024-08-21,0.004139425845506888,0.0034363291389154504
2024-08-22,-0.006730944452928122,-0.00784846691775154
2024-08-23,0.015335838813147113,0.010625309443622832
2024-08-26,0.0005891713221559769,-0.002383780184026185
2024-08-27,0.006354825615844318,0.0013732097959411327
2024-08-28,-0.0011320139276484,-0.005805360614414723
2024-08-29,-0.0074462467258538,8.952221702562824e-05
2024-08-30,0.009650243847087157,0.009546098252218416
2024-09-03,-0.02323859250311862,-0.02057899391929241
2024-09-04,-0.0003577578468420789,-0.002046876670290576
2024-09-05,-0.008577838876876468,-0.0024322652088685226
2024-09-06,-0.017183393830019475,-0.016830046442845803
2024-09-09,0.010997089863523232,0.011196200027240755
2024-09-10,0.0034812765105144807,0.0043556714229291416
2024-09-11,0.011427057015315262,0.010258833992783822
2024-09-12,0.010448831200932736,0.008423286294503729
2024-09-13,0.008757263551390579,0.005222739151962363
2024-09-16,0.0008422185319069311,0.0014770129874017712
2024-09-17,-0.005234788876720587,0.0004084583316585899
2024-09-18,-0.003522072216889882,-0.002965620057530538
2024-09-19,0.00694241162928531,0.01706426713245346
2024-09-20,0.006625612940594954,-0.0017287451606541326
2024-09-23,0.002611623686649613,0.002499043875456408
2024-09-24,0.009824395004101306,0.002861332369231473
2024-09-25,0.0012695662456681388,-0.0022055614600836604
2024-09-26,-0.00024764161068974096,0.003964639116043278
2024-09-27,-0.013435249969500249,-0.0014501460459257487
2024-09-30,0.0025324765928113778,0.004007228427349574
2024-10-01,-0.0029742446283823887,-0.00895864823632131
2024-10-02,0.003480697106231543,0.0004223003426260252
2024-10-03,-0.000554385169981964,-0.0018283947598322081
2024-10-04,0.006181574980719679,0.009087379907035231
2024-10-07,-0.009342880887361201,-0.00904056641898432
2024-10-08,0.011984122868126473,0.009457870644175026
2024-10-09,0.006621517079874484,0.006926243817266808
2024-10-10,-0.00865531716676541,-0.0017498459801823518
2024-10-11,0.016560630564643877,0.005988158911539587
2024-10-14,0.00028012428238896733,0.008178342384112192
2024-10-15,-0.0012303056972045485,-0.007769733319326511
2024-10-16,0.007753340971120435,0.004346282989862171
2024-10-17,0.0007414079952483431,8.599680702170431e-05
2024-10-18,-0.0038549042396013927,0.0038464792403316572
2024-10-21,-0.004545900401539758,-0.0016422048779181075
2024-10-22,-0.01365291738250166,-0.0005310922072517821
2024-10-23,0.009786267567853448,-0.009137424564856667
2024-10-24,-0.005237903588669793,0.002162726927777525
2024-10-25,-0.01111104061017158,-0.0003452680895702498
2024-10-28,0.006685240963687426,0.003091318631785356
2024-10-29,0.010593846103882034,0.0016182856761448594
2024-10-30,-0.001989580776600222,-0.00302512486502704
2024-10-31,-0.013287701073715758,-0.01960327281078511
2024-11-01,-0.01248164490563676,0.004220560419274211
2024-11-04,0.004708970634707613,-0.0021537981146106944
2024-11-05,0.018054757411856116,0.012091708046168215
2024-11-06,0.023410969365749115,0.02486569341005418
2024-11-07,-0.0001512376882136931,0.007731954969968813
2024-11-08,0.014111107905548145,0.004331742618111534
2024-11-11,0.006774771370583426,0.0009528260734092964
2024-11-12,-6.253773348944159e-05,-0.003106344114070958
2024-11-13,-0.006590916699435664,0.0004858735997956831
2024-11-14,0.00044339915236355594,-0.006430017150249601
2024-11-15,0.0019337597138442248,-0.01280881362981412
2024-11-18,0.010575133341945528,0.004097382140865635
2024-11-19,0.009323688984421074,0.0036555887377105467
2024-11-20,0.001586065543150739,0.00033879905995104487
2024-11-21,0.008773619616425178,0.005368235809295685
2024-11-22,0.0004696597873894439,0.003099488375636561
2024-11-25,-0.012797713206306965,0.003392152270224491
2024-11-26,0.011640350157408125,0.005221376398363953
2024-11-27,-0.004248111101884066,-0.003030163234722827
2024-11-29,0.005801063650482402,0.00621216929893964
2024-12-02,-0.005150897106690526,0.0017924648629352724
2024-12-03,0.002607141082045015,0.00046367958207294
2024-12-04,0.0055493526754454015,0.006209603728951407
2024-12-05,0.008039135358628586,-0.00164570260080521
2024-12-06,0.006635199914011113,0.0018957391595642026
2024-12-09,-0.03497877927562171,-0.0051497285097474865
2024-12-10,0.005589922749002924,-0.003109119192492127
2024-12-11,0.0066386395301193495,0.007730767645118819
2024-12-12,-0.004358709161181869,-0.005152695392551365
2024-12-13,-0.001602260556987294,-0.00019841622728100639
2024-12-16,-0.003724996558171113,0.004269880290139971
2024-12-17,-0.008760886611529713,-0.004120052972255928
2024-12-18,-0.027428750873312927,-0.029803473706515593
2024-12-19,0.0007335012912023028,-0.000306999319557244
2024-12-20,0.010416260754124074,0.01201088957923413
2024-12-23,-0.0033504891587880746,0.005988323763746806
2024-12-24,0.014647592666753051,0.011114857203426531
2024-12-26,-0.0036882270693122977,6.662664262480078e-05
2024-12-27,-0.009841272931378948,-0.010526514144038046
2024-12-30,-0.006255068933116288,-0.011411505727450755
2024-12-31,-0.0032407379690287297,-0.0036380505985887934
2025-01-02,-0.0022848787795581144,-0.0024571493834200098
2025-01-03,0.0017517395164850281,0.012503473922702568
2025-01-06,-0.0008527681255996902,0.00576066668960995
2025-01-07,-0.010897607593933774,-0.011304119376359778
2025-01-08,0.0030340719229882463,0.0014610443232185855
2025-01-10,-0.007220370475279559,-0.015267376834053215
2025-01-13,-0.003699998908573885,0.001550440352794169
2025-01-14,0.0019103948053251804,0.0013759292368293874
2025-01-15,0.007806492520223456,0.018189978739041157
2025-01-16,0.0007088772353101762,-0.0019231741492636845
2025-01-17,0.011515612143950577,0.010039953635990084
2025-01-21,0.012247097375537058,0.009153480738035569
2025-01-22,0.014270888342145594,0.005621570715055313
2025-01-23,0.01017591156790944,0.005458021479211039
2025-01-24,0.0017827399705557922,-0.0029192782547332596
2025-01-27,-0.008936385679352638,-0.014145367696859479
2025-01-28,0.014087768854072149,0.008592344588856049
2025-01-29,0.00204673840972835,-0.0044828171819780716
2025-01-30,0.011981676733129713,0.0053669749643716624
2025-01-31,-0.0011861419471803653,-0.005321949711351581
2025-02-03,0.003154769008948459,-0.006729546139925269
2025-02-04,0.009373780694947374,0.006708326846265988
2025-02-05,0.016432787396942733,0.004054603016241831
2025-02-06,0.0027302635555896755,0.003475511193955949
2025-02-07,-0.011064878258575266,-0.00915358332287397
2025-02-10,0.007778781373386683,0.0067912958944049695
2025-02-11,-0.00506999912791277,0.000760531944440368
2025-02-12,0.010079320133059885,-0.0032214928773622864
2025-02-13,0.011163316812603345,0.0105575681694563
2025-02-14,0.0009542779438537947,-4.9152155779053075e-05
2025-02-18,-0.002666069155111547,0.00293586851761396
2025-02-19,0.004152235315860928,0.0023548417997938387
2025-02-20,-0.02989706853863011,-0.004160263017604526
2025-02-21,-0.018033045682103305,-0.01710418249222523
2025-02-24,-0.005386497337069885,-0.004550479994154144
2025-02-25,0.0036905650992189415,-0.004973260662582302
2025-02-26,0.0027578201676415836,0.000505063503894565
2025-02-27,-0.003945202686768913,-0.01596213571403282
2025-02-28,0.022697393275020794,0.015605610136830705
2025-03-03,0.006943918686403046,-0.017519874487343268
2025-03-04,-0.026046701340930435,-0.011836893452684794
2025-03-05,0.0027314700430341567,0.010747915551218012
2025-03-06,-0.009114611065513584,-0.017751313392863732
2025-03-07,0.003954529572559274,0.005604971721603569
2025-03-10,-0.008190638779109286,-0.026635663385389252
2025-03-11,-0.014008348445515212,-0.008312627979411458
2025-03-12,-0.0013098045822816373,0.005306329122947595
2025-03-13,-0.007330644904341944,-0.01333052945633073
2025-03-14,0.010960410813077548,0.020655943292980483
2025-03-17,0.014350114596043552,0.007711215109664327
2025-03-18,-0.011221196115394636,-0.010808446655089399
2025-03-19,0.0012386912851803775,0.010890895685803592
2025-03-20,-0.006480490509774935,-0.002891692811274549
2025-03-21,0.003775766704093673,0.000329920251935123
2025-03-24,0.005153367197372915,0.01790833431211336
2025-03-25,0.009315000436543023,0.0024039896226795143
2025-03-26,0.004638871282439237,-0.01193834026356333
2025-03-27,0.007493044489881266,-0.0026558606726869716
2025-03-28,-0.005018379904547851,-0.02013817945562557
2025-03-31,0.004515788760470911,0.006712994647558368
2025-04-01,0.000631713752766733,0.002824358079869027
2025-04-02,-0.001641159804111556,0.00632832407041195
2025-04-03,0.009427222783416043,-0.049280806450378245
2025-04-04,-0.06186216214318027,-0.058542901454432195
2025-04-07,-0.0027527463859120687,-0.001781254190373338
2025-04-08,-0.013560873752486428,-0.015662775875483148
2025-04-09,0.01959974888206771,0.1050193499563612
2025-04-10,-0.009423022989080444,-0.04381899412347667
2025-04-11,0.017346677116439918,0.01784282319934194
2025-04-14,0.01932692271513727,0.009701320140789838
2025-04-15,0.008808849920738097,-0.0028008096342629907
2025-04-16,-0.007556495175664991,-0.02222803272207108
2025-04-17,0.006707764650908703,0.0014268092873082061
2025-04-21,-0.016824042073057936,-0.02380270230206527
2025-04-22,0.01995922100636684,0.026017879051356108
2025-04-23,0.009198512562830188,0.015495236846295724
2025-04-24,0.008932658318524446,0.021049019601060648
2025-04-25,-0.01329993929278265,0.0072253777163768795
2025-04-28,0.012217852826410469,0.0003814141653319947
2025-04-29,1.2918715458876355e-05,0.006299227600181201
2025-04-30,0.008867440148895315,0.00039692408336877705
2025-05-01,-0.002201870902283132,0.007086914929300692
2025-05-02,0.009698600385065691,0.014844239670051884
2025-05-05,0.0012402670033302204,-0.005734511693465172
2025-05-06,0.004704577463281815,-0.008358212160090583
2025-05-07,0.009521468348743673,0.004205436907619653
2025-05-08,-0.01665871656861638,0.006967790512363292
2025-05-09,-0.0011564334324605514,-0.0012741154091596707
2025-05-12,-0.031266638808515726,0.03304739833427317
2025-05-13,7.249625090399053e-05,0.006603834423700716
2025-05-14,-0.0010665942915010843,0.0012779544649297314
2025-05-15,0.02922012159470943,0.004884447976478912
2025-05-16,0.011388074289298371,0.006334078244299102
2025-05-19,0.007432777963658654,0.001093917986384696
2025-05-20,0.0002051353388307117,-0.0033623352652387695
2025-05-21,0.004027485978924632,-0.01685069102724135
2025-05-22,-0.0021532501734626646,0.0003946470773714683
2025-05-23,0.007583371172963692,-0.006825781018315102
2025-05-27,0.007180530452530426,0.020790667721467315
2025-05-28,-0.0005435690026979804,-0.005785518908830278
2025-05-29,-0.0052242475449697555,0.0039473827948730555
2025-05-30,0.013958555391425818,-0.0011183521919033712
2025-06-02,0.00794627394300337,0.005632901136813695
2025-06-03,-0.006604626511049304,0.005702485631296383
2025-06-04,-0.005286024754378013,-0.0002683402981673577
2025-06-05,0.001231939936305811,-0.004832872149647116
2025-06-06,-0.0024898929306114725,0.010268979858962801
2025-06-09,-0.009711276845557342,0.0009012828881442836
2025-06-10,-0.0099088028653316,0.005669767615193333
2025-06-11,0.01584868435706657,-0.0028520166647609813
2025-06-12,0.006443949535891677,0.003974123438458488
2025-06-13,-0.006339180664954541,-0.011179963287322514
2025-06-16,-0.0005238137604449771,0.009514299887150468
2025-06-17,-0.000269188934653251,-0.008545236528975764
2025-06-18,0.0029689243082846217,-0.00015063576973428638
2025-06-20,0.0049513601934471334,-0.002348536060589046
2025-06-23,0.004609052634468453,0.009877480504495662
2025-06-24,0.003265464648420933,0.011047208993087754
2025-06-25,-0.006238274597061539,0.0005603646306042709
2025-06-26,0.006616284559418645,0.007823779874487347
2025-06-27,0.00926243826430767,0.0049683317640052405
2025-06-30,0.006785704703215371,0.004781306168960997
2025-07-01,-0.011760102852114488,-0.0003236793082248557
2025-07-02,0.000838416574446168,0.0045332765158159205
2025-07-03,0.00813721842998743,0.007881385954874975
2025-07-07,0.004838361500778978,-0.0074520170832973465
2025-07-08,-0.014985935964345339,-0.0005477162177452977
2025-07-09,0.0015925646578341872,0.005996626767211355
2025-07-10,8.824976353522321e-05,0.0028203102183428364
2025-07-11,-0.006024670406757408,-0.0035154238705955576
2025-07-14,0.008895842031267412,0.0019081172266208757
2025-07-15,-0.0030903602950678776,-0.00427316705062708
2025-07-16,0.0036388150371894985,0.0033431911185151097
2025-07-17,-0.0011549917318138714,0.006119689977517551
2025-07-18,-0.0077394980067358975,-0.0007324129021104575
2025-07-21,0.007346599954783036,0.001896175165666536
2025-07-22,-0.02792018980027628,0.0001431211632245688
2025-07-23,0.007238922502532015,0.008507541122114937
2025-07-24,-0.0038097661107149576,0.00033105252282705777
2025-07-25,0.002466463171683672,0.004224349640319147
2025-07-28,-0.010352938879683435,-0.0002511001451916961
2025-07-29,0.00790905846837067,-0.0026377452404861
2025-07-30,3.770509374658968e-05,-0.0012592342390789213
2025-07-31,0.002846234061580815,-0.0037511295105476794
2025-08-01,-0.007578950195576628,-0.016390562686528054
2025-08-04,0.014877818489215058,0.015199814188961769
2025-08-05,-0.002394742932213153,-0.005069966572431306
2025-08-06,-0.002441363622552386,0.007659680244984202
2025-08-07,0.0001592431625067911,-0.0008376240775045396
2025-08-08,0.003724920711134504,0.007797573458693252
2025-08-11,0.006163500666951445,-0.0019774432364148
2025-08-12,0.006233375504787208,0.010646114455700184
2025-08-13,-0.003850608035365107,0.0034230513551560815
2025-08-14,0.000277079745182968,9.296545483872265e-05
2025-08-15,-0.0022571140442416556,-0.002341194642022759
2025-08-18,0.004478543942998802,-0.00021763143719111255
2025-08-19,-0.005658169863126634,-0.005425130066677664
2025-08-20,0.00581297550317241,-0.0026570836306466505
2025-08-21,-0.0033157734745115214,-0.004011822287558586
2025-08-22,0.007642895669629126,0.01535688655115064
2025-08-25,-0.0003042252923159221,-0.0044011570576184544
2025-08-26,0.0012884136127574472,0.004187036349890816
2025-08-27,0.0017030520735697155,0.0022785132820093423
2025-08-28,0.006970665526915493,0.003541362732142783
2025-08-29,-0.012297568174260764,-0.0059636816039791984
2025-09-02,0.00483772951648228,-0.007410295555874247
2025-09-03,0.002449397146118329,0.0054195597134076845
2025-09-04,0.008724408912830155,0.008357360441814565
2025-09-05,0.005400886960857877,-0.002896148488535144
2025-09-08,-0.004198503291153958,0.002456541908713472
2025-09-09,0.002249901043275468,0.0023119206976098816
2025-09-10,0.009919913515763911,0.0028908542790047065
2025-09-11,0.011614980771081536,0.008310264731785644
2025-09-12,-0.004320617924043433,-0.00033461291182779185
2025-09-15,0.0062199764975881915,0.005323858293106998
2025-09-16,-0.003506626194566053,-0.0013767927852816886
2025-09-17,0.0029830180279649464,-0.0012424352925486382
2025-09-18,-0.0030160176592834145,0.004672445142330339
2025-09-19,0.01809072961874767,0.004952874775332017
2025-09-22,0.005136238008688845,0.004731007968096224
2025-09-23,0.009786144091127527,-0.0054434748398075605
2025-09-24,-0.005963001363380748,-0.003181633452613686
2025-09-25,-0.003741927224956345,-0.0046134974884720625
2025-09-26,0.007294856151292226,0.005729144366994232
2025-09-29,0.008230112831636823,0.0028103664411398555
2025-09-30,0.00857015160673174,0.0037668667591119753
2025-10-01,0.03118208419247204,0.0034075694259330103
2025-10-02,0.00021622229735652782,0.001151711603039951
2025-10-03,0.00044678342724656253,-1.4767362221612679e-05
2025-10-06,-0.007067433756371176,0.003586228910336109
2025-10-07,-0.014415594675905065,-0.003707492250961897
2025-10-08,0.0031651190523644167,0.005963052412792269
2025-10-09,-0.007389212101712214,-0.0028970083792374535
2025-10-10,-0.013913192513053587,-0.02702782789908964
2025-10-13,0.015295190365908543,0.015344074693208754
2025-10-14,-0.007939155634840999,-0.0012216548034567065
2025-10-15,0.019793698633946605,0.004439615866679292
2025-10-16,0.014455856527403227,-0.006810260525524803
2025-10-17,-0.009298401685907082,0.005676300358907982
2025-10-20,-0.0024507786206335804,0.010400475399621634
2025-10-21,-0.015249126178012443,-1.4995920012528252e-05
2025-10-22,0.0010639956693200684,-0.005198815962920711
2025-10-23,0.021979111900484963,0.005929891190499692
2025-10-24,0.0004762744247929059,0.008172571104630766
2025-10-27,-0.01421574600582471,0.011797712023148943
2025-10-28,-0.006965501104253203,0.002655998956591077
2025-10-29,0.040963099459096056,0.0004802976988058649
2025-10-30,-0.0112846534157744,-0.010998144919191377
2025-10-31,0.0015450618135391594,0.0032802806107155025
2025-11-03,0.006341957852431374,0.0018766870879645126
2025-11-04,-0.011696307565246705,-0.011853539942447533
2025-11-05,0.018678613333424902,0.003465389196996238
2025-11-06,0.006358986075301477,-0.010729333212666003
2025-11-07,-0.0036972262311992994,0.0009845075813768034
2025-11-10,0.02639264174777564,0.015604434791510524
2025-11-11,0.0032738551737985268,0.0022891497024457585
2025-11-12,-0.005509760923163946,0.0005563986064420767
2025-11-13,-0.0220751763071606,-0.016594021470737852
2025-11-14,-0.0010398675274830116,-0.00016358609958400105
2025-11-17,0.01382447296826675,-0.009316523930962162
2025-11-18,-0.010368727883858635,-0.00839746055820656
2025-11-19,0.005597788823214048,0.003863199783587179
2025-11-20,-0.025929096147573247,-0.015242336682765423
2025-11-21,0.010097102203873522,0.009961222976632822
2025-11-24,0.03599773614715132,0.014718507062180475
2025-11-25,0.01127012710720094,0.00940589965210692
2025-11-26,0.008893536197954141,0.006903575013019525
2025-11-28,0.011662487256386567,0.005458406338614941
2025-12-01,-0.01287766948716324,-0.004565415602551193
2025-12-02,-0.00041390283103584936,0.0018522092741120044
2025-12-03,-0.005184799879151359,0.0034627677932603795
2025-12-04,0.0007440273846351384,0.0007310561539983773
2025-12-05,0.013832785146224541,0.0018995368427094927
2025-12-08,-0.004932773052886134,-0.0030042775146746914
2025-12-09,-0.0026195208509561295,-0.0008631449669616043
2025-12-10,0.01984117623488451,0.00663226800901473
2025-12-11,-0.0024579163932247593,0.002326948130527251
2025-12-12,-0.007886653405416999,-0.010752057995096265
2025-12-15,0.003425277206357125,-0.0015107978831542246
2025-12-16,-0.009255241993911787,-0.00273229759527871
2025-12-17,-0.016366608106484527,-0.011003620102041367
2025-12-18,0.005807613423407304,0.0075513325776148665
2025-12-19,0.007776409252399146,0.009063445479451815
2025-12-22,0.0036379535439082823,0.006229892278320159
2025-12-23,0.004841889076579893,0.004570454818432879
2025-12-24,0.004299013758986264,0.0035176203055324873
2025-12-26,0.00012377145055822675,-0.00010141503224314619
2025-12-29,0.0008229448127126355,-0.003563628207054803
2025-12-30,-0.004444842470370429,-0.0012211007345822589
2025-12-31,-0.0076322160193214765,-0.007408967373390696
2026-01-02,0.01439295791254758,0.0018330397334518356
2026-01-05,-0.004408273989049138,0.006660113816063129
2026-01-06,0.02354340451054864,0.005947183373089304
2026-01-07,8.862435420183457e-05,-0.0032233567922274053
2026-01-08,-0.013570030417747592,-0.00010153268198576093
2026-01-09,0.011900715701776992,0.006613342394092614
2026-01-12,0.0178763888381053,0.0015704538117717881
2026-01-13,0.015321078687642315,-0.0019994751058702853
2026-01-14,0.005443468142283776,-0.0049152373416185835
2026-01-15,0.0039521318341253185,0.0027232143965294497
2026-01-16,-0.0006647790298813742,-0.0008378739908954103
2026-01-20,-0.006120475666825375,-0.020356785723545046
2026-01-21,0.011557922820977522,0.011541079202094462
2026-01-22,0.0017567824796663844,0.005223230019727687
2026-01-23,0.0006829695238619626,0.0003627802397405677
2026-01-26,0.006205517748354286,0.005078147060609828
2026-01-27,0.012965392284093893,0.003984264729684606
2026-01-28,0.01898275299395009,-0.00010066990364987483
2026-01-29,-0.0029519667024282,-0.0019843824489698125
2026-01-30,-0.014744797619051586,-0.0029825802604032114
2026-02-02,0.01862358851670766,0.004971362130935519
2026-02-03,0.0013443482900524191,-0.00845539643070059
2026-02-04,-0.02156266100003351,-0.004843921678897134
2026-02-05,-0.000277902714611253,-0.012489211256201727
2026-02-06,0.014543426176287438,0.019184711840951385
2026-02-09,0.002318764258120515,0.004821832103010459
2026-02-10,-0.011880148213086304,-0.002637160432080843
2026-02-11,0.01849630667781558,-0.00023105881441631837
2026-02-12,0.005436809107087624,-0.0154488742279012
2026-02-13,0.00048078986239304166,0.0007044854938154099
2026-02-17,-0.007179349168196268,0.0016134664707250224
2026-02-18,0.013143221481724166,0.005037758541617032
2026-02-19,0.0013903716417135643,-0.0026374339404172664
2026-02-20,0.003483282464094205,0.007231864589122949
2026-02-23,0.0025145351620873497,-0.010211314710874664
2026-02-24,-0.0008185123827741064,0.00726845293039502
2026-02-25,0.0038327500005278874,0.008438348943581309
2026-02-26,-0.012165452773546762,-0.005554476391621099
2026-02-27,0.011515839889120173,-0.004801943258527341
2026-03-02,0.007229406007889233,0.0005685787823312971
2026-03-03,-0.02684816573593797,-0.00881433848279567
2026-03-04,0.0015018002888842114,0.007055308353084655
2026-03-05,-0.031678988114730015,-0.005575546846393831
2026-03-06,-0.01590854139147454,-0.013107135070836495
2026-03-09,0.018205955625042316,0.008760025013039074
2026-03-10,0.011027145686061175,-0.0016071269053671289
2026-03-11,-0.0029059331447374094,-0.0012551629285171284
2026-03-12,-0.0075228250739395215,-0.015184948869363502
2026-03-13,-0.0006964106588466393,-0.005660109501006372
2026-03-16,0.015880473908743167,0.010176866111483163
2026-03-17,0.001199476732193977,0.00263055486997521
2026-03-18,-0.007481284305937142,-0.013953645387120184
2026-03-19,0.004176983096944003,-0.0024643404851918405
2026-03-20,-0.021702550074836194,-0.01433577587250423
2026-03-23,0.009696844777730706,0.01050001924493782
2026-03-24,0.01392076848333568,-0.0033568497522664664
2026-03-25,0.006351435357554983,0.0055727589473859585
2026-03-26,-0.026084830605572557,-0.017858744158138706
2026-03-27,0.005237822697283148,-0.017051883523327982
2026-03-30,-0.017355201961992858,-0.0033434623831846144
2026-03-31,0.02574286107770831,0.02906792569891481
2026-04-01,-0.008330278921340677,0.007534463782890022
2026-04-02,0.012987224735052033,0.0009004744280911581
2026-04-06,-0.0004737313656490656,0.004726797348638012
2026-04-07,0.0066645356748093396,0.0004400741058487867
2026-04-08,-0.00015981153514687662,0.025469554638327674
2026-04-09,-0.007867809331287036,0.00576909117108837
2026-04-10,-0.004641775481797459,-0.0006617805145495703
2026-04-13,-0.0023607121111479186,0.009772397784351794
2026-04-14,-0.012483217515619628,0.01218488075237012
2026-04-15,-0.0005096247726195918,0.007890994867038925
2026-04-16,0.014316961106616437,0.002457311622604319
2026-04-17,-0.015578243404391238,0.012085685130224011
2026-04-20,-0.0010273751878088825,-0.001999667552905704
2026-04-21,0.00273749701015729,-0.006546949154936255
2026-04-22,0.0007945986511756081,0.010126696838070659
2026-04-23,0.013258026107280338,-0.0038807239498251933
2026-04-24,-0.0050201134991516684,0.007749297960024215
2026-04-27,-0.006669016276702986,0.0017228064887020444
2026-04-28,-0.0011035791373835313,-0.004865948728146163
2026-04-29,0.015736968397762813,-0.00015454109399481997
2026-04-30,0.023109114508637413,0.009949627427204177
2026-05-01,0.006522600594396256,0.0027691138283709726
2026-05-04,-0.002641005030584772,-0.0036633796697419507
2026-05-05,0.016818921951399453,0.008022185884992261
2026-05-06,-0.0056517474380224225,0.013899439445017592
2026-05-07,-0.016234151653806955,-0.0030661051573263043
2026-05-08,0.015364700819627429,0.008256073001242203
2026-05-11,0.015812048879708766,0.002277585595431564
2026-05-12,-0.0052018967572968235,-0.0015149399914519135
2026-05-13,0.00021061656584262715,0.005594848036780231
2026-05-14,0.0014265595995434244,0.007894256268722755
2026-05-15,-0.00581004339898087,-0.012029351892724582
2026-05-18,0.0010353146734118895,-0.0007034356211904624
2026-05-19,0.006695035595265408,-0.006660859382243145
2026-05-20,0.0020520058847247045,0.010249028568310337
2026-05-21,0.003738639169946151,0.0019830970699832307
2026-05-22,0.008932287504367444,0.00393155436839554
2026-05-26,0.0022923310965935416,0.0066386085909901915
2026-05-27,-0.006565413580621137,-0.0001732035840619206
2026-05-28,-0.002952349804992869,0.0055165545026623075
2026-05-29,-0.010491413145815021,0.002491392716190699
