ticker,weight,strategy,rebalance_date,dense_expected_return,sparse_expected_return
MO,0.4422227350312166,k=20|vol=1.00,2010-07-30,0.001975709215870469,0.0019757092158704695
CMI,0.1333726896982108,k=20|vol=1.00,2010-07-30,0.001975709215870469,0.0019757092158704695
ORLY,0.13138387231661983,k=20|vol=1.00,2010-07-30,0.001975709215870469,0.0019757092158704695
SO,0.121505739145982,k=20|vol=1.00,2010-07-30,0.001975709215870469,0.0019757092158704695
NFLX,0.09423581756222617,k=20|vol=1.00,2010-07-30,0.001975709215870469,0.0019757092158704695
INTU,0.07727914624574397,k=20|vol=1.00,2010-07-30,0.001975709215870469,0.0019757092158704695
SO,0.3817389466361694,k=20|vol=1.00,2010-08-31,0.0023681077750298896,0.00236810777502989
NFLX,0.18193250221660437,k=20|vol=1.00,2010-08-31,0.0023681077750298896,0.00236810777502989
FTNT,0.1713246899019606,k=20|vol=1.00,2010-08-31,0.0023681077750298896,0.00236810777502989
NEM,0.13188437313677942,k=20|vol=1.00,2010-08-31,0.0023681077750298896,0.00236810777502989
CRM,0.04374943623588261,k=20|vol=1.00,2010-08-31,0.0023681077750298896,0.00236810777502989
MO,0.04252266891187062,k=20|vol=1.00,2010-08-31,0.0023681077750298896,0.00236810777502989
BKNG,0.037778227364799744,k=20|vol=1.00,2010-08-31,0.0023681077750298896,0.00236810777502989
INTU,0.009069155595932991,k=20|vol=1.00,2010-08-31,0.0023681077750298896,0.00236810777502989
MO,0.2773433309843165,k=20|vol=1.00,2010-09-30,0.0034128038436479166,0.003412803843647916
NFLX,0.21585983107389115,k=20|vol=1.00,2010-09-30,0.0034128038436479166,0.003412803843647916
FTNT,0.20460866666022087,k=20|vol=1.00,2010-09-30,0.0034128038436479166,0.003412803843647916
VZ,0.15235300141472727,k=20|vol=1.00,2010-09-30,0.0034128038436479166,0.003412803843647916
QCOM,0.08540539017825044,k=20|vol=1.00,2010-09-30,0.0034128038436479166,0.003412803843647916
NEM,0.03366506025723169,k=20|vol=1.00,2010-09-30,0.0034128038436479166,0.003412803843647916
BKNG,0.03076471943136201,k=20|vol=1.00,2010-09-30,0.0034128038436479166,0.003412803843647916
MO,0.41126766691899935,k=20|vol=1.00,2010-10-29,0.0035897629101511474,0.0035897629101511483
ORLY,0.19825621017601205,k=20|vol=1.00,2010-10-29,0.0035897629101511474,0.0035897629101511483
FTNT,0.19732461351368177,k=20|vol=1.00,2010-10-29,0.0035897629101511474,0.0035897629101511483
NFLX,0.1748818167319645,k=20|vol=1.00,2010-10-29,0.0035897629101511474,0.0035897629101511483
BKNG,0.011871628468611109,k=20|vol=1.00,2010-10-29,0.0035897629101511474,0.0035897629101511483
SPGI,0.0063980641907311125,k=20|vol=1.00,2010-10-29,0.0035897629101511474,0.0035897629101511483
NFLX,0.21113135298076335,k=20|vol=1.00,2010-11-30,0.003579107305059079,0.0035791067464747734
ORLY,0.19493133938533536,k=20|vol=1.00,2010-11-30,0.003579107305059079,0.0035791067464747734
FTNT,0.1945935825612744,k=20|vol=1.00,2010-11-30,0.003579107305059079,0.0035791067464747734
KO,0.19189216203005996,k=20|vol=1.00,2010-11-30,0.003579107305059079,0.0035791067464747734
QCOM,0.08414612453909989,k=20|vol=1.00,2010-11-30,0.003579107305059079,0.0035791067464747734
ROST,0.060640306186788416,k=20|vol=1.00,2010-11-30,0.003579107305059079,0.0035791067464747734
TMUS,0.029376999354749373,k=20|vol=1.00,2010-11-30,0.003579107305059079,0.0035791067464747734
COST,0.022199651389156715,k=20|vol=1.00,2010-11-30,0.003579107305059079,0.0035791067464747734
CRM,0.011088481572772617,k=20|vol=1.00,2010-11-30,0.003579107305059079,0.0035791067464747734
VZ,0.41342034063993677,k=20|vol=1.00,2010-12-31,0.0030476812110285774,0.0030476812110285774
FTNT,0.1899902862074207,k=20|vol=1.00,2010-12-31,0.0030476812110285774,0.0030476812110285774
NFLX,0.1255993476466012,k=20|vol=1.00,2010-12-31,0.0030476812110285774,0.0030476812110285774
FCX,0.08704931186992475,k=20|vol=1.00,2010-12-31,0.0030476812110285774,0.0030476812110285774
CMI,0.07498182509138682,k=20|vol=1.00,2010-12-31,0.0030476812110285774,0.0030476812110285774
CIEN,0.06276092769347039,k=20|vol=1.00,2010-12-31,0.0030476812110285774,0.0030476812110285774
TMUS,0.04619796085125934,k=20|vol=1.00,2010-12-31,0.0030476812110285774,0.0030476812110285774
XOM,0.194729383182425,k=20|vol=1.00,2011-01-31,0.003511598975804469,0.00351159897580447
NFLX,0.1678627188741316,k=20|vol=1.00,2011-01-31,0.003511598975804469,0.00351159897580447
FTNT,0.1357786523157047,k=20|vol=1.00,2011-01-31,0.003511598975804469,0.00351159897580447
VZ,0.12746289452957466,k=20|vol=1.00,2011-01-31,0.003511598975804469,0.00351159897580447
NVDA,0.12458747316798706,k=20|vol=1.00,2011-01-31,0.003511598975804469,0.00351159897580447
ACN,0.0909328854128255,k=20|vol=1.00,2011-01-31,0.003511598975804469,0.00351159897580447
IBM,0.06176916152738082,k=20|vol=1.00,2011-01-31,0.003511598975804469,0.00351159897580447
TDG,0.040076331651308375,k=20|vol=1.00,2011-01-31,0.003511598975804469,0.00351159897580447
ORCL,0.02578875498338686,k=20|vol=1.00,2011-01-31,0.003511598975804469,0.00351159897580447
QCOM,0.01808528922844739,k=20|vol=1.00,2011-01-31,0.003511598975804469,0.00351159897580447
COP,0.012926455126828048,k=20|vol=1.00,2011-01-31,0.003511598975804469,0.00351159897580447
COP,0.18240183621645353,k=20|vol=1.00,2011-02-28,0.003401873846550081,0.00340191295103394
CVX,0.15925203991426992,k=20|vol=1.00,2011-02-28,0.003401873846550081,0.00340191295103394
FTNT,0.12752052376584183,k=20|vol=1.00,2011-02-28,0.003401873846550081,0.00340191295103394
CMCSA,0.11223285340322595,k=20|vol=1.00,2011-02-28,0.003401873846550081,0.00340191295103394
NFLX,0.09548534437833618,k=20|vol=1.00,2011-02-28,0.003401873846550081,0.00340191295103394
CIEN,0.08720830042579832,k=20|vol=1.00,2011-02-28,0.003401873846550081,0.00340191295103394
QCOM,0.07760879573984955,k=20|vol=1.00,2011-02-28,0.003401873846550081,0.00340191295103394
WMB,0.04294036794252228,k=20|vol=1.00,2011-02-28,0.003401873846550081,0.00340191295103394
AVGO,0.03032365998734722,k=20|vol=1.00,2011-02-28,0.003401873846550081,0.00340191295103394
AON,0.024911119909151246,k=20|vol=1.00,2011-02-28,0.003401873846550081,0.00340191295103394
VRTX,0.02220568769714494,k=20|vol=1.00,2011-02-28,0.003401873846550081,0.00340191295103394
NVDA,0.021857980028943316,k=20|vol=1.00,2011-02-28,0.003401873846550081,0.00340191295103394
XOM,0.016051490591115783,k=20|vol=1.00,2011-02-28,0.003401873846550081,0.00340191295103394
CVX,0.2498619196497531,k=20|vol=1.00,2011-03-31,0.0032332778113305007,0.0032332778113305007
NFLX,0.187577699823997,k=20|vol=1.00,2011-03-31,0.0032332778113305007,0.0032332778113305007
FTNT,0.1604745343894415,k=20|vol=1.00,2011-03-31,0.0032332778113305007,0.0032332778113305007
PM,0.0799913290274272,k=20|vol=1.00,2011-03-31,0.0032332778113305007,0.0032332778113305007
MSI,0.07502679680592407,k=20|vol=1.00,2011-03-31,0.0032332778113305007,0.0032332778113305007
TMUS,0.07387614893200435,k=20|vol=1.00,2011-03-31,0.0032332778113305007,0.0032332778113305007
MCO,0.04315820086408145,k=20|vol=1.00,2011-03-31,0.0032332778113305007,0.0032332778113305007
WMB,0.03550957185143374,k=20|vol=1.00,2011-03-31,0.0032332778113305007,0.0032332778113305007
COP,0.03250349495425318,k=20|vol=1.00,2011-03-31,0.0032332778113305007,0.0032332778113305007
VZ,0.02507179189563674,k=20|vol=1.00,2011-03-31,0.0032332778113305007,0.0032332778113305007
BKNG,0.02315245792154429,k=20|vol=1.00,2011-03-31,0.0032332778113305007,0.0032332778113305007
TDG,0.007075278460562309,k=20|vol=1.00,2011-03-31,0.0032332778113305007,0.0032332778113305007
CAT,0.006720775423941023,k=20|vol=1.00,2011-03-31,0.0032332778113305007,0.0032332778113305007
PM,0.2065941539635879,k=20|vol=1.00,2011-04-29,0.003255363023083464,0.003255363023083464
MCO,0.19390782550476476,k=20|vol=1.00,2011-04-29,0.003255363023083464,0.003255363023083464
NFLX,0.12666451489568933,k=20|vol=1.00,2011-04-29,0.003255363023083464,0.003255363023083464
FTNT,0.1064185326866614,k=20|vol=1.00,2011-04-29,0.003255363023083464,0.003255363023083464
VRTX,0.09905833333091256,k=20|vol=1.00,2011-04-29,0.003255363023083464,0.003255363023083464
WMB,0.08772120614775321,k=20|vol=1.00,2011-04-29,0.003255363023083464,0.003255363023083464
TMUS,0.05822416911985474,k=20|vol=1.00,2011-04-29,0.003255363023083464,0.003255363023083464
COST,0.050763155109026126,k=20|vol=1.00,2011-04-29,0.003255363023083464,0.003255363023083464
BKNG,0.04614484567393478,k=20|vol=1.00,2011-04-29,0.003255363023083464,0.003255363023083464
COHR,0.020362233803174187,k=20|vol=1.00,2011-04-29,0.003255363023083464,0.003255363023083464
STX,0.004141029764640985,k=20|vol=1.00,2011-04-29,0.003255363023083464,0.003255363023083464
PM,0.20868645550170445,k=20|vol=1.00,2011-05-31,0.0031116795680593665,0.0031116795680593665
NFLX,0.1951454243778307,k=20|vol=1.00,2011-05-31,0.0031116795680593665,0.0031116795680593665
MCO,0.1929880204570148,k=20|vol=1.00,2011-05-31,0.0031116795680593665,0.0031116795680593665
ROST,0.11857137420636904,k=20|vol=1.00,2011-05-31,0.0031116795680593665,0.0031116795680593665
FTNT,0.10197673729103798,k=20|vol=1.00,2011-05-31,0.0031116795680593665,0.0031116795680593665
VRTX,0.08772632163509964,k=20|vol=1.00,2011-05-31,0.0031116795680593665,0.0031116795680593665
TMUS,0.08726643565648004,k=20|vol=1.00,2011-05-31,0.0031116795680593665,0.0031116795680593665
COHR,0.007639230874463317,k=20|vol=1.00,2011-05-31,0.0031116795680593665,0.0031116795680593665
TDG,0.19991295281385246,k=20|vol=1.00,2011-06-30,0.0026160272224826408,0.002616084504318991
FTNT,0.173147752133316,k=20|vol=1.00,2011-06-30,0.0026160272224826408,0.002616084504318991
NFLX,0.1528140470349726,k=20|vol=1.00,2011-06-30,0.0026160272224826408,0.002616084504318991
MDLZ,0.12366093085107113,k=20|vol=1.00,2011-06-30,0.0026160272224826408,0.002616084504318991
UNH,0.09767561126826162,k=20|vol=1.00,2011-06-30,0.0026160272224826408,0.002616084504318991
ORLY,0.08072138234040621,k=20|vol=1.00,2011-06-30,0.0026160272224826408,0.002616084504318991
VRTX,0.04969921917147693,k=20|vol=1.00,2011-06-30,0.0026160272224826408,0.002616084504318991
AVGO,0.04454342316344974,k=20|vol=1.00,2011-06-30,0.0026160272224826408,0.002616084504318991
MA,0.03319653944017985,k=20|vol=1.00,2011-06-30,0.0026160272224826408,0.002616084504318991
SBUX,0.01967980152491336,k=20|vol=1.00,2011-06-30,0.0026160272224826408,0.002616084504318991
TMUS,0.013788727142686768,k=20|vol=1.00,2011-06-30,0.0026160272224826408,0.002616084504318991
ACN,0.009080173963809123,k=20|vol=1.00,2011-06-30,0.0026160272224826408,0.002616084504318991
MCO,0.00207943915160408,k=20|vol=1.00,2011-06-30,0.0026160272224826408,0.002616084504318991
AAPL,0.23722748638477417,k=20|vol=1.00,2011-07-29,0.001968841684719617,0.001968841684719617
PM,0.1639467501002783,k=20|vol=1.00,2011-07-29,0.001968841684719617,0.001968841684719617
ISRG,0.15829206190519937,k=20|vol=1.00,2011-07-29,0.001968841684719617,0.001968841684719617
AMZN,0.13974761702870292,k=20|vol=1.00,2011-07-29,0.001968841684719617,0.001968841684719617
NFLX,0.12499232308711974,k=20|vol=1.00,2011-07-29,0.001968841684719617,0.001968841684719617
TDG,0.0785424417537442,k=20|vol=1.00,2011-07-29,0.001968841684719617,0.001968841684719617
VRTX,0.04410244286431008,k=20|vol=1.00,2011-07-29,0.001968841684719617,0.001968841684719617
SBUX,0.032079016926845665,k=20|vol=1.00,2011-07-29,0.001968841684719617,0.001968841684719617
MA,0.021069859949025115,k=20|vol=1.00,2011-07-29,0.001968841684719617,0.001968841684719617
MCD,0.6385207067844355,k=20|vol=1.00,2011-08-31,0.0016286486270957123,0.0016286486270957125
BKNG,0.13191053524039925,k=20|vol=1.00,2011-08-31,0.0016286486270957123,0.0016286486270957125
NEM,0.11947640730025395,k=20|vol=1.00,2011-08-31,0.0016286486270957123,0.0016286486270957125
MA,0.11009235067491015,k=20|vol=1.00,2011-08-31,0.0016286486270957123,0.0016286486270957125
BMY,0.7401166756145505,k=20|vol=1.00,2011-09-30,0.0014017908805204326,0.0014017908805204328
AMZN,0.1102194247064644,k=20|vol=1.00,2011-09-30,0.0014017908805204326,0.0014017908805204328
NEM,0.09476562078013724,k=20|vol=1.00,2011-09-30,0.0014017908805204326,0.0014017908805204328
ORLY,0.05489827889884712,k=20|vol=1.00,2011-09-30,0.0014017908805204326,0.0014017908805204328
ORLY,0.49876021042051005,k=20|vol=1.00,2011-10-31,0.0021283648072129005,0.002128364756920638
NEM,0.20989933163941296,k=20|vol=1.00,2011-10-31,0.0021283648072129005,0.002128364756920638
ROST,0.14674568641777885,k=20|vol=1.00,2011-10-31,0.0021283648072129005,0.002128364756920638
ISRG,0.10098728931451827,k=20|vol=1.00,2011-10-31,0.0021283648072129005,0.002128364756920638
STX,0.03453234993523803,k=20|vol=1.00,2011-10-31,0.0021283648072129005,0.002128364756920638
SO,0.006796112073845466,k=20|vol=1.00,2011-10-31,0.0021283648072129005,0.002128364756920638
FTNT,0.0022790201986964244,k=20|vol=1.00,2011-10-31,0.0021283648072129005,0.002128364756920638
ORLY,0.5010895441538368,k=20|vol=1.00,2011-11-30,0.0020112809583634674,0.0020112809583634674
PM,0.26643118421262607,k=20|vol=1.00,2011-11-30,0.0020112809583634674,0.0020112809583634674
STX,0.07825172875599681,k=20|vol=1.00,2011-11-30,0.0020112809583634674,0.0020112809583634674
NEM,0.07377229264233481,k=20|vol=1.00,2011-11-30,0.0020112809583634674,0.0020112809583634674
ROST,0.03667810963870962,k=20|vol=1.00,2011-11-30,0.0020112809583634674,0.0020112809583634674
FTNT,0.03536602869671324,k=20|vol=1.00,2011-11-30,0.0020112809583634674,0.0020112809583634674
MA,0.008411111899782598,k=20|vol=1.00,2011-11-30,0.0020112809583634674,0.0020112809583634674
ISRG,0.28721426978903325,k=20|vol=1.00,2011-12-30,0.002028485587393895,0.0020284855873938953
BMY,0.26754652905351795,k=20|vol=1.00,2011-12-30,0.002028485587393895,0.0020284855873938953
ROST,0.24518804077854314,k=20|vol=1.00,2011-12-30,0.002028485587393895,0.0020284855873938953
ORLY,0.1829055383076493,k=20|vol=1.00,2011-12-30,0.002028485587393895,0.0020284855873938953
STX,0.01714562207125578,k=20|vol=1.00,2011-12-30,0.002028485587393895,0.0020284855873938953
ROST,0.24984288189019244,k=20|vol=1.00,2012-01-31,0.0023169892661648863,0.002316998159722896
AAPL,0.18620640110500183,k=20|vol=1.00,2012-01-31,0.0023169892661648863,0.002316998159722896
AMGN,0.15744814991277395,k=20|vol=1.00,2012-01-31,0.0023169892661648863,0.002316998159722896
GILD,0.13444017504889225,k=20|vol=1.00,2012-01-31,0.0023169892661648863,0.002316998159722896
ORLY,0.12726234694411387,k=20|vol=1.00,2012-01-31,0.0023169892661648863,0.002316998159722896
STX,0.12199132649675673,k=20|vol=1.00,2012-01-31,0.0023169892661648863,0.002316998159722896
TJX,0.018657477109307014,k=20|vol=1.00,2012-01-31,0.0023169892661648863,0.002316998159722896
HD,0.004059000873457542,k=20|vol=1.00,2012-01-31,0.0023169892661648863,0.002316998159722896
SHW,9.224061950446467e-05,k=20|vol=1.00,2012-01-31,0.0023169892661648863,0.002316998159722896
AAPL,0.4500608781808946,k=20|vol=1.00,2012-02-29,0.0031390656182152302,0.0031390656182152302
PM,0.12431378596994397,k=20|vol=1.00,2012-02-29,0.0031390656182152302,0.0031390656182152302
TJX,0.10580845965582807,k=20|vol=1.00,2012-02-29,0.0031390656182152302,0.0031390656182152302
STX,0.1017413541565469,k=20|vol=1.00,2012-02-29,0.0031390656182152302,0.0031390656182152302
ORLY,0.08383955679422009,k=20|vol=1.00,2012-02-29,0.0031390656182152302,0.0031390656182152302
ROST,0.08072905227202765,k=20|vol=1.00,2012-02-29,0.0031390656182152302,0.0031390656182152302
EQIX,0.04448557160983785,k=20|vol=1.00,2012-02-29,0.0031390656182152302,0.0031390656182152302
CMCSA,0.009021341360700673,k=20|vol=1.00,2012-02-29,0.0031390656182152302,0.0031390656182152302
AAPL,0.46230449358491144,k=20|vol=1.00,2012-03-30,0.0035084300364042163,0.0035084300364042163
EQIX,0.1855611765707027,k=20|vol=1.00,2012-03-30,0.0035084300364042163,0.0035084300364042163
ROST,0.11030291978923755,k=20|vol=1.00,2012-03-30,0.0035084300364042163,0.0035084300364042163
TJX,0.09951527367977044,k=20|vol=1.00,2012-03-30,0.0035084300364042163,0.0035084300364042163
STX,0.07259874212249862,k=20|vol=1.00,2012-03-30,0.0035084300364042163,0.0035084300364042163
LOW,0.04130980618094578,k=20|vol=1.00,2012-03-30,0.0035084300364042163,0.0035084300364042163
PM,0.028407588071933512,k=20|vol=1.00,2012-03-30,0.0035084300364042163,0.0035084300364042163
ORLY,0.45485386213480355,k=20|vol=1.00,2012-04-30,0.003451327164266633,0.003451327164266633
SHW,0.18540910763512794,k=20|vol=1.00,2012-04-30,0.003451327164266633,0.003451327164266633
STX,0.17290229081301126,k=20|vol=1.00,2012-04-30,0.003451327164266633,0.003451327164266633
AAPL,0.0997028958076963,k=20|vol=1.00,2012-04-30,0.003451327164266633,0.003451327164266633
EQIX,0.041679825149888654,k=20|vol=1.00,2012-04-30,0.003451327164266633,0.003451327164266633
BKNG,0.037549695427031876,k=20|vol=1.00,2012-04-30,0.003451327164266633,0.003451327164266633
GILD,0.00491634140838877,k=20|vol=1.00,2012-04-30,0.003451327164266633,0.003451327164266633
ROST,0.0029859816240515977,k=20|vol=1.00,2012-04-30,0.003451327164266633,0.003451327164266633
SHW,0.5983376791219825,k=20|vol=1.00,2012-05-31,0.003031238352449222,0.003031238352449222
ROST,0.2526498654477271,k=20|vol=1.00,2012-05-31,0.003031238352449222,0.003031238352449222
VRTX,0.0811604969210669,k=20|vol=1.00,2012-05-31,0.003031238352449222,0.003031238352449222
TJX,0.03392695651681021,k=20|vol=1.00,2012-05-31,0.003031238352449222,0.003031238352449222
EQIX,0.03392500199241311,k=20|vol=1.00,2012-05-31,0.003031238352449222,0.003031238352449222
SHW,0.5007903764850116,k=20|vol=1.00,2012-06-29,0.002605481926450883,0.0026054819264508832
MO,0.23017234055421115,k=20|vol=1.00,2012-06-29,0.002605481926450883,0.0026054819264508832
EQIX,0.17690225181450886,k=20|vol=1.00,2012-06-29,0.002605481926450883,0.0026054819264508832
VRTX,0.06472376582738586,k=20|vol=1.00,2012-06-29,0.002605481926450883,0.0026054819264508832
WMT,0.02741126531888233,k=20|vol=1.00,2012-06-29,0.002605481926450883,0.0026054819264508832
SHW,0.22183648501146286,k=20|vol=1.00,2012-07-31,0.002483881683507671,0.002483881683507671
T,0.20620877017359857,k=20|vol=1.00,2012-07-31,0.002483881683507671,0.002483881683507671
AMGN,0.2051038030071414,k=20|vol=1.00,2012-07-31,0.002483881683507671,0.002483881683507671
STX,0.17118220931300168,k=20|vol=1.00,2012-07-31,0.002483881683507671,0.002483881683507671
WMT,0.13696411392214136,k=20|vol=1.00,2012-07-31,0.002483881683507671,0.002483881683507671
EQIX,0.05870461857265385,k=20|vol=1.00,2012-07-31,0.002483881683507671,0.002483881683507671
SHW,0.3755154977460877,k=20|vol=1.00,2012-08-31,0.0025630312685220825,0.002563031268522083
VLO,0.15935559120633255,k=20|vol=1.00,2012-08-31,0.0025630312685220825,0.002563031268522083
AMGN,0.14343603802728244,k=20|vol=1.00,2012-08-31,0.0025630312685220825,0.002563031268522083
AAPL,0.12460075120852315,k=20|vol=1.00,2012-08-31,0.0025630312685220825,0.002563031268522083
EQIX,0.1070860254679351,k=20|vol=1.00,2012-08-31,0.0025630312685220825,0.002563031268522083
STX,0.04881226512049212,k=20|vol=1.00,2012-08-31,0.0025630312685220825,0.002563031268522083
ROST,0.03061371250265259,k=20|vol=1.00,2012-08-31,0.0025630312685220825,0.002563031268522083
VRTX,0.010580118720694235,k=20|vol=1.00,2012-08-31,0.0025630312685220825,0.002563031268522083
GILD,0.2964563427022527,k=20|vol=1.00,2012-09-28,0.00268282492536626,0.00268282492536626
SHW,0.2811731194353464,k=20|vol=1.00,2012-09-28,0.00268282492536626,0.00268282492536626
HD,0.1280045334166436,k=20|vol=1.00,2012-09-28,0.00268282492536626,0.00268282492536626
EQIX,0.10894309696413015,k=20|vol=1.00,2012-09-28,0.00268282492536626,0.00268282492536626
VLO,0.0992550162007684,k=20|vol=1.00,2012-09-28,0.00268282492536626,0.00268282492536626
TMUS,0.04442227211321993,k=20|vol=1.00,2012-09-28,0.00268282492536626,0.00268282492536626
GOOGL,0.018203935002972325,k=20|vol=1.00,2012-09-28,0.00268282492536626,0.00268282492536626
GOOG,0.018203025198673575,k=20|vol=1.00,2012-09-28,0.00268282492536626,0.00268282492536626
VRTX,0.005338658965992835,k=20|vol=1.00,2012-09-28,0.00268282492536626,0.00268282492536626
GILD,0.29836879344303735,k=20|vol=1.00,2012-10-31,0.002219233368495707,0.002219233368495707
CMCSA,0.27292404407553966,k=20|vol=1.00,2012-10-31,0.002219233368495707,0.002219233368495707
MCO,0.16939734135717258,k=20|vol=1.00,2012-10-31,0.002219233368495707,0.002219233368495707
HD,0.16708397166739813,k=20|vol=1.00,2012-10-31,0.002219233368495707,0.002219233368495707
RCL,0.09222584945685186,k=20|vol=1.00,2012-10-31,0.002219233368495707,0.002219233368495707
HD,0.2997781684987059,k=20|vol=1.00,2012-11-30,0.002511917891084865,0.002511917891084865
GILD,0.27241836422159477,k=20|vol=1.00,2012-11-30,0.002511917891084865,0.002511917891084865
LOW,0.23633248582415448,k=20|vol=1.00,2012-11-30,0.002511917891084865,0.002511917891084865
V,0.08239756024199169,k=20|vol=1.00,2012-11-30,0.002511917891084865,0.002511917891084865
VLO,0.0647896797354623,k=20|vol=1.00,2012-11-30,0.002511917891084865,0.002511917891084865
RCL,0.04428374147809073,k=20|vol=1.00,2012-11-30,0.002511917891084865,0.002511917891084865
GILD,0.2063280379944883,k=20|vol=1.00,2012-12-31,0.0022611507849776527,0.0022611507015247155
BAC,0.17212625927945666,k=20|vol=1.00,2012-12-31,0.0022611507849776527,0.0022611507015247155
V,0.12118792285662737,k=20|vol=1.00,2012-12-31,0.0022611507849776527,0.0022611507015247155
LOW,0.1167610487923344,k=20|vol=1.00,2012-12-31,0.0022611507849776527,0.0022611507015247155
MPWR,0.10254829779798426,k=20|vol=1.00,2012-12-31,0.0022611507849776527,0.0022611507015247155
VLO,0.09275701798341131,k=20|vol=1.00,2012-12-31,0.0022611507849776527,0.0022611507015247155
AMT,0.059601643116823554,k=20|vol=1.00,2012-12-31,0.0022611507849776527,0.0022611507015247155
EQIX,0.052792335407999526,k=20|vol=1.00,2012-12-31,0.0022611507849776527,0.0022611507015247155
NFLX,0.0443189964789076,k=20|vol=1.00,2012-12-31,0.0022611507849776527,0.0022611507015247155
SPGI,0.02788432388053318,k=20|vol=1.00,2012-12-31,0.0022611507849776527,0.0022611507015247155
LLY,0.0022284091076770337,k=20|vol=1.00,2012-12-31,0.0022611507849776527,0.0022611507015247155
SHW,0.0014657073037568624,k=20|vol=1.00,2012-12-31,0.0022611507849776527,0.0022611507015247155
VLO,0.22047763169819348,k=20|vol=1.00,2013-01-31,0.00341020777629713,0.0034102077762971318
BSX,0.15560679427587176,k=20|vol=1.00,2013-01-31,0.00341020777629713,0.0034102077762971318
GILD,0.11584052229723063,k=20|vol=1.00,2013-01-31,0.00341020777629713,0.0034102077762971318
LOW,0.08452423385646193,k=20|vol=1.00,2013-01-31,0.00341020777629713,0.0034102077762971318
NFLX,0.08268575962805251,k=20|vol=1.00,2013-01-31,0.00341020777629713,0.0034102077762971318
TMO,0.07047460520082574,k=20|vol=1.00,2013-01-31,0.00341020777629713,0.0034102077762971318
STX,0.048223406300874315,k=20|vol=1.00,2013-01-31,0.00341020777629713,0.0034102077762971318
PFE,0.04630369158793339,k=20|vol=1.00,2013-01-31,0.00341020777629713,0.0034102077762971318
WDC,0.04585942104896223,k=20|vol=1.00,2013-01-31,0.00341020777629713,0.0034102077762971318
SHW,0.03502130679767464,k=20|vol=1.00,2013-01-31,0.00341020777629713,0.0034102077762971318
LLY,0.03247582377573391,k=20|vol=1.00,2013-01-31,0.00341020777629713,0.0034102077762971318
WBD,0.031936976554168835,k=20|vol=1.00,2013-01-31,0.00341020777629713,0.0034102077762971318
BLK,0.015962795718972533,k=20|vol=1.00,2013-01-31,0.00341020777629713,0.0034102077762971318
BX,0.014607031259044126,k=20|vol=1.00,2013-01-31,0.00341020777629713,0.0034102077762971318
GILD,0.19686412404234696,k=20|vol=1.00,2013-02-28,0.0032684694186959403,0.0032684694186959403
VLO,0.19589441729824955,k=20|vol=1.00,2013-02-28,0.0032684694186959403,0.0032684694186959403
WBD,0.12134305819078761,k=20|vol=1.00,2013-02-28,0.0032684694186959403,0.0032684694186959403
NFLX,0.10801405937504052,k=20|vol=1.00,2013-02-28,0.0032684694186959403,0.0032684694186959403
MSI,0.06641425898930677,k=20|vol=1.00,2013-02-28,0.0032684694186959403,0.0032684694186959403
LLY,0.055535807448029884,k=20|vol=1.00,2013-02-28,0.0032684694186959403,0.0032684694186959403
BX,0.0509768186968458,k=20|vol=1.00,2013-02-28,0.0032684694186959403,0.0032684694186959403
AMGN,0.05086555158666579,k=20|vol=1.00,2013-02-28,0.0032684694186959403,0.0032684694186959403
WDC,0.045611814792350984,k=20|vol=1.00,2013-02-28,0.0032684694186959403,0.0032684694186959403
AEP,0.030478656113345867,k=20|vol=1.00,2013-02-28,0.0032684694186959403,0.0032684694186959403
PGR,0.028946650435176295,k=20|vol=1.00,2013-02-28,0.0032684694186959403,0.0032684694186959403
ORLY,0.028632979341991327,k=20|vol=1.00,2013-02-28,0.0032684694186959403,0.0032684694186959403
MPWR,0.013246164446886049,k=20|vol=1.00,2013-02-28,0.0032684694186959403,0.0032684694186959403
BSX,0.007175639242976518,k=20|vol=1.00,2013-02-28,0.0032684694186959403,0.0032684694186959403
GILD,0.2987237522493278,k=20|vol=1.00,2013-03-28,0.003491236299247444,0.0034912362992474445
AMGN,0.24217219908333346,k=20|vol=1.00,2013-03-28,0.003491236299247444,0.0034912362992474445
NFLX,0.10827203033450566,k=20|vol=1.00,2013-03-28,0.003491236299247444,0.0034912362992474445
WBD,0.10537889493710303,k=20|vol=1.00,2013-03-28,0.003491236299247444,0.0034912362992474445
VLO,0.08105249250697516,k=20|vol=1.00,2013-03-28,0.003491236299247444,0.0034912362992474445
MU,0.07786139884567646,k=20|vol=1.00,2013-03-28,0.003491236299247444,0.0034912362992474445
BX,0.0702585976005458,k=20|vol=1.00,2013-03-28,0.003491236299247444,0.0034912362992474445
STX,0.010314799467104497,k=20|vol=1.00,2013-03-28,0.003491236299247444,0.0034912362992474445
BMY,0.005965834975428168,k=20|vol=1.00,2013-03-28,0.003491236299247444,0.0034912362992474445
WELL,0.233525713736364,k=20|vol=1.00,2013-04-30,0.0033582760661213934,0.003358408636220429
VZ,0.2197275812759388,k=20|vol=1.00,2013-04-30,0.0033582760661213934,0.003358408636220429
GILD,0.21418374043386504,k=20|vol=1.00,2013-04-30,0.0033582760661213934,0.003358408636220429
NFLX,0.14049811019498162,k=20|vol=1.00,2013-04-30,0.0033582760661213934,0.003358408636220429
MCO,0.0953924678890781,k=20|vol=1.00,2013-04-30,0.0033582760661213934,0.003358408636220429
WDC,0.040002911722348704,k=20|vol=1.00,2013-04-30,0.0033582760661213934,0.003358408636220429
VRTX,0.03168700620314016,k=20|vol=1.00,2013-04-30,0.0033582760661213934,0.003358408636220429
BX,0.02498246854428345,k=20|vol=1.00,2013-04-30,0.0033582760661213934,0.003358408636220429
BSX,0.23021055915804087,k=20|vol=1.00,2013-05-31,0.0035132342806991615,0.0035132342806991615
MCO,0.15937296226155845,k=20|vol=1.00,2013-05-31,0.0035132342806991615,0.0035132342806991615
WDC,0.13123181426290415,k=20|vol=1.00,2013-05-31,0.0035132342806991615,0.0035132342806991615
BMY,0.12236259573470706,k=20|vol=1.00,2013-05-31,0.0035132342806991615,0.0035132342806991615
GILD,0.10642607209373207,k=20|vol=1.00,2013-05-31,0.0035132342806991615,0.0035132342806991615
NFLX,0.08872404062503146,k=20|vol=1.00,2013-05-31,0.0035132342806991615,0.0035132342806991615
MU,0.07640335202773711,k=20|vol=1.00,2013-05-31,0.0035132342806991615,0.0035132342806991615
BA,0.06406316491891091,k=20|vol=1.00,2013-05-31,0.0035132342806991615,0.0035132342806991615
VRTX,0.01650297133669219,k=20|vol=1.00,2013-05-31,0.0035132342806991615,0.0035132342806991615
TMUS,0.004702467580685139,k=20|vol=1.00,2013-05-31,0.0035132342806991615,0.0035132342806991615
CME,0.26288429048031947,k=20|vol=1.00,2013-06-28,0.003319959101099134,0.00331995902974217
MU,0.20402692331299868,k=20|vol=1.00,2013-06-28,0.003319959101099134,0.00331995902974217
BSX,0.09645652379499665,k=20|vol=1.00,2013-06-28,0.003319959101099134,0.00331995902974217
CI,0.09221892016729512,k=20|vol=1.00,2013-06-28,0.003319959101099134,0.00331995902974217
BA,0.09059075429062464,k=20|vol=1.00,2013-06-28,0.003319959101099134,0.00331995902974217
TMUS,0.08427893353122493,k=20|vol=1.00,2013-06-28,0.003319959101099134,0.00331995902974217
NFLX,0.05265525583088177,k=20|vol=1.00,2013-06-28,0.003319959101099134,0.00331995902974217
STX,0.04495744201949422,k=20|vol=1.00,2013-06-28,0.003319959101099134,0.00331995902974217
BMY,0.028162714698987266,k=20|vol=1.00,2013-06-28,0.003319959101099134,0.00331995902974217
HD,0.014125117879817734,k=20|vol=1.00,2013-06-28,0.003319959101099134,0.00331995902974217
ELV,0.013848476719577943,k=20|vol=1.00,2013-06-28,0.003319959101099134,0.00331995902974217
VRTX,0.008222539893397794,k=20|vol=1.00,2013-06-28,0.003319959101099134,0.00331995902974217
ORLY,0.007572107380383862,k=20|vol=1.00,2013-06-28,0.003319959101099134,0.00331995902974217
BSX,0.2370045450119903,k=20|vol=1.00,2013-07-31,0.003370032365970968,0.003370032365970969
NOC,0.2233113828809402,k=20|vol=1.00,2013-07-31,0.003370032365970968,0.003370032365970969
GILD,0.1888867154399721,k=20|vol=1.00,2013-07-31,0.003370032365970968,0.003370032365970969
MU,0.10931779851029874,k=20|vol=1.00,2013-07-31,0.003370032365970968,0.003370032365970969
NFLX,0.10100410853459117,k=20|vol=1.00,2013-07-31,0.003370032365970968,0.003370032365970969
LMT,0.052428434242235096,k=20|vol=1.00,2013-07-31,0.003370032365970968,0.003370032365970969
CIEN,0.04716310263424833,k=20|vol=1.00,2013-07-31,0.003370032365970968,0.003370032365970969
TMUS,0.024853458427671553,k=20|vol=1.00,2013-07-31,0.003370032365970968,0.003370032365970969
WDC,0.016030454318052462,k=20|vol=1.00,2013-07-31,0.003370032365970968,0.003370032365970969
LMT,0.3399864198174317,k=20|vol=1.00,2013-08-30,0.0027064674746636623,0.0027064674746636623
NOC,0.1512717989465375,k=20|vol=1.00,2013-08-30,0.0027064674746636623,0.0027064674746636623
MPWR,0.14010399070351004,k=20|vol=1.00,2013-08-30,0.0027064674746636623,0.0027064674746636623
NFLX,0.138212279095262,k=20|vol=1.00,2013-08-30,0.0027064674746636623,0.0027064674746636623
GILD,0.08013325465589839,k=20|vol=1.00,2013-08-30,0.0027064674746636623,0.0027064674746636623
BSX,0.06247555091923815,k=20|vol=1.00,2013-08-30,0.0027064674746636623,0.0027064674746636623
CI,0.0481421004370509,k=20|vol=1.00,2013-08-30,0.0027064674746636623,0.0027064674746636623
MU,0.03967460542507122,k=20|vol=1.00,2013-08-30,0.0027064674746636623,0.0027064674746636623
LMT,0.3056357117932761,k=20|vol=1.00,2013-09-30,0.0027933585315800644,0.0027933821386270145
NOC,0.17948788405793947,k=20|vol=1.00,2013-09-30,0.0027933585315800644,0.0027933821386270145
MU,0.114413020522664,k=20|vol=1.00,2013-09-30,0.0027933585315800644,0.0027933821386270145
BA,0.10646224400230599,k=20|vol=1.00,2013-09-30,0.0027933585315800644,0.0027933821386270145
NFLX,0.09491652891617047,k=20|vol=1.00,2013-09-30,0.0027933585315800644,0.0027933821386270145
BSX,0.08517247334467695,k=20|vol=1.00,2013-09-30,0.0027933585315800644,0.0027933821386270145
TMUS,0.040645124756201995,k=20|vol=1.00,2013-09-30,0.0027933585315800644,0.0027933821386270145
GILD,0.03362139185773858,k=20|vol=1.00,2013-09-30,0.0027933585315800644,0.0027933821386270145
MPWR,0.017698395971607384,k=20|vol=1.00,2013-09-30,0.0027933585315800644,0.0027933821386270145
BKNG,0.012077874330472936,k=20|vol=1.00,2013-09-30,0.0027933585315800644,0.0027933821386270145
CRM,0.009869350446946222,k=20|vol=1.00,2013-09-30,0.0027933585315800644,0.0027933821386270145
MCK,0.31182338172693724,k=20|vol=1.00,2013-10-31,0.002904254804514131,0.0029042541682827217
NOC,0.24999138117803274,k=20|vol=1.00,2013-10-31,0.002904254804514131,0.0029042541682827217
BA,0.07281850087206664,k=20|vol=1.00,2013-10-31,0.002904254804514131,0.0029042541682827217
MU,0.07033935755869061,k=20|vol=1.00,2013-10-31,0.002904254804514131,0.0029042541682827217
BMY,0.05023064453815549,k=20|vol=1.00,2013-10-31,0.002904254804514131,0.0029042541682827217
AAPL,0.04940640232418143,k=20|vol=1.00,2013-10-31,0.002904254804514131,0.0029042541682827217
TMUS,0.04663196039369567,k=20|vol=1.00,2013-10-31,0.002904254804514131,0.0029042541682827217
NFLX,0.043684234106521336,k=20|vol=1.00,2013-10-31,0.002904254804514131,0.0029042541682827217
BSX,0.03637918337042388,k=20|vol=1.00,2013-10-31,0.002904254804514131,0.0029042541682827217
GILD,0.026879314228658163,k=20|vol=1.00,2013-10-31,0.002904254804514131,0.0029042541682827217
GOOG,0.02090981002336849,k=20|vol=1.00,2013-10-31,0.002904254804514131,0.0029042541682827217
GOOGL,0.020905829679268243,k=20|vol=1.00,2013-10-31,0.002904254804514131,0.0029042541682827217
MCK,0.2625033733706813,k=20|vol=1.00,2013-11-29,0.002946351679917144,0.002946351679917144
NOC,0.2188252688795224,k=20|vol=1.00,2013-11-29,0.002946351679917144,0.002946351679917144
CI,0.12365346657787665,k=20|vol=1.00,2013-11-29,0.002946351679917144,0.002946351679917144
MU,0.10286702059951404,k=20|vol=1.00,2013-11-29,0.002946351679917144,0.002946351679917144
LMT,0.07940443428576437,k=20|vol=1.00,2013-11-29,0.002946351679917144,0.002946351679917144
AAPL,0.06605354010885121,k=20|vol=1.00,2013-11-29,0.002946351679917144,0.002946351679917144
NFLX,0.040673600883953845,k=20|vol=1.00,2013-11-29,0.002946351679917144,0.002946351679917144
BKNG,0.03587584826316236,k=20|vol=1.00,2013-11-29,0.002946351679917144,0.002946351679917144
GOOG,0.029651658793015012,k=20|vol=1.00,2013-11-29,0.002946351679917144,0.002946351679917144
GOOGL,0.02964917702917106,k=20|vol=1.00,2013-11-29,0.002946351679917144,0.002946351679917144
MSFT,0.010842611208487691,k=20|vol=1.00,2013-11-29,0.002946351679917144,0.002946351679917144
MA,0.1498107263893973,k=20|vol=1.00,2013-12-31,0.002699608769615743,0.0026996777603579955
CVS,0.12222478297310636,k=20|vol=1.00,2013-12-31,0.002699608769615743,0.0026996777603579955
LMT,0.11697618731030704,k=20|vol=1.00,2013-12-31,0.002699608769615743,0.0026996777603579955
TMUS,0.08908494440226794,k=20|vol=1.00,2013-12-31,0.002699608769615743,0.0026996777603579955
MCK,0.07815968616003525,k=20|vol=1.00,2013-12-31,0.002699608769615743,0.0026996777603579955
NOC,0.07633087924585615,k=20|vol=1.00,2013-12-31,0.002699608769615743,0.0026996777603579955
MU,0.06868068533817177,k=20|vol=1.00,2013-12-31,0.002699608769615743,0.0026996777603579955
AVGO,0.059553192065172365,k=20|vol=1.00,2013-12-31,0.002699608769615743,0.0026996777603579955
AAPL,0.04698596756538606,k=20|vol=1.00,2013-12-31,0.002699608769615743,0.0026996777603579955
WDC,0.03781474803352313,k=20|vol=1.00,2013-12-31,0.002699608769615743,0.0026996777603579955
NFLX,0.03669729231672678,k=20|vol=1.00,2013-12-31,0.002699608769615743,0.0026996777603579955
ICE,0.03637434608332553,k=20|vol=1.00,2013-12-31,0.002699608769615743,0.0026996777603579955
MMM,0.022886693713866132,k=20|vol=1.00,2013-12-31,0.002699608769615743,0.0026996777603579955
CI,0.021983144741079274,k=20|vol=1.00,2013-12-31,0.002699608769615743,0.0026996777603579955
GOOG,0.016934492987439858,k=20|vol=1.00,2013-12-31,0.002699608769615743,0.0026996777603579955
GOOGL,0.016934056169189683,k=20|vol=1.00,2013-12-31,0.002699608769615743,0.0026996777603579955
STX,0.002568174505149429,k=20|vol=1.00,2013-12-31,0.002699608769615743,0.0026996777603579955
LMT,0.19658505047702418,k=20|vol=1.00,2014-01-31,0.002349812166707296,0.0023498171802126557
MCK,0.15682874668985214,k=20|vol=1.00,2014-01-31,0.002349812166707296,0.0023498171802126557
MRK,0.1289787071969003,k=20|vol=1.00,2014-01-31,0.002349812166707296,0.0023498171802126557
NOC,0.08132595387991366,k=20|vol=1.00,2014-01-31,0.002349812166707296,0.0023498171802126557
NFLX,0.07663223859416265,k=20|vol=1.00,2014-01-31,0.002349812166707296,0.0023498171802126557
AVGO,0.059946653990672255,k=20|vol=1.00,2014-01-31,0.002349812166707296,0.0023498171802126557
GOOG,0.03573652386499826,k=20|vol=1.00,2014-01-31,0.002349812166707296,0.0023498171802126557
GOOGL,0.0357355401585325,k=20|vol=1.00,2014-01-31,0.002349812166707296,0.0023498171802126557
MU,0.03426622997091364,k=20|vol=1.00,2014-01-31,0.002349812166707296,0.0023498171802126557
BSX,0.034170199997009126,k=20|vol=1.00,2014-01-31,0.002349812166707296,0.0023498171802126557
TMO,0.02625620871493213,k=20|vol=1.00,2014-01-31,0.002349812166707296,0.0023498171802126557
TDG,0.025393659008095565,k=20|vol=1.00,2014-01-31,0.002349812166707296,0.0023498171802126557
CMCSA,0.02347331069368964,k=20|vol=1.00,2014-01-31,0.002349812166707296,0.0023498171802126557
WMB,0.021855879298040493,k=20|vol=1.00,2014-01-31,0.002349812166707296,0.0023498171802126557
MSFT,0.020737141357195024,k=20|vol=1.00,2014-01-31,0.002349812166707296,0.0023498171802126557
WDC,0.017654395391629493,k=20|vol=1.00,2014-01-31,0.002349812166707296,0.0023498171802126557
TMUS,0.016450639169833643,k=20|vol=1.00,2014-01-31,0.002349812166707296,0.0023498171802126557
STX,0.004424028115382307,k=20|vol=1.00,2014-01-31,0.002349812166707296,0.0023498171802126557
BX,0.0035488934312228573,k=20|vol=1.00,2014-01-31,0.002349812166707296,0.0023498171802126557
LMT,0.2181175006205122,k=20|vol=1.00,2014-02-28,0.002576116303294947,0.002576116303294947
MRK,0.1378057083184105,k=20|vol=1.00,2014-02-28,0.002576116303294947,0.002576116303294947
LLY,0.12345831351915297,k=20|vol=1.00,2014-02-28,0.002576116303294947,0.002576116303294947
AVGO,0.09696730848624689,k=20|vol=1.00,2014-02-28,0.002576116303294947,0.002576116303294947
MCK,0.0952797473967787,k=20|vol=1.00,2014-02-28,0.002576116303294947,0.002576116303294947
NFLX,0.08456522174607611,k=20|vol=1.00,2014-02-28,0.002576116303294947,0.002576116303294947
TMO,0.0818998116157354,k=20|vol=1.00,2014-02-28,0.002576116303294947,0.002576116303294947
TDG,0.08048013528909749,k=20|vol=1.00,2014-02-28,0.002576116303294947,0.002576116303294947
MU,0.05841435515947052,k=20|vol=1.00,2014-02-28,0.002576116303294947,0.002576116303294947
NOC,0.01761696067697014,k=20|vol=1.00,2014-02-28,0.002576116303294947,0.002576116303294947
BKNG,0.005394937171549217,k=20|vol=1.00,2014-02-28,0.002576116303294947,0.002576116303294947
TDG,0.19559828262177645,k=20|vol=1.00,2014-03-31,0.002149737457731623,0.002149737457731623
AVGO,0.16634836069130612,k=20|vol=1.00,2014-03-31,0.002149737457731623,0.002149737457731623
LMT,0.1361791937982278,k=20|vol=1.00,2014-03-31,0.002149737457731623,0.002149737457731623
ELV,0.09650811029728118,k=20|vol=1.00,2014-03-31,0.002149737457731623,0.002149737457731623
MRK,0.09048312663918945,k=20|vol=1.00,2014-03-31,0.002149737457731623,0.002149737457731623
GLW,0.07781024158413825,k=20|vol=1.00,2014-03-31,0.002149737457731623,0.002149737457731623
MAR,0.055638600684408984,k=20|vol=1.00,2014-03-31,0.002149737457731623,0.002149737457731623
MCK,0.04199614116971523,k=20|vol=1.00,2014-03-31,0.002149737457731623,0.002149737457731623
WDC,0.03578943925555074,k=20|vol=1.00,2014-03-31,0.002149737457731623,0.002149737457731623
TMUS,0.03154394721298689,k=20|vol=1.00,2014-03-31,0.002149737457731623,0.002149737457731623
CVS,0.023486738451158874,k=20|vol=1.00,2014-03-31,0.002149737457731623,0.002149737457731623
NEE,0.022522992651301445,k=20|vol=1.00,2014-03-31,0.002149737457731623,0.002149737457731623
VLO,0.01511979672796921,k=20|vol=1.00,2014-03-31,0.002149737457731623,0.002149737457731623
MSFT,0.010975028214989378,k=20|vol=1.00,2014-03-31,0.002149737457731623,0.002149737457731623
NEE,0.1776370793371453,k=20|vol=1.00,2014-04-30,0.0019218944155414226,0.0019218944155414226
AEP,0.17583077536172792,k=20|vol=1.00,2014-04-30,0.0019218944155414226,0.0019218944155414226
MAR,0.1362263550862066,k=20|vol=1.00,2014-04-30,0.0019218944155414226,0.0019218944155414226
MU,0.08507959410601643,k=20|vol=1.00,2014-04-30,0.0019218944155414226,0.0019218944155414226
MRK,0.07746619404886167,k=20|vol=1.00,2014-04-30,0.0019218944155414226,0.0019218944155414226
AVGO,0.07396578180508477,k=20|vol=1.00,2014-04-30,0.0019218944155414226,0.0019218944155414226
VLO,0.07067538613343104,k=20|vol=1.00,2014-04-30,0.0019218944155414226,0.0019218944155414226
GLW,0.061381470699735645,k=20|vol=1.00,2014-04-30,0.0019218944155414226,0.0019218944155414226
CAT,0.04966693538596992,k=20|vol=1.00,2014-04-30,0.0019218944155414226,0.0019218944155414226
ELV,0.047401155960914224,k=20|vol=1.00,2014-04-30,0.0019218944155414226,0.0019218944155414226
AAPL,0.044669272074906424,k=20|vol=1.00,2014-04-30,0.0019218944155414226,0.0019218944155414226
WMB,0.21326703978506537,k=20|vol=1.00,2014-05-30,0.002193999320872529,0.002193999320872529
MAR,0.20199175213078127,k=20|vol=1.00,2014-05-30,0.002193999320872529,0.002193999320872529
AAPL,0.12729110829536286,k=20|vol=1.00,2014-05-30,0.002193999320872529,0.002193999320872529
ELV,0.120114916339864,k=20|vol=1.00,2014-05-30,0.002193999320872529,0.002193999320872529
AVGO,0.09672039529394717,k=20|vol=1.00,2014-05-30,0.002193999320872529,0.002193999320872529
MU,0.06098528409179014,k=20|vol=1.00,2014-05-30,0.002193999320872529,0.002193999320872529
COP,0.05860732839418619,k=20|vol=1.00,2014-05-30,0.002193999320872529,0.002193999320872529
AEP,0.04282383561751281,k=20|vol=1.00,2014-05-30,0.002193999320872529,0.002193999320872529
MO,0.03954262429099216,k=20|vol=1.00,2014-05-30,0.002193999320872529,0.002193999320872529
GD,0.028240717692023024,k=20|vol=1.00,2014-05-30,0.002193999320872529,0.002193999320872529
NFLX,0.010414998068475022,k=20|vol=1.00,2014-05-30,0.002193999320872529,0.002193999320872529
COP,0.19606702698031073,k=20|vol=1.00,2014-06-30,0.0026072168940998743,0.0026072168940998747
SLB,0.1751838092253911,k=20|vol=1.00,2014-06-30,0.0026072168940998743,0.0026072168940998747
WMB,0.1385576972948468,k=20|vol=1.00,2014-06-30,0.0026072168940998743,0.0026072168940998747
MAR,0.10198585070406771,k=20|vol=1.00,2014-06-30,0.0026072168940998743,0.0026072168940998747
AAPL,0.090705354105323,k=20|vol=1.00,2014-06-30,0.0026072168940998743,0.0026072168940998747
MU,0.059954671580708004,k=20|vol=1.00,2014-06-30,0.0026072168940998743,0.0026072168940998747
INTC,0.05833309649874638,k=20|vol=1.00,2014-06-30,0.0026072168940998743,0.0026072168940998747
EOG,0.054491327829166436,k=20|vol=1.00,2014-06-30,0.0026072168940998743,0.0026072168940998747
VRTX,0.04264932214177107,k=20|vol=1.00,2014-06-30,0.0026072168940998743,0.0026072168940998747
ELV,0.03374517883290877,k=20|vol=1.00,2014-06-30,0.0026072168940998743,0.0026072168940998747
AEP,0.031260299140094594,k=20|vol=1.00,2014-06-30,0.0026072168940998743,0.0026072168940998747
NEE,0.016240806217031965,k=20|vol=1.00,2014-06-30,0.0026072168940998743,0.0026072168940998747
AVGO,0.0005737064303970076,k=20|vol=1.00,2014-06-30,0.0026072168940998743,0.0026072168940998747
NFLX,0.00025185301923643825,k=20|vol=1.00,2014-06-30,0.0026072168940998743,0.0026072168940998747
INTC,0.1987164334256758,k=20|vol=1.00,2014-07-31,0.0019728212564721114,0.0019728212564721114
WMB,0.13123183867552382,k=20|vol=1.00,2014-07-31,0.0019728212564721114,0.0019728212564721114
MAR,0.12836789061941206,k=20|vol=1.00,2014-07-31,0.0019728212564721114,0.0019728212564721114
AAPL,0.10598956834426629,k=20|vol=1.00,2014-07-31,0.0019728212564721114,0.0019728212564721114
BNY,0.09889279673708161,k=20|vol=1.00,2014-07-31,0.0019728212564721114,0.0019728212564721114
ELV,0.09119270693940551,k=20|vol=1.00,2014-07-31,0.0019728212564721114,0.0019728212564721114
AMT,0.06746989158795337,k=20|vol=1.00,2014-07-31,0.0019728212564721114,0.0019728212564721114
LRCX,0.04829986809063387,k=20|vol=1.00,2014-07-31,0.0019728212564721114,0.0019728212564721114
WELL,0.04064360472281497,k=20|vol=1.00,2014-07-31,0.0019728212564721114,0.0019728212564721114
MCK,0.037036144609968416,k=20|vol=1.00,2014-07-31,0.0019728212564721114,0.0019728212564721114
GILD,0.030072776204094247,k=20|vol=1.00,2014-07-31,0.0019728212564721114,0.0019728212564721114
VRTX,0.01645878155756864,k=20|vol=1.00,2014-07-31,0.0019728212564721114,0.0019728212564721114
ISRG,0.005627698485601177,k=20|vol=1.00,2014-07-31,0.0019728212564721114,0.0019728212564721114
INTC,0.1587710588420031,k=20|vol=1.00,2014-08-29,0.0023544414816944843,0.0023544414816944843
GILD,0.14517653528821106,k=20|vol=1.00,2014-08-29,0.0023544414816944843,0.0023544414816944843
TDG,0.133009168672655,k=20|vol=1.00,2014-08-29,0.0023544414816944843,0.0023544414816944843
AAPL,0.130468635882974,k=20|vol=1.00,2014-08-29,0.0023544414816944843,0.0023544414816944843
MAR,0.09844356543900247,k=20|vol=1.00,2014-08-29,0.0023544414816944843,0.0023544414816944843
WMB,0.09211130478693484,k=20|vol=1.00,2014-08-29,0.0023544414816944843,0.0023544414816944843
HD,0.08485944345860587,k=20|vol=1.00,2014-08-29,0.0023544414816944843,0.0023544414816944843
ELV,0.0530984323680825,k=20|vol=1.00,2014-08-29,0.0023544414816944843,0.0023544414816944843
WELL,0.03350768076577849,k=20|vol=1.00,2014-08-29,0.0023544414816944843,0.0023544414816944843
AVGO,0.03029201004412555,k=20|vol=1.00,2014-08-29,0.0023544414816944843,0.0023544414816944843
MPWR,0.02504779868823172,k=20|vol=1.00,2014-08-29,0.0023544414816944843,0.0023544414816944843
NEM,0.008531015846680303,k=20|vol=1.00,2014-08-29,0.0023544414816944843,0.0023544414816944843
NFLX,0.0043114991096961834,k=20|vol=1.00,2014-08-29,0.0023544414816944843,0.0023544414816944843
VRTX,0.002371850807018877,k=20|vol=1.00,2014-08-29,0.0023544414816944843,0.0023544414816944843
MO,0.3001444506712037,k=20|vol=1.00,2014-09-30,0.0019554901318261557,0.0019554901318261557
INTC,0.11429129156164386,k=20|vol=1.00,2014-09-30,0.0019554901318261557,0.0019554901318261557
AVGO,0.09897643994009676,k=20|vol=1.00,2014-09-30,0.0019554901318261557,0.0019554901318261557
MAR,0.08534213080167102,k=20|vol=1.00,2014-09-30,0.0019554901318261557,0.0019554901318261557
TDG,0.076346260732096,k=20|vol=1.00,2014-09-30,0.0019554901318261557,0.0019554901318261557
AAPL,0.07615018443131016,k=20|vol=1.00,2014-09-30,0.0019554901318261557,0.0019554901318261557
LMT,0.07038445154810277,k=20|vol=1.00,2014-09-30,0.0019554901318261557,0.0019554901318261557
GILD,0.04910223270682148,k=20|vol=1.00,2014-09-30,0.0019554901318261557,0.0019554901318261557
VRTX,0.038719232695148466,k=20|vol=1.00,2014-09-30,0.0019554901318261557,0.0019554901318261557
WMB,0.0344302789392874,k=20|vol=1.00,2014-09-30,0.0019554901318261557,0.0019554901318261557
RCL,0.025308087011497605,k=20|vol=1.00,2014-09-30,0.0019554901318261557,0.0019554901318261557
LRCX,0.0251939273336547,k=20|vol=1.00,2014-09-30,0.0019554901318261557,0.0019554901318261557
MSFT,0.005611031627466027,k=20|vol=1.00,2014-09-30,0.0019554901318261557,0.0019554901318261557
MO,0.20124788402951937,k=20|vol=1.00,2014-10-31,0.0020396005124073756,0.002039600512407376
DUK,0.16238959495406385,k=20|vol=1.00,2014-10-31,0.0020396005124073756,0.002039600512407376
MAR,0.14958710094907796,k=20|vol=1.00,2014-10-31,0.0020396005124073756,0.002039600512407376
AMGN,0.11895918616088014,k=20|vol=1.00,2014-10-31,0.0020396005124073756,0.002039600512407376
AAPL,0.10787777636636255,k=20|vol=1.00,2014-10-31,0.0020396005124073756,0.002039600512407376
CSX,0.09675105626823034,k=20|vol=1.00,2014-10-31,0.0020396005124073756,0.002039600512407376
WELL,0.05699717883588098,k=20|vol=1.00,2014-10-31,0.0020396005124073756,0.002039600512407376
GD,0.05256904881649761,k=20|vol=1.00,2014-10-31,0.0020396005124073756,0.002039600512407376
VRTX,0.024798799992467733,k=20|vol=1.00,2014-10-31,0.0020396005124073756,0.002039600512407376
LRCX,0.01636230990871184,k=20|vol=1.00,2014-10-31,0.0020396005124073756,0.002039600512407376
LMT,0.012460063718307492,k=20|vol=1.00,2014-10-31,0.0020396005124073756,0.002039600512407376
AAPL,0.23576510036792672,k=20|vol=1.00,2014-11-28,0.002305101781654195,0.0023051017816541957
WELL,0.14367244816245345,k=20|vol=1.00,2014-11-28,0.002305101781654195,0.0023051017816541957
LOW,0.12674698610560933,k=20|vol=1.00,2014-11-28,0.002305101781654195,0.0023051017816541957
MO,0.12459841387474252,k=20|vol=1.00,2014-11-28,0.002305101781654195,0.0023051017816541957
ROST,0.12014978234526175,k=20|vol=1.00,2014-11-28,0.002305101781654195,0.0023051017816541957
MAR,0.10946244418425594,k=20|vol=1.00,2014-11-28,0.002305101781654195,0.0023051017816541957
CSX,0.04202014020879144,k=20|vol=1.00,2014-11-28,0.002305101781654195,0.0023051017816541957
AVGO,0.03207513543633714,k=20|vol=1.00,2014-11-28,0.002305101781654195,0.0023051017816541957
GD,0.028290311772143112,k=20|vol=1.00,2014-11-28,0.002305101781654195,0.0023051017816541957
VRTX,0.01908026149793442,k=20|vol=1.00,2014-11-28,0.002305101781654195,0.0023051017816541957
LRCX,0.012881843965718997,k=20|vol=1.00,2014-11-28,0.002305101781654195,0.0023051017816541957
INTC,0.00525713207882499,k=20|vol=1.00,2014-11-28,0.002305101781654195,0.0023051017816541957
LOW,0.26324057459637157,k=20|vol=1.00,2014-12-31,0.0021116591721143728,0.0021116591721143728
WELL,0.17213690170935597,k=20|vol=1.00,2014-12-31,0.0021116591721143728,0.0021116591721143728
CVS,0.1445723675956141,k=20|vol=1.00,2014-12-31,0.0021116591721143728,0.0021116591721143728
ROST,0.107340916486701,k=20|vol=1.00,2014-12-31,0.0021116591721143728,0.0021116591721143728
ORLY,0.08350939578734526,k=20|vol=1.00,2014-12-31,0.0021116591721143728,0.0021116591721143728
AVGO,0.07479050506343746,k=20|vol=1.00,2014-12-31,0.0021116591721143728,0.0021116591721143728
DUK,0.07424052413807257,k=20|vol=1.00,2014-12-31,0.0021116591721143728,0.0021116591721143728
WM,0.025879009843486615,k=20|vol=1.00,2014-12-31,0.0021116591721143728,0.0021116591721143728
AEP,0.019015498448932282,k=20|vol=1.00,2014-12-31,0.0021116591721143728,0.0021116591721143728
CME,0.016327258243318085,k=20|vol=1.00,2014-12-31,0.0021116591721143728,0.0021116591721143728
SO,0.010495828335771243,k=20|vol=1.00,2014-12-31,0.0021116591721143728,0.0021116591721143728
SHW,0.008451219751593771,k=20|vol=1.00,2014-12-31,0.0021116591721143728,0.0021116591721143728
WELL,0.3935998820443582,k=20|vol=1.00,2015-01-30,0.0020414265199733645,0.0020414265199733645
MO,0.12665900165345925,k=20|vol=1.00,2015-01-30,0.0020414265199733645,0.0020414265199733645
LOW,0.09007682874871545,k=20|vol=1.00,2015-01-30,0.0020414265199733645,0.0020414265199733645
BX,0.08630588292021354,k=20|vol=1.00,2015-01-30,0.0020414265199733645,0.0020414265199733645
COHR,0.08395173385145763,k=20|vol=1.00,2015-01-30,0.0020414265199733645,0.0020414265199733645
AVGO,0.07519257911797823,k=20|vol=1.00,2015-01-30,0.0020414265199733645,0.0020414265199733645
NOC,0.05046942660495404,k=20|vol=1.00,2015-01-30,0.0020414265199733645,0.0020414265199733645
SHW,0.029644838306743245,k=20|vol=1.00,2015-01-30,0.0020414265199733645,0.0020414265199733645
AMZN,0.02110676612389668,k=20|vol=1.00,2015-01-30,0.0020414265199733645,0.0020414265199733645
AAPL,0.016044413414386404,k=20|vol=1.00,2015-01-30,0.0020414265199733645,0.0020414265199733645
CVS,0.014496873655687486,k=20|vol=1.00,2015-01-30,0.0020414265199733645,0.0020414265199733645
NEM,0.012451773558149882,k=20|vol=1.00,2015-01-30,0.0020414265199733645,0.0020414265199733645
MO,0.21352127103231922,k=20|vol=1.00,2015-02-27,0.0023620814133490826,0.0023620814133490826
ROST,0.15720015128598908,k=20|vol=1.00,2015-02-27,0.0023620814133490826,0.0023620814133490826
LOW,0.10233528215383875,k=20|vol=1.00,2015-02-27,0.0023620814133490826,0.0023620814133490826
TDG,0.07323197675099258,k=20|vol=1.00,2015-02-27,0.0023620814133490826,0.0023620814133490826
AVGO,0.07029330554480126,k=20|vol=1.00,2015-02-27,0.0023620814133490826,0.0023620814133490826
NEM,0.06226694650060709,k=20|vol=1.00,2015-02-27,0.0023620814133490826,0.0023620814133490826
CVS,0.05396050936086768,k=20|vol=1.00,2015-02-27,0.0023620814133490826,0.0023620814133490826
AAPL,0.048480685258541455,k=20|vol=1.00,2015-02-27,0.0023620814133490826,0.0023620814133490826
CME,0.04191468715587094,k=20|vol=1.00,2015-02-27,0.0023620814133490826,0.0023620814133490826
BSX,0.037524334009246506,k=20|vol=1.00,2015-02-27,0.0023620814133490826,0.0023620814133490826
AMZN,0.03571941368801225,k=20|vol=1.00,2015-02-27,0.0023620814133490826,0.0023620814133490826
COHR,0.032325111131816374,k=20|vol=1.00,2015-02-27,0.0023620814133490826,0.0023620814133490826
WM,0.03162759713107028,k=20|vol=1.00,2015-02-27,0.0023620814133490826,0.0023620814133490826
WELL,0.028393934152182033,k=20|vol=1.00,2015-02-27,0.0023620814133490826,0.0023620814133490826
FTNT,0.007525440695997014,k=20|vol=1.00,2015-02-27,0.0023620814133490826,0.0023620814133490826
VLO,0.0036793541478475776,k=20|vol=1.00,2015-02-27,0.0023620814133490826,0.0023620814133490826
ROST,0.1743491376023592,k=20|vol=1.00,2015-03-31,0.0019329998980392748,0.0019329997163753088
TDG,0.14768667075641237,k=20|vol=1.00,2015-03-31,0.0019329998980392748,0.0019329997163753088
COST,0.12252162921193446,k=20|vol=1.00,2015-03-31,0.0019329998980392748,0.0019329997163753088
CI,0.11472530145112539,k=20|vol=1.00,2015-03-31,0.0019329998980392748,0.0019329997163753088
BX,0.0983761660098304,k=20|vol=1.00,2015-03-31,0.0019329998980392748,0.0019329997163753088
COHR,0.08421025507271904,k=20|vol=1.00,2015-03-31,0.0019329998980392748,0.0019329997163753088
VLO,0.06951431931203272,k=20|vol=1.00,2015-03-31,0.0019329998980392748,0.0019329997163753088
WM,0.06643569209045835,k=20|vol=1.00,2015-03-31,0.0019329998980392748,0.0019329997163753088
BSX,0.040255288402204235,k=20|vol=1.00,2015-03-31,0.0019329998980392748,0.0019329997163753088
ELV,0.030187286939963545,k=20|vol=1.00,2015-03-31,0.0019329998980392748,0.0019329997163753088
WELL,0.022521559392685988,k=20|vol=1.00,2015-03-31,0.0019329998980392748,0.0019329997163753088
CVS,0.015438087759443978,k=20|vol=1.00,2015-03-31,0.0019329998980392748,0.0019329997163753088
FTNT,0.006892681560325691,k=20|vol=1.00,2015-03-31,0.0019329998980392748,0.0019329997163753088
AVGO,0.006885924438504662,k=20|vol=1.00,2015-03-31,0.0019329998980392748,0.0019329997163753088
BX,0.24380843191529708,k=20|vol=1.00,2015-04-30,0.0015641963014173764,0.001564196301417377
TDG,0.08108061082869955,k=20|vol=1.00,2015-04-30,0.0015641963014173764,0.001564196301417377
BSX,0.0689037022862964,k=20|vol=1.00,2015-04-30,0.0015641963014173764,0.001564196301417377
ROST,0.06749226686298027,k=20|vol=1.00,2015-04-30,0.0015641963014173764,0.001564196301417377
SBUX,0.0643817999202643,k=20|vol=1.00,2015-04-30,0.0015641963014173764,0.001564196301417377
DIS,0.06146991450496871,k=20|vol=1.00,2015-04-30,0.0015641963014173764,0.001564196301417377
VZ,0.06143734829152082,k=20|vol=1.00,2015-04-30,0.0015641963014173764,0.001564196301417377
DE,0.052668111416141,k=20|vol=1.00,2015-04-30,0.0015641963014173764,0.001564196301417377
EQIX,0.04531476342593313,k=20|vol=1.00,2015-04-30,0.0015641963014173764,0.001564196301417377
NEM,0.041151895943678074,k=20|vol=1.00,2015-04-30,0.0015641963014173764,0.001564196301417377
TMUS,0.038713912979890304,k=20|vol=1.00,2015-04-30,0.0015641963014173764,0.001564196301417377
BMY,0.03368583678636174,k=20|vol=1.00,2015-04-30,0.0015641963014173764,0.001564196301417377
COHR,0.031737298676372726,k=20|vol=1.00,2015-04-30,0.0015641963014173764,0.001564196301417377
AAPL,0.025746274877217496,k=20|vol=1.00,2015-04-30,0.0015641963014173764,0.001564196301417377
NFLX,0.022559104861480016,k=20|vol=1.00,2015-04-30,0.0015641963014173764,0.001564196301417377
FTNT,0.022514539415241806,k=20|vol=1.00,2015-04-30,0.0015641963014173764,0.001564196301417377
T,0.020882658686520165,k=20|vol=1.00,2015-04-30,0.0015641963014173764,0.001564196301417377
ORLY,0.016451528321136378,k=20|vol=1.00,2015-04-30,0.0015641963014173764,0.001564196301417377
BX,0.21596577697806085,k=20|vol=1.00,2015-05-29,0.0020452794456900475,0.0020452794456900475
CI,0.12796010557145526,k=20|vol=1.00,2015-05-29,0.0020452794456900475,0.0020452794456900475
TMUS,0.12700548788611804,k=20|vol=1.00,2015-05-29,0.0020452794456900475,0.0020452794456900475
TDG,0.09090593100029422,k=20|vol=1.00,2015-05-29,0.0020452794456900475,0.0020452794456900475
DE,0.07559051423024794,k=20|vol=1.00,2015-05-29,0.0020452794456900475,0.0020452794456900475
ELV,0.06778633993979757,k=20|vol=1.00,2015-05-29,0.0020452794456900475,0.0020452794456900475
LLY,0.05675191196254614,k=20|vol=1.00,2015-05-29,0.0020452794456900475,0.0020452794456900475
MDLZ,0.04786831965096141,k=20|vol=1.00,2015-05-29,0.0020452794456900475,0.0020452794456900475
NEM,0.04483899145329247,k=20|vol=1.00,2015-05-29,0.0020452794456900475,0.0020452794456900475
SBUX,0.041472586098697396,k=20|vol=1.00,2015-05-29,0.0020452794456900475,0.0020452794456900475
COHR,0.03493922139854981,k=20|vol=1.00,2015-05-29,0.0020452794456900475,0.0020452794456900475
EQIX,0.033964275868414516,k=20|vol=1.00,2015-05-29,0.0020452794456900475,0.0020452794456900475
NFLX,0.02165234384484117,k=20|vol=1.00,2015-05-29,0.0020452794456900475,0.0020452794456900475
AVGO,0.012148292788448874,k=20|vol=1.00,2015-05-29,0.0020452794456900475,0.0020452794456900475
FTNT,0.001149901328274255,k=20|vol=1.00,2015-05-29,0.0020452794456900475,0.0020452794456900475
CI,0.14865750606251316,k=20|vol=1.00,2015-06-30,0.0018043866240060138,0.0018043866240060142
DE,0.1432352510752007,k=20|vol=1.00,2015-06-30,0.0018043866240060138,0.0018043866240060142
TMUS,0.13474890289654054,k=20|vol=1.00,2015-06-30,0.0018043866240060138,0.0018043866240060142
LLY,0.09557594625445975,k=20|vol=1.00,2015-06-30,0.0018043866240060138,0.0018043866240060142
SBUX,0.07572502658150954,k=20|vol=1.00,2015-06-30,0.0018043866240060138,0.0018043866240060142
T,0.07458345603080638,k=20|vol=1.00,2015-06-30,0.0018043866240060138,0.0018043866240060142
BX,0.0700339008945407,k=20|vol=1.00,2015-06-30,0.0018043866240060138,0.0018043866240060142
MDLZ,0.06023912422724134,k=20|vol=1.00,2015-06-30,0.0018043866240060138,0.0018043866240060142
COHR,0.055140331667988485,k=20|vol=1.00,2015-06-30,0.0018043866240060138,0.0018043866240060142
NFLX,0.053457080175966835,k=20|vol=1.00,2015-06-30,0.0018043866240060138,0.0018043866240060142
TDG,0.04768234210409139,k=20|vol=1.00,2015-06-30,0.0018043866240060138,0.0018043866240060142
BMY,0.0197519468066056,k=20|vol=1.00,2015-06-30,0.0018043866240060138,0.0018043866240060142
DIS,0.012745083651406574,k=20|vol=1.00,2015-06-30,0.0018043866240060138,0.0018043866240060142
FTNT,0.007532095641771223,k=20|vol=1.00,2015-06-30,0.0018043866240060138,0.0018043866240060142
VLO,0.000892005929357845,k=20|vol=1.00,2015-06-30,0.0018043866240060138,0.0018043866240060142
MDLZ,0.15255914246758354,k=20|vol=1.00,2015-07-31,0.0019995201007616805,0.0019995420378324403
CVS,0.1415237924618567,k=20|vol=1.00,2015-07-31,0.0019995201007616805,0.0019995420378324403
TMUS,0.09764634523527929,k=20|vol=1.00,2015-07-31,0.0019995201007616805,0.0019995420378324403
SBUX,0.09062868333364889,k=20|vol=1.00,2015-07-31,0.0019995201007616805,0.0019995420378324403
CI,0.08995601043615692,k=20|vol=1.00,2015-07-31,0.0019995201007616805,0.0019995420378324403
AMZN,0.08615664395246543,k=20|vol=1.00,2015-07-31,0.0019995201007616805,0.0019995420378324403
DIS,0.0769877128376417,k=20|vol=1.00,2015-07-31,0.0019995201007616805,0.0019995420378324403
LLY,0.06520756515355722,k=20|vol=1.00,2015-07-31,0.0019995201007616805,0.0019995420378324403
SO,0.04272564546172978,k=20|vol=1.00,2015-07-31,0.0019995201007616805,0.0019995420378324403
FTNT,0.04262264744579887,k=20|vol=1.00,2015-07-31,0.0019995201007616805,0.0019995420378324403
NFLX,0.038387924743116184,k=20|vol=1.00,2015-07-31,0.0019995201007616805,0.0019995420378324403
PGR,0.030423330397692894,k=20|vol=1.00,2015-07-31,0.0019995201007616805,0.0019995420378324403
DE,0.024299546770994045,k=20|vol=1.00,2015-07-31,0.0019995201007616805,0.0019995420378324403
PFE,0.011482401486006563,k=20|vol=1.00,2015-07-31,0.0019995201007616805,0.0019995420378324403
GOOGL,0.004970689725818243,k=20|vol=1.00,2015-07-31,0.0019995201007616805,0.0019995420378324403
EQIX,0.0044219180906538555,k=20|vol=1.00,2015-07-31,0.0019995201007616805,0.0019995420378324403
WM,0.14078801416743097,k=20|vol=1.00,2015-08-31,0.0004765265768335466,0.00047653947882247434
LMT,0.14061073134197716,k=20|vol=1.00,2015-08-31,0.0004765265768335466,0.00047653947882247434
KO,0.1171201475917678,k=20|vol=1.00,2015-08-31,0.0004765265768335466,0.00047653947882247434
TMUS,0.1050121081252233,k=20|vol=1.00,2015-08-31,0.0004765265768335466,0.00047653947882247434
SO,0.09168210556503979,k=20|vol=1.00,2015-08-31,0.0004765265768335466,0.00047653947882247434
MDLZ,0.09038561228707138,k=20|vol=1.00,2015-08-31,0.0004765265768335466,0.00047653947882247434
T,0.08927361510758353,k=20|vol=1.00,2015-08-31,0.0004765265768335466,0.00047653947882247434
MO,0.0778532168501805,k=20|vol=1.00,2015-08-31,0.0004765265768335466,0.00047653947882247434
CI,0.04744442583777324,k=20|vol=1.00,2015-08-31,0.0004765265768335466,0.00047653947882247434
CME,0.0344432149608517,k=20|vol=1.00,2015-08-31,0.0004765265768335466,0.00047653947882247434
ORLY,0.024728029321926727,k=20|vol=1.00,2015-08-31,0.0004765265768335466,0.00047653947882247434
PGR,0.020143677947548073,k=20|vol=1.00,2015-08-31,0.0004765265768335466,0.00047653947882247434
ISRG,0.006241541111123317,k=20|vol=1.00,2015-08-31,0.0004765265768335466,0.00047653947882247434
COHR,0.005947305909977311,k=20|vol=1.00,2015-08-31,0.0004765265768335466,0.00047653947882247434
TDG,0.004984241281921614,k=20|vol=1.00,2015-08-31,0.0004765265768335466,0.00047653947882247434
MSI,0.0022427773331935397,k=20|vol=1.00,2015-08-31,0.0004765265768335466,0.00047653947882247434
AMZN,0.001099235259410136,k=20|vol=1.00,2015-08-31,0.0004765265768335466,0.00047653947882247434
KO,0.19834641127990169,k=20|vol=1.00,2015-09-30,0.0005323091439063094,0.0005323091439063095
WM,0.18752957317827926,k=20|vol=1.00,2015-09-30,0.0005323091439063094,0.0005323091439063095
SO,0.1793113434190861,k=20|vol=1.00,2015-09-30,0.0005323091439063094,0.0005323091439063095
LMT,0.1356045711862878,k=20|vol=1.00,2015-09-30,0.0005323091439063094,0.0005323091439063095
MSI,0.0909644112594802,k=20|vol=1.00,2015-09-30,0.0005323091439063094,0.0005323091439063095
TMUS,0.07885174954791024,k=20|vol=1.00,2015-09-30,0.0005323091439063094,0.0005323091439063095
PGR,0.05592921860771341,k=20|vol=1.00,2015-09-30,0.0005323091439063094,0.0005323091439063095
MO,0.038263587985053416,k=20|vol=1.00,2015-09-30,0.0005323091439063094,0.0005323091439063095
ORLY,0.019201956748245236,k=20|vol=1.00,2015-09-30,0.0005323091439063094,0.0005323091439063095
CI,0.015997176788042643,k=20|vol=1.00,2015-09-30,0.0005323091439063094,0.0005323091439063095
WM,0.25340716763231597,k=20|vol=1.00,2015-10-30,0.0011883804247626488,0.0011883802104152546
KO,0.184467952154313,k=20|vol=1.00,2015-10-30,0.0011883804247626488,0.0011883802104152546
MO,0.10712002937615686,k=20|vol=1.00,2015-10-30,0.0011883804247626488,0.0011883802104152546
SO,0.10006667570218594,k=20|vol=1.00,2015-10-30,0.0011883804247626488,0.0011883802104152546
ORLY,0.06260701629263926,k=20|vol=1.00,2015-10-30,0.0011883804247626488,0.0011883802104152546
AMZN,0.046381643442946256,k=20|vol=1.00,2015-10-30,0.0011883804247626488,0.0011883802104152546
EQIX,0.04301020790009588,k=20|vol=1.00,2015-10-30,0.0011883804247626488,0.0011883802104152546
CI,0.036574486024847745,k=20|vol=1.00,2015-10-30,0.0011883804247626488,0.0011883802104152546
BKNG,0.03326699897743235,k=20|vol=1.00,2015-10-30,0.0011883804247626488,0.0011883802104152546
MSI,0.029548258799771198,k=20|vol=1.00,2015-10-30,0.0011883804247626488,0.0011883802104152546
PGR,0.02332497915424149,k=20|vol=1.00,2015-10-30,0.0011883804247626488,0.0011883802104152546
LMT,0.019624402710869848,k=20|vol=1.00,2015-10-30,0.0011883804247626488,0.0011883802104152546
KLAC,0.019588883788489476,k=20|vol=1.00,2015-10-30,0.0011883804247626488,0.0011883802104152546
TMUS,0.011451945073175814,k=20|vol=1.00,2015-10-30,0.0011883804247626488,0.0011883802104152546
COST,0.011344873848486736,k=20|vol=1.00,2015-10-30,0.0011883804247626488,0.0011883802104152546
MPWR,0.007438614529069959,k=20|vol=1.00,2015-10-30,0.0011883804247626488,0.0011883802104152546
COHR,0.006108463083483829,k=20|vol=1.00,2015-10-30,0.0011883804247626488,0.0011883802104152546
MCD,0.0046674015094783534,k=20|vol=1.00,2015-10-30,0.0011883804247626488,0.0011883802104152546
KO,0.20902294121639922,k=20|vol=1.00,2015-11-30,0.0013220969498228948,0.0013220969498228953
WM,0.17956442385815602,k=20|vol=1.00,2015-11-30,0.0013220969498228948,0.0013220969498228953
SO,0.09907465357961061,k=20|vol=1.00,2015-11-30,0.0013220969498228948,0.0013220969498228953
COST,0.08124867809690964,k=20|vol=1.00,2015-11-30,0.0013220969498228948,0.0013220969498228953
AMZN,0.08096617723655399,k=20|vol=1.00,2015-11-30,0.0013220969498228948,0.0013220969498228953
HD,0.054179501444500726,k=20|vol=1.00,2015-11-30,0.0013220969498228948,0.0013220969498228953
NVDA,0.05232015971301752,k=20|vol=1.00,2015-11-30,0.0013220969498228948,0.0013220969498228953
CI,0.04891661064519248,k=20|vol=1.00,2015-11-30,0.0013220969498228948,0.0013220969498228953
EQIX,0.04879777404646282,k=20|vol=1.00,2015-11-30,0.0013220969498228948,0.0013220969498228953
MPWR,0.048613076528678995,k=20|vol=1.00,2015-11-30,0.0013220969498228948,0.0013220969498228953
KLAC,0.04189518997896269,k=20|vol=1.00,2015-11-30,0.0013220969498228948,0.0013220969498228953
MSI,0.029567422482289656,k=20|vol=1.00,2015-11-30,0.0013220969498228948,0.0013220969498228953
MO,0.020747645801132815,k=20|vol=1.00,2015-11-30,0.0013220969498228948,0.0013220969498228953
MCD,0.0035799870498114594,k=20|vol=1.00,2015-11-30,0.0013220969498228948,0.0013220969498228953
GOOG,0.001505758322321435,k=20|vol=1.00,2015-11-30,0.0013220969498228948,0.0013220969498228953
SO,0.26924015940632595,k=20|vol=1.00,2015-12-31,0.0013809112385465738,0.0013809587459400786
CI,0.14268096445748732,k=20|vol=1.00,2015-12-31,0.0013809112385465738,0.0013809587459400786
MCD,0.14178519393358283,k=20|vol=1.00,2015-12-31,0.0013809112385465738,0.0013809587459400786
KLAC,0.08199592067717465,k=20|vol=1.00,2015-12-31,0.0013809112385465738,0.0013809587459400786
NVDA,0.07278814025716807,k=20|vol=1.00,2015-12-31,0.0013809112385465738,0.0013809587459400786
AMZN,0.06932788736303598,k=20|vol=1.00,2015-12-31,0.0013809112385465738,0.0013809587459400786
KO,0.06408885614660553,k=20|vol=1.00,2015-12-31,0.0013809112385465738,0.0013809587459400786
EQIX,0.044836378361205007,k=20|vol=1.00,2015-12-31,0.0013809112385465738,0.0013809587459400786
COST,0.034859535209879874,k=20|vol=1.00,2015-12-31,0.0013809112385465738,0.0013809587459400786
GE,0.03176482394787621,k=20|vol=1.00,2015-12-31,0.0013809112385465738,0.0013809587459400786
WM,0.030885133089391368,k=20|vol=1.00,2015-12-31,0.0013809112385465738,0.0013809587459400786
ISRG,0.012043089343525886,k=20|vol=1.00,2015-12-31,0.0013809112385465738,0.0013809587459400786
AMD,0.003703917806741226,k=20|vol=1.00,2015-12-31,0.0013809112385465738,0.0013809587459400786
SO,0.3287343308342639,k=20|vol=1.00,2016-01-29,0.0013843776810825016,0.0013843776810825016
MCD,0.30872396410206093,k=20|vol=1.00,2016-01-29,0.0013843776810825016,0.0013843776810825016
T,0.1261665521904352,k=20|vol=1.00,2016-01-29,0.0013843776810825016,0.0013843776810825016
EQIX,0.08277712677324574,k=20|vol=1.00,2016-01-29,0.0013843776810825016,0.0013843776810825016
COHR,0.06574136430137031,k=20|vol=1.00,2016-01-29,0.0013843776810825016,0.0013843776810825016
ISRG,0.024686474273188624,k=20|vol=1.00,2016-01-29,0.0013843776810825016,0.0013843776810825016
CI,0.021783054410037996,k=20|vol=1.00,2016-01-29,0.0013843776810825016,0.0013843776810825016
KLAC,0.012661883217253296,k=20|vol=1.00,2016-01-29,0.0013843776810825016,0.0013843776810825016
NEE,0.011762242433162663,k=20|vol=1.00,2016-01-29,0.0013843776810825016,0.0013843776810825016
VZ,0.009431462037087224,k=20|vol=1.00,2016-01-29,0.0013843776810825016,0.0013843776810825016
NEM,0.007531545427894042,k=20|vol=1.00,2016-01-29,0.0013843776810825016,0.0013843776810825016
T,0.15810173454701362,k=20|vol=1.00,2016-02-29,0.0014972562245900668,0.0014972562245900668
NEM,0.12633577773599428,k=20|vol=1.00,2016-02-29,0.0014972562245900668,0.0014972562245900668
SO,0.12075987482173185,k=20|vol=1.00,2016-02-29,0.0014972562245900668,0.0014972562245900668
MO,0.11538652418451939,k=20|vol=1.00,2016-02-29,0.0014972562245900668,0.0014972562245900668
ISRG,0.10591425316781611,k=20|vol=1.00,2016-02-29,0.0014972562245900668,0.0014972562245900668
COHR,0.0842700886919337,k=20|vol=1.00,2016-02-29,0.0014972562245900668,0.0014972562245900668
MCD,0.0664697652226223,k=20|vol=1.00,2016-02-29,0.0014972562245900668,0.0014972562245900668
NEE,0.061940915433395395,k=20|vol=1.00,2016-02-29,0.0014972562245900668,0.0014972562245900668
MSI,0.055272723200770306,k=20|vol=1.00,2016-02-29,0.0014972562245900668,0.0014972562245900668
KLAC,0.04138667048103797,k=20|vol=1.00,2016-02-29,0.0014972562245900668,0.0014972562245900668
WM,0.034869710847481555,k=20|vol=1.00,2016-02-29,0.0014972562245900668,0.0014972562245900668
NVDA,0.01649768628854851,k=20|vol=1.00,2016-02-29,0.0014972562245900668,0.0014972562245900668
EQIX,0.01279427537713486,k=20|vol=1.00,2016-02-29,0.0014972562245900668,0.0014972562245900668
SO,0.22941252100026294,k=20|vol=1.00,2016-03-31,0.0019180840212445545,0.0019180840212445545
NVDA,0.14434139062553478,k=20|vol=1.00,2016-03-31,0.0019180840212445545,0.0019180840212445545
NEM,0.11276741840407235,k=20|vol=1.00,2016-03-31,0.0019180840212445545,0.0019180840212445545
MCD,0.1002055677386431,k=20|vol=1.00,2016-03-31,0.0019180840212445545,0.0019180840212445545
PGR,0.09908949214672452,k=20|vol=1.00,2016-03-31,0.0019180840212445545,0.0019180840212445545
AEP,0.08291312969319403,k=20|vol=1.00,2016-03-31,0.0019180840212445545,0.0019180840212445545
EQIX,0.06657282746679984,k=20|vol=1.00,2016-03-31,0.0019180840212445545,0.0019180840212445545
T,0.0621718723095149,k=20|vol=1.00,2016-03-31,0.0019180840212445545,0.0019180840212445545
KLAC,0.0377525601277114,k=20|vol=1.00,2016-03-31,0.0019180840212445545,0.0019180840212445545
ISRG,0.03481684214628572,k=20|vol=1.00,2016-03-31,0.0019180840212445545,0.0019180840212445545
PM,0.018881275583823527,k=20|vol=1.00,2016-03-31,0.0019180840212445545,0.0019180840212445545
AMD,0.011075102757432705,k=20|vol=1.00,2016-03-31,0.0019180840212445545,0.0019180840212445545
MCD,0.18970658687925718,k=20|vol=1.00,2016-04-29,0.002313723970116061,0.0023137240677775974
NEM,0.18958299257199587,k=20|vol=1.00,2016-04-29,0.002313723970116061,0.0023137240677775974
BSX,0.11014693051437903,k=20|vol=1.00,2016-04-29,0.002313723970116061,0.0023137240677775974
SO,0.1064013643831364,k=20|vol=1.00,2016-04-29,0.002313723970116061,0.0023137240677775974
ISRG,0.08800408017585228,k=20|vol=1.00,2016-04-29,0.002313723970116061,0.0023137240677775974
LMT,0.07892907748792935,k=20|vol=1.00,2016-04-29,0.002313723970116061,0.0023137240677775974
AMZN,0.05540850934152453,k=20|vol=1.00,2016-04-29,0.002313723970116061,0.0023137240677775974
T,0.05392663160263885,k=20|vol=1.00,2016-04-29,0.002313723970116061,0.0023137240677775974
NOC,0.03810177832205538,k=20|vol=1.00,2016-04-29,0.002313723970116061,0.0023137240677775974
WM,0.029981986287728715,k=20|vol=1.00,2016-04-29,0.002313723970116061,0.0023137240677775974
NVDA,0.027765053904842477,k=20|vol=1.00,2016-04-29,0.002313723970116061,0.0023137240677775974
AMD,0.027644742758556936,k=20|vol=1.00,2016-04-29,0.002313723970116061,0.0023137240677775974
NEE,0.004400265770102871,k=20|vol=1.00,2016-04-29,0.002313723970116061,0.0023137240677775974
NVDA,0.14308461642434558,k=20|vol=1.00,2016-05-31,0.002435013876912473,0.002435018960970374
WM,0.13676045295361747,k=20|vol=1.00,2016-05-31,0.002435013876912473,0.002435018960970374
NEM,0.11702396068571218,k=20|vol=1.00,2016-05-31,0.002435013876912473,0.002435018960970374
EQIX,0.08392197866577858,k=20|vol=1.00,2016-05-31,0.002435013876912473,0.002435018960970374
NEE,0.08218020824327034,k=20|vol=1.00,2016-05-31,0.002435013876912473,0.002435018960970374
SO,0.07472410276849197,k=20|vol=1.00,2016-05-31,0.002435013876912473,0.002435018960970374
AMZN,0.07010194693631394,k=20|vol=1.00,2016-05-31,0.002435013876912473,0.002435018960970374
LMT,0.06900060247579959,k=20|vol=1.00,2016-05-31,0.002435013876912473,0.002435018960970374
BSX,0.05537275505338141,k=20|vol=1.00,2016-05-31,0.002435013876912473,0.002435018960970374
T,0.03443348305634687,k=20|vol=1.00,2016-05-31,0.002435013876912473,0.002435018960970374
AMD,0.033992267117602226,k=20|vol=1.00,2016-05-31,0.002435013876912473,0.002435018960970374
JCI,0.02719107083519651,k=20|vol=1.00,2016-05-31,0.002435013876912473,0.002435018960970374
AMAT,0.025808253628692643,k=20|vol=1.00,2016-05-31,0.002435013876912473,0.002435018960970374
ICE,0.01912144946685915,k=20|vol=1.00,2016-05-31,0.002435013876912473,0.002435018960970374
PFE,0.014348502999689887,k=20|vol=1.00,2016-05-31,0.002435013876912473,0.002435018960970374
NOC,0.012934348688901743,k=20|vol=1.00,2016-05-31,0.002435013876912473,0.002435018960970374
WM,0.27389080513644354,k=20|vol=1.00,2016-06-30,0.0029956156563753496,0.002995961011823682
NEM,0.1816831715960815,k=20|vol=1.00,2016-06-30,0.0029956156563753496,0.002995961011823682
EQIX,0.17980924319788974,k=20|vol=1.00,2016-06-30,0.0029956156563753496,0.002995961011823682
T,0.17444082369371602,k=20|vol=1.00,2016-06-30,0.0029956156563753496,0.002995961011823682
NVDA,0.10673164924082068,k=20|vol=1.00,2016-06-30,0.0029956156563753496,0.002995961011823682
AMD,0.05751013493960595,k=20|vol=1.00,2016-06-30,0.0029956156563753496,0.002995961011823682
NEE,0.025934172195442615,k=20|vol=1.00,2016-06-30,0.0029956156563753496,0.002995961011823682
WM,0.20450815684517637,k=20|vol=1.00,2016-07-29,0.0033951102066570823,0.0033951102066570827
T,0.1932897227852248,k=20|vol=1.00,2016-07-29,0.0033951102066570823,0.0033951102066570827
NVDA,0.17056062664490187,k=20|vol=1.00,2016-07-29,0.0033951102066570823,0.0033951102066570827
NEM,0.1653616234909709,k=20|vol=1.00,2016-07-29,0.0033951102066570823,0.0033951102066570827
AMD,0.06098289128584344,k=20|vol=1.00,2016-07-29,0.0033951102066570823,0.0033951102066570827
ISRG,0.05985845378203637,k=20|vol=1.00,2016-07-29,0.0033951102066570823,0.0033951102066570827
JNJ,0.05018257212802772,k=20|vol=1.00,2016-07-29,0.0033951102066570823,0.0033951102066570827
AMZN,0.044665056145697886,k=20|vol=1.00,2016-07-29,0.0033951102066570823,0.0033951102066570827
DHR,0.038184689384477076,k=20|vol=1.00,2016-07-29,0.0033951102066570823,0.0033951102066570827
COST,0.0066687650493354395,k=20|vol=1.00,2016-07-29,0.0033951102066570823,0.0033951102066570827
SO,0.0057374424583081585,k=20|vol=1.00,2016-07-29,0.0033951102066570823,0.0033951102066570827
NVDA,0.19523598837629647,k=20|vol=1.00,2016-08-31,0.0026908737382451736,0.0026908736343191283
CME,0.1482824625693969,k=20|vol=1.00,2016-08-31,0.0026908737382451736,0.0026908736343191283
SO,0.13096774499841288,k=20|vol=1.00,2016-08-31,0.0026908737382451736,0.0026908736343191283
NEM,0.1117976647848385,k=20|vol=1.00,2016-08-31,0.0026908737382451736,0.0026908736343191283
SNPS,0.08781649883797114,k=20|vol=1.00,2016-08-31,0.0026908737382451736,0.0026908736343191283
AMZN,0.08081447475420657,k=20|vol=1.00,2016-08-31,0.0026908737382451736,0.0026908736343191283
AMAT,0.0715501312648673,k=20|vol=1.00,2016-08-31,0.0026908737382451736,0.0026908736343191283
MO,0.059058103813418576,k=20|vol=1.00,2016-08-31,0.0026908737382451736,0.0026908736343191283
AMD,0.05626642591522353,k=20|vol=1.00,2016-08-31,0.0026908737382451736,0.0026908736343191283
DHR,0.036965254255241164,k=20|vol=1.00,2016-08-31,0.0026908737382451736,0.0026908736343191283
ICE,0.021245250430127052,k=20|vol=1.00,2016-08-31,0.0026908737382451736,0.0026908736343191283
NVDA,0.20598947493091038,k=20|vol=1.00,2016-09-30,0.0023982289121185036,0.002398228912118503
SO,0.1570146457560504,k=20|vol=1.00,2016-09-30,0.0023982289121185036,0.002398228912118503
AMZN,0.1564871347955895,k=20|vol=1.00,2016-09-30,0.0023982289121185036,0.002398228912118503
ISRG,0.07349152392525933,k=20|vol=1.00,2016-09-30,0.0023982289121185036,0.002398228912118503
CME,0.07230964577354715,k=20|vol=1.00,2016-09-30,0.0023982289121185036,0.002398228912118503
NEM,0.05755578035030361,k=20|vol=1.00,2016-09-30,0.0023982289121185036,0.002398228912118503
PG,0.056922225285032546,k=20|vol=1.00,2016-09-30,0.0023982289121185036,0.002398228912118503
WM,0.048832098962135514,k=20|vol=1.00,2016-09-30,0.0023982289121185036,0.002398228912118503
STX,0.042210483097586265,k=20|vol=1.00,2016-09-30,0.0023982289121185036,0.002398228912118503
QCOM,0.03677436203707994,k=20|vol=1.00,2016-09-30,0.0023982289121185036,0.002398228912118503
AMD,0.03182820007595254,k=20|vol=1.00,2016-09-30,0.0023982289121185036,0.002398228912118503
DHR,0.031408730844670184,k=20|vol=1.00,2016-09-30,0.0023982289121185036,0.002398228912118503
COHR,0.028807788351002058,k=20|vol=1.00,2016-09-30,0.0023982289121185036,0.002398228912118503
MSI,0.0003679058148803804,k=20|vol=1.00,2016-09-30,0.0023982289121185036,0.002398228912118503
NOC,0.23480224187249896,k=20|vol=1.00,2016-10-31,0.0022926428615153613,0.0022926428615153618
NVDA,0.20664795666265537,k=20|vol=1.00,2016-10-31,0.0022926428615153613,0.0022926428615153618
COHR,0.15217440670034857,k=20|vol=1.00,2016-10-31,0.0022926428615153613,0.0022926428615153618
WM,0.12958942940443585,k=20|vol=1.00,2016-10-31,0.0022926428615153613,0.0022926428615153618
NEE,0.06906689573370248,k=20|vol=1.00,2016-10-31,0.0022926428615153613,0.0022926428615153618
QCOM,0.04768295175262242,k=20|vol=1.00,2016-10-31,0.0022926428615153613,0.0022926428615153618
DHR,0.03598516921955788,k=20|vol=1.00,2016-10-31,0.0022926428615153613,0.0022926428615153618
LMT,0.029870304860451228,k=20|vol=1.00,2016-10-31,0.0022926428615153613,0.0022926428615153618
NFLX,0.028262281295923716,k=20|vol=1.00,2016-10-31,0.0022926428615153613,0.0022926428615153618
AMD,0.027325579975893605,k=20|vol=1.00,2016-10-31,0.0022926428615153613,0.0022926428615153618
MO,0.01132927873882247,k=20|vol=1.00,2016-10-31,0.0022926428615153613,0.0022926428615153618
NEM,0.009979734662049827,k=20|vol=1.00,2016-10-31,0.0022926428615153613,0.0022926428615153618
MA,0.009652589363040464,k=20|vol=1.00,2016-10-31,0.0022926428615153613,0.0022926428615153618
DE,0.005814215034163757,k=20|vol=1.00,2016-10-31,0.0022926428615153613,0.0022926428615153618
PWR,0.0018169647238334484,k=20|vol=1.00,2016-10-31,0.0022926428615153613,0.0022926428615153618
NOC,0.17702890827533266,k=20|vol=1.00,2016-11-30,0.0027502305268735944,0.002750230526873595
COHR,0.12019448925240465,k=20|vol=1.00,2016-11-30,0.0027502305268735944,0.002750230526873595
BAC,0.10676109015355292,k=20|vol=1.00,2016-11-30,0.0027502305268735944,0.002750230526873595
NVDA,0.09827280184591453,k=20|vol=1.00,2016-11-30,0.0027502305268735944,0.002750230526873595
UNH,0.09473438306719396,k=20|vol=1.00,2016-11-30,0.0027502305268735944,0.002750230526873595
WM,0.09306571999784342,k=20|vol=1.00,2016-11-30,0.0027502305268735944,0.002750230526873595
DE,0.07863542764344025,k=20|vol=1.00,2016-11-30,0.0027502305268735944,0.002750230526873595
NEM,0.042105254348254836,k=20|vol=1.00,2016-11-30,0.0027502305268735944,0.002750230526873595
AMD,0.038616265521772955,k=20|vol=1.00,2016-11-30,0.0027502305268735944,0.002750230526873595
CME,0.038249440059327566,k=20|vol=1.00,2016-11-30,0.0027502305268735944,0.002750230526873595
PWR,0.034911693466978755,k=20|vol=1.00,2016-11-30,0.0027502305268735944,0.002750230526873595
DHR,0.02742081619483151,k=20|vol=1.00,2016-11-30,0.0027502305268735944,0.002750230526873595
GD,0.0224472169198245,k=20|vol=1.00,2016-11-30,0.0027502305268735944,0.002750230526873595
EOG,0.015754438938848397,k=20|vol=1.00,2016-11-30,0.0027502305268735944,0.002750230526873595
PNC,0.011802054314478881,k=20|vol=1.00,2016-11-30,0.0027502305268735944,0.002750230526873595
GS,0.15316465533952367,k=20|vol=1.00,2016-12-30,0.0027764365505067333,0.002776436550506734
NVDA,0.11783745217744727,k=20|vol=1.00,2016-12-30,0.0027764365505067333,0.002776436550506734
PNC,0.11310363563282504,k=20|vol=1.00,2016-12-30,0.0027764365505067333,0.002776436550506734
MO,0.10091729603408335,k=20|vol=1.00,2016-12-30,0.0027764365505067333,0.002776436550506734
WM,0.08454439841118809,k=20|vol=1.00,2016-12-30,0.0027764365505067333,0.002776436550506734
JPM,0.08118531371893596,k=20|vol=1.00,2016-12-30,0.0027764365505067333,0.002776436550506734
CME,0.07102081420288194,k=20|vol=1.00,2016-12-30,0.0027764365505067333,0.002776436550506734
NEM,0.06614690939599138,k=20|vol=1.00,2016-12-30,0.0027764365505067333,0.002776436550506734
DE,0.06597348661134837,k=20|vol=1.00,2016-12-30,0.0027764365505067333,0.002776436550506734
AMD,0.054066741826118404,k=20|vol=1.00,2016-12-30,0.0027764365505067333,0.002776436550506734
UNH,0.044999414561961784,k=20|vol=1.00,2016-12-30,0.0027764365505067333,0.002776436550506734
DHR,0.019968082344059942,k=20|vol=1.00,2016-12-30,0.0027764365505067333,0.002776436550506734
COHR,0.013865651584078332,k=20|vol=1.00,2016-12-30,0.0027764365505067333,0.002776436550506734
CVX,0.009727026603293812,k=20|vol=1.00,2016-12-30,0.0027764365505067333,0.002776436550506734
T,0.0034791215562626587,k=20|vol=1.00,2016-12-30,0.0027764365505067333,0.002776436550506734
CME,0.1781833544642729,k=20|vol=1.00,2017-01-31,0.002836042652700061,0.00283604350250351
MO,0.14013716185453648,k=20|vol=1.00,2017-01-31,0.002836042652700061,0.00283604350250351
NVDA,0.11766711439200166,k=20|vol=1.00,2017-01-31,0.002836042652700061,0.00283604350250351
PNC,0.10590363796525205,k=20|vol=1.00,2017-01-31,0.002836042652700061,0.00283604350250351
CSX,0.10001752385961951,k=20|vol=1.00,2017-01-31,0.002836042652700061,0.00283604350250351
COHR,0.08642930144945914,k=20|vol=1.00,2017-01-31,0.002836042652700061,0.00283604350250351
DE,0.08233684147042748,k=20|vol=1.00,2017-01-31,0.002836042652700061,0.00283604350250351
NEM,0.06135585291913396,k=20|vol=1.00,2017-01-31,0.002836042652700061,0.00283604350250351
NFLX,0.03483757947429367,k=20|vol=1.00,2017-01-31,0.002836042652700061,0.00283604350250351
DHR,0.0274798299961011,k=20|vol=1.00,2017-01-31,0.002836042652700061,0.00283604350250351
WDC,0.022102547208345244,k=20|vol=1.00,2017-01-31,0.002836042652700061,0.00283604350250351
AMD,0.019531175041157738,k=20|vol=1.00,2017-01-31,0.002836042652700061,0.00283604350250351
STX,0.018114420899858232,k=20|vol=1.00,2017-01-31,0.002836042652700061,0.00283604350250351
BAC,0.004900340751279257,k=20|vol=1.00,2017-01-31,0.002836042652700061,0.00283604350250351
TMUS,0.0010033182542617163,k=20|vol=1.00,2017-01-31,0.002836042652700061,0.00283604350250351
MO,0.16372884850836375,k=20|vol=1.00,2017-02-28,0.002955169583248797,0.002955169583248797
BAC,0.15646584408658912,k=20|vol=1.00,2017-02-28,0.002955169583248797,0.002955169583248797
PM,0.139627326090927,k=20|vol=1.00,2017-02-28,0.002955169583248797,0.002955169583248797
CSX,0.12083193370142867,k=20|vol=1.00,2017-02-28,0.002955169583248797,0.002955169583248797
AMD,0.08988502277370002,k=20|vol=1.00,2017-02-28,0.002955169583248797,0.002955169583248797
BA,0.08942897495704495,k=20|vol=1.00,2017-02-28,0.002955169583248797,0.002955169583248797
SNPS,0.045831067435977674,k=20|vol=1.00,2017-02-28,0.002955169583248797,0.002955169583248797
DHR,0.0429253603283863,k=20|vol=1.00,2017-02-28,0.002955169583248797,0.002955169583248797
STX,0.03531865476176914,k=20|vol=1.00,2017-02-28,0.002955169583248797,0.002955169583248797
COHR,0.031362836702973504,k=20|vol=1.00,2017-02-28,0.002955169583248797,0.002955169583248797
PGR,0.024552347254198408,k=20|vol=1.00,2017-02-28,0.002955169583248797,0.002955169583248797
AAPL,0.02367047693912124,k=20|vol=1.00,2017-02-28,0.002955169583248797,0.002955169583248797
PNC,0.013601356285986035,k=20|vol=1.00,2017-02-28,0.002955169583248797,0.002955169583248797
GD,0.010917556482413044,k=20|vol=1.00,2017-02-28,0.002955169583248797,0.002955169583248797
NVDA,0.009174461867870787,k=20|vol=1.00,2017-02-28,0.002955169583248797,0.002955169583248797
DE,0.0014597146776444618,k=20|vol=1.00,2017-02-28,0.002955169583248797,0.002955169583248797
NEE,0.0012182171456058414,k=20|vol=1.00,2017-02-28,0.002955169583248797,0.002955169583248797
PM,0.3075077079829421,k=20|vol=1.00,2017-03-31,0.0025919219979551747,0.0025919231873688326
MU,0.11872066402469411,k=20|vol=1.00,2017-03-31,0.0025919219979551747,0.0025919231873688326
MAR,0.11464980977511093,k=20|vol=1.00,2017-03-31,0.0025919219979551747,0.0025919231873688326
AAPL,0.10283039087930282,k=20|vol=1.00,2017-03-31,0.0025919219979551747,0.0025919231873688326
CSX,0.08080034902750714,k=20|vol=1.00,2017-03-31,0.0025919219979551747,0.0025919231873688326
AMD,0.06317549563241985,k=20|vol=1.00,2017-03-31,0.0025919219979551747,0.0025919231873688326
VRTX,0.05967372542514296,k=20|vol=1.00,2017-03-31,0.0025919219979551747,0.0025919231873688326
PH,0.043523627966621806,k=20|vol=1.00,2017-03-31,0.0025919219979551747,0.0025919231873688326
DHR,0.03041973808779917,k=20|vol=1.00,2017-03-31,0.0025919219979551747,0.0025919231873688326
NVDA,0.025095176008227537,k=20|vol=1.00,2017-03-31,0.0025919219979551747,0.0025919231873688326
KLAC,0.022017123493335785,k=20|vol=1.00,2017-03-31,0.0025919219979551747,0.0025919231873688326
PGR,0.02200022060070484,k=20|vol=1.00,2017-03-31,0.0025919219979551747,0.0025919231873688326
COHR,0.007903018832950439,k=20|vol=1.00,2017-03-31,0.0025919219979551747,0.0025919231873688326
SNPS,0.0016829522632405105,k=20|vol=1.00,2017-03-31,0.0025919219979551747,0.0025919231873688326
LRCX,0.2167165647282217,k=20|vol=1.00,2017-04-28,0.0025920141878640847,0.002592014135473931
ISRG,0.14464204037730144,k=20|vol=1.00,2017-04-28,0.0025920141878640847,0.002592014135473931
CSX,0.13802163993622282,k=20|vol=1.00,2017-04-28,0.0025920141878640847,0.002592014135473931
MCD,0.11068765493425861,k=20|vol=1.00,2017-04-28,0.0025920141878640847,0.002592014135473931
ELV,0.06858914092270435,k=20|vol=1.00,2017-04-28,0.0025920141878640847,0.002592014135473931
VRTX,0.06232914672600349,k=20|vol=1.00,2017-04-28,0.0025920141878640847,0.002592014135473931
RCL,0.05596991986206573,k=20|vol=1.00,2017-04-28,0.0025920141878640847,0.002592014135473931
CDNS,0.054968633175117236,k=20|vol=1.00,2017-04-28,0.0025920141878640847,0.002592014135473931
WDC,0.052531418125585136,k=20|vol=1.00,2017-04-28,0.0025920141878640847,0.002592014135473931
AMT,0.042229359640184344,k=20|vol=1.00,2017-04-28,0.0025920141878640847,0.002592014135473931
AMD,0.03786356122689334,k=20|vol=1.00,2017-04-28,0.0025920141878640847,0.002592014135473931
DHR,0.015450920345441628,k=20|vol=1.00,2017-04-28,0.0025920141878640847,0.002592014135473931
ISRG,0.23018779100561024,k=20|vol=1.00,2017-05-31,0.0030011382819903104,0.0030011805347379796
MAR,0.17733497863656847,k=20|vol=1.00,2017-05-31,0.0030011382819903104,0.0030011805347379796
NVDA,0.13627351175450197,k=20|vol=1.00,2017-05-31,0.0030011382819903104,0.0030011805347379796
CSX,0.11630441660122748,k=20|vol=1.00,2017-05-31,0.0030011382819903104,0.0030011805347379796
LRCX,0.10143588577130815,k=20|vol=1.00,2017-05-31,0.0030011382819903104,0.0030011805347379796
MCD,0.0960857549616881,k=20|vol=1.00,2017-05-31,0.0030011382819903104,0.0030011805347379796
PM,0.0867199746642003,k=20|vol=1.00,2017-05-31,0.0030011382819903104,0.0030011805347379796
VRTX,0.05513139527378446,k=20|vol=1.00,2017-05-31,0.0030011382819903104,0.0030011805347379796
DE,0.0005262913311107806,k=20|vol=1.00,2017-05-31,0.0030011382819903104,0.0030011805347379796
ISRG,0.2841044815913256,k=20|vol=1.00,2017-06-30,0.002464553653536808,0.002464553653536809
PGR,0.1734479280174729,k=20|vol=1.00,2017-06-30,0.002464553653536808,0.002464553653536809
CSX,0.1593296694493817,k=20|vol=1.00,2017-06-30,0.002464553653536808,0.002464553653536809
NVDA,0.1501475332507506,k=20|vol=1.00,2017-06-30,0.002464553653536808,0.002464553653536809
MCD,0.0896912976519894,k=20|vol=1.00,2017-06-30,0.002464553653536808,0.002464553653536809
VRTX,0.08295471495109753,k=20|vol=1.00,2017-06-30,0.002464553653536808,0.002464553653536809
ORCL,0.04390187206542859,k=20|vol=1.00,2017-06-30,0.002464553653536808,0.002464553653536809
BA,0.013424805263832898,k=20|vol=1.00,2017-06-30,0.002464553653536808,0.002464553653536809
AMT,0.0029976977587207105,k=20|vol=1.00,2017-06-30,0.002464553653536808,0.002464553653536809
BA,0.424884289672194,k=20|vol=1.00,2017-07-31,0.003130083558566591,0.003130083558566591
PGR,0.33143921262097814,k=20|vol=1.00,2017-07-31,0.003130083558566591,0.003130083558566591
NVDA,0.11906539358400338,k=20|vol=1.00,2017-07-31,0.003130083558566591,0.003130083558566591
VRTX,0.06462224911839523,k=20|vol=1.00,2017-07-31,0.003130083558566591,0.003130083558566591
NFLX,0.03244135016981871,k=20|vol=1.00,2017-07-31,0.003130083558566591,0.003130083558566591
MCD,0.027547504834610357,k=20|vol=1.00,2017-07-31,0.003130083558566591,0.003130083558566591
BA,0.33317416428032115,k=20|vol=1.00,2017-08-31,0.0025446719309392012,0.0025446719309392012
AMT,0.21674571293660236,k=20|vol=1.00,2017-08-31,0.0025446719309392012,0.0025446719309392012
MCD,0.09921871776848888,k=20|vol=1.00,2017-08-31,0.0025446719309392012,0.0025446719309392012
NVDA,0.0944384913256779,k=20|vol=1.00,2017-08-31,0.0025446719309392012,0.0025446719309392012
VRTX,0.08374094412378628,k=20|vol=1.00,2017-08-31,0.0025446719309392012,0.0025446719309392012
RCL,0.04227423886499169,k=20|vol=1.00,2017-08-31,0.0025446719309392012,0.0025446719309392012
PGR,0.041872759163513816,k=20|vol=1.00,2017-08-31,0.0025446719309392012,0.0025446719309392012
CDNS,0.03878340786118158,k=20|vol=1.00,2017-08-31,0.0025446719309392012,0.0025446719309392012
ISRG,0.02804482425140598,k=20|vol=1.00,2017-08-31,0.0025446719309392012,0.0025446719309392012
CAT,0.013627738347971263,k=20|vol=1.00,2017-08-31,0.0025446719309392012,0.0025446719309392012
GILD,0.008079001076059005,k=20|vol=1.00,2017-08-31,0.0025446719309392012,0.0025446719309392012
BA,0.323615223620209,k=20|vol=1.00,2017-09-29,0.002416838712501806,0.002416838463713955
ISRG,0.11557059589543413,k=20|vol=1.00,2017-09-29,0.002416838712501806,0.002416838463713955
PGR,0.10809706707134063,k=20|vol=1.00,2017-09-29,0.002416838712501806,0.002416838463713955
MU,0.098477941030796,k=20|vol=1.00,2017-09-29,0.002416838712501806,0.002416838463713955
AON,0.09122128704625954,k=20|vol=1.00,2017-09-29,0.002416838712501806,0.002416838463713955
CAT,0.08103915927584623,k=20|vol=1.00,2017-09-29,0.002416838712501806,0.002416838463713955
VLO,0.06077785361930498,k=20|vol=1.00,2017-09-29,0.002416838712501806,0.002416838463713955
NVDA,0.04210984359997164,k=20|vol=1.00,2017-09-29,0.002416838712501806,0.002416838463713955
HD,0.023895049384834034,k=20|vol=1.00,2017-09-29,0.002416838712501806,0.002416838463713955
ABT,0.022306683605334277,k=20|vol=1.00,2017-09-29,0.002416838712501806,0.002416838463713955
NEM,0.01684631742322334,k=20|vol=1.00,2017-09-29,0.002416838712501806,0.002416838463713955
VRTX,0.010066491154167839,k=20|vol=1.00,2017-09-29,0.002416838712501806,0.002416838463713955
CME,0.005976487273278265,k=20|vol=1.00,2017-09-29,0.002416838712501806,0.002416838463713955
CAT,0.1791721045941996,k=20|vol=1.00,2017-10-31,0.002626798440164765,0.002626798440164765
BA,0.15567133891596258,k=20|vol=1.00,2017-10-31,0.002626798440164765,0.002626798440164765
ISRG,0.14054312399775268,k=20|vol=1.00,2017-10-31,0.002626798440164765,0.002626798440164765
INTC,0.1163874191114278,k=20|vol=1.00,2017-10-31,0.002626798440164765,0.002626798440164765
MU,0.08559922680020665,k=20|vol=1.00,2017-10-31,0.002626798440164765,0.002626798440164765
CDNS,0.0794695289751993,k=20|vol=1.00,2017-10-31,0.002626798440164765,0.002626798440164765
WMT,0.06282315458768536,k=20|vol=1.00,2017-10-31,0.002626798440164765,0.002626798440164765
NVDA,0.05266715562695419,k=20|vol=1.00,2017-10-31,0.002626798440164765,0.002626798440164765
ELV,0.0479439295568289,k=20|vol=1.00,2017-10-31,0.002626798440164765,0.002626798440164765
LRCX,0.02461737837802226,k=20|vol=1.00,2017-10-31,0.002626798440164765,0.002626798440164765
SHW,0.02348179117518722,k=20|vol=1.00,2017-10-31,0.002626798440164765,0.002626798440164765
MAR,0.016684429159614437,k=20|vol=1.00,2017-10-31,0.002626798440164765,0.002626798440164765
UNH,0.014939419120958947,k=20|vol=1.00,2017-10-31,0.002626798440164765,0.002626798440164765
BA,0.2623422965751983,k=20|vol=1.00,2017-11-30,0.0026449736817844667,0.0026449736817844667
ELV,0.2537270642475912,k=20|vol=1.00,2017-11-30,0.0026449736817844667,0.0026449736817844667
ISRG,0.1318738623218715,k=20|vol=1.00,2017-11-30,0.0026449736817844667,0.0026449736817844667
ROST,0.09139421174160528,k=20|vol=1.00,2017-11-30,0.0026449736817844667,0.0026449736817844667
DE,0.0885779884459587,k=20|vol=1.00,2017-11-30,0.0026449736817844667,0.0026449736817844667
NVDA,0.07893087367846464,k=20|vol=1.00,2017-11-30,0.0026449736817844667,0.0026449736817844667
MU,0.06639156938801086,k=20|vol=1.00,2017-11-30,0.0026449736817844667,0.0026449736817844667
CAT,0.014262347369288381,k=20|vol=1.00,2017-11-30,0.0026449736817844667,0.0026449736817844667
WMT,0.012499786232011093,k=20|vol=1.00,2017-11-30,0.0026449736817844667,0.0026449736817844667
BA,0.2413607705246079,k=20|vol=1.00,2017-12-29,0.0026696117271765366,0.0026696104684346563
CAT,0.23014328257780375,k=20|vol=1.00,2017-12-29,0.0026696117271765366,0.0026696104684346563
VLO,0.16169817480495452,k=20|vol=1.00,2017-12-29,0.0026696117271765366,0.0026696104684346563
MAR,0.142371348190752,k=20|vol=1.00,2017-12-29,0.0026696117271765366,0.0026696104684346563
PGR,0.10334347215518018,k=20|vol=1.00,2017-12-29,0.0026696117271765366,0.0026696104684346563
ROST,0.04657751839551545,k=20|vol=1.00,2017-12-29,0.0026696117271765366,0.0026696104684346563
DE,0.045546688208256046,k=20|vol=1.00,2017-12-29,0.0026696117271765366,0.0026696104684346563
FCX,0.025417554178924304,k=20|vol=1.00,2017-12-29,0.0026696117271765366,0.0026696104684346563
WMT,0.0035411909640058,k=20|vol=1.00,2017-12-29,0.0026696117271765366,0.0026696104684346563
BA,0.20196389292689484,k=20|vol=1.00,2018-01-31,0.0030217909984873895,0.0030214790489596502
AMZN,0.1395883421225963,k=20|vol=1.00,2018-01-31,0.0030217909984873895,0.0030214790489596502
WMT,0.09373454687366226,k=20|vol=1.00,2018-01-31,0.0030217909984873895,0.0030214790489596502
MAR,0.07392025912460291,k=20|vol=1.00,2018-01-31,0.0030217909984873895,0.0030214790489596502
NFLX,0.059837919142232215,k=20|vol=1.00,2018-01-31,0.0030217909984873895,0.0030214790489596502
CAT,0.05851034320668344,k=20|vol=1.00,2018-01-31,0.0030217909984873895,0.0030214790489596502
HD,0.050914466156245584,k=20|vol=1.00,2018-01-31,0.0030217909984873895,0.0030214790489596502
NOC,0.04660955325003291,k=20|vol=1.00,2018-01-31,0.0030217909984873895,0.0030214790489596502
ROST,0.04422876597454517,k=20|vol=1.00,2018-01-31,0.0030217909984873895,0.0030214790489596502
PNC,0.03586620357300435,k=20|vol=1.00,2018-01-31,0.0030217909984873895,0.0030214790489596502
DE,0.03483169512450956,k=20|vol=1.00,2018-01-31,0.0030217909984873895,0.0030214790489596502
ISRG,0.033347168870860096,k=20|vol=1.00,2018-01-31,0.0030217909984873895,0.0030214790489596502
LOW,0.03271263879880206,k=20|vol=1.00,2018-01-31,0.0030217909984873895,0.0030214790489596502
STX,0.020205574936663303,k=20|vol=1.00,2018-01-31,0.0030217909984873895,0.0030214790489596502
CME,0.017484781007788823,k=20|vol=1.00,2018-01-31,0.0030217909984873895,0.0030214790489596502
VLO,0.01717536204997568,k=20|vol=1.00,2018-01-31,0.0030217909984873895,0.0030214790489596502
PGR,0.015015132182654751,k=20|vol=1.00,2018-01-31,0.0030217909984873895,0.0030214790489596502
ABT,0.008395115939115141,k=20|vol=1.00,2018-01-31,0.0030217909984873895,0.0030214790489596502
EOG,0.008160353709150438,k=20|vol=1.00,2018-01-31,0.0030217909984873895,0.0030214790489596502
NVDA,0.007497885029980131,k=20|vol=1.00,2018-01-31,0.0030217909984873895,0.0030214790489596502
CME,0.1383290672791203,k=20|vol=1.00,2018-02-28,0.001401328943228094,0.0014013301186027597
AMZN,0.121142042194061,k=20|vol=1.00,2018-02-28,0.001401328943228094,0.0014013301186027597
NEE,0.10517112508755506,k=20|vol=1.00,2018-02-28,0.001401328943228094,0.0014013301186027597
TJX,0.09117821594694243,k=20|vol=1.00,2018-02-28,0.001401328943228094,0.0014013301186027597
SO,0.07147040255940582,k=20|vol=1.00,2018-02-28,0.001401328943228094,0.0014013301186027597
PGR,0.06541382476282305,k=20|vol=1.00,2018-02-28,0.001401328943228094,0.0014013301186027597
ELV,0.05603461126875241,k=20|vol=1.00,2018-02-28,0.001401328943228094,0.0014013301186027597
BKNG,0.055629594737730034,k=20|vol=1.00,2018-02-28,0.001401328943228094,0.0014013301186027597
MSI,0.05440875995565799,k=20|vol=1.00,2018-02-28,0.001401328943228094,0.0014013301186027597
AEP,0.046363780997212375,k=20|vol=1.00,2018-02-28,0.001401328943228094,0.0014013301186027597
SBUX,0.03480915932247941,k=20|vol=1.00,2018-02-28,0.001401328943228094,0.0014013301186027597
WBD,0.03426069867088641,k=20|vol=1.00,2018-02-28,0.001401328943228094,0.0014013301186027597
BA,0.028104804281371198,k=20|vol=1.00,2018-02-28,0.001401328943228094,0.0014013301186027597
LMT,0.019735048061561844,k=20|vol=1.00,2018-02-28,0.001401328943228094,0.0014013301186027597
BMY,0.016018963095995042,k=20|vol=1.00,2018-02-28,0.001401328943228094,0.0014013301186027597
AON,0.015831911664116505,k=20|vol=1.00,2018-02-28,0.001401328943228094,0.0014013301186027597
DUK,0.015558127172738618,k=20|vol=1.00,2018-02-28,0.001401328943228094,0.0014013301186027597
FTNT,0.014201675530803383,k=20|vol=1.00,2018-02-28,0.001401328943228094,0.0014013301186027597
COP,0.008935124212391824,k=20|vol=1.00,2018-02-28,0.001401328943228094,0.0014013301186027597
MAR,0.0074030631983953606,k=20|vol=1.00,2018-02-28,0.001401328943228094,0.0014013301186027597
NEE,0.2740447365087599,k=20|vol=1.00,2018-03-29,0.0013693097102736723,0.0013693097102736723
PGR,0.11718404230622677,k=20|vol=1.00,2018-03-29,0.0013693097102736723,0.0013693097102736723
COP,0.09620522883984367,k=20|vol=1.00,2018-03-29,0.0013693097102736723,0.0013693097102736723
NOC,0.08910589452945118,k=20|vol=1.00,2018-03-29,0.0013693097102736723,0.0013693097102736723
MSI,0.07335865005668295,k=20|vol=1.00,2018-03-29,0.0013693097102736723,0.0013693097102736723
TJX,0.06910822811251098,k=20|vol=1.00,2018-03-29,0.0013693097102736723,0.0013693097102736723
FTNT,0.06657920242971227,k=20|vol=1.00,2018-03-29,0.0013693097102736723,0.0013693097102736723
BKNG,0.05798496893011151,k=20|vol=1.00,2018-03-29,0.0013693097102736723,0.0013693097102736723
CIEN,0.05112160958580373,k=20|vol=1.00,2018-03-29,0.0013693097102736723,0.0013693097102736723
AEP,0.05016228365213598,k=20|vol=1.00,2018-03-29,0.0013693097102736723,0.0013693097102736723
LMT,0.018950259771602793,k=20|vol=1.00,2018-03-29,0.0013693097102736723,0.0013693097102736723
CME,0.015574512866955258,k=20|vol=1.00,2018-03-29,0.0013693097102736723,0.0013693097102736723
SO,0.011374281240657355,k=20|vol=1.00,2018-03-29,0.0013693097102736723,0.0013693097102736723
STX,0.006371370775611194,k=20|vol=1.00,2018-03-29,0.0013693097102736723,0.0013693097102736723
CL,0.0017959470948165205,k=20|vol=1.00,2018-03-29,0.0013693097102736723,0.0013693097102736723
AMZN,0.0010787832991179399,k=20|vol=1.00,2018-03-29,0.0013693097102736723,0.0013693097102736723
NEE,0.17629859695944944,k=20|vol=1.00,2018-04-30,0.0014142187297697742,0.0014142186843886032
VLO,0.14543441404094848,k=20|vol=1.00,2018-04-30,0.0014142187297697742,0.0014142186843886032
MSI,0.12429692991726597,k=20|vol=1.00,2018-04-30,0.0014142187297697742,0.0014142186843886032
AEP,0.10693770229549104,k=20|vol=1.00,2018-04-30,0.0014142187297697742,0.0014142186843886032
COP,0.08017390220607078,k=20|vol=1.00,2018-04-30,0.0014142187297697742,0.0014142186843886032
FTNT,0.06897511106448662,k=20|vol=1.00,2018-04-30,0.0014142187297697742,0.0014142186843886032
TJX,0.06481711233821001,k=20|vol=1.00,2018-04-30,0.0014142187297697742,0.0014142186843886032
DUK,0.04785400615613564,k=20|vol=1.00,2018-04-30,0.0014142187297697742,0.0014142186843886032
PGR,0.04319328588751918,k=20|vol=1.00,2018-04-30,0.0014142187297697742,0.0014142186843886032
BKNG,0.0400938951957138,k=20|vol=1.00,2018-04-30,0.0014142187297697742,0.0014142186843886032
SO,0.03425856809685803,k=20|vol=1.00,2018-04-30,0.0014142187297697742,0.0014142186843886032
ELV,0.03174268193294652,k=20|vol=1.00,2018-04-30,0.0014142187297697742,0.0014142186843886032
CIEN,0.029751033002196413,k=20|vol=1.00,2018-04-30,0.0014142187297697742,0.0014142186843886032
MCD,0.006172760906708107,k=20|vol=1.00,2018-04-30,0.0014142187297697742,0.0014142186843886032
VLO,0.2196470040047533,k=20|vol=1.00,2018-05-31,0.0016609126472406682,0.0016609415990764243
NEE,0.19953879428745122,k=20|vol=1.00,2018-05-31,0.0016609126472406682,0.0016609415990764243
TJX,0.1544055936314107,k=20|vol=1.00,2018-05-31,0.0016609126472406682,0.0016609415990764243
FTNT,0.12433258052519573,k=20|vol=1.00,2018-05-31,0.0016609126472406682,0.0016609415990764243
AEP,0.08742598284624864,k=20|vol=1.00,2018-05-31,0.0016609126472406682,0.0016609415990764243
MSI,0.04556024781242043,k=20|vol=1.00,2018-05-31,0.0016609126472406682,0.0016609415990764243
PGR,0.04314527201408452,k=20|vol=1.00,2018-05-31,0.0016609126472406682,0.0016609415990764243
SO,0.04164006724900669,k=20|vol=1.00,2018-05-31,0.0016609126472406682,0.0016609415990764243
TDG,0.02308429654924959,k=20|vol=1.00,2018-05-31,0.0016609126472406682,0.0016609415990764243
DUK,0.018603541804451684,k=20|vol=1.00,2018-05-31,0.0016609126472406682,0.0016609415990764243
CIEN,0.016194195349513954,k=20|vol=1.00,2018-05-31,0.0016609126472406682,0.0016609415990764243
UNP,0.01303196898162731,k=20|vol=1.00,2018-05-31,0.0016609126472406682,0.0016609415990764243
COP,0.006591794886615443,k=20|vol=1.00,2018-05-31,0.0016609126472406682,0.0016609415990764243
WELL,0.0033646924631340752,k=20|vol=1.00,2018-05-31,0.0016609126472406682,0.0016609415990764243
BKNG,0.002743106880333549,k=20|vol=1.00,2018-05-31,0.0016609126472406682,0.0016609415990764243
AMZN,0.0005029805616052905,k=20|vol=1.00,2018-05-31,0.0016609126472406682,0.0016609415990764243
CSX,0.00018788015289774082,k=20|vol=1.00,2018-05-31,0.0016609126472406682,0.0016609415990764243
NEE,0.21293779622790712,k=20|vol=1.00,2018-06-29,0.0016594985239463164,0.0016594985239463164
TJX,0.17153122235814064,k=20|vol=1.00,2018-06-29,0.0016594985239463164,0.0016594985239463164
MSI,0.10171684344211021,k=20|vol=1.00,2018-06-29,0.0016594985239463164,0.0016594985239463164
COP,0.09953337775558857,k=20|vol=1.00,2018-06-29,0.0016594985239463164,0.0016594985239463164
FTNT,0.09191824189154352,k=20|vol=1.00,2018-06-29,0.0016594985239463164,0.0016594985239463164
TDG,0.06379324086392218,k=20|vol=1.00,2018-06-29,0.0016594985239463164,0.0016594985239463164
NFLX,0.05688617544640581,k=20|vol=1.00,2018-06-29,0.0016594985239463164,0.0016594985239463164
WBD,0.05655426401980633,k=20|vol=1.00,2018-06-29,0.0016594985239463164,0.0016594985239463164
CIEN,0.05021938144386493,k=20|vol=1.00,2018-06-29,0.0016594985239463164,0.0016594985239463164
WELL,0.032602885953496,k=20|vol=1.00,2018-06-29,0.0016594985239463164,0.0016594985239463164
AEP,0.03081288616329805,k=20|vol=1.00,2018-06-29,0.0016594985239463164,0.0016594985239463164
SO,0.01857336522231215,k=20|vol=1.00,2018-06-29,0.0016594985239463164,0.0016594985239463164
VLO,0.012920319211604425,k=20|vol=1.00,2018-06-29,0.0016594985239463164,0.0016594985239463164
TJX,0.1808718888545785,k=20|vol=1.00,2018-07-31,0.001811907597832602,0.001811907597832602
TDG,0.16045345183048396,k=20|vol=1.00,2018-07-31,0.001811907597832602,0.001811907597832602
LLY,0.1365440528529437,k=20|vol=1.00,2018-07-31,0.001811907597832602,0.001811907597832602
SO,0.11423271243077439,k=20|vol=1.00,2018-07-31,0.001811907597832602,0.001811907597832602
MSI,0.11408022733862358,k=20|vol=1.00,2018-07-31,0.001811907597832602,0.001811907597832602
AMD,0.06531198999727643,k=20|vol=1.00,2018-07-31,0.001811907597832602,0.001811907597832602
COP,0.06051151466724163,k=20|vol=1.00,2018-07-31,0.001811907597832602,0.001811907597832602
NEE,0.05597730032345907,k=20|vol=1.00,2018-07-31,0.001811907597832602,0.001811907597832602
CSX,0.039053276976630316,k=20|vol=1.00,2018-07-31,0.001811907597832602,0.001811907597832602
AMZN,0.03567621823239056,k=20|vol=1.00,2018-07-31,0.001811907597832602,0.001811907597832602
AEP,0.02078938633180875,k=20|vol=1.00,2018-07-31,0.001811907597832602,0.001811907597832602
WBD,0.016497980163789026,k=20|vol=1.00,2018-07-31,0.001811907597832602,0.001811907597832602
TJX,0.20723038411098524,k=20|vol=1.00,2018-08-31,0.002488406581647109,0.0024884065816471084
LLY,0.18942538428572786,k=20|vol=1.00,2018-08-31,0.002488406581647109,0.0024884065816471084
AMD,0.08102954546760399,k=20|vol=1.00,2018-08-31,0.002488406581647109,0.0024884065816471084
NEE,0.07559133890832427,k=20|vol=1.00,2018-08-31,0.002488406581647109,0.0024884065816471084
CIEN,0.07102262566253878,k=20|vol=1.00,2018-08-31,0.002488406581647109,0.0024884065816471084
FTNT,0.06285394964893397,k=20|vol=1.00,2018-08-31,0.002488406581647109,0.0024884065816471084
AEP,0.06235264164316096,k=20|vol=1.00,2018-08-31,0.002488406581647109,0.0024884065816471084
AMZN,0.0586762125582147,k=20|vol=1.00,2018-08-31,0.002488406581647109,0.0024884065816471084
DUK,0.05002369043889919,k=20|vol=1.00,2018-08-31,0.002488406581647109,0.0024884065816471084
WELL,0.039215276731895385,k=20|vol=1.00,2018-08-31,0.002488406581647109,0.0024884065816471084
MSI,0.03492212462821469,k=20|vol=1.00,2018-08-31,0.002488406581647109,0.0024884065816471084
AAPL,0.02331504677625547,k=20|vol=1.00,2018-08-31,0.002488406581647109,0.0024884065816471084
MRK,0.014060904647212236,k=20|vol=1.00,2018-08-31,0.002488406581647109,0.0024884065816471084
CSX,0.012993720699359482,k=20|vol=1.00,2018-08-31,0.002488406581647109,0.0024884065816471084
COP,0.00904522861925197,k=20|vol=1.00,2018-08-31,0.002488406581647109,0.0024884065816471084
PGR,0.008241925173421698,k=20|vol=1.00,2018-08-31,0.002488406581647109,0.0024884065816471084
TJX,0.17013626366724433,k=20|vol=1.00,2018-09-28,0.0024939815929536364,0.002493981592953636
LLY,0.14581286161145388,k=20|vol=1.00,2018-09-28,0.0024939815929536364,0.002493981592953636
PFE,0.1287649513837154,k=20|vol=1.00,2018-09-28,0.0024939815929536364,0.002493981592953636
FTNT,0.10047820699839073,k=20|vol=1.00,2018-09-28,0.0024939815929536364,0.002493981592953636
PGR,0.09373457748278083,k=20|vol=1.00,2018-09-28,0.0024939815929536364,0.002493981592953636
AMD,0.0712475533466911,k=20|vol=1.00,2018-09-28,0.0024939815929536364,0.002493981592953636
MRK,0.06420136548368507,k=20|vol=1.00,2018-09-28,0.0024939815929536364,0.002493981592953636
COP,0.04062693213890195,k=20|vol=1.00,2018-09-28,0.0024939815929536364,0.002493981592953636
MSI,0.03997846998586587,k=20|vol=1.00,2018-09-28,0.0024939815929536364,0.002493981592953636
DUK,0.03788548117829053,k=20|vol=1.00,2018-09-28,0.0024939815929536364,0.002493981592953636
BSX,0.02820822949908954,k=20|vol=1.00,2018-09-28,0.0024939815929536364,0.002493981592953636
CIEN,0.0265423332576528,k=20|vol=1.00,2018-09-28,0.0024939815929536364,0.002493981592953636
AEP,0.023214986807052047,k=20|vol=1.00,2018-09-28,0.0024939815929536364,0.002493981592953636
WBD,0.019811094308013522,k=20|vol=1.00,2018-09-28,0.0024939815929536364,0.002493981592953636
ELV,0.0067570216998987295,k=20|vol=1.00,2018-09-28,0.0024939815929536364,0.002493981592953636
NEE,0.002599671151273685,k=20|vol=1.00,2018-09-28,0.0024939815929536364,0.002493981592953636
TJX,0.23521576978439465,k=20|vol=1.00,2018-10-31,0.0015749102653641735,0.0015749102284955266
MRK,0.11127646239169918,k=20|vol=1.00,2018-10-31,0.0015749102653641735,0.0015749102284955266
CME,0.10767353247805064,k=20|vol=1.00,2018-10-31,0.0015749102653641735,0.0015749102284955266
VZ,0.09838674843125962,k=20|vol=1.00,2018-10-31,0.0015749102653641735,0.0015749102284955266
LLY,0.08872249669744313,k=20|vol=1.00,2018-10-31,0.0015749102653641735,0.0015749102284955266
FTNT,0.08739554034461292,k=20|vol=1.00,2018-10-31,0.0015749102653641735,0.0015749102284955266
PG,0.0828822171525933,k=20|vol=1.00,2018-10-31,0.0015749102653641735,0.0015749102284955266
CIEN,0.047958316693684486,k=20|vol=1.00,2018-10-31,0.0015749102653641735,0.0015749102284955266
MCD,0.039735116067607795,k=20|vol=1.00,2018-10-31,0.0015749102653641735,0.0015749102284955266
ROST,0.039017089085149594,k=20|vol=1.00,2018-10-31,0.0015749102653641735,0.0015749102284955266
WBD,0.023498695327609002,k=20|vol=1.00,2018-10-31,0.0015749102653641735,0.0015749102284955266
AEP,0.02282360129686356,k=20|vol=1.00,2018-10-31,0.0015749102653641735,0.0015749102284955266
CI,0.015414414249032192,k=20|vol=1.00,2018-10-31,0.0015749102653641735,0.0015749102284955266
MRK,0.1919944528379072,k=20|vol=1.00,2018-11-30,0.0017972075547535995,0.0017972389529583395
LLY,0.1655283656211553,k=20|vol=1.00,2018-11-30,0.0017972075547535995,0.0017972389529583395
DUK,0.09293074827048631,k=20|vol=1.00,2018-11-30,0.0017972075547535995,0.0017972389529583395
WELL,0.08681053302612453,k=20|vol=1.00,2018-11-30,0.0017972075547535995,0.0017972389529583395
PG,0.07624658247705823,k=20|vol=1.00,2018-11-30,0.0017972075547535995,0.0017972389529583395
SBUX,0.07489582903959198,k=20|vol=1.00,2018-11-30,0.0017972075547535995,0.0017972389529583395
CME,0.05397877394934082,k=20|vol=1.00,2018-11-30,0.0017972075547535995,0.0017972389529583395
CI,0.05193503459477392,k=20|vol=1.00,2018-11-30,0.0017972075547535995,0.0017972389529583395
CIEN,0.04238748636349211,k=20|vol=1.00,2018-11-30,0.0017972075547535995,0.0017972389529583395
MCD,0.04084335783686051,k=20|vol=1.00,2018-11-30,0.0017972075547535995,0.0017972389529583395
VZ,0.03988349946213496,k=20|vol=1.00,2018-11-30,0.0017972075547535995,0.0017972389529583395
AEP,0.034853682262238415,k=20|vol=1.00,2018-11-30,0.0017972075547535995,0.0017972389529583395
AMD,0.023817050163267538,k=20|vol=1.00,2018-11-30,0.0017972075547535995,0.0017972389529583395
MSI,0.01827853639094857,k=20|vol=1.00,2018-11-30,0.0017972075547535995,0.0017972389529583395
ORLY,0.005616067704619676,k=20|vol=1.00,2018-11-30,0.0017972075547535995,0.0017972389529583395
LLY,0.22357450202694565,k=20|vol=1.00,2018-12-31,0.0012384497731888038,0.0012384497731888042
CME,0.16516477623660605,k=20|vol=1.00,2018-12-31,0.0012384497731888038,0.0012384497731888042
NEM,0.15237667171723146,k=20|vol=1.00,2018-12-31,0.0012384497731888038,0.0012384497731888042
DUK,0.12291173474887941,k=20|vol=1.00,2018-12-31,0.0012384497731888038,0.0012384497731888042
MRK,0.10115938864128655,k=20|vol=1.00,2018-12-31,0.0012384497731888038,0.0012384497731888042
CIEN,0.08097027645588911,k=20|vol=1.00,2018-12-31,0.0012384497731888038,0.0012384497731888042
SBUX,0.06960832907921355,k=20|vol=1.00,2018-12-31,0.0012384497731888038,0.0012384497731888042
ORLY,0.0566093401008978,k=20|vol=1.00,2018-12-31,0.0012384497731888038,0.0012384497731888042
PG,0.0276249809930504,k=20|vol=1.00,2018-12-31,0.0012384497731888038,0.0012384497731888042
AMT,0.15099584348885703,k=20|vol=1.00,2019-01-31,0.0015584201600074626,0.0015584212115372265
AEP,0.13746128112408307,k=20|vol=1.00,2019-01-31,0.0015584201600074626,0.0015584212115372265
WELL,0.13545037551328726,k=20|vol=1.00,2019-01-31,0.0015584201600074626,0.0015584212115372265
ELV,0.11573804206683393,k=20|vol=1.00,2019-01-31,0.0015584201600074626,0.0015584212115372265
NEM,0.11515260066033478,k=20|vol=1.00,2019-01-31,0.0015584201600074626,0.0015584212115372265
CIEN,0.10612144785924786,k=20|vol=1.00,2019-01-31,0.0015584201600074626,0.0015584212115372265
LLY,0.08590793447629523,k=20|vol=1.00,2019-01-31,0.0015584201600074626,0.0015584212115372265
SBUX,0.07027808321321746,k=20|vol=1.00,2019-01-31,0.0015584201600074626,0.0015584212115372265
ORLY,0.053551768647141076,k=20|vol=1.00,2019-01-31,0.0015584201600074626,0.0015584212115372265
AVGO,0.01054358221325597,k=20|vol=1.00,2019-01-31,0.0015584201600074626,0.0015584212115372265
CME,0.009655682085432295,k=20|vol=1.00,2019-01-31,0.0015584201600074626,0.0015584212115372265
PG,0.009143358652014127,k=20|vol=1.00,2019-01-31,0.0015584201600074626,0.0015584212115372265
AEP,0.2045002824766161,k=20|vol=1.00,2019-02-28,0.0018990921525617074,0.0018990921525617074
CIEN,0.13559032235429117,k=20|vol=1.00,2019-02-28,0.0018990921525617074,0.0018990921525617074
LLY,0.1298068078881842,k=20|vol=1.00,2019-02-28,0.0018990921525617074,0.0018990921525617074
DHR,0.09292969650086111,k=20|vol=1.00,2019-02-28,0.0018990921525617074,0.0018990921525617074
ORLY,0.08840002213183418,k=20|vol=1.00,2019-02-28,0.0018990921525617074,0.0018990921525617074
AMT,0.08700717979310182,k=20|vol=1.00,2019-02-28,0.0018990921525617074,0.0018990921525617074
CDNS,0.08643550874344073,k=20|vol=1.00,2019-02-28,0.0018990921525617074,0.0018990921525617074
NEM,0.05374189030214904,k=20|vol=1.00,2019-02-28,0.0018990921525617074,0.0018990921525617074
SBUX,0.03303186227048705,k=20|vol=1.00,2019-02-28,0.0018990921525617074,0.0018990921525617074
SO,0.03155914573645306,k=20|vol=1.00,2019-02-28,0.0018990921525617074,0.0018990921525617074
DUK,0.030215017558848044,k=20|vol=1.00,2019-02-28,0.0018990921525617074,0.0018990921525617074
BA,0.021886306345746433,k=20|vol=1.00,2019-02-28,0.0018990921525617074,0.0018990921525617074
TDG,0.004895957897986991,k=20|vol=1.00,2019-02-28,0.0018990921525617074,0.0018990921525617074
AMT,0.4433193996321781,k=20|vol=1.00,2019-03-29,0.0022724674498378022,0.0022724674498378022
CDNS,0.19899894470223078,k=20|vol=1.00,2019-03-29,0.0022724674498378022,0.0022724674498378022
LLY,0.10255009389113377,k=20|vol=1.00,2019-03-29,0.0022724674498378022,0.0022724674498378022
DHR,0.06173652330688042,k=20|vol=1.00,2019-03-29,0.0022724674498378022,0.0022724674498378022
NEM,0.055678848681430776,k=20|vol=1.00,2019-03-29,0.0022724674498378022,0.0022724674498378022
SBUX,0.044625574100418654,k=20|vol=1.00,2019-03-29,0.0022724674498378022,0.0022724674498378022
ORLY,0.037845277567101994,k=20|vol=1.00,2019-03-29,0.0022724674498378022,0.0022724674498378022
AEP,0.0330833235150535,k=20|vol=1.00,2019-03-29,0.0022724674498378022,0.0022724674498378022
AVGO,0.01766566083897045,k=20|vol=1.00,2019-03-29,0.0022724674498378022,0.0022724674498378022
TDG,0.004496353764601459,k=20|vol=1.00,2019-03-29,0.0022724674498378022,0.0022724674498378022
AMT,0.23799684374932112,k=20|vol=1.00,2019-04-30,0.002536678041049063,0.0025366780410490644
CDNS,0.22276420494112686,k=20|vol=1.00,2019-04-30,0.002536678041049063,0.0025366780410490644
QCOM,0.1372556325629736,k=20|vol=1.00,2019-04-30,0.002536678041049063,0.0025366780410490644
AEP,0.09695061205899774,k=20|vol=1.00,2019-04-30,0.002536678041049063,0.0025366780410490644
SO,0.08699303273191432,k=20|vol=1.00,2019-04-30,0.002536678041049063,0.0025366780410490644
SBUX,0.08075470336291803,k=20|vol=1.00,2019-04-30,0.002536678041049063,0.0025366780410490644
TT,0.06236788710947698,k=20|vol=1.00,2019-04-30,0.002536678041049063,0.0025366780410490644
DIS,0.06017993783357689,k=20|vol=1.00,2019-04-30,0.002536678041049063,0.0025366780410490644
BX,0.01473714564969442,k=20|vol=1.00,2019-04-30,0.002536678041049063,0.0025366780410490644
AMT,0.6503844728482838,k=20|vol=1.00,2019-05-31,0.0019550202340686967,0.001955020234068697
PGR,0.12866505383428906,k=20|vol=1.00,2019-05-31,0.0019550202340686967,0.001955020234068697
CME,0.07397185288066548,k=20|vol=1.00,2019-05-31,0.0019550202340686967,0.001955020234068697
CDNS,0.038831107203814774,k=20|vol=1.00,2019-05-31,0.0019550202340686967,0.001955020234068697
AMD,0.03700973997132363,k=20|vol=1.00,2019-05-31,0.0019550202340686967,0.001955020234068697
TT,0.027132676169084234,k=20|vol=1.00,2019-05-31,0.0019550202340686967,0.001955020234068697
WELL,0.026300101403798362,k=20|vol=1.00,2019-05-31,0.0019550202340686967,0.001955020234068697
WM,0.016013066524921977,k=20|vol=1.00,2019-05-31,0.0019550202340686967,0.001955020234068697
QCOM,0.0016919291638187552,k=20|vol=1.00,2019-05-31,0.0019550202340686967,0.001955020234068697
BX,0.18398876736271835,k=20|vol=1.00,2019-06-28,0.0021712741960317142,0.0021712741960317142
NEM,0.17691377745206527,k=20|vol=1.00,2019-06-28,0.0021712741960317142,0.0021712741960317142
SBUX,0.16596992566231278,k=20|vol=1.00,2019-06-28,0.0021712741960317142,0.0021712741960317142
CDNS,0.1409440332078857,k=20|vol=1.00,2019-06-28,0.0021712741960317142,0.0021712741960317142
MSI,0.1394723809930521,k=20|vol=1.00,2019-06-28,0.0021712741960317142,0.0021712741960317142
DHR,0.07575957337080977,k=20|vol=1.00,2019-06-28,0.0021712741960317142,0.0021712741960317142
QCOM,0.05904835875476851,k=20|vol=1.00,2019-06-28,0.0021712741960317142,0.0021712741960317142
WM,0.05790318319638737,k=20|vol=1.00,2019-06-28,0.0021712741960317142,0.0021712741960317142
SBUX,0.32240218035345297,k=20|vol=1.00,2019-07-31,0.0023143139931039187,0.0023143139931039187
BX,0.21282451325960502,k=20|vol=1.00,2019-07-31,0.0023143139931039187,0.0023143139931039187
AMT,0.15660335536898518,k=20|vol=1.00,2019-07-31,0.0023143139931039187,0.0023143139931039187
PG,0.15235507957838385,k=20|vol=1.00,2019-07-31,0.0023143139931039187,0.0023143139931039187
CDNS,0.055159437996844335,k=20|vol=1.00,2019-07-31,0.0023143139931039187,0.0023143139931039187
JCI,0.052237246080886486,k=20|vol=1.00,2019-07-31,0.0023143139931039187,0.0023143139931039187
NOC,0.018322530755895697,k=20|vol=1.00,2019-07-31,0.0023143139931039187,0.0023143139931039187
MCO,0.016293468282702107,k=20|vol=1.00,2019-07-31,0.0023143139931039187,0.0023143139931039187
KLAC,0.01140051362384552,k=20|vol=1.00,2019-07-31,0.0023143139931039187,0.0023143139931039187
CIEN,0.0024016746993987636,k=20|vol=1.00,2019-07-31,0.0023143139931039187,0.0023143139931039187
AMT,0.3425270478135777,k=20|vol=1.00,2019-08-30,0.00233506187652207,0.00233506187652207
SBUX,0.2512837306786914,k=20|vol=1.00,2019-08-30,0.00233506187652207,0.00233506187652207
BX,0.137324065514353,k=20|vol=1.00,2019-08-30,0.00233506187652207,0.00233506187652207
KLAC,0.11329717827386564,k=20|vol=1.00,2019-08-30,0.00233506187652207,0.00233506187652207
TDG,0.09917378415506657,k=20|vol=1.00,2019-08-30,0.00233506187652207,0.00233506187652207
NEM,0.0563941935644454,k=20|vol=1.00,2019-08-30,0.00233506187652207,0.00233506187652207
KLAC,0.35295228535120154,k=20|vol=1.00,2019-09-30,0.0022104156126417137,0.0022104156126417137
NEE,0.32770815906739537,k=20|vol=1.00,2019-09-30,0.0022104156126417137,0.0022104156126417137
SO,0.12112204704894669,k=20|vol=1.00,2019-09-30,0.0022104156126417137,0.0022104156126417137
EQIX,0.11379917516313189,k=20|vol=1.00,2019-09-30,0.0022104156126417137,0.0022104156126417137
T,0.08441833336932408,k=20|vol=1.00,2019-09-30,0.0022104156126417137,0.0022104156126417137
NEE,0.3625350329519351,k=20|vol=1.00,2019-10-31,0.0022513404218553633,0.0022513404218553633
LRCX,0.2372309689082563,k=20|vol=1.00,2019-10-31,0.0022513404218553633,0.0022513404218553633
BX,0.1547374251878568,k=20|vol=1.00,2019-10-31,0.0022513404218553633,0.0022513404218553633
BMY,0.1145108854215987,k=20|vol=1.00,2019-10-31,0.0022513404218553633,0.0022513404218553633
T,0.10324285713674165,k=20|vol=1.00,2019-10-31,0.0022513404218553633,0.0022513404218553633
SO,0.018043176346837407,k=20|vol=1.00,2019-10-31,0.0022513404218553633,0.0022513404218553633
KLAC,0.007569330895632176,k=20|vol=1.00,2019-10-31,0.0022513404218553633,0.0022513404218553633
AAPL,0.002130323151141945,k=20|vol=1.00,2019-10-31,0.0022513404218553633,0.0022513404218553633
AMGN,0.24799650876275492,k=20|vol=1.00,2019-11-29,0.0022536321264814956,0.002253673759000488
AAPL,0.18247035724598315,k=20|vol=1.00,2019-11-29,0.0022536321264814956,0.002253673759000488
CVS,0.15646259241267346,k=20|vol=1.00,2019-11-29,0.0022536321264814956,0.002253673759000488
NEE,0.13566314612964886,k=20|vol=1.00,2019-11-29,0.0022536321264814956,0.002253673759000488
FTNT,0.11348326197913201,k=20|vol=1.00,2019-11-29,0.0022536321264814956,0.002253673759000488
BX,0.10837997724989364,k=20|vol=1.00,2019-11-29,0.0022536321264814956,0.002253673759000488
AMD,0.031825110150340036,k=20|vol=1.00,2019-11-29,0.0022536321264814956,0.002253673759000488
LRCX,0.021625271523298895,k=20|vol=1.00,2019-11-29,0.0022536321264814956,0.002253673759000488
WBD,0.0020937745462749355,k=20|vol=1.00,2019-11-29,0.0022536321264814956,0.002253673759000488
AAPL,0.339838882004842,k=20|vol=1.00,2019-12-31,0.0026565932063324924,0.002656593090232468
BMY,0.2153634490897357,k=20|vol=1.00,2019-12-31,0.0026565932063324924,0.002656593090232468
NEM,0.2142661189053159,k=20|vol=1.00,2019-12-31,0.0026565932063324924,0.002656593090232468
AMD,0.11219982817609496,k=20|vol=1.00,2019-12-31,0.0026565932063324924,0.002656593090232468
AMGN,0.06453515349512048,k=20|vol=1.00,2019-12-31,0.0026565932063324924,0.002656593090232468
LRCX,0.03764864339624191,k=20|vol=1.00,2019-12-31,0.0026565932063324924,0.002656593090232468
FTNT,0.016147924932649042,k=20|vol=1.00,2019-12-31,0.0026565932063324924,0.002656593090232468
NEE,0.3159122186437596,k=20|vol=1.00,2020-01-31,0.0027059176309002886,0.0027059176309002886
TDG,0.294428395726121,k=20|vol=1.00,2020-01-31,0.0027059176309002886,0.0027059176309002886
AAPL,0.21155192520028882,k=20|vol=1.00,2020-01-31,0.0027059176309002886,0.0027059176309002886
AMD,0.11333839137177132,k=20|vol=1.00,2020-01-31,0.0027059176309002886,0.0027059176309002886
BX,0.05352480079768166,k=20|vol=1.00,2020-01-31,0.0027059176309002886,0.0027059176309002886
FTNT,0.011244268260377303,k=20|vol=1.00,2020-01-31,0.0027059176309002886,0.0027059176309002886
NEE,0.36860538528835673,k=20|vol=1.00,2020-02-28,0.001602715605767169,0.0016027156057671693
NEM,0.22265369138976696,k=20|vol=1.00,2020-02-28,0.001602715605767169,0.0016027156057671693
NVDA,0.17439221240273306,k=20|vol=1.00,2020-02-28,0.001602715605767169,0.0016027156057671693
TMUS,0.09631314542066932,k=20|vol=1.00,2020-02-28,0.001602715605767169,0.0016027156057671693
LRCX,0.05232871879474221,k=20|vol=1.00,2020-02-28,0.001602715605767169,0.0016027156057671693
NFLX,0.0521288658293494,k=20|vol=1.00,2020-02-28,0.001602715605767169,0.0016027156057671693
GILD,0.03357798087438217,k=20|vol=1.00,2020-02-28,0.001602715605767169,0.0016027156057671693
VZ,0.3779186819573395,k=20|vol=1.00,2020-03-31,-0.00046862946021143605,-0.0004686292618349265
MAR,0.18661852122809924,k=20|vol=1.00,2020-03-31,-0.00046862946021143605,-0.0004686292618349265
GILD,0.18384923654506644,k=20|vol=1.00,2020-03-31,-0.00046862946021143605,-0.0004686292618349265
NEM,0.15978200091784675,k=20|vol=1.00,2020-03-31,-0.00046862946021143605,-0.0004686292618349265
WMT,0.07648930384421901,k=20|vol=1.00,2020-03-31,-0.00046862946021143605,-0.0004686292618349265
AMZN,0.015342255507429075,k=20|vol=1.00,2020-03-31,-0.00046862946021143605,-0.0004686292618349265
VZ,0.41448003879829515,k=20|vol=1.00,2020-04-30,0.0013891983366133781,0.001389254740125398
NEM,0.15413445448543894,k=20|vol=1.00,2020-04-30,0.0013891983366133781,0.001389254740125398
AMZN,0.12140169060865937,k=20|vol=1.00,2020-04-30,0.0013891983366133781,0.001389254740125398
BMY,0.0825041210001002,k=20|vol=1.00,2020-04-30,0.0013891983366133781,0.001389254740125398
MAR,0.07423359196650726,k=20|vol=1.00,2020-04-30,0.0013891983366133781,0.001389254740125398
WMT,0.07407670535452131,k=20|vol=1.00,2020-04-30,0.0013891983366133781,0.001389254740125398
GILD,0.06073695526245768,k=20|vol=1.00,2020-04-30,0.0013891983366133781,0.001389254740125398
NFLX,0.018432442524019894,k=20|vol=1.00,2020-04-30,0.0013891983366133781,0.001389254740125398
VZ,0.3454818720780806,k=20|vol=1.00,2020-05-29,0.0010989429574429724,0.00109880964007076
BMY,0.18777553802679023,k=20|vol=1.00,2020-05-29,0.0010989429574429724,0.00109880964007076
NEM,0.14091417541147772,k=20|vol=1.00,2020-05-29,0.0010989429574429724,0.00109880964007076
AMZN,0.08962605993689436,k=20|vol=1.00,2020-05-29,0.0010989429574429724,0.00109880964007076
WMT,0.08372747823478287,k=20|vol=1.00,2020-05-29,0.0010989429574429724,0.00109880964007076
GILD,0.05533467981911716,k=20|vol=1.00,2020-05-29,0.0010989429574429724,0.00109880964007076
NFLX,0.04990853895264925,k=20|vol=1.00,2020-05-29,0.0010989429574429724,0.00109880964007076
MAR,0.04723165754020771,k=20|vol=1.00,2020-05-29,0.0010989429574429724,0.00109880964007076
AMZN,0.33686915160014563,k=20|vol=1.00,2020-06-30,0.0020129665701894804,0.002012966570189481
NEM,0.2210176632241777,k=20|vol=1.00,2020-06-30,0.0020129665701894804,0.002012966570189481
VZ,0.1805421401017135,k=20|vol=1.00,2020-06-30,0.0020129665701894804,0.002012966570189481
BMY,0.11095395210861744,k=20|vol=1.00,2020-06-30,0.0020129665701894804,0.002012966570189481
GILD,0.08820721958561169,k=20|vol=1.00,2020-06-30,0.0020129665701894804,0.002012966570189481
NFLX,0.057609337916968324,k=20|vol=1.00,2020-06-30,0.0020129665701894804,0.002012966570189481
DHR,0.004800535462765507,k=20|vol=1.00,2020-06-30,0.0020129665701894804,0.002012966570189481
AMZN,0.2670463355775167,k=20|vol=1.00,2020-07-31,0.003118565780979338,0.003118565780979338
NEM,0.25321058531847196,k=20|vol=1.00,2020-07-31,0.003118565780979338,0.003118565780979338
DHR,0.15464351838940718,k=20|vol=1.00,2020-07-31,0.003118565780979338,0.003118565780979338
UPS,0.1374314468687417,k=20|vol=1.00,2020-07-31,0.003118565780979338,0.003118565780979338
VZ,0.09340933580946523,k=20|vol=1.00,2020-07-31,0.003118565780979338,0.003118565780979338
TT,0.039864644938171816,k=20|vol=1.00,2020-07-31,0.003118565780979338,0.003118565780979338
WMT,0.03179794553683702,k=20|vol=1.00,2020-07-31,0.003118565780979338,0.003118565780979338
NFLX,0.022596187561388224,k=20|vol=1.00,2020-07-31,0.003118565780979338,0.003118565780979338
AMZN,0.2814791843681216,k=20|vol=1.00,2020-08-31,0.003625164070716836,0.0036251959513917704
UPS,0.21452069455564185,k=20|vol=1.00,2020-08-31,0.003625164070716836,0.0036251959513917704
NEM,0.18783391177666067,k=20|vol=1.00,2020-08-31,0.003625164070716836,0.0036251959513917704
AAPL,0.09684408479938862,k=20|vol=1.00,2020-08-31,0.003625164070716836,0.0036251959513917704
WMT,0.09142597507825995,k=20|vol=1.00,2020-08-31,0.003625164070716836,0.0036251959513917704
PWR,0.06440472672615019,k=20|vol=1.00,2020-08-31,0.003625164070716836,0.0036251959513917704
CMI,0.024012765361240362,k=20|vol=1.00,2020-08-31,0.003625164070716836,0.0036251959513917704
FDX,0.022035212880154552,k=20|vol=1.00,2020-08-31,0.003625164070716836,0.0036251959513917704
BMY,0.008905251848216387,k=20|vol=1.00,2020-08-31,0.003625164070716836,0.0036251959513917704
PGR,0.005733841542480776,k=20|vol=1.00,2020-08-31,0.003625164070716836,0.0036251959513917704
CRM,0.002804351063685129,k=20|vol=1.00,2020-08-31,0.003625164070716836,0.0036251959513917704
UPS,0.21133206833196652,k=20|vol=1.00,2020-09-30,0.003038108119391776,0.0030381081193917763
DHR,0.2047474678595991,k=20|vol=1.00,2020-09-30,0.003038108119391776,0.0030381081193917763
FDX,0.20457198313165403,k=20|vol=1.00,2020-09-30,0.003038108119391776,0.0030381081193917763
NEM,0.17117612830306989,k=20|vol=1.00,2020-09-30,0.003038108119391776,0.0030381081193917763
WMT,0.06976614575983764,k=20|vol=1.00,2020-09-30,0.003038108119391776,0.0030381081193917763
TMO,0.062176536827570385,k=20|vol=1.00,2020-09-30,0.003038108119391776,0.0030381081193917763
AMZN,0.057484052363908855,k=20|vol=1.00,2020-09-30,0.003038108119391776,0.0030381081193917763
PWR,0.018509995914566015,k=20|vol=1.00,2020-09-30,0.003038108119391776,0.0030381081193917763
CRM,0.00023562150782749627,k=20|vol=1.00,2020-09-30,0.003038108119391776,0.0030381081193917763
DHR,0.31650091950057513,k=20|vol=1.00,2020-10-30,0.003005315240315892,0.0030053152403158915
PWR,0.23017625215137044,k=20|vol=1.00,2020-10-30,0.003005315240315892,0.0030053152403158915
TMO,0.20190785004234138,k=20|vol=1.00,2020-10-30,0.003005315240315892,0.0030053152403158915
FDX,0.1598392182348568,k=20|vol=1.00,2020-10-30,0.003005315240315892,0.0030053152403158915
NEM,0.0639796469161113,k=20|vol=1.00,2020-10-30,0.003005315240315892,0.0030053152403158915
WMT,0.027596113154744757,k=20|vol=1.00,2020-10-30,0.003005315240315892,0.0030053152403158915
WMT,0.20270327080218684,k=20|vol=1.00,2020-11-30,0.003389583120680754,0.0033895831206807543
PWR,0.19307681399040819,k=20|vol=1.00,2020-11-30,0.003389583120680754,0.0033895831206807543
COST,0.13456667492446533,k=20|vol=1.00,2020-11-30,0.003389583120680754,0.0033895831206807543
TMUS,0.10882597971858449,k=20|vol=1.00,2020-11-30,0.003389583120680754,0.0033895831206807543
COHR,0.10315647453608628,k=20|vol=1.00,2020-11-30,0.003389583120680754,0.0033895831206807543
FDX,0.07688866775837687,k=20|vol=1.00,2020-11-30,0.003389583120680754,0.0033895831206807543
FCX,0.06889353466280702,k=20|vol=1.00,2020-11-30,0.003389583120680754,0.0033895831206807543
AMD,0.05296889637120947,k=20|vol=1.00,2020-11-30,0.003389583120680754,0.0033895831206807543
GE,0.030359911824024317,k=20|vol=1.00,2020-11-30,0.003389583120680754,0.0033895831206807543
PFE,0.02855977541185103,k=20|vol=1.00,2020-11-30,0.003389583120680754,0.0033895831206807543
PWR,0.21497164830034018,k=20|vol=1.00,2020-12-31,0.0034156321947233755,0.0034156321947233764
DIS,0.11845017522969846,k=20|vol=1.00,2020-12-31,0.0034156321947233755,0.0034156321947233764
COHR,0.11036392127639633,k=20|vol=1.00,2020-12-31,0.0034156321947233755,0.0034156321947233764
COST,0.10511319505995789,k=20|vol=1.00,2020-12-31,0.0034156321947233755,0.0034156321947233764
LLY,0.09047954620767656,k=20|vol=1.00,2020-12-31,0.0034156321947233755,0.0034156321947233764
CDNS,0.08056087540999181,k=20|vol=1.00,2020-12-31,0.0034156321947233755,0.0034156321947233764
FCX,0.0710572106079282,k=20|vol=1.00,2020-12-31,0.0034156321947233755,0.0034156321947233764
TMUS,0.06375100479998727,k=20|vol=1.00,2020-12-31,0.0034156321947233755,0.0034156321947233764
SNPS,0.054051781422806235,k=20|vol=1.00,2020-12-31,0.0034156321947233755,0.0034156321947233764
NFLX,0.04219380665518323,k=20|vol=1.00,2020-12-31,0.0034156321947233755,0.0034156321947233764
SCHW,0.0370670511694222,k=20|vol=1.00,2020-12-31,0.0034156321947233755,0.0034156321947233764
MU,0.006374425690119477,k=20|vol=1.00,2020-12-31,0.0034156321947233755,0.0034156321947233764
AMD,0.00556535817049198,k=20|vol=1.00,2020-12-31,0.0034156321947233755,0.0034156321947233764
WBD,0.36129016602814273,k=20|vol=1.00,2021-01-29,0.004292146408694308,0.004292146408694308
LLY,0.22828394157090656,k=20|vol=1.00,2021-01-29,0.004292146408694308,0.004292146408694308
COHR,0.14480047749959668,k=20|vol=1.00,2021-01-29,0.004292146408694308,0.004292146408694308
TMO,0.14242142714819322,k=20|vol=1.00,2021-01-29,0.004292146408694308,0.004292146408694308
FCX,0.04802228709210835,k=20|vol=1.00,2021-01-29,0.004292146408694308,0.004292146408694308
DHR,0.04019397743625472,k=20|vol=1.00,2021-01-29,0.004292146408694308,0.004292146408694308
NFLX,0.03498772322479754,k=20|vol=1.00,2021-01-29,0.004292146408694308,0.004292146408694308
WBD,0.3982921446598462,k=20|vol=1.00,2021-02-26,0.005031341795365506,0.005031341820519802
DE,0.157769014708943,k=20|vol=1.00,2021-02-26,0.005031341795365506,0.005031341820519802
LLY,0.1316136164802281,k=20|vol=1.00,2021-02-26,0.005031341795365506,0.005031341820519802
CDNS,0.10581333855174663,k=20|vol=1.00,2021-02-26,0.005031341795365506,0.005031341820519802
FTNT,0.08499085457131937,k=20|vol=1.00,2021-02-26,0.005031341795365506,0.005031341820519802
MU,0.05627773932532623,k=20|vol=1.00,2021-02-26,0.005031341795365506,0.005031341820519802
FCX,0.02688169983408903,k=20|vol=1.00,2021-02-26,0.005031341795365506,0.005031341820519802
PWR,0.025960192136459753,k=20|vol=1.00,2021-02-26,0.005031341795365506,0.005031341820519802
NFLX,0.008942268355100263,k=20|vol=1.00,2021-02-26,0.005031341795365506,0.005031341820519802
COHR,0.00345913137694148,k=20|vol=1.00,2021-02-26,0.005031341795365506,0.005031341820519802
DE,0.2740498823067319,k=20|vol=1.00,2021-03-31,0.0038955006649254403,0.0038955006649254408
AMAT,0.19781186785504876,k=20|vol=1.00,2021-03-31,0.0038955006649254403,0.0038955006649254408
MO,0.19385558976506673,k=20|vol=1.00,2021-03-31,0.0038955006649254403,0.0038955006649254408
WBD,0.12456989151169688,k=20|vol=1.00,2021-03-31,0.0038955006649254403,0.0038955006649254408
STX,0.0941796144737948,k=20|vol=1.00,2021-03-31,0.0038955006649254403,0.0038955006649254408
FTNT,0.0778201201490647,k=20|vol=1.00,2021-03-31,0.0038955006649254403,0.0038955006649254408
PWR,0.03771303393859607,k=20|vol=1.00,2021-03-31,0.0038955006649254403,0.0038955006649254408
STX,0.32249278197556547,k=20|vol=1.00,2021-04-30,0.004093668294162229,0.004093668294162229
BX,0.16141727308104634,k=20|vol=1.00,2021-04-30,0.004093668294162229,0.004093668294162229
COF,0.12990985991954015,k=20|vol=1.00,2021-04-30,0.004093668294162229,0.004093668294162229
PWR,0.12554476880320048,k=20|vol=1.00,2021-04-30,0.004093668294162229,0.004093668294162229
FTNT,0.10817904168877523,k=20|vol=1.00,2021-04-30,0.004093668294162229,0.004093668294162229
FCX,0.06991193653177788,k=20|vol=1.00,2021-04-30,0.004093668294162229,0.004093668294162229
UPS,0.043926865045065704,k=20|vol=1.00,2021-04-30,0.004093668294162229,0.004093668294162229
GOOG,0.03306611308898668,k=20|vol=1.00,2021-04-30,0.004093668294162229,0.004093668294162229
AMAT,0.005551359866041871,k=20|vol=1.00,2021-04-30,0.004093668294162229,0.004093668294162229
COF,0.22668394561140245,k=20|vol=1.00,2021-05-28,0.003972952224753898,0.003972952224753898
BX,0.18320312607782419,k=20|vol=1.00,2021-05-28,0.003972952224753898,0.003972952224753898
FTNT,0.1732985064863297,k=20|vol=1.00,2021-05-28,0.003972952224753898,0.003972952224753898
UPS,0.15760646565470982,k=20|vol=1.00,2021-05-28,0.003972952224753898,0.003972952224753898
FCX,0.13048163252003167,k=20|vol=1.00,2021-05-28,0.003972952224753898,0.003972952224753898
STX,0.12872632364970193,k=20|vol=1.00,2021-05-28,0.003972952224753898,0.003972952224753898
NVDA,0.3710786337660795,k=20|vol=1.00,2021-06-30,0.0036609556156690756,0.003660955615669076
FTNT,0.19632746305453308,k=20|vol=1.00,2021-06-30,0.0036609556156690756,0.003660955615669076
BX,0.1664997337076304,k=20|vol=1.00,2021-06-30,0.0036609556156690756,0.003660955615669076
COF,0.15110985886317635,k=20|vol=1.00,2021-06-30,0.0036609556156690756,0.003660955615669076
EOG,0.0579777007572049,k=20|vol=1.00,2021-06-30,0.0036609556156690756,0.003660955615669076
LLY,0.05700660985137559,k=20|vol=1.00,2021-06-30,0.0036609556156690756,0.003660955615669076
BX,0.8617636035290006,k=20|vol=1.00,2021-07-30,0.004342067257405162,0.004342067257405161
FTNT,0.13823639647099878,k=20|vol=1.00,2021-07-30,0.004342067257405162,0.004342067257405161
FTNT,0.614288782779139,k=20|vol=1.00,2021-08-31,0.004581102440371567,0.004581102440371567
BX,0.38571121722086094,k=20|vol=1.00,2021-08-31,0.004581102440371567,0.004581102440371567
FTNT,0.5992720509443413,k=20|vol=1.00,2021-09-30,0.0030068201053528,0.0030068201053528015
COP,0.323051760123502,k=20|vol=1.00,2021-09-30,0.0030068201053528,0.0030068201053528015
PWR,0.07767618893215648,k=20|vol=1.00,2021-09-30,0.0030068201053528,0.0030068201053528015
BX,0.48079296234088126,k=20|vol=1.00,2021-10-29,0.003956016002735444,0.003956016002735444
NVDA,0.2345760634736383,k=20|vol=1.00,2021-10-29,0.003956016002735444,0.003956016002735444
FTNT,0.23156775516943698,k=20|vol=1.00,2021-10-29,0.003956016002735444,0.003956016002735444
COP,0.053063219016043287,k=20|vol=1.00,2021-10-29,0.003956016002735444,0.003956016002735444
NVDA,0.46505518532172463,k=20|vol=1.00,2021-11-30,0.00449797635110532,0.00449797635110532
PFE,0.3878954947381717,k=20|vol=1.00,2021-11-30,0.00449797635110532,0.00449797635110532
AMD,0.11439124104122406,k=20|vol=1.00,2021-11-30,0.00449797635110532,0.00449797635110532
BX,0.03265807889887937,k=20|vol=1.00,2021-11-30,0.00449797635110532,0.00449797635110532
NVDA,0.4423593803437267,k=20|vol=1.00,2021-12-31,0.0034940129788182004,0.0034940129788182004
PFE,0.3424707101640294,k=20|vol=1.00,2021-12-31,0.0034940129788182004,0.0034940129788182004
CIEN,0.21516990949224357,k=20|vol=1.00,2021-12-31,0.0034940129788182004,0.0034940129788182004
EOG,0.3927366648714538,k=20|vol=1.00,2022-01-31,0.0031316106894184776,0.003131610689418478
COP,0.23846740104875586,k=20|vol=1.00,2022-01-31,0.0031316106894184776,0.003131610689418478
CVS,0.1952392479236637,k=20|vol=1.00,2022-01-31,0.0031316106894184776,0.003131610689418478
VRTX,0.10229294135592319,k=20|vol=1.00,2022-01-31,0.0031316106894184776,0.003131610689418478
PFE,0.07126374480020287,k=20|vol=1.00,2022-01-31,0.0031316106894184776,0.003131610689418478
COP,0.6262494807482849,k=20|vol=1.00,2022-02-28,0.00323717919504378,0.0032371791950437804
MCK,0.29827493298143243,k=20|vol=1.00,2022-02-28,0.00323717919504378,0.0032371791950437804
FTNT,0.07547558627028218,k=20|vol=1.00,2022-02-28,0.00323717919504378,0.0032371791950437804
CVX,0.4901288137406622,k=20|vol=1.00,2022-03-31,0.0031456839230408536,0.0031456839230408545
MCK,0.4558894601621345,k=20|vol=1.00,2022-03-31,0.0031456839230408536,0.0031456839230408545
NEM,0.05398172609720321,k=20|vol=1.00,2022-03-31,0.0031456839230408536,0.0031456839230408545
MCK,0.36244860393166833,k=20|vol=1.00,2022-04-29,0.0024955508884665287,0.0024955508884665287
VLO,0.23571812649911875,k=20|vol=1.00,2022-04-29,0.0024955508884665287,0.0024955508884665287
VRTX,0.21797425297460288,k=20|vol=1.00,2022-04-29,0.0024955508884665287,0.0024955508884665287
MO,0.13731719902593204,k=20|vol=1.00,2022-04-29,0.0024955508884665287,0.0024955508884665287
LMT,0.02224168224244746,k=20|vol=1.00,2022-04-29,0.0024955508884665287,0.0024955508884665287
BMY,0.018470296669053383,k=20|vol=1.00,2022-04-29,0.0024955508884665287,0.0024955508884665287
LLY,0.0058298386571770935,k=20|vol=1.00,2022-04-29,0.0024955508884665287,0.0024955508884665287
VLO,0.2630315851100446,k=20|vol=1.00,2022-05-31,0.0025009328104191814,0.002500932810419182
MCK,0.20860856670301828,k=20|vol=1.00,2022-05-31,0.0025009328104191814,0.002500932810419182
AMGN,0.1716693885291797,k=20|vol=1.00,2022-05-31,0.0025009328104191814,0.002500932810419182
AEP,0.12254699025254481,k=20|vol=1.00,2022-05-31,0.0025009328104191814,0.002500932810419182
MRK,0.1013079533822824,k=20|vol=1.00,2022-05-31,0.0025009328104191814,0.002500932810419182
LLY,0.05409493275998278,k=20|vol=1.00,2022-05-31,0.0025009328104191814,0.002500932810419182
NOC,0.042004610520876506,k=20|vol=1.00,2022-05-31,0.0025009328104191814,0.002500932810419182
T,0.0243715356274622,k=20|vol=1.00,2022-05-31,0.0025009328104191814,0.002500932810419182
SO,0.009470623547775957,k=20|vol=1.00,2022-05-31,0.0025009328104191814,0.002500932810419182
PM,0.00177391698487479,k=20|vol=1.00,2022-05-31,0.0025009328104191814,0.002500932810419182
CVX,0.0011198965819579534,k=20|vol=1.00,2022-05-31,0.0025009328104191814,0.002500932810419182
MCK,0.30134789988037547,k=20|vol=1.00,2022-06-30,0.0017832510378622411,0.0017832510378622416
BMY,0.19834339069377308,k=20|vol=1.00,2022-06-30,0.0017832510378622411,0.0017832510378622416
LLY,0.16453159739424034,k=20|vol=1.00,2022-06-30,0.0017832510378622411,0.0017832510378622416
NOC,0.12771991486036421,k=20|vol=1.00,2022-06-30,0.0017832510378622411,0.0017832510378622416
VRTX,0.09263031813313839,k=20|vol=1.00,2022-06-30,0.0017832510378622411,0.0017832510378622416
MRK,0.08362573200981202,k=20|vol=1.00,2022-06-30,0.0017832510378622411,0.0017832510378622416
VLO,0.03180114702829574,k=20|vol=1.00,2022-06-30,0.0017832510378622411,0.0017832510378622416
MCK,0.35399075800637825,k=20|vol=1.00,2022-07-29,0.0018962503644602527,0.001896250441682867
XOM,0.14291896335711798,k=20|vol=1.00,2022-07-29,0.0018962503644602527,0.001896250441682867
SO,0.1407648712575701,k=20|vol=1.00,2022-07-29,0.0018962503644602527,0.001896250441682867
LLY,0.13559678186434151,k=20|vol=1.00,2022-07-29,0.0018962503644602527,0.001896250441682867
AMGN,0.07296568119701251,k=20|vol=1.00,2022-07-29,0.0018962503644602527,0.001896250441682867
SNPS,0.05323481840298589,k=20|vol=1.00,2022-07-29,0.0018962503644602527,0.001896250441682867
PWR,0.04654766983771341,k=20|vol=1.00,2022-07-29,0.0018962503644602527,0.001896250441682867
ORLY,0.037175841346643264,k=20|vol=1.00,2022-07-29,0.0018962503644602527,0.001896250441682867
MRK,0.011592858363876482,k=20|vol=1.00,2022-07-29,0.0018962503644602527,0.001896250441682867
NOC,0.005211756366360666,k=20|vol=1.00,2022-07-29,0.0018962503644602527,0.001896250441682867
MCK,0.5308376916288615,k=20|vol=1.00,2022-08-31,0.0019150306764078833,0.0019150306356487724
SO,0.1842419251544379,k=20|vol=1.00,2022-08-31,0.0019150306764078833,0.0019150306356487724
PWR,0.1075791671497114,k=20|vol=1.00,2022-08-31,0.0019150306764078833,0.0019150306356487724
XOM,0.08031186381298137,k=20|vol=1.00,2022-08-31,0.0019150306764078833,0.0019150306356487724
PGR,0.04666400906584332,k=20|vol=1.00,2022-08-31,0.0019150306764078833,0.0019150306356487724
AMGN,0.031449699774024925,k=20|vol=1.00,2022-08-31,0.0019150306764078833,0.0019150306356487724
NOC,0.013959312768068265,k=20|vol=1.00,2022-08-31,0.0019150306764078833,0.0019150306356487724
ORLY,0.003194903689730685,k=20|vol=1.00,2022-08-31,0.0019150306764078833,0.0019150306356487724
VRTX,0.0013238181988784602,k=20|vol=1.00,2022-08-31,0.0019150306764078833,0.0019150306356487724
VLO,0.000437608757462077,k=20|vol=1.00,2022-08-31,0.0019150306764078833,0.0019150306356487724
MCK,0.34111367818479454,k=20|vol=1.00,2022-09-30,0.0010237990610144712,0.0010237990610144716
ORLY,0.12863633217753725,k=20|vol=1.00,2022-09-30,0.0010237990610144712,0.0010237990610144716
LLY,0.11454677930293383,k=20|vol=1.00,2022-09-30,0.0010237990610144712,0.0010237990610144716
VRTX,0.10977694182201377,k=20|vol=1.00,2022-09-30,0.0010237990610144712,0.0010237990610144716
COP,0.09123020411708968,k=20|vol=1.00,2022-09-30,0.0010237990610144712,0.0010237990610144716
NOC,0.06956016803770522,k=20|vol=1.00,2022-09-30,0.0010237990610144712,0.0010237990610144716
BMY,0.046928012155214534,k=20|vol=1.00,2022-09-30,0.0010237990610144712,0.0010237990610144716
MRK,0.04416805648979869,k=20|vol=1.00,2022-09-30,0.0010237990610144712,0.0010237990610144716
CI,0.03588329986480543,k=20|vol=1.00,2022-09-30,0.0010237990610144712,0.0010237990610144716
WM,0.018156527848106847,k=20|vol=1.00,2022-09-30,0.0010237990610144712,0.0010237990610144716
MRK,0.20578616970493274,k=20|vol=1.00,2022-10-31,0.0024388188146029855,0.002438818814602986
ORLY,0.2005000593758507,k=20|vol=1.00,2022-10-31,0.0024388188146029855,0.002438818814602986
MCK,0.18526978469712158,k=20|vol=1.00,2022-10-31,0.0024388188146029855,0.002438818814602986
XOM,0.11912465591728354,k=20|vol=1.00,2022-10-31,0.0024388188146029855,0.002438818814602986
GILD,0.11141028362438643,k=20|vol=1.00,2022-10-31,0.0024388188146029855,0.002438818814602986
SLB,0.07224797578596012,k=20|vol=1.00,2022-10-31,0.0024388188146029855,0.002438818814602986
LLY,0.060354797843103415,k=20|vol=1.00,2022-10-31,0.0024388188146029855,0.002438818814602986
CI,0.036826218031251925,k=20|vol=1.00,2022-10-31,0.0024388188146029855,0.002438818814602986
LMT,0.008480055020109423,k=20|vol=1.00,2022-10-31,0.0024388188146029855,0.002438818814602986
MRK,0.3617195263347162,k=20|vol=1.00,2022-11-30,0.002767614064822106,0.0027676140648221067
GILD,0.3410128470398086,k=20|vol=1.00,2022-11-30,0.002767614064822106,0.0027676140648221067
ROST,0.08941141070411857,k=20|vol=1.00,2022-11-30,0.002767614064822106,0.0027676140648221067
XOM,0.08333674793594999,k=20|vol=1.00,2022-11-30,0.002767614064822106,0.0027676140648221067
SLB,0.07302664082306923,k=20|vol=1.00,2022-11-30,0.002767614064822106,0.0027676140648221067
ORLY,0.026973486753474035,k=20|vol=1.00,2022-11-30,0.002767614064822106,0.0027676140648221067
TJX,0.024081121326443723,k=20|vol=1.00,2022-11-30,0.002767614064822106,0.0027676140648221067
VLO,0.0004382190824195709,k=20|vol=1.00,2022-11-30,0.002767614064822106,0.0027676140648221067
MRK,0.38431413154358207,k=20|vol=1.00,2022-12-30,0.002351433479140283,0.002351433479140283
GILD,0.35174445908155755,k=20|vol=1.00,2022-12-30,0.002351433479140283,0.002351433479140283
SLB,0.18677785173034564,k=20|vol=1.00,2022-12-30,0.002351433479140283,0.002351433479140283
ROST,0.07716355764451492,k=20|vol=1.00,2022-12-30,0.002351433479140283,0.002351433479140283
MRK,0.29261819876455947,k=20|vol=1.00,2023-01-31,0.0021181433529923782,0.0021181433529923787
GE,0.19460873729499967,k=20|vol=1.00,2023-01-31,0.0021181433529923782,0.0021181433529923787
SLB,0.15959107251757812,k=20|vol=1.00,2023-01-31,0.0021181433529923782,0.0021181433529923787
GILD,0.12931621550640487,k=20|vol=1.00,2023-01-31,0.0021181433529923782,0.0021181433529923787
BA,0.07549574886458277,k=20|vol=1.00,2023-01-31,0.0021181433529923782,0.0021181433529923787
TJX,0.05659164947423173,k=20|vol=1.00,2023-01-31,0.0021181433529923782,0.0021181433529923787
NFLX,0.03684049205247291,k=20|vol=1.00,2023-01-31,0.0021181433529923782,0.0021181433529923787
VRTX,0.03487600742642034,k=20|vol=1.00,2023-01-31,0.0021181433529923782,0.0021181433529923787
BKNG,0.014395162234804889,k=20|vol=1.00,2023-01-31,0.0021181433529923782,0.0021181433529923787
T,0.005485057613219112,k=20|vol=1.00,2023-01-31,0.0021181433529923782,0.0021181433529923787
VLO,0.00018165825072619777,k=20|vol=1.00,2023-01-31,0.0021181433529923782,0.0021181433529923787
GE,0.3331557673071152,k=20|vol=1.00,2023-02-28,0.0020288350942509513,0.0020288350942509513
PGR,0.2706256255918424,k=20|vol=1.00,2023-02-28,0.0020288350942509513,0.0020288350942509513
MRK,0.23489446440039757,k=20|vol=1.00,2023-02-28,0.0020288350942509513,0.0020288350942509513
NVDA,0.07114048278439451,k=20|vol=1.00,2023-02-28,0.0020288350942509513,0.0020288350942509513
BKNG,0.06599473452802603,k=20|vol=1.00,2023-02-28,0.0020288350942509513,0.0020288350942509513
LMT,0.013836978815502497,k=20|vol=1.00,2023-02-28,0.0020288350942509513,0.0020288350942509513
SLB,0.010351946572721694,k=20|vol=1.00,2023-02-28,0.0020288350942509513,0.0020288350942509513
GE,0.3839962577878976,k=20|vol=1.00,2023-03-31,0.0023379184625541573,0.002338025914680004
MRK,0.23545813498318904,k=20|vol=1.00,2023-03-31,0.0023379184625541573,0.002338025914680004
NVDA,0.0972186521569292,k=20|vol=1.00,2023-03-31,0.0023379184625541573,0.002338025914680004
BKNG,0.04931006892193471,k=20|vol=1.00,2023-03-31,0.0023379184625541573,0.002338025914680004
ORLY,0.04893570550827353,k=20|vol=1.00,2023-03-31,0.0023379184625541573,0.002338025914680004
GILD,0.0396857402644504,k=20|vol=1.00,2023-03-31,0.0023379184625541573,0.002338025914680004
PEP,0.035943354590551056,k=20|vol=1.00,2023-03-31,0.0023379184625541573,0.002338025914680004
MDLZ,0.032053297942709065,k=20|vol=1.00,2023-03-31,0.0023379184625541573,0.002338025914680004
LMT,0.01811221629290296,k=20|vol=1.00,2023-03-31,0.0023379184625541573,0.002338025914680004
FDX,0.01719823523338822,k=20|vol=1.00,2023-03-31,0.0023379184625541573,0.002338025914680004
VLO,0.014315494414774033,k=20|vol=1.00,2023-03-31,0.0023379184625541573,0.002338025914680004
VRTX,0.008452288428186393,k=20|vol=1.00,2023-03-31,0.0023379184625541573,0.002338025914680004
MCD,0.00688676674946415,k=20|vol=1.00,2023-03-31,0.0023379184625541573,0.002338025914680004
SYK,0.006810398111321472,k=20|vol=1.00,2023-03-31,0.0023379184625541573,0.002338025914680004
WMT,0.0037187047272809106,k=20|vol=1.00,2023-03-31,0.0023379184625541573,0.002338025914680004
LLY,0.0019046838867470925,k=20|vol=1.00,2023-03-31,0.0023379184625541573,0.002338025914680004
GE,0.40969919301976104,k=20|vol=1.00,2023-04-28,0.0026476366062829094,0.0026476366062829094
LLY,0.23438097995150314,k=20|vol=1.00,2023-04-28,0.0026476366062829094,0.0026476366062829094
MDLZ,0.1589647530874328,k=20|vol=1.00,2023-04-28,0.0026476366062829094,0.0026476366062829094
NVDA,0.1317506490932794,k=20|vol=1.00,2023-04-28,0.0026476366062829094,0.0026476366062829094
MRK,0.0652044248480234,k=20|vol=1.00,2023-04-28,0.0026476366062829094,0.0026476366062829094
LLY,0.36578506352830337,k=20|vol=1.00,2023-05-31,0.0029810726658719266,0.0029810726658719275
GE,0.20490345712792832,k=20|vol=1.00,2023-05-31,0.0029810726658719266,0.0029810726658719275
AVGO,0.1462621875227256,k=20|vol=1.00,2023-05-31,0.0029810726658719266,0.0029810726658719275
MCK,0.138982521634666,k=20|vol=1.00,2023-05-31,0.0029810726658719266,0.0029810726658719275
NVDA,0.12525374467616787,k=20|vol=1.00,2023-05-31,0.0029810726658719266,0.0029810726658719275
CRM,0.018813025510208657,k=20|vol=1.00,2023-05-31,0.0029810726658719266,0.0029810726658719275
LLY,0.3571857761246687,k=20|vol=1.00,2023-06-30,0.0035063866548087934,0.0035063866548087934
RCL,0.15556443453022187,k=20|vol=1.00,2023-06-30,0.0035063866548087934,0.0035063866548087934
MCK,0.12746079523544623,k=20|vol=1.00,2023-06-30,0.0035063866548087934,0.0035063866548087934
GE,0.12180326007504558,k=20|vol=1.00,2023-06-30,0.0035063866548087934,0.0035063866548087934
NVDA,0.11284512984077318,k=20|vol=1.00,2023-06-30,0.0035063866548087934,0.0035063866548087934
AVGO,0.08741345834740818,k=20|vol=1.00,2023-06-30,0.0035063866548087934,0.0035063866548087934
ORCL,0.03772714584643619,k=20|vol=1.00,2023-06-30,0.0035063866548087934,0.0035063866548087934
LLY,0.32733605444313424,k=20|vol=1.00,2023-07-31,0.00322242568963311,0.0032224256526620196
GE,0.14382279124780153,k=20|vol=1.00,2023-07-31,0.00322242568963311,0.0032224256526620196
NVDA,0.14039969464618113,k=20|vol=1.00,2023-07-31,0.00322242568963311,0.0032224256526620196
RCL,0.13727910666320411,k=20|vol=1.00,2023-07-31,0.00322242568963311,0.0032224256526620196
FDX,0.08705809798872426,k=20|vol=1.00,2023-07-31,0.00322242568963311,0.0032224256526620196
AVGO,0.08024736640292651,k=20|vol=1.00,2023-07-31,0.00322242568963311,0.0032224256526620196
SLB,0.0708115903156839,k=20|vol=1.00,2023-07-31,0.00322242568963311,0.0032224256526620196
CRH,0.007213942084180453,k=20|vol=1.00,2023-07-31,0.00322242568963311,0.0032224256526620196
UNP,0.00525718553026094,k=20|vol=1.00,2023-07-31,0.00322242568963311,0.0032224256526620196
NFLX,0.0005741706779030396,k=20|vol=1.00,2023-07-31,0.00322242568963311,0.0032224256526620196
LLY,0.39236832227897456,k=20|vol=1.00,2023-08-31,0.003366955844648823,0.0033669558446488227
ETN,0.192518765237347,k=20|vol=1.00,2023-08-31,0.003366955844648823,0.0033669558446488227
NVDA,0.18036646346943114,k=20|vol=1.00,2023-08-31,0.003366955844648823,0.0033669558446488227
TJX,0.10132151756438046,k=20|vol=1.00,2023-08-31,0.003366955844648823,0.0033669558446488227
GE,0.04903110050711969,k=20|vol=1.00,2023-08-31,0.003366955844648823,0.0033669558446488227
SLB,0.04581042678777689,k=20|vol=1.00,2023-08-31,0.003366955844648823,0.0033669558446488227
ADBE,0.014338738392408828,k=20|vol=1.00,2023-08-31,0.003366955844648823,0.0033669558446488227
CMCSA,0.012436673172553802,k=20|vol=1.00,2023-08-31,0.003366955844648823,0.0033669558446488227
AVGO,0.011807992590007373,k=20|vol=1.00,2023-08-31,0.003366955844648823,0.0033669558446488227
LLY,0.4364165761673054,k=20|vol=1.00,2023-09-29,0.0023792529997914086,0.0023792529997914086
NVDA,0.24782584398677898,k=20|vol=1.00,2023-09-29,0.0023792529997914086,0.0023792529997914086
VLO,0.14599145159034718,k=20|vol=1.00,2023-09-29,0.0023792529997914086,0.0023792529997914086
FDX,0.12897111208782258,k=20|vol=1.00,2023-09-29,0.0023792529997914086,0.0023792529997914086
AMGN,0.0407950161677455,k=20|vol=1.00,2023-09-29,0.0023792529997914086,0.0023792529997914086
LLY,0.4260837276434301,k=20|vol=1.00,2023-10-31,0.0019773704461573064,0.0019773704461573073
PGR,0.3754171474122577,k=20|vol=1.00,2023-10-31,0.0019773704461573064,0.0019773704461573073
NVDA,0.15588296686104802,k=20|vol=1.00,2023-10-31,0.0019773704461573064,0.0019773704461573073
MCK,0.02410614138849727,k=20|vol=1.00,2023-10-31,0.0019773704461573064,0.0019773704461573073
NFLX,0.01605757393970197,k=20|vol=1.00,2023-10-31,0.0019773704461573064,0.0019773704461573073
INTC,0.0024524427550649303,k=20|vol=1.00,2023-10-31,0.0019773704461573064,0.0019773704461573073
INTC,0.31527107253775005,k=20|vol=1.00,2023-11-30,0.0026026593213160014,0.0026026593213160014
LLY,0.21515645271689657,k=20|vol=1.00,2023-11-30,0.0026026593213160014,0.0026026593213160014
SNPS,0.12085639637064999,k=20|vol=1.00,2023-11-30,0.0026026593213160014,0.0026026593213160014
PGR,0.11673318860463022,k=20|vol=1.00,2023-11-30,0.0026026593213160014,0.0026026593213160014
RCL,0.093774301061524,k=20|vol=1.00,2023-11-30,0.0026026593213160014,0.0026026593213160014
CRM,0.07009574374946537,k=20|vol=1.00,2023-11-30,0.0026026593213160014,0.0026026593213160014
ADBE,0.047055458268017256,k=20|vol=1.00,2023-11-30,0.0026026593213160014,0.0026026593213160014
NFLX,0.017879719986168753,k=20|vol=1.00,2023-11-30,0.0026026593213160014,0.0026026593213160014
TDG,0.0031776667048976624,k=20|vol=1.00,2023-11-30,0.0026026593213160014,0.0026026593213160014
RCL,0.23939309436473372,k=20|vol=1.00,2023-12-29,0.003108731948643436,0.003108731948643436
INTC,0.21416938590379056,k=20|vol=1.00,2023-12-29,0.003108731948643436,0.003108731948643436
COST,0.14087590036017045,k=20|vol=1.00,2023-12-29,0.003108731948643436,0.003108731948643436
AVGO,0.12318974459705158,k=20|vol=1.00,2023-12-29,0.003108731948643436,0.003108731948643436
CRH,0.08717213913806113,k=20|vol=1.00,2023-12-29,0.003108731948643436,0.003108731948643436
LLY,0.08222091765988039,k=20|vol=1.00,2023-12-29,0.003108731948643436,0.003108731948643436
BA,0.0706770481633132,k=20|vol=1.00,2023-12-29,0.003108731948643436,0.003108731948643436
PGR,0.03931479541648305,k=20|vol=1.00,2023-12-29,0.003108731948643436,0.003108731948643436
TDG,0.0029869743965158482,k=20|vol=1.00,2023-12-29,0.003108731948643436,0.003108731948643436
NVDA,0.28071653185824846,k=20|vol=1.00,2024-01-31,0.003226296092518984,0.003226296092518983
IBM,0.14766942538764405,k=20|vol=1.00,2024-01-31,0.003226296092518984,0.003226296092518983
LLY,0.11945996213745753,k=20|vol=1.00,2024-01-31,0.003226296092518984,0.003226296092518983
NFLX,0.10169759245553169,k=20|vol=1.00,2024-01-31,0.003226296092518984,0.003226296092518983
PGR,0.08984960239027757,k=20|vol=1.00,2024-01-31,0.003226296092518984,0.003226296092518983
VZ,0.058957018135998705,k=20|vol=1.00,2024-01-31,0.003226296092518984,0.003226296092518983
AMD,0.05867624523683962,k=20|vol=1.00,2024-01-31,0.003226296092518984,0.003226296092518983
TDG,0.04534509593878966,k=20|vol=1.00,2024-01-31,0.003226296092518984,0.003226296092518983
RCL,0.03708283725009069,k=20|vol=1.00,2024-01-31,0.003226296092518984,0.003226296092518983
AVGO,0.03541942514878246,k=20|vol=1.00,2024-01-31,0.003226296092518984,0.003226296092518983
C,0.025126264060339337,k=20|vol=1.00,2024-01-31,0.003226296092518984,0.003226296092518983
CRH,0.28722774178385635,k=20|vol=1.00,2024-02-29,0.003930236742092645,0.003930236742092646
GE,0.20634130433100395,k=20|vol=1.00,2024-02-29,0.003930236742092645,0.003930236742092646
NVDA,0.19156205186932926,k=20|vol=1.00,2024-02-29,0.003930236742092645,0.003930236742092646
LLY,0.17613453732317047,k=20|vol=1.00,2024-02-29,0.003930236742092645,0.003930236742092646
PGR,0.09063412470896638,k=20|vol=1.00,2024-02-29,0.003930236742092645,0.003930236742092646
NFLX,0.03738043471306731,k=20|vol=1.00,2024-02-29,0.003930236742092645,0.003930236742092646
COHR,0.010719805270606179,k=20|vol=1.00,2024-02-29,0.003930236742092645,0.003930236742092646
GE,0.3085412432927594,k=20|vol=1.00,2024-03-28,0.004042190902886289,0.004042190902886289
NVDA,0.2138693308568317,k=20|vol=1.00,2024-03-28,0.004042190902886289,0.004042190902886289
PGR,0.18262213049940576,k=20|vol=1.00,2024-03-28,0.004042190902886289,0.004042190902886289
MU,0.09516685771780219,k=20|vol=1.00,2024-03-28,0.004042190902886289,0.004042190902886289
DIS,0.08495395955706202,k=20|vol=1.00,2024-03-28,0.004042190902886289,0.004042190902886289
CRH,0.0836820676510166,k=20|vol=1.00,2024-03-28,0.004042190902886289,0.004042190902886289
VLO,0.024809561784394186,k=20|vol=1.00,2024-03-28,0.004042190902886289,0.004042190902886289
C,0.0063548486407278984,k=20|vol=1.00,2024-03-28,0.004042190902886289,0.004042190902886289
GE,0.44433848271876597,k=20|vol=1.00,2024-04-30,0.0034642835922498805,0.0034642835922498814
PGR,0.2136743521527781,k=20|vol=1.00,2024-04-30,0.0034642835922498805,0.0034642835922498814
WFC,0.11861486782873779,k=20|vol=1.00,2024-04-30,0.0034642835922498805,0.0034642835922498814
TT,0.10209099062950541,k=20|vol=1.00,2024-04-30,0.0034642835922498805,0.0034642835922498814
NVDA,0.0766683094269347,k=20|vol=1.00,2024-04-30,0.0034642835922498805,0.0034642835922498814
BSX,0.03349541759457986,k=20|vol=1.00,2024-04-30,0.0034642835922498805,0.0034642835922498814
WDC,0.010061625635295583,k=20|vol=1.00,2024-04-30,0.0034642835922498805,0.0034642835922498814
LLY,0.001055954013402478,k=20|vol=1.00,2024-04-30,0.0034642835922498805,0.0034642835922498814
NEE,0.2507307929761831,k=20|vol=1.00,2024-05-31,0.0035091299107580234,0.003509129858478956
NVDA,0.24467106193080246,k=20|vol=1.00,2024-05-31,0.0035091299107580234,0.003509129858478956
GE,0.13422084875312193,k=20|vol=1.00,2024-05-31,0.0035091299107580234,0.003509129858478956
PGR,0.13251151243560302,k=20|vol=1.00,2024-05-31,0.0035091299107580234,0.003509129858478956
QCOM,0.10464311950207898,k=20|vol=1.00,2024-05-31,0.0035091299107580234,0.003509129858478956
RTX,0.05472012684506556,k=20|vol=1.00,2024-05-31,0.0035091299107580234,0.003509129858478956
MCK,0.040607422131171016,k=20|vol=1.00,2024-05-31,0.0035091299107580234,0.003509129858478956
WMT,0.032465795475973606,k=20|vol=1.00,2024-05-31,0.0035091299107580234,0.003509129858478956
BSX,0.004867061841827352,k=20|vol=1.00,2024-05-31,0.0035091299107580234,0.003509129858478956
LLY,0.0005622581081729101,k=20|vol=1.00,2024-05-31,0.0035091299107580234,0.003509129858478956
NVDA,0.2577481076218987,k=20|vol=1.00,2024-06-28,0.0032108832316791584,0.0032108832316791584
LLY,0.2045425012846314,k=20|vol=1.00,2024-06-28,0.0032108832316791584,0.0032108832316791584
T,0.16258443447671833,k=20|vol=1.00,2024-06-28,0.0032108832316791584,0.0032108832316791584
WMB,0.14003020203877875,k=20|vol=1.00,2024-06-28,0.0032108832316791584,0.0032108832316791584
FDX,0.08001733887806939,k=20|vol=1.00,2024-06-28,0.0032108832316791584,0.0032108832316791584
GLW,0.07339790124306197,k=20|vol=1.00,2024-06-28,0.0032108832316791584,0.0032108832316791584
WMT,0.04669596109439737,k=20|vol=1.00,2024-06-28,0.0032108832316791584,0.0032108832316791584
BSX,0.019582924924104187,k=20|vol=1.00,2024-06-28,0.0032108832316791584,0.0032108832316791584
COHR,0.01540062843833982,k=20|vol=1.00,2024-06-28,0.0032108832316791584,0.0032108832316791584
NVDA,0.2186401218341297,k=20|vol=1.00,2024-07-31,0.0030141106052058914,0.0030141106052058923
MMM,0.19606410489530002,k=20|vol=1.00,2024-07-31,0.0030141106052058914,0.0030141106052058923
RTX,0.18428302398731664,k=20|vol=1.00,2024-07-31,0.0030141106052058914,0.0030141106052058923
PM,0.14999950927496097,k=20|vol=1.00,2024-07-31,0.0030141106052058914,0.0030141106052058923
LMT,0.1320962845138484,k=20|vol=1.00,2024-07-31,0.0030141106052058914,0.0030141106052058923
PNC,0.057157281786249785,k=20|vol=1.00,2024-07-31,0.0030141106052058914,0.0030141106052058923
NEM,0.038978068522319526,k=20|vol=1.00,2024-07-31,0.0030141106052058914,0.0030141106052058923
GS,0.022781605185874743,k=20|vol=1.00,2024-07-31,0.0030141106052058914,0.0030141106052058923
PGR,0.26329480985731457,k=20|vol=1.00,2024-08-30,0.0030819992845109606,0.003081999284510962
MMM,0.23490501589070167,k=20|vol=1.00,2024-08-30,0.0030819992845109606,0.003081999284510962
NVDA,0.1275649989052565,k=20|vol=1.00,2024-08-30,0.0030819992845109606,0.003081999284510962
RTX,0.11008101756257424,k=20|vol=1.00,2024-08-30,0.0030819992845109606,0.003081999284510962
NEM,0.10734328710624551,k=20|vol=1.00,2024-08-30,0.0030819992845109606,0.003081999284510962
LLY,0.08065529843813371,k=20|vol=1.00,2024-08-30,0.0030819992845109606,0.003081999284510962
FTNT,0.06375953697022488,k=20|vol=1.00,2024-08-30,0.0030819992845109606,0.003081999284510962
WMT,0.00962950899416413,k=20|vol=1.00,2024-08-30,0.0030819992845109606,0.003081999284510962
COHR,0.0027665262753846227,k=20|vol=1.00,2024-08-30,0.0030819992845109606,0.003081999284510962
T,0.2023227883076749,k=20|vol=1.00,2024-09-30,0.0029238650197700227,0.00292386511024094
WELL,0.1670387990504815,k=20|vol=1.00,2024-09-30,0.0029238650197700227,0.00292386511024094
COHR,0.14947667767113196,k=20|vol=1.00,2024-09-30,0.0029238650197700227,0.00292386511024094
ORCL,0.14749964851400288,k=20|vol=1.00,2024-09-30,0.0029238650197700227,0.00292386511024094
MMM,0.1164460321962903,k=20|vol=1.00,2024-09-30,0.0029238650197700227,0.00292386511024094
PGR,0.11320041443798773,k=20|vol=1.00,2024-09-30,0.0029238650197700227,0.00292386511024094
GE,0.08176457346819675,k=20|vol=1.00,2024-09-30,0.0029238650197700227,0.00292386511024094
WMT,0.015691418733265506,k=20|vol=1.00,2024-09-30,0.0029238650197700227,0.00292386511024094
NVDA,0.0065596476209683965,k=20|vol=1.00,2024-09-30,0.0029238650197700227,0.00292386511024094
RCL,0.22317132827296335,k=20|vol=1.00,2024-10-31,0.002787309570948316,0.002787429011129286
WMB,0.2003159789661817,k=20|vol=1.00,2024-10-31,0.002787309570948316,0.002787429011129286
WELL,0.15516576975288338,k=20|vol=1.00,2024-10-31,0.002787309570948316,0.002787429011129286
PM,0.1536319095264269,k=20|vol=1.00,2024-10-31,0.002787309570948316,0.002787429011129286
T,0.11437746911230409,k=20|vol=1.00,2024-10-31,0.002787309570948316,0.002787429011129286
NVDA,0.08291293994712132,k=20|vol=1.00,2024-10-31,0.002787309570948316,0.002787429011129286
TMUS,0.03800154877710681,k=20|vol=1.00,2024-10-31,0.002787309570948316,0.002787429011129286
COHR,0.0324230556450124,k=20|vol=1.00,2024-10-31,0.002787309570948316,0.002787429011129286
WMT,0.27416175469517734,k=20|vol=1.00,2024-11-29,0.0032474992761886293,0.0032474992907577252
TMUS,0.19369942402347085,k=20|vol=1.00,2024-11-29,0.0032474992761886293,0.0032474992907577252
RCL,0.19051112880145415,k=20|vol=1.00,2024-11-29,0.0032474992761886293,0.0032474992907577252
WMB,0.1668874931655025,k=20|vol=1.00,2024-11-29,0.0032474992761886293,0.0032474992907577252
NFLX,0.06624179427090159,k=20|vol=1.00,2024-11-29,0.0032474992761886293,0.0032474992907577252
FTNT,0.04232205255439301,k=20|vol=1.00,2024-11-29,0.0032474992761886293,0.0032474992907577252
BX,0.02784732426673548,k=20|vol=1.00,2024-11-29,0.0032474992761886293,0.0032474992907577252
PM,0.01937251915770066,k=20|vol=1.00,2024-11-29,0.0032474992761886293,0.0032474992907577252
WBD,0.01009660642244939,k=20|vol=1.00,2024-11-29,0.0032474992761886293,0.0032474992907577252
BKNG,0.008859902642215154,k=20|vol=1.00,2024-11-29,0.0032474992761886293,0.0032474992907577252
WMT,0.218260043194219,k=20|vol=1.00,2024-12-31,0.0022469286765762738,0.0022469286504321244
T,0.14944257633279442,k=20|vol=1.00,2024-12-31,0.0022469286765762738,0.0022469286504321244
CME,0.13615071189542458,k=20|vol=1.00,2024-12-31,0.0022469286765762738,0.0022469286504321244
NFLX,0.11759005533653029,k=20|vol=1.00,2024-12-31,0.0022469286765762738,0.0022469286504321244
CIEN,0.06926726681792585,k=20|vol=1.00,2024-12-31,0.0022469286765762738,0.0022469286504321244
AVGO,0.06641296593546046,k=20|vol=1.00,2024-12-31,0.0022469286765762738,0.0022469286504321244
RCL,0.062341202305541486,k=20|vol=1.00,2024-12-31,0.0022469286765762738,0.0022469286504321244
GILD,0.048108225193557425,k=20|vol=1.00,2024-12-31,0.0022469286765762738,0.0022469286504321244
FTNT,0.04532629361785578,k=20|vol=1.00,2024-12-31,0.0022469286765762738,0.0022469286504321244
WMB,0.030671855022988227,k=20|vol=1.00,2024-12-31,0.0022469286765762738,0.0022469286504321244
AAPL,0.027489217622360125,k=20|vol=1.00,2024-12-31,0.0022469286765762738,0.0022469286504321244
DIS,0.016452509036772315,k=20|vol=1.00,2024-12-31,0.0022469286765762738,0.0022469286504321244
WBD,0.012487077688569959,k=20|vol=1.00,2024-12-31,0.0022469286765762738,0.0022469286504321244
WMT,0.3013382837229171,k=20|vol=1.00,2025-01-31,0.002684365044390418,0.002684365044390418
BSX,0.16310075074920938,k=20|vol=1.00,2025-01-31,0.002684365044390418,0.002684365044390418
NFLX,0.10617117268380717,k=20|vol=1.00,2025-01-31,0.002684365044390418,0.002684365044390418
RCL,0.0929785379250816,k=20|vol=1.00,2025-01-31,0.002684365044390418,0.002684365044390418
T,0.07626056840343795,k=20|vol=1.00,2025-01-31,0.002684365044390418,0.002684365044390418
MMM,0.06735206306790952,k=20|vol=1.00,2025-01-31,0.002684365044390418,0.002684365044390418
GILD,0.06224059272361276,k=20|vol=1.00,2025-01-31,0.002684365044390418,0.002684365044390418
CIEN,0.04896813428270323,k=20|vol=1.00,2025-01-31,0.002684365044390418,0.002684365044390418
BNY,0.03620806467585683,k=20|vol=1.00,2025-01-31,0.002684365044390418,0.002684365044390418
COF,0.017492495031723607,k=20|vol=1.00,2025-01-31,0.002684365044390418,0.002684365044390418
AVGO,0.013876566613873273,k=20|vol=1.00,2025-01-31,0.002684365044390418,0.002684365044390418
FTNT,0.013403037705120692,k=20|vol=1.00,2025-01-31,0.002684365044390418,0.002684365044390418
DE,0.0006097324147468499,k=20|vol=1.00,2025-01-31,0.002684365044390418,0.002684365044390418
T,0.26553116458836457,k=20|vol=1.00,2025-02-28,0.0028565699169203853,0.0028565699169203866
GILD,0.22943295744643669,k=20|vol=1.00,2025-02-28,0.0028565699169203853,0.0028565699169203866
PM,0.15251400882953609,k=20|vol=1.00,2025-02-28,0.0028565699169203853,0.0028565699169203866
FTNT,0.09075191402099986,k=20|vol=1.00,2025-02-28,0.0028565699169203853,0.0028565699169203866
WELL,0.06465281722405293,k=20|vol=1.00,2025-02-28,0.0028565699169203853,0.0028565699169203866
NFLX,0.06362892305259474,k=20|vol=1.00,2025-02-28,0.0028565699169203853,0.0028565699169203866
TMUS,0.05804105677230347,k=20|vol=1.00,2025-02-28,0.0028565699169203853,0.0028565699169203866
CIEN,0.03184969319503251,k=20|vol=1.00,2025-02-28,0.0028565699169203853,0.0028565699169203866
MMM,0.02545663209115826,k=20|vol=1.00,2025-02-28,0.0028565699169203853,0.0028565699169203866
AVGO,0.016994069388996294,k=20|vol=1.00,2025-02-28,0.0028565699169203853,0.0028565699169203866
COF,0.0011467633905244367,k=20|vol=1.00,2025-02-28,0.0028565699169203853,0.0028565699169203866
T,0.25558095793353564,k=20|vol=1.00,2025-03-31,0.0023817369258709686,0.0023817369258709695
PM,0.21707726800967317,k=20|vol=1.00,2025-03-31,0.0023817369258709686,0.0023817369258709695
GILD,0.20933729900332376,k=20|vol=1.00,2025-03-31,0.0023817369258709686,0.0023817369258709695
WMB,0.14584766020237408,k=20|vol=1.00,2025-03-31,0.0023817369258709686,0.0023817369258709695
MCK,0.041242308878708736,k=20|vol=1.00,2025-03-31,0.0023817369258709686,0.0023817369258709695
CME,0.03181456544565067,k=20|vol=1.00,2025-03-31,0.0023817369258709686,0.0023817369258709695
NFLX,0.02822734841630274,k=20|vol=1.00,2025-03-31,0.0023817369258709686,0.0023817369258709695
ORLY,0.02542564490044804,k=20|vol=1.00,2025-03-31,0.0023817369258709686,0.0023817369258709695
MO,0.024048723681503154,k=20|vol=1.00,2025-03-31,0.0023817369258709686,0.0023817369258709695
WELL,0.015956737504331204,k=20|vol=1.00,2025-03-31,0.0023817369258709686,0.0023817369258709695
CVS,0.00544148602414891,k=20|vol=1.00,2025-03-31,0.0023817369258709686,0.0023817369258709695
CME,0.3005110215532759,k=20|vol=1.00,2025-04-30,0.0024846571828217633,0.0024846571828217637
PM,0.2415116999683522,k=20|vol=1.00,2025-04-30,0.0024846571828217633,0.0024846571828217637
NFLX,0.20247101757803254,k=20|vol=1.00,2025-04-30,0.0024846571828217633,0.0024846571828217637
MCK,0.1267066021602323,k=20|vol=1.00,2025-04-30,0.0024846571828217633,0.0024846571828217637
MO,0.05886486788765949,k=20|vol=1.00,2025-04-30,0.0024846571828217633,0.0024846571828217637
T,0.052852178221574814,k=20|vol=1.00,2025-04-30,0.0024846571828217633,0.0024846571828217637
AVGO,0.011176652126942029,k=20|vol=1.00,2025-04-30,0.0024846571828217633,0.0024846571828217637
CVS,0.0031162255462445516,k=20|vol=1.00,2025-04-30,0.0024846571828217633,0.0024846571828217637
GILD,0.002789734957686068,k=20|vol=1.00,2025-04-30,0.0024846571828217633,0.0024846571828217637
CME,0.32122039048120027,k=20|vol=1.00,2025-05-30,0.0026336249673518226,0.0026336246734352227
PM,0.3065746876425001,k=20|vol=1.00,2025-05-30,0.0026336249673518226,0.0026336246734352227
NFLX,0.11987389864269025,k=20|vol=1.00,2025-05-30,0.0026336249673518226,0.0026336246734352227
APH,0.1057799256849608,k=20|vol=1.00,2025-05-30,0.0026336249673518226,0.0026336246734352227
GILD,0.06927731434200231,k=20|vol=1.00,2025-05-30,0.0026336249673518226,0.0026336246734352227
AVGO,0.05229108914944687,k=20|vol=1.00,2025-05-30,0.0026336249673518226,0.0026336246734352227
MO,0.024982694057199446,k=20|vol=1.00,2025-05-30,0.0026336249673518226,0.0026336246734352227
PM,0.22734092188848118,k=20|vol=1.00,2025-06-30,0.0027178595257046235,0.0027178595257046235
CME,0.14672372332584052,k=20|vol=1.00,2025-06-30,0.0027178595257046235,0.0027178595257046235
NFLX,0.14175365110392335,k=20|vol=1.00,2025-06-30,0.0027178595257046235,0.0027178595257046235
STX,0.11416775339630889,k=20|vol=1.00,2025-06-30,0.0027178595257046235,0.0027178595257046235
T,0.09711884089880575,k=20|vol=1.00,2025-06-30,0.0027178595257046235,0.0027178595257046235
MCK,0.07574018638606696,k=20|vol=1.00,2025-06-30,0.0027178595257046235,0.0027178595257046235
GILD,0.05590963237101216,k=20|vol=1.00,2025-06-30,0.0027178595257046235,0.0027178595257046235
APH,0.051917601819881115,k=20|vol=1.00,2025-06-30,0.0027178595257046235,0.0027178595257046235
ORCL,0.030996138215551618,k=20|vol=1.00,2025-06-30,0.0027178595257046235,0.0027178595257046235
IBM,0.020855257089063436,k=20|vol=1.00,2025-06-30,0.0027178595257046235,0.0027178595257046235
RCL,0.016069647377419692,k=20|vol=1.00,2025-06-30,0.0027178595257046235,0.0027178595257046235
AVGO,0.01441729850666373,k=20|vol=1.00,2025-06-30,0.0027178595257046235,0.0027178595257046235
CVS,0.00496955902109196,k=20|vol=1.00,2025-06-30,0.0027178595257046235,0.0027178595257046235
MO,0.002019788599889623,k=20|vol=1.00,2025-06-30,0.0027178595257046235,0.0027178595257046235
MO,0.22339600255769468,k=20|vol=1.00,2025-07-31,0.002749920578812134,0.00274992031404814
NOC,0.1538839111695221,k=20|vol=1.00,2025-07-31,0.002749920578812134,0.00274992031404814
AEP,0.12281489237215133,k=20|vol=1.00,2025-07-31,0.002749920578812134,0.00274992031404814
ORCL,0.11629986690822831,k=20|vol=1.00,2025-07-31,0.002749920578812134,0.00274992031404814
APH,0.0972701145693776,k=20|vol=1.00,2025-07-31,0.002749920578812134,0.00274992031404814
WDC,0.08873702998273897,k=20|vol=1.00,2025-07-31,0.002749920578812134,0.00274992031404814
STX,0.07824018314504923,k=20|vol=1.00,2025-07-31,0.002749920578812134,0.00274992031404814
CME,0.03829371699695877,k=20|vol=1.00,2025-07-31,0.002749920578812134,0.00274992031404814
AMD,0.033443880217515855,k=20|vol=1.00,2025-07-31,0.002749920578812134,0.00274992031404814
ORLY,0.024254211986318868,k=20|vol=1.00,2025-07-31,0.002749920578812134,0.00274992031404814
NEM,0.015701588331656864,k=20|vol=1.00,2025-07-31,0.002749920578812134,0.00274992031404814
RCL,0.007664601762787479,k=20|vol=1.00,2025-07-31,0.002749920578812134,0.00274992031404814
MO,0.3486498121811742,k=20|vol=1.00,2025-08-29,0.00307331203435724,0.00307331203435724
NEM,0.19241297076916508,k=20|vol=1.00,2025-08-29,0.00307331203435724,0.00307331203435724
STX,0.1496336297495877,k=20|vol=1.00,2025-08-29,0.00307331203435724,0.00307331203435724
RCL,0.1359455130510313,k=20|vol=1.00,2025-08-29,0.00307331203435724,0.00307331203435724
GLW,0.07258901158595153,k=20|vol=1.00,2025-08-29,0.00307331203435724,0.00307331203435724
NOC,0.05317411746230907,k=20|vol=1.00,2025-08-29,0.00307331203435724,0.00307331203435724
CVS,0.01940283093624634,k=20|vol=1.00,2025-08-29,0.00307331203435724,0.00307331203435724
ORLY,0.015522582944789868,k=20|vol=1.00,2025-08-29,0.00307331203435724,0.00307331203435724
WDC,0.012669531319744756,k=20|vol=1.00,2025-08-29,0.00307331203435724,0.00307331203435724
MO,0.20271601436259187,k=20|vol=1.00,2025-09-30,0.004074707767884242,0.004074707767884243
NEM,0.155451471308323,k=20|vol=1.00,2025-09-30,0.004074707767884242,0.004074707767884243
WDC,0.13416148016278992,k=20|vol=1.00,2025-09-30,0.004074707767884242,0.004074707767884243
STX,0.13255755227302748,k=20|vol=1.00,2025-09-30,0.004074707767884242,0.004074707767884243
JNJ,0.10756248106893787,k=20|vol=1.00,2025-09-30,0.004074707767884242,0.004074707767884243
NOC,0.08480222997449541,k=20|vol=1.00,2025-09-30,0.004074707767884242,0.004074707767884243
INTC,0.044623334486154756,k=20|vol=1.00,2025-09-30,0.004074707767884242,0.004074707767884243
WBD,0.032282925359429226,k=20|vol=1.00,2025-09-30,0.004074707767884242,0.004074707767884243
GOOGL,0.02749390325466539,k=20|vol=1.00,2025-09-30,0.004074707767884242,0.004074707767884243
CIEN,0.022615301894299663,k=20|vol=1.00,2025-09-30,0.004074707767884242,0.004074707767884243
MCK,0.01870041582347769,k=20|vol=1.00,2025-09-30,0.004074707767884242,0.004074707767884243
GLW,0.018614821847455432,k=20|vol=1.00,2025-09-30,0.004074707767884242,0.004074707767884243
GOOG,0.01672578345707952,k=20|vol=1.00,2025-09-30,0.004074707767884242,0.004074707767884243
ORLY,0.0016922847272726872,k=20|vol=1.00,2025-09-30,0.004074707767884242,0.004074707767884243
JNJ,0.2133904516660269,k=20|vol=1.00,2025-10-31,0.003927061017435248,0.003927061017435248
WDC,0.14902897364208703,k=20|vol=1.00,2025-10-31,0.003927061017435248,0.003927061017435248
MCK,0.12806843327794595,k=20|vol=1.00,2025-10-31,0.003927061017435248,0.003927061017435248
GOOGL,0.07394765612792228,k=20|vol=1.00,2025-10-31,0.003927061017435248,0.003927061017435248
GOOG,0.07316312949283081,k=20|vol=1.00,2025-10-31,0.003927061017435248,0.003927061017435248
CIEN,0.07236101771825809,k=20|vol=1.00,2025-10-31,0.003927061017435248,0.003927061017435248
RTX,0.06444225310088864,k=20|vol=1.00,2025-10-31,0.003927061017435248,0.003927061017435248
INTC,0.04046208172223303,k=20|vol=1.00,2025-10-31,0.003927061017435248,0.003927061017435248
WBD,0.03867828150426827,k=20|vol=1.00,2025-10-31,0.003927061017435248,0.003927061017435248
CVS,0.03819047565954715,k=20|vol=1.00,2025-10-31,0.003927061017435248,0.003927061017435248
NEM,0.03232612663964193,k=20|vol=1.00,2025-10-31,0.003927061017435248,0.003927061017435248
DUK,0.024426272553717817,k=20|vol=1.00,2025-10-31,0.003927061017435248,0.003927061017435248
AMD,0.023122118190047423,k=20|vol=1.00,2025-10-31,0.003927061017435248,0.003927061017435248
NOC,0.020939707053104363,k=20|vol=1.00,2025-10-31,0.003927061017435248,0.003927061017435248
AEP,0.005811288804273088,k=20|vol=1.00,2025-10-31,0.003927061017435248,0.003927061017435248
WELL,0.0016417328472070982,k=20|vol=1.00,2025-10-31,0.003927061017435248,0.003927061017435248
JNJ,0.2450448213049302,k=20|vol=1.00,2025-11-28,0.004029252901573724,0.004029252901573724
WELL,0.22171781949863878,k=20|vol=1.00,2025-11-28,0.004029252901573724,0.004029252901573724
WDC,0.11883779092169984,k=20|vol=1.00,2025-11-28,0.004029252901573724,0.004029252901573724
GOOGL,0.10630219720489235,k=20|vol=1.00,2025-11-28,0.004029252901573724,0.004029252901573724
GOOG,0.10205726296754293,k=20|vol=1.00,2025-11-28,0.004029252901573724,0.004029252901573724
WBD,0.0770754350303719,k=20|vol=1.00,2025-11-28,0.004029252901573724,0.004029252901573724
MCK,0.07436638678857377,k=20|vol=1.00,2025-11-28,0.004029252901573724,0.004029252901573724
CIEN,0.028793572093877822,k=20|vol=1.00,2025-11-28,0.004029252901573724,0.004029252901573724
INTC,0.02580471418947237,k=20|vol=1.00,2025-11-28,0.004029252901573724,0.004029252901573724
JNJ,0.32629438842292935,k=20|vol=1.00,2025-12-31,0.00342806458308336,0.003428069254210809
WBD,0.11899058458220681,k=20|vol=1.00,2025-12-31,0.00342806458308336,0.003428069254210809
WDC,0.0868001187201053,k=20|vol=1.00,2025-12-31,0.00342806458308336,0.003428069254210809
GOOG,0.08627282340050053,k=20|vol=1.00,2025-12-31,0.00342806458308336,0.003428069254210809
GOOGL,0.08478680540249627,k=20|vol=1.00,2025-12-31,0.00342806458308336,0.003428069254210809
WMT,0.06924012620372358,k=20|vol=1.00,2025-12-31,0.00342806458308336,0.003428069254210809
NEM,0.056756338037278815,k=20|vol=1.00,2025-12-31,0.00342806458308336,0.003428069254210809
CIEN,0.04827871736345585,k=20|vol=1.00,2025-12-31,0.00342806458308336,0.003428069254210809
C,0.021864766807169318,k=20|vol=1.00,2025-12-31,0.00342806458308336,0.003428069254210809
MRK,0.0218100557435665,k=20|vol=1.00,2025-12-31,0.00342806458308336,0.003428069254210809
WELL,0.020671809858138806,k=20|vol=1.00,2025-12-31,0.00342806458308336,0.003428069254210809
CME,0.01887193665725316,k=20|vol=1.00,2025-12-31,0.00342806458308336,0.003428069254210809
PM,0.01724145769475331,k=20|vol=1.00,2025-12-31,0.00342806458308336,0.003428069254210809
MU,0.014840154324770559,k=20|vol=1.00,2025-12-31,0.00342806458308336,0.003428069254210809
TJX,0.005751588655863077,k=20|vol=1.00,2025-12-31,0.00342806458308336,0.003428069254210809
ROST,0.0015283281257887818,k=20|vol=1.00,2025-12-31,0.00342806458308336,0.003428069254210809
JNJ,0.22825601249141475,k=20|vol=1.00,2026-01-30,0.004105218632146801,0.004105218632146801
LMT,0.14146919950495654,k=20|vol=1.00,2026-01-30,0.004105218632146801,0.004105218632146801
MU,0.12460797450316147,k=20|vol=1.00,2026-01-30,0.004105218632146801,0.004105218632146801
GOOG,0.09352441777166662,k=20|vol=1.00,2026-01-30,0.004105218632146801,0.004105218632146801
GOOGL,0.08716689829929632,k=20|vol=1.00,2026-01-30,0.004105218632146801,0.004105218632146801
WBD,0.06307815585060868,k=20|vol=1.00,2026-01-30,0.004105218632146801,0.004105218632146801
WDC,0.06106769000319166,k=20|vol=1.00,2026-01-30,0.004105218632146801,0.004105218632146801
XOM,0.05413618366153554,k=20|vol=1.00,2026-01-30,0.004105218632146801,0.004105218632146801
PM,0.04181266548325457,k=20|vol=1.00,2026-01-30,0.004105218632146801,0.004105218632146801
NEM,0.03685359148893893,k=20|vol=1.00,2026-01-30,0.004105218632146801,0.004105218632146801
VZ,0.030607148017832056,k=20|vol=1.00,2026-01-30,0.004105218632146801,0.004105218632146801
CL,0.029115877476734917,k=20|vol=1.00,2026-01-30,0.004105218632146801,0.004105218632146801
GILD,0.008304185447407946,k=20|vol=1.00,2026-01-30,0.004105218632146801,0.004105218632146801
JNJ,0.2198132006300178,k=20|vol=1.00,2026-02-27,0.004372124781332174,0.004372124781332174
FDX,0.10360443196673888,k=20|vol=1.00,2026-02-27,0.004372124781332174,0.004372124781332174
GLW,0.09016833780958815,k=20|vol=1.00,2026-02-27,0.004372124781332174,0.004372124781332174
CIEN,0.08545618880920922,k=20|vol=1.00,2026-02-27,0.004372124781332174,0.004372124781332174
NEM,0.08053136570325217,k=20|vol=1.00,2026-02-27,0.004372124781332174,0.004372124781332174
WBD,0.07316667028961785,k=20|vol=1.00,2026-02-27,0.004372124781332174,0.004372124781332174
VZ,0.0625176168924175,k=20|vol=1.00,2026-02-27,0.004372124781332174,0.004372124781332174
CME,0.058977071354630324,k=20|vol=1.00,2026-02-27,0.004372124781332174,0.004372124781332174
MCK,0.04022011769797352,k=20|vol=1.00,2026-02-27,0.004372124781332174,0.004372124781332174
XOM,0.03947770053895017,k=20|vol=1.00,2026-02-27,0.004372124781332174,0.004372124781332174
LMT,0.038500948460809044,k=20|vol=1.00,2026-02-27,0.004372124781332174,0.004372124781332174
WDC,0.03675368761024501,k=20|vol=1.00,2026-02-27,0.004372124781332174,0.004372124781332174
MU,0.03477404022006909,k=20|vol=1.00,2026-02-27,0.004372124781332174,0.004372124781332174
CL,0.02944665501794802,k=20|vol=1.00,2026-02-27,0.004372124781332174,0.004372124781332174
CB,0.006591966998533252,k=20|vol=1.00,2026-02-27,0.004372124781332174,0.004372124781332174
XOM,0.2762893333430875,k=20|vol=1.00,2026-03-31,0.0038347528628017427,0.0038347528628017427
JNJ,0.2116031327122964,k=20|vol=1.00,2026-03-31,0.0038347528628017427,0.0038347528628017427
CIEN,0.15899509816128415,k=20|vol=1.00,2026-03-31,0.0038347528628017427,0.0038347528628017427
VLO,0.12037197837772139,k=20|vol=1.00,2026-03-31,0.0038347528628017427,0.0038347528628017427
CVX,0.09235544228757508,k=20|vol=1.00,2026-03-31,0.0038347528628017427,0.0038347528628017427
ROST,0.05440439441295969,k=20|vol=1.00,2026-03-31,0.0038347528628017427,0.0038347528628017427
VZ,0.036336546892529846,k=20|vol=1.00,2026-03-31,0.0038347528628017427,0.0038347528628017427
WBD,0.029998344845202342,k=20|vol=1.00,2026-03-31,0.0038347528628017427,0.0038347528628017427
WDC,0.019645728967343425,k=20|vol=1.00,2026-03-31,0.0038347528628017427,0.0038347528628017427
VLO,0.15087334819372825,k=20|vol=1.00,2026-04-30,0.004082762101762132,0.004082775188960235
MO,0.11981133025429073,k=20|vol=1.00,2026-04-30,0.004082762101762132,0.004082775188960235
INTC,0.07556929730597754,k=20|vol=1.00,2026-04-30,0.004082762101762132,0.004082775188960235
XOM,0.0752412268532551,k=20|vol=1.00,2026-04-30,0.004082762101762132,0.004082775188960235
CB,0.0700113926362285,k=20|vol=1.00,2026-04-30,0.004082762101762132,0.004082775188960235
ROST,0.06774534461569899,k=20|vol=1.00,2026-04-30,0.004082762101762132,0.004082775188960235
VZ,0.06671422956664393,k=20|vol=1.00,2026-04-30,0.004082762101762132,0.004082775188960235
CIEN,0.0666911341463408,k=20|vol=1.00,2026-04-30,0.004082762101762132,0.004082775188960235
EQIX,0.05966428932156867,k=20|vol=1.00,2026-04-30,0.004082762101762132,0.004082775188960235
WDC,0.05285751907979864,k=20|vol=1.00,2026-04-30,0.004082762101762132,0.004082775188960235
GOOGL,0.05221951033736558,k=20|vol=1.00,2026-04-30,0.004082762101762132,0.004082775188960235
AEP,0.05088967900953914,k=20|vol=1.00,2026-04-30,0.004082762101762132,0.004082775188960235
GOOG,0.04456516176383476,k=20|vol=1.00,2026-04-30,0.004082762101762132,0.004082775188960235
STX,0.029940107403089753,k=20|vol=1.00,2026-04-30,0.004082762101762132,0.004082775188960235
WBD,0.01338007524494176,k=20|vol=1.00,2026-04-30,0.004082762101762132,0.004082775188960235
CVX,0.003826354267697864,k=20|vol=1.00,2026-04-30,0.004082762101762132,0.004082775188960235
